ISO-10303-21;
HEADER;
FILE_DESCRIPTION (( 'STEP AP214' ),
    '1' );
FILE_NAME ('ACS772KCB-150B-SMT-T.STEP',
    '2022-12-23T16:26:53',
    ( '' ),
    ( '' ),
    'SwSTEP 2.0',
    'SolidWorks 2019',
    '' );
FILE_SCHEMA (( 'AUTOMOTIVE_DESIGN' ));
ENDSEC;

DATA;
#1 = STYLED_ITEM ( 'NONE', ( #2002 ), #704 ) ;
#2 = DIRECTION ( 'NONE',  ( -0.000000000000000000, 0.7071067811865461294, 0.7071067811865489050 ) ) ;
#3 = SURFACE_STYLE_USAGE ( .BOTH. , #1906 ) ;
#4 =( GEOMETRIC_REPRESENTATION_CONTEXT ( 3 ) GLOBAL_UNCERTAINTY_ASSIGNED_CONTEXT ( ( #715 ) ) GLOBAL_UNIT_ASSIGNED_CONTEXT ( ( #1913, #1532, #2517 ) ) REPRESENTATION_CONTEXT ( 'NONE', 'WORKASPACE' ) );
#5 = STYLED_ITEM ( 'NONE', ( #2317 ), #727 ) ;
#6 = ORIENTED_EDGE ( 'NONE', *, *, #1821, .F. ) ;
#7 = LINE ( 'NONE', #2539, #3746 ) ;
#8 = AXIS2_PLACEMENT_3D ( 'NONE', #2715, #3123, #1143 ) ;
#9 = SURFACE_SIDE_STYLE ('',( #3888 ) ) ;
#10 = LINE ( 'NONE', #3989, #3886 ) ;
#11 = ORIENTED_EDGE ( 'NONE', *, *, #2570, .F. ) ;
#12 = AXIS2_PLACEMENT_3D ( 'NONE', #3188, #4141, #3072 ) ;
#13 = AXIS2_PLACEMENT_3D ( 'NONE', #3164, #2855, #3206 ) ;
#14 = DIRECTION ( 'NONE',  ( -0.000000000000000000, 0.000000000000000000, 1.000000000000000000 ) ) ;
#15 = ORIENTED_EDGE ( 'NONE', *, *, #526, .T. ) ;
#16 = VECTOR ( 'NONE', #3471, 1000.000000000000000 ) ;
#17 = CARTESIAN_POINT ( 'NONE',  ( -6.800000000000000711, -2.630250393329138792, -6.487320914739863831 ) ) ;
#18 = AXIS2_PLACEMENT_3D ( 'NONE', #3240, #1270, #1922 ) ;
#19 = DIRECTION ( 'NONE',  ( 0.000000000000000000, -1.224646799147350249E-16, 1.000000000000000000 ) ) ;
#20 = VERTEX_POINT ( 'NONE', #1769 ) ;
#21 = LINE ( 'NONE', #3516, #2731 ) ;
#22 = VERTEX_POINT ( 'NONE', #1717 ) ;
#23 = EDGE_CURVE ( 'NONE', #678, #3966, #1134, .T. ) ;
#24 = DIRECTION ( 'NONE',  ( 0.000000000000000000, -1.224646799147350249E-16, 1.000000000000000000 ) ) ;
#25 = PRESENTATION_STYLE_ASSIGNMENT (( #2346 ) ) ;
#26 = CARTESIAN_POINT ( 'NONE',  ( 3.000000000000000444, -0.5506254481202986772, 2.100000000000000089 ) ) ;
#27 = EDGE_CURVE ( 'NONE', #2223, #1003, #2477, .T. ) ;
#28 = EDGE_LOOP ( 'NONE', ( #1707, #3074, #703, #1950, #3194 ) ) ;
#29 = CARTESIAN_POINT ( 'NONE',  ( -7.000000000000000000, -2.749374551879701478, -16.10000000000000142 ) ) ;
#30 = CARTESIAN_POINT ( 'NONE',  ( 2.999999999999999112, 3.126528764884490420E-15, -6.500000000000000000 ) ) ;
#31 = ORIENTED_EDGE ( 'NONE', *, *, #2602, .T. ) ;
#32 = UNCERTAINTY_MEASURE_WITH_UNIT (LENGTH_MEASURE( 1.000000000000000082E-05 ), #3774, 'distance_accuracy_value', 'NONE');
#33 = DIRECTION ( 'NONE',  ( -0.000000000000000000, 1.000000000000000000, 1.224646799147350249E-16 ) ) ;
#34 = VERTEX_POINT ( 'NONE', #748 ) ;
#35 = DIRECTION ( 'NONE',  ( 0.000000000000000000, 0.000000000000000000, 1.000000000000000000 ) ) ;
#36 =( LENGTH_UNIT ( ) NAMED_UNIT ( * ) SI_UNIT ( .MILLI., .METRE. ) );
#37 = DIRECTION ( 'NONE',  ( 0.000000000000000000, -0.000000000000000000, 1.000000000000000000 ) ) ;
#38 = VERTEX_POINT ( 'NONE', #808 ) ;
#39 = CARTESIAN_POINT ( 'NONE',  ( 1.645000000000000018, 0.000000000000000000, 6.500000000000001776 ) ) ;
#40 = UNCERTAINTY_MEASURE_WITH_UNIT (LENGTH_MEASURE( 1.000000000000000082E-05 ), #725, 'distance_accuracy_value', 'NONE');
#41 = ORIENTED_EDGE ( 'NONE', *, *, #2387, .F. ) ;
#42 =( NAMED_UNIT ( * ) SI_UNIT ( $, .STERADIAN. ) SOLID_ANGLE_UNIT ( ) );
#43 = VERTEX_POINT ( 'NONE', #93 ) ;
#44 = FACE_OUTER_BOUND ( 'NONE', #954, .T. ) ;
#45 = DIRECTION ( 'NONE',  ( -0.000000000000000000, 1.000000000000000000, 1.141265444721583757E-16 ) ) ;
#46 = DIRECTION ( 'NONE',  ( -1.000000000000000000, 0.000000000000000000, 0.000000000000000000 ) ) ;
#47 = EDGE_CURVE ( 'NONE', #2985, #3518, #2096, .T. ) ;
#48 = CIRCLE ( 'NONE', #3184, 2.449374551879701656 ) ;
#49 = LINE ( 'NONE', #1700, #1106 ) ;
#50 = ORIENTED_EDGE ( 'NONE', *, *, #4188, .F. ) ;
#51 = EDGE_CURVE ( 'NONE', #1201, #2428, #2430, .T. ) ;
#52 = CARTESIAN_POINT ( 'NONE',  ( 3.000000000000000000, -3.000000000000000000, -10.06269330410536078 ) ) ;
#53 = VERTEX_POINT ( 'NONE', #3076 ) ;
#54 = STYLED_ITEM ( 'NONE', ( #3967 ), #1189 ) ;
#55 = CIRCLE ( 'NONE', #668, 1.500000000000000222 ) ;
#56 = DIRECTION ( 'NONE',  ( 1.000000000000000000, 0.000000000000000000, 0.000000000000000000 ) ) ;
#57 =( LENGTH_UNIT ( ) NAMED_UNIT ( * ) SI_UNIT ( .MILLI., .METRE. ) );
#58 = ORIENTED_EDGE ( 'NONE', *, *, #1847, .F. ) ;
#59 = SURFACE_STYLE_FILL_AREA ( #2404 ) ;
#60 = VECTOR ( 'NONE', #2068, 1000.000000000000000 ) ;
#61 = ORIENTED_EDGE ( 'NONE', *, *, #1795, .F. ) ;
#62 = DIRECTION ( 'NONE',  ( 0.000000000000000000, 0.000000000000000000, -1.000000000000000000 ) ) ;
#63 = COLOUR_RGB ( '',0.6666666666666666297, 0.6980392156862744724, 0.7686274509803920907 ) ;
#64 = CARTESIAN_POINT ( 'NONE',  ( -2.154999999999999805, -3.319000000000000394, 12.20000000000000107 ) ) ;
#65 = MECHANICAL_DESIGN_GEOMETRIC_PRESENTATION_REPRESENTATION (  '', ( #3135 ), #4011 ) ;
#66 = CARTESIAN_POINT ( 'NONE',  ( 3.000000000000000444, -1.775312724060154945, -12.18391388941630993 ) ) ;
#67 =( GEOMETRIC_REPRESENTATION_CONTEXT ( 3 ) GLOBAL_UNCERTAINTY_ASSIGNED_CONTEXT ( ( #3618 ) ) GLOBAL_UNIT_ASSIGNED_CONTEXT ( ( #2598, #1586, #2207 ) ) REPRESENTATION_CONTEXT ( 'NONE', 'WORKASPACE' ) );
#68 = MECHANICAL_DESIGN_GEOMETRIC_PRESENTATION_REPRESENTATION (  '', ( #1441 ), #4216 ) ;
#69 = ORIENTED_EDGE ( 'NONE', *, *, #1361, .F. ) ;
#70 = CARTESIAN_POINT ( 'NONE',  ( -1.645000000000000018, -3.700000000000000622, 16.00000000000000000 ) ) ;
#71 = DIRECTION ( 'NONE',  ( -1.000000000000000000, 0.000000000000000000, 0.000000000000000000 ) ) ;
#72 = CARTESIAN_POINT ( 'NONE',  ( -3.000000000000000000, -2.749374551879701478, -16.10000000000000142 ) ) ;
#73 = DIRECTION ( 'NONE',  ( 1.000000000000000000, 0.000000000000000000, 0.000000000000000000 ) ) ;
#74 = MECHANICAL_DESIGN_GEOMETRIC_PRESENTATION_REPRESENTATION (  '', ( #3810 ), #3345 ) ;
#75 = UNCERTAINTY_MEASURE_WITH_UNIT (LENGTH_MEASURE( 1.000000000000000082E-05 ), #2730, 'distance_accuracy_value', 'NONE');
#76 = AXIS2_PLACEMENT_3D ( 'NONE', #228, #2581, #4177 ) ;
#77 =( NAMED_UNIT ( * ) SI_UNIT ( $, .STERADIAN. ) SOLID_ANGLE_UNIT ( ) );
#78 =( GEOMETRIC_REPRESENTATION_CONTEXT ( 3 ) GLOBAL_UNCERTAINTY_ASSIGNED_CONTEXT ( ( #1069 ) ) GLOBAL_UNIT_ASSIGNED_CONTEXT ( ( #834, #3846, #2574 ) ) REPRESENTATION_CONTEXT ( 'NONE', 'WORKASPACE' ) );
#79 =( GEOMETRIC_REPRESENTATION_CONTEXT ( 3 ) GLOBAL_UNCERTAINTY_ASSIGNED_CONTEXT ( ( #720 ) ) GLOBAL_UNIT_ASSIGNED_CONTEXT ( ( #1735, #1068, #1401 ) ) REPRESENTATION_CONTEXT ( 'NONE', 'WORKASPACE' ) );
#80 = ORIENTED_EDGE ( 'NONE', *, *, #3421, .T. ) ;
#81 = COLOUR_RGB ( '',0.2980392156862745057, 0.2980392156862745057, 0.2980392156862745057 ) ;
#82 = EDGE_CURVE ( 'NONE', #969, #2030, #3042, .T. ) ;
#83 =( GEOMETRIC_REPRESENTATION_CONTEXT ( 3 ) GLOBAL_UNCERTAINTY_ASSIGNED_CONTEXT ( ( #365 ) ) GLOBAL_UNIT_ASSIGNED_CONTEXT ( ( #2584, #1012, #1958 ) ) REPRESENTATION_CONTEXT ( 'NONE', 'WORKASPACE' ) );
#84 = UNCERTAINTY_MEASURE_WITH_UNIT (LENGTH_MEASURE( 1.000000000000000082E-05 ), #246, 'distance_accuracy_value', 'NONE');
#85 =( GEOMETRIC_REPRESENTATION_CONTEXT ( 3 ) GLOBAL_UNCERTAINTY_ASSIGNED_CONTEXT ( ( #1645 ) ) GLOBAL_UNIT_ASSIGNED_CONTEXT ( ( #1986, #2655, #348 ) ) REPRESENTATION_CONTEXT ( 'NONE', 'WORKASPACE' ) );
#86 = DIRECTION ( 'NONE',  ( -1.000000000000000000, 0.000000000000000000, 0.000000000000000000 ) ) ;
#87 =( LENGTH_UNIT ( ) NAMED_UNIT ( * ) SI_UNIT ( .MILLI., .METRE. ) );
#88 = UNCERTAINTY_MEASURE_WITH_UNIT (LENGTH_MEASURE( 1.000000000000000082E-05 ), #594, 'distance_accuracy_value', 'NONE');
#89 = LINE ( 'NONE', #1087, #333 ) ;
#90 = VERTEX_POINT ( 'NONE', #1416 ) ;
#91 = CYLINDRICAL_SURFACE ( 'NONE', #1453, 0.4999999999999995559 ) ;
#92 = ADVANCED_FACE ( 'NONE', ( #4023 ), #2720, .F. ) ;
#93 = CARTESIAN_POINT ( 'NONE',  ( -2.154999999999999805, -3.319000000000000394, 12.20000000000000107 ) ) ;
#94 = DIRECTION ( 'NONE',  ( -0.08682659386424777803, -0.9924325091389669673, 0.08682659386424779191 ) ) ;
#95 =( NAMED_UNIT ( * ) SI_UNIT ( $, .STERADIAN. ) SOLID_ANGLE_UNIT ( ) );
#96 = EDGE_LOOP ( 'NONE', ( #2066, #4198, #1303, #2640 ) ) ;
#97 = EDGE_CURVE ( 'NONE', #2124, #3450, #3831, .T. ) ;
#98 =( LENGTH_UNIT ( ) NAMED_UNIT ( * ) SI_UNIT ( .MILLI., .METRE. ) );
#99 = LINE ( 'NONE', #3973, #3958 ) ;
#100 = SURFACE_STYLE_FILL_AREA ( #2968 ) ;
#101 = ORIENTED_EDGE ( 'NONE', *, *, #3823, .F. ) ;
#102 = EDGE_CURVE ( 'NONE', #3117, #1742, #1877, .T. ) ;
#103 = CARTESIAN_POINT ( 'NONE',  ( 0.000000000000000000, 0.000000000000000000, 0.000000000000000000 ) ) ;
#104 = CARTESIAN_POINT ( 'NONE',  ( 2.154999999999999805, -3.319000000000000838, 16.00000000000000000 ) ) ;
#105 = CARTESIAN_POINT ( 'NONE',  ( -4.951826515440592935, 0.5506254481202986772, -6.451826515440592047 ) ) ;
#106 = FACE_OUTER_BOUND ( 'NONE', #3306, .T. ) ;
#107 = ADVANCED_FACE ( 'NONE', ( #2830 ), #2486, .F. ) ;
#108 = ORIENTED_EDGE ( 'NONE', *, *, #3235, .F. ) ;
#109 = PLANE ( 'NONE',  #277 ) ;
#110 = CARTESIAN_POINT ( 'NONE',  ( -2.154999999999999805, -0.3810000000000002829, 8.723184632735863531 ) ) ;
#111 = LINE ( 'NONE', #1380, #1649 ) ;
#112 = ORIENTED_EDGE ( 'NONE', *, *, #3036, .F. ) ;
#113 = CARTESIAN_POINT ( 'NONE',  ( -2.154999999999999805, -3.700000000000000622, 16.00000000000000000 ) ) ;
#114 = DIRECTION ( 'NONE',  ( 1.000000000000000000, 0.000000000000000000, 0.000000000000000000 ) ) ;
#115 = PLANE ( 'NONE',  #76 ) ;
#116 = SURFACE_SIDE_STYLE ('',( #3706 ) ) ;
#117 = LINE ( 'NONE', #4098, #2342 ) ;
#118 = ORIENTED_EDGE ( 'NONE', *, *, #2519, .F. ) ;
#119 = VECTOR ( 'NONE', #1222, 1000.000000000000000 ) ;
#120 = PRESENTATION_LAYER_ASSIGNMENT (  '', '', ( #1694 ) ) ;
#121 = DIRECTION ( 'NONE',  ( 0.000000000000000000, -0.000000000000000000, 1.000000000000000000 ) ) ;
#122 = VERTEX_POINT ( 'NONE', #920 ) ;
#123 = FACE_OUTER_BOUND ( 'NONE', #848, .T. ) ;
#124 = DIRECTION ( 'NONE',  ( 0.000000000000000000, 0.000000000000000000, -1.000000000000000000 ) ) ;
#125 = DIRECTION ( 'NONE',  ( -1.000000000000000000, -0.000000000000000000, -0.000000000000000000 ) ) ;
#126 = STYLED_ITEM ( 'NONE', ( #898 ), #1225 ) ;
#127 = EDGE_CURVE ( 'NONE', #1201, #1131, #2065, .T. ) ;
#128 = ORIENTED_EDGE ( 'NONE', *, *, #2544, .T. ) ;
#129 = VECTOR ( 'NONE', #2134, 1000.000000000000000 ) ;
#130 = CARTESIAN_POINT ( 'NONE',  ( -4.951826515440592047, -0.5506254481202986772, 2.100000000000000089 ) ) ;
#131 = DIRECTION ( 'NONE',  ( 0.000000000000000000, -1.224646799147350249E-16, 1.000000000000000000 ) ) ;
#132 = CARTESIAN_POINT ( 'NONE',  ( 5.000000000000000000, -3.000000000000000000, -10.06269330410536078 ) ) ;
#133 = AXIS2_PLACEMENT_3D ( 'NONE', #2750, #1812, #3716 ) ;
#134 = VECTOR ( 'NONE', #1544, 1000.000000000000000 ) ;
#135 = FILL_AREA_STYLE_COLOUR ( '', #1976 ) ;
#136 = AXIS2_PLACEMENT_3D ( 'NONE', #3995, #2401, #2081 ) ;
#137 = DIRECTION ( 'NONE',  ( 0.000000000000000000, 0.000000000000000000, -1.000000000000000000 ) ) ;
#138 = ORIENTED_EDGE ( 'NONE', *, *, #2489, .F. ) ;
#139 = VECTOR ( 'NONE', #3432, 1000.000000000000114 ) ;
#140 = FILL_AREA_STYLE_COLOUR ( '', #3947 ) ;
#141 = FILL_AREA_STYLE ('',( #4080 ) ) ;
#142 = ORIENTED_EDGE ( 'NONE', *, *, #2677, .F. ) ;
#143 =( GEOMETRIC_REPRESENTATION_CONTEXT ( 3 ) GLOBAL_UNCERTAINTY_ASSIGNED_CONTEXT ( ( #2697 ) ) GLOBAL_UNIT_ASSIGNED_CONTEXT ( ( #2027, #2373, #665 ) ) REPRESENTATION_CONTEXT ( 'NONE', 'WORKASPACE' ) );
#144 =( NAMED_UNIT ( * ) PLANE_ANGLE_UNIT ( ) SI_UNIT ( $, .RADIAN. ) );
#145 = VECTOR ( 'NONE', #276, 1000.000000000000000 ) ;
#146 = ADVANCED_FACE ( 'NONE', ( #1221 ), #578, .F. ) ;
#147 = VERTEX_POINT ( 'NONE', #1867 ) ;
#148 = FILL_AREA_STYLE ('',( #2848 ) ) ;
#149 = DIRECTION ( 'NONE',  ( 0.000000000000000000, -0.8660254037844388186, -0.4999999999999996669 ) ) ;
#150 = COLOUR_RGB ( '',0.6666666666666666297, 0.6980392156862744724, 0.7686274509803920907 ) ;
#151 = ADVANCED_FACE ( 'NONE', ( #590 ), #2820, .T. ) ;
#152 = ORIENTED_EDGE ( 'NONE', *, *, #2809, .F. ) ;
#153 = LINE ( 'NONE', #2836, #329 ) ;
#154 = CARTESIAN_POINT ( 'NONE',  ( 0.000000000000000000, -2.990000000000000213, -1.500000000000000222 ) ) ;
#155 = LINE ( 'NONE', #4048, #1489 ) ;
#156 = SURFACE_STYLE_USAGE ( .BOTH. , #2729 ) ;
#157 = EDGE_CURVE ( 'NONE', #1131, #1057, #4118, .T. ) ;
#158 = PLANE ( 'NONE',  #4005 ) ;
#159 = CARTESIAN_POINT ( 'NONE',  ( -7.000000000000000000, 0.5506254481202986772, 2.100000000000000089 ) ) ;
#160 = ORIENTED_EDGE ( 'NONE', *, *, #97, .F. ) ;
#161 =( NAMED_UNIT ( * ) PLANE_ANGLE_UNIT ( ) SI_UNIT ( $, .RADIAN. ) );
#162 = EDGE_LOOP ( 'NONE', ( #31, #912, #294, #1192 ) ) ;
#163 = LINE ( 'NONE', #1132, #900 ) ;
#164 = CARTESIAN_POINT ( 'NONE',  ( 5.000000000000000000, 9.963813481119153466E-17, 2.100000000000000089 ) ) ;
#165 = ORIENTED_EDGE ( 'NONE', *, *, #1886, .T. ) ;
#166 = DIRECTION ( 'NONE',  ( -1.000000000000000000, -0.000000000000000000, 0.000000000000000000 ) ) ;
#167 = ORIENTED_EDGE ( 'NONE', *, *, #3801, .F. ) ;
#168 = LINE ( 'NONE', #4027, #4148 ) ;
#169 = CARTESIAN_POINT ( 'NONE',  ( 0.2550000000000000044, -3.319000000000000838, 16.00000000000000000 ) ) ;
#170 =( LENGTH_UNIT ( ) NAMED_UNIT ( * ) SI_UNIT ( .MILLI., .METRE. ) );
#171 =( NAMED_UNIT ( * ) PLANE_ANGLE_UNIT ( ) SI_UNIT ( $, .RADIAN. ) );
#172 = DIRECTION ( 'NONE',  ( -0.000000000000000000, 1.000000000000000000, -0.000000000000000000 ) ) ;
#173 = PRESENTATION_STYLE_ASSIGNMENT (( #3781 ) ) ;
#174 = SURFACE_STYLE_FILL_AREA ( #1760 ) ;
#175 = ORIENTED_EDGE ( 'NONE', *, *, #2882, .T. ) ;
#176 =( NAMED_UNIT ( * ) SI_UNIT ( $, .STERADIAN. ) SOLID_ANGLE_UNIT ( ) );
#177 = ORIENTED_EDGE ( 'NONE', *, *, #4106, .T. ) ;
#178 = COLOUR_RGB ( '',0.6666666666666666297, 0.6980392156862744724, 0.7686274509803920907 ) ;
#179 = CARTESIAN_POINT ( 'NONE',  ( 6.800000000000000711, -0.5506254481202985662, -6.487320914739863831 ) ) ;
#180 = CYLINDRICAL_SURFACE ( 'NONE', #18, 3.550625448120298788 ) ;
#181 = CARTESIAN_POINT ( 'NONE',  ( -7.000000000000000000, 0.5506254481202986772, -6.487320914739863831 ) ) ;
#182 = LINE ( 'NONE', #2447, #3151 ) ;
#183 =( NAMED_UNIT ( * ) SI_UNIT ( $, .STERADIAN. ) SOLID_ANGLE_UNIT ( ) );
#184 =( GEOMETRIC_REPRESENTATION_CONTEXT ( 3 ) GLOBAL_UNCERTAINTY_ASSIGNED_CONTEXT ( ( #3895 ) ) GLOBAL_UNIT_ASSIGNED_CONTEXT ( ( #393, #3026, #95 ) ) REPRESENTATION_CONTEXT ( 'NONE', 'WORKASPACE' ) );
#185 = ORIENTED_EDGE ( 'NONE', *, *, #3177, .F. ) ;
#186 = CARTESIAN_POINT ( 'NONE',  ( -1.645000000000000018, -3.319000000000000394, 12.20000000000000107 ) ) ;
#187 = AXIS2_PLACEMENT_3D ( 'NONE', #4151, #1522, #871 ) ;
#188 =( LENGTH_UNIT ( ) NAMED_UNIT ( * ) SI_UNIT ( .MILLI., .METRE. ) );
#189 = MECHANICAL_DESIGN_GEOMETRIC_PRESENTATION_REPRESENTATION (  '', ( #2248 ), #2395 ) ;
#190 = DIRECTION ( 'NONE',  ( 0.000000000000000000, -1.000000000000000000, -0.000000000000000000 ) ) ;
#191 =( LENGTH_UNIT ( ) NAMED_UNIT ( * ) SI_UNIT ( .MILLI., .METRE. ) );
#192 = ORIENTED_EDGE ( 'NONE', *, *, #2623, .T. ) ;
#193 = PRESENTATION_LAYER_ASSIGNMENT (  '', '', ( #457 ) ) ;
#194 =( GEOMETRIC_REPRESENTATION_CONTEXT ( 3 ) GLOBAL_UNCERTAINTY_ASSIGNED_CONTEXT ( ( #1668 ) ) GLOBAL_UNIT_ASSIGNED_CONTEXT ( ( #3308, #2977, #1352 ) ) REPRESENTATION_CONTEXT ( 'NONE', 'WORKASPACE' ) );
#195 = COLOUR_RGB ( '',0.6666666666666666297, 0.6980392156862744724, 0.7686274509803920907 ) ;
#196 = FACE_OUTER_BOUND ( 'NONE', #2009, .T. ) ;
#197 = EDGE_LOOP ( 'NONE', ( #1378, #4142, #1457, #355, #4164, #1033, #1515, #434 ) ) ;
#198 = EDGE_CURVE ( 'NONE', #4016, #1742, #4160, .T. ) ;
#199 = STYLED_ITEM ( 'NONE', ( #1469 ), #3296 ) ;
#200 = VECTOR ( 'NONE', #453, 1000.000000000000000 ) ;
#201 = SURFACE_STYLE_USAGE ( .BOTH. , #2487 ) ;
#202 = EDGE_CURVE ( 'NONE', #2874, #3117, #2228, .T. ) ;
#203 =( NAMED_UNIT ( * ) PLANE_ANGLE_UNIT ( ) SI_UNIT ( $, .RADIAN. ) );
#204 = AXIS2_PLACEMENT_3D ( 'NONE', #1160, #2553, #3157 ) ;
#205 = ORIENTED_EDGE ( 'NONE', *, *, #1363, .F. ) ;
#206 = LINE ( 'NONE', #186, #1167 ) ;
#207 = CARTESIAN_POINT ( 'NONE',  ( 5.000000000000000000, -3.000000000000000000, -10.06269330410536078 ) ) ;
#208 = MECHANICAL_DESIGN_GEOMETRIC_PRESENTATION_REPRESENTATION (  '', ( #3894 ), #1323 ) ;
#209 = CARTESIAN_POINT ( 'NONE',  ( 5.000000000000000000, -3.000000000000000000, -10.06269330410536078 ) ) ;
#210 = SURFACE_STYLE_FILL_AREA ( #522 ) ;
#211 = CARTESIAN_POINT ( 'NONE',  ( 1.836970198721030181E-16, 2.990000000000000213, -1.500000000000000222 ) ) ;
#212 =( NAMED_UNIT ( * ) PLANE_ANGLE_UNIT ( ) SI_UNIT ( $, .RADIAN. ) );
#213 = PLANE ( 'NONE',  #2529 ) ;
#214 = EDGE_LOOP ( 'NONE', ( #1274, #4155, #257, #388 ) ) ;
#215 = CARTESIAN_POINT ( 'NONE',  ( -1.645000000000000018, -0.3810000000000000053, 6.500000000000001776 ) ) ;
#216 = ORIENTED_EDGE ( 'NONE', *, *, #2046, .F. ) ;
#217 = EDGE_CURVE ( 'NONE', #790, #2078, #3460, .T. ) ;
#218 = PRESENTATION_STYLE_ASSIGNMENT (( #557 ) ) ;
#219 = PLANE ( 'NONE',  #3357 ) ;
#220 = PRESENTATION_STYLE_ASSIGNMENT (( #2868 ) ) ;
#221 = DIRECTION ( 'NONE',  ( 3.938075060594118352E-16, -0.4999999999999996669, 0.8660254037844388186 ) ) ;
#222 = DIRECTION ( 'NONE',  ( -0.000000000000000000, 1.000000000000000000, -0.000000000000000000 ) ) ;
#223 = UNCERTAINTY_MEASURE_WITH_UNIT (LENGTH_MEASURE( 1.000000000000000082E-05 ), #191, 'distance_accuracy_value', 'NONE');
#224 = ORIENTED_EDGE ( 'NONE', *, *, #913, .T. ) ;
#225 = LINE ( 'NONE', #4133, #3679 ) ;
#226 = SURFACE_SIDE_STYLE ('',( #1526 ) ) ;
#227 = PRESENTATION_STYLE_ASSIGNMENT (( #3480 ) ) ;
#228 = CARTESIAN_POINT ( 'NONE',  ( 1.645000000000000018, -3.319000000000000394, 12.20000000000000107 ) ) ;
#229 =( NAMED_UNIT ( * ) PLANE_ANGLE_UNIT ( ) SI_UNIT ( $, .RADIAN. ) );
#230 =( LENGTH_UNIT ( ) NAMED_UNIT ( * ) SI_UNIT ( .MILLI., .METRE. ) );
#231 = SURFACE_SIDE_STYLE ('',( #2441 ) ) ;
#232 =( NAMED_UNIT ( * ) PLANE_ANGLE_UNIT ( ) SI_UNIT ( $, .RADIAN. ) );
#233 = ORIENTED_EDGE ( 'NONE', *, *, #405, .T. ) ;
#234 = UNCERTAINTY_MEASURE_WITH_UNIT (LENGTH_MEASURE( 1.000000000000000082E-05 ), #1508, 'distance_accuracy_value', 'NONE');
#235 = CARTESIAN_POINT ( 'NONE',  ( -7.000000000000000000, -1.224687275939856823, -13.13762514150104899 ) ) ;
#236 = ORIENTED_EDGE ( 'NONE', *, *, #3492, .F. ) ;
#237 = LINE ( 'NONE', #3867, #4095 ) ;
#238 = CARTESIAN_POINT ( 'NONE',  ( -3.000000000000000000, -2.575312724060145886, -12.64579410476800270 ) ) ;
#239 = DIRECTION ( 'NONE',  ( 1.000000000000000000, -0.000000000000000000, -0.000000000000000000 ) ) ;
#240 =( GEOMETRIC_REPRESENTATION_CONTEXT ( 3 ) GLOBAL_UNCERTAINTY_ASSIGNED_CONTEXT ( ( #2652 ) ) GLOBAL_UNIT_ASSIGNED_CONTEXT ( ( #2463, #3416, #959 ) ) REPRESENTATION_CONTEXT ( 'NONE', 'WORKASPACE' ) );
#241 = ORIENTED_EDGE ( 'NONE', *, *, #2747, .T. ) ;
#242 = DIRECTION ( 'NONE',  ( 0.000000000000000000, -1.000000000000000000, 0.000000000000000000 ) ) ;
#243 = ADVANCED_FACE ( 'NONE', ( #1529 ), #3483, .F. ) ;
#244 = SURFACE_STYLE_USAGE ( .BOTH. , #2120 ) ;
#245 =( NAMED_UNIT ( * ) PLANE_ANGLE_UNIT ( ) SI_UNIT ( $, .RADIAN. ) );
#246 =( LENGTH_UNIT ( ) NAMED_UNIT ( * ) SI_UNIT ( .MILLI., .METRE. ) );
#247 = VECTOR ( 'NONE', #4202, 1000.000000000000000 ) ;
#248 = COLOUR_RGB ( '',0.6666666666666666297, 0.6980392156862744724, 0.7686274509803920907 ) ;
#249 =( NAMED_UNIT ( * ) SI_UNIT ( $, .STERADIAN. ) SOLID_ANGLE_UNIT ( ) );
#250 = EDGE_CURVE ( 'NONE', #3566, #1183, #1261, .T. ) ;
#251 = DIRECTION ( 'NONE',  ( 0.000000000000000000, -0.7071067811865489050, 0.7071067811865461294 ) ) ;
#252 = MECHANICAL_DESIGN_GEOMETRIC_PRESENTATION_REPRESENTATION (  '', ( #4206 ), #1224 ) ;
#253 = FILL_AREA_STYLE ('',( #1568 ) ) ;
#254 = DIRECTION ( 'NONE',  ( 1.000000000000000000, 0.000000000000000000, 0.000000000000000000 ) ) ;
#255 = EDGE_CURVE ( 'NONE', #2092, #367, #832, .T. ) ;
#256 = FILL_AREA_STYLE ('',( #3861 ) ) ;
#257 = ORIENTED_EDGE ( 'NONE', *, *, #3035, .F. ) ;
#258 = MECHANICAL_DESIGN_GEOMETRIC_PRESENTATION_REPRESENTATION (  '', ( #1563 ), #455 ) ;
#259 = VECTOR ( 'NONE', #3261, 1000.000000000000000 ) ;
#260 = FACE_BOUND ( 'NONE', #3284, .T. ) ;
#261 = VERTEX_POINT ( 'NONE', #1111 ) ;
#262 = DIRECTION ( 'NONE',  ( 1.000000000000000000, 0.000000000000000000, 0.000000000000000000 ) ) ;
#263 = CIRCLE ( 'NONE', #2674, 3.550625448120298788 ) ;
#264 = VECTOR ( 'NONE', #915, 1000.000000000000000 ) ;
#265 = CARTESIAN_POINT ( 'NONE',  ( -7.000000000000000000, -2.749374551879701478, -14.85470053837925342 ) ) ;
#266 = FACE_OUTER_BOUND ( 'NONE', #3052, .T. ) ;
#267 = CARTESIAN_POINT ( 'NONE',  ( 3.000000000000000000, 0.5506254481202986772, 2.100000000000000089 ) ) ;
#268 = VECTOR ( 'NONE', #33, 1000.000000000000000 ) ;
#269 = EDGE_LOOP ( 'NONE', ( #4101, #965, #2158, #2116 ) ) ;
#270 = CYLINDRICAL_SURFACE ( 'NONE', #2253, 2.550625448120298788 ) ;
#271 = UNCERTAINTY_MEASURE_WITH_UNIT (LENGTH_MEASURE( 1.000000000000000082E-05 ), #1182, 'distance_accuracy_value', 'NONE');
#272 = CARTESIAN_POINT ( 'NONE',  ( 7.000000000000000888, -2.749374551879701478, -16.10000000000000142 ) ) ;
#273 = VECTOR ( 'NONE', #849, 1000.000000000000000 ) ;
#274 = ADVANCED_FACE ( 'NONE', ( #1151 ), #3839, .F. ) ;
#275 = AXIS2_PLACEMENT_3D ( 'NONE', #2631, #46, #3552 ) ;
#276 = DIRECTION ( 'NONE',  ( -0.000000000000000000, 1.000000000000000000, -0.000000000000000000 ) ) ;
#277 = AXIS2_PLACEMENT_3D ( 'NONE', #1633, #2277, #3352 ) ;
#278 =( NAMED_UNIT ( * ) PLANE_ANGLE_UNIT ( ) SI_UNIT ( $, .RADIAN. ) );
#279 = EDGE_CURVE ( 'NONE', #1985, #1942, #571, .T. ) ;
#280 = SURFACE_STYLE_USAGE ( .BOTH. , #3525 ) ;
#281 = CARTESIAN_POINT ( 'NONE',  ( 4.951826515440591159, -0.5506254481202986772, -6.451826515440592047 ) ) ;
#282 = ORIENTED_EDGE ( 'NONE', *, *, #1443, .T. ) ;
#283 = AXIS2_PLACEMENT_3D ( 'NONE', #2829, #4126, #3451 ) ;
#284 = LINE ( 'NONE', #976, #2122 ) ;
#285 = VERTEX_POINT ( 'NONE', #2541 ) ;
#286 = SURFACE_SIDE_STYLE ('',( #2952 ) ) ;
#287 =( LENGTH_UNIT ( ) NAMED_UNIT ( * ) SI_UNIT ( .MILLI., .METRE. ) );
#288 = DIRECTION ( 'NONE',  ( 0.000000000000000000, -1.224646799147350249E-16, 1.000000000000000000 ) ) ;
#289 = LINE ( 'NONE', #3936, #3196 ) ;
#290 = ORIENTED_EDGE ( 'NONE', *, *, #3514, .T. ) ;
#291 = SURFACE_STYLE_USAGE ( .BOTH. , #3852 ) ;
#292 = DIRECTION ( 'NONE',  ( 0.000000000000000000, 0.4999999999999980016, -0.8660254037844397068 ) ) ;
#293 = CARTESIAN_POINT ( 'NONE',  ( -3.000000000000000000, 0.5506254481202986772, -10.06269330410536078 ) ) ;
#294 = ORIENTED_EDGE ( 'NONE', *, *, #2544, .F. ) ;
#295 = SURFACE_STYLE_USAGE ( .BOTH. , #1319 ) ;
#296 = LINE ( 'NONE', #3232, #1786 ) ;
#297 = DIRECTION ( 'NONE',  ( -1.000000000000000000, 0.000000000000000000, 0.000000000000000000 ) ) ;
#298 = ORIENTED_EDGE ( 'NONE', *, *, #3292, .T. ) ;
#299 = UNCERTAINTY_MEASURE_WITH_UNIT (LENGTH_MEASURE( 1.000000000000000082E-05 ), #1830, 'distance_accuracy_value', 'NONE');
#300 = ADVANCED_FACE ( 'NONE', ( #1869 ), #3505, .T. ) ;
#301 = LINE ( 'NONE', #2588, #3750 ) ;
#302 = ORIENTED_EDGE ( 'NONE', *, *, #2879, .F. ) ;
#303 = FILL_AREA_STYLE ('',( #2287 ) ) ;
#304 = LINE ( 'NONE', #2618, #1439 ) ;
#305 = EDGE_LOOP ( 'NONE', ( #3132, #1524, #991, #3322 ) ) ;
#306 = PLANE ( 'NONE',  #2319 ) ;
#307 = ORIENTED_EDGE ( 'NONE', *, *, #2221, .T. ) ;
#308 = DIRECTION ( 'NONE',  ( 0.000000000000000000, 1.000000000000000000, 0.000000000000000000 ) ) ;
#309 = DIRECTION ( 'NONE',  ( 1.000000000000000000, 0.000000000000000000, 0.000000000000000000 ) ) ;
#310 = COLOUR_RGB ( '',0.6666666666666666297, 0.6980392156862744724, 0.7686274509803920907 ) ;
#311 = ORIENTED_EDGE ( 'NONE', *, *, #47, .F. ) ;
#312 = SURFACE_SIDE_STYLE ('',( #1955 ) ) ;
#313 = AXIS2_PLACEMENT_3D ( 'NONE', #358, #663, #1957 ) ;
#314 = DIRECTION ( 'NONE',  ( -3.923089496051189604E-16, 0.9961946980917455452, -0.08715574274765836016 ) ) ;
#315 = ORIENTED_EDGE ( 'NONE', *, *, #380, .T. ) ;
#316 = PRESENTATION_LAYER_ASSIGNMENT (  '', '', ( #3064 ) ) ;
#317 = VECTOR ( 'NONE', #3011, 1000.000000000000000 ) ;
#318 = DIRECTION ( 'NONE',  ( 0.000000000000000000, 0.000000000000000000, 1.000000000000000000 ) ) ;
#319 = ORIENTED_EDGE ( 'NONE', *, *, #2164, .F. ) ;
#320 = EDGE_CURVE ( 'NONE', #1796, #554, #786, .T. ) ;
#321 = AXIS2_PLACEMENT_3D ( 'NONE', #2726, #400, #2321 ) ;
#322 = LINE ( 'NONE', #1621, #2898 ) ;
#323 = PRESENTATION_LAYER_ASSIGNMENT (  '', '', ( #1563 ) ) ;
#324 = DIRECTION ( 'NONE',  ( -1.000000000000000000, 0.000000000000000000, 0.000000000000000000 ) ) ;
#325 = DIRECTION ( 'NONE',  ( -0.000000000000000000, 0.000000000000000000, -1.000000000000000000 ) ) ;
#326 = ADVANCED_FACE ( 'NONE', ( #1889 ), #2859, .T. ) ;
#327 = VERTEX_POINT ( 'NONE', #1685 ) ;
#328 = LINE ( 'NONE', #3539, #3937 ) ;
#329 = VECTOR ( 'NONE', #3063, 1000.000000000000000 ) ;
#330 = AXIS2_PLACEMENT_3D ( 'NONE', #1900, #937, #3201 ) ;
#331 = EDGE_LOOP ( 'NONE', ( #1873, #3358, #2654, #1640, #3583 ) ) ;
#332 = MECHANICAL_DESIGN_GEOMETRIC_PRESENTATION_REPRESENTATION (  '', ( #747 ), #404 ) ;
#333 = VECTOR ( 'NONE', #3977, 1000.000000000000000 ) ;
#334 = PRESENTATION_STYLE_ASSIGNMENT (( #353 ) ) ;
#335 = VECTOR ( 'NONE', #336, 1000.000000000000000 ) ;
#336 = DIRECTION ( 'NONE',  ( 0.000000000000000000, 0.000000000000000000, -1.000000000000000000 ) ) ;
#337 = VECTOR ( 'NONE', #3721, 1000.000000000000000 ) ;
#338 = ORIENTED_EDGE ( 'NONE', *, *, #2190, .T. ) ;
#339 = SURFACE_STYLE_USAGE ( .BOTH. , #312 ) ;
#340 = FACE_OUTER_BOUND ( 'NONE', #2363, .T. ) ;
#341 = STYLED_ITEM ( 'NONE', ( #4069 ), #3651 ) ;
#342 = LINE ( 'NONE', #2667, #2590 ) ;
#343 =( LENGTH_UNIT ( ) NAMED_UNIT ( * ) SI_UNIT ( .MILLI., .METRE. ) );
#344 = ORIENTED_EDGE ( 'NONE', *, *, #2337, .F. ) ;
#345 = DIRECTION ( 'NONE',  ( -1.000000000000000000, 0.000000000000000000, -0.000000000000000000 ) ) ;
#346 = ORIENTED_EDGE ( 'NONE', *, *, #1658, .F. ) ;
#347 = MECHANICAL_DESIGN_GEOMETRIC_PRESENTATION_REPRESENTATION (  '', ( #4166 ), #3827 ) ;
#348 =( NAMED_UNIT ( * ) SI_UNIT ( $, .STERADIAN. ) SOLID_ANGLE_UNIT ( ) );
#349 = ADVANCED_FACE ( 'NONE', ( #2300 ), #3611, .F. ) ;
#350 = VERTEX_POINT ( 'NONE', #950 ) ;
#351 = SURFACE_STYLE_USAGE ( .BOTH. , #3873 ) ;
#352 = ORIENTED_EDGE ( 'NONE', *, *, #2074, .F. ) ;
#353 = SURFACE_STYLE_USAGE ( .BOTH. , #3668 ) ;
#354 = EDGE_CURVE ( 'NONE', #2909, #2246, #2649, .T. ) ;
#355 = ORIENTED_EDGE ( 'NONE', *, *, #2572, .F. ) ;
#356 =( LENGTH_UNIT ( ) NAMED_UNIT ( * ) SI_UNIT ( .MILLI., .METRE. ) );
#357 =( NAMED_UNIT ( * ) PLANE_ANGLE_UNIT ( ) SI_UNIT ( $, .RADIAN. ) );
#358 = CARTESIAN_POINT ( 'NONE',  ( 1.645000000000000018, -3.319000000000000838, 16.00000000000000000 ) ) ;
#359 = DIRECTION ( 'NONE',  ( 0.000000000000000000, -0.08715574274765836016, 0.9961946980917455452 ) ) ;
#360 = ORIENTED_EDGE ( 'NONE', *, *, #47, .T. ) ;
#361 = PRESENTATION_STYLE_ASSIGNMENT (( #3069 ) ) ;
#362 = UNCERTAINTY_MEASURE_WITH_UNIT (LENGTH_MEASURE( 1.000000000000000082E-05 ), #4210, 'distance_accuracy_value', 'NONE');
#363 = FILL_AREA_STYLE_COLOUR ( '', #1996 ) ;
#364 = VERTEX_POINT ( 'NONE', #2257 ) ;
#365 = UNCERTAINTY_MEASURE_WITH_UNIT (LENGTH_MEASURE( 1.000000000000000082E-05 ), #2584, 'distance_accuracy_value', 'NONE');
#366 = ORIENTED_EDGE ( 'NONE', *, *, #2512, .T. ) ;
#367 = VERTEX_POINT ( 'NONE', #2026 ) ;
#368 = FACE_OUTER_BOUND ( 'NONE', #4169, .T. ) ;
#369 = ORIENTED_EDGE ( 'NONE', *, *, #198, .T. ) ;
#370 = LINE ( 'NONE', #2711, #3271 ) ;
#371 = SURFACE_SIDE_STYLE ('',( #3005 ) ) ;
#372 = PLANE ( 'NONE',  #313 ) ;
#373 = CARTESIAN_POINT ( 'NONE',  ( -4.693789677659265358, -3.500000000000000000, 6.500000000000001776 ) ) ;
#374 = COLOUR_RGB ( '',0.6666666666666666297, 0.6980392156862744724, 0.7686274509803920907 ) ;
#375 = PRESENTATION_STYLE_ASSIGNMENT (( #1064 ) ) ;
#376 = ADVANCED_FACE ( 'NONE', ( #2282 ), #3860, .T. ) ;
#377 = ORIENTED_EDGE ( 'NONE', *, *, #3108, .T. ) ;
#378 = MECHANICAL_DESIGN_GEOMETRIC_PRESENTATION_REPRESENTATION (  '', ( #1009 ), #3257 ) ;
#379 =( LENGTH_UNIT ( ) NAMED_UNIT ( * ) SI_UNIT ( .MILLI., .METRE. ) );
#380 = EDGE_CURVE ( 'NONE', #3062, #3725, #3575, .T. ) ;
#381 = DIRECTION ( 'NONE',  ( -1.000000000000000000, -0.000000000000000000, 0.000000000000000000 ) ) ;
#382 = ORIENTED_EDGE ( 'NONE', *, *, #3363, .T. ) ;
#383 =( GEOMETRIC_REPRESENTATION_CONTEXT ( 3 ) GLOBAL_UNCERTAINTY_ASSIGNED_CONTEXT ( ( #1266 ) ) GLOBAL_UNIT_ASSIGNED_CONTEXT ( ( #1814, #245, #3520 ) ) REPRESENTATION_CONTEXT ( 'NONE', 'WORKASPACE' ) );
#384 = APPLICATION_PROTOCOL_DEFINITION ( 'draft international standard', 'automotive_design', 1998, #1278 ) ;
#385 = MECHANICAL_DESIGN_GEOMETRIC_PRESENTATION_REPRESENTATION (  '', ( #948 ), #3000 ) ;
#386 = LINE ( 'NONE', #769, #3091 ) ;
#387 =( NAMED_UNIT ( * ) PLANE_ANGLE_UNIT ( ) SI_UNIT ( $, .RADIAN. ) );
#388 = ORIENTED_EDGE ( 'NONE', *, *, #4110, .T. ) ;
#389 = VECTOR ( 'NONE', #4139, 1000.000000000000000 ) ;
#390 = VERTEX_POINT ( 'NONE', #4181 ) ;
#391 = CARTESIAN_POINT ( 'NONE',  ( 7.000000000000000888, -3.000000000000000000, -10.06269330410536078 ) ) ;
#392 = VECTOR ( 'NONE', #778, 1000.000000000000114 ) ;
#393 =( LENGTH_UNIT ( ) NAMED_UNIT ( * ) SI_UNIT ( .MILLI., .METRE. ) );
#394 = MECHANICAL_DESIGN_GEOMETRIC_PRESENTATION_REPRESENTATION (  '', ( #4212 ), #2532 ) ;
#395 = PLANE ( 'NONE',  #3994 ) ;
#396 = CIRCLE ( 'NONE', #2607, 3.550625448120298788 ) ;
#397 = VECTOR ( 'NONE', #555, 1000.000000000000000 ) ;
#398 = ORIENTED_EDGE ( 'NONE', *, *, #1077, .T. ) ;
#399 = VECTOR ( 'NONE', #114, 1000.000000000000000 ) ;
#400 = DIRECTION ( 'NONE',  ( 0.000000000000000000, -1.000000000000000000, 0.000000000000000000 ) ) ;
#401 =( NAMED_UNIT ( * ) SI_UNIT ( $, .STERADIAN. ) SOLID_ANGLE_UNIT ( ) );
#402 = PRESENTATION_STYLE_ASSIGNMENT (( #3031 ) ) ;
#403 = DIRECTION ( 'NONE',  ( -0.000000000000000000, 1.000000000000000000, -0.000000000000000000 ) ) ;
#404 =( GEOMETRIC_REPRESENTATION_CONTEXT ( 3 ) GLOBAL_UNCERTAINTY_ASSIGNED_CONTEXT ( ( #2013 ) ) GLOBAL_UNIT_ASSIGNED_CONTEXT ( ( #1076, #1117, #3376 ) ) REPRESENTATION_CONTEXT ( 'NONE', 'WORKASPACE' ) );
#405 = EDGE_CURVE ( 'NONE', #1805, #2092, #296, .T. ) ;
#406 = PRESENTATION_LAYER_ASSIGNMENT (  '', '', ( #199 ) ) ;
#407 = COLOUR_RGB ( '',0.6666666666666666297, 0.6980392156862744724, 0.7686274509803920907 ) ;
#408 = ADVANCED_FACE ( 'NONE', ( #990 ), #2351, .F. ) ;
#409 = CARTESIAN_POINT ( 'NONE',  ( 3.000000000000000444, -0.5506254481202986772, -10.06269330410536078 ) ) ;
#410 = ORIENTED_EDGE ( 'NONE', *, *, #1051, .F. ) ;
#411 = COLOUR_RGB ( '',0.6666666666666666297, 0.6980392156862744724, 0.7686274509803920907 ) ;
#412 =( NAMED_UNIT ( * ) PLANE_ANGLE_UNIT ( ) SI_UNIT ( $, .RADIAN. ) );
#413 = FACE_OUTER_BOUND ( 'NONE', #2835, .T. ) ;
#414 = ORIENTED_EDGE ( 'NONE', *, *, #968, .T. ) ;
#415 = DIRECTION ( 'NONE',  ( 0.000000000000000000, -1.141265444721583757E-16, 1.000000000000000000 ) ) ;
#416 = DIRECTION ( 'NONE',  ( -1.000000000000000000, -0.000000000000000000, 0.000000000000000000 ) ) ;
#417 = FILL_AREA_STYLE_COLOUR ( '', #2520 ) ;
#418 = DIRECTION ( 'NONE',  ( 0.000000000000000000, -1.224646799147350249E-16, 1.000000000000000000 ) ) ;
#419 = ORIENTED_EDGE ( 'NONE', *, *, #4188, .T. ) ;
#420 = CARTESIAN_POINT ( 'NONE',  ( -2.154999999999999805, -0.2694076836320744017, 8.611592316367937983 ) ) ;
#421 = CARTESIAN_POINT ( 'NONE',  ( 0.000000000000000000, 2.990000000000000213, 0.000000000000000000 ) ) ;
#422 = DIRECTION ( 'NONE',  ( -0.000000000000000000, 1.000000000000000000, 1.141265444721583757E-16 ) ) ;
#423 = LINE ( 'NONE', #373, #2261 ) ;
#424 = FILL_AREA_STYLE ('',( #4097 ) ) ;
#425 = SURFACE_STYLE_FILL_AREA ( #1706 ) ;
#426 = ORIENTED_EDGE ( 'NONE', *, *, #3254, .T. ) ;
#427 = EDGE_CURVE ( 'NONE', #1148, #3518, #3032, .T. ) ;
#428 =( NAMED_UNIT ( * ) SI_UNIT ( $, .STERADIAN. ) SOLID_ANGLE_UNIT ( ) );
#429 = CARTESIAN_POINT ( 'NONE',  ( 2.154999999999999805, -0.3810000000000000053, 6.500000000000001776 ) ) ;
#430 = ORIENTED_EDGE ( 'NONE', *, *, #1466, .T. ) ;
#431 = LINE ( 'NONE', #2362, #967 ) ;
#432 = FILL_AREA_STYLE ('',( #1091 ) ) ;
#433 = SURFACE_STYLE_FILL_AREA ( #2765 ) ;
#434 = ORIENTED_EDGE ( 'NONE', *, *, #1122, .T. ) ;
#435 = CARTESIAN_POINT ( 'NONE',  ( 3.000000000000000444, -2.575312724060144998, -12.64579410476800447 ) ) ;
#436 = LINE ( 'NONE', #2666, #2250 ) ;
#437 =( LENGTH_UNIT ( ) NAMED_UNIT ( * ) SI_UNIT ( .MILLI., .METRE. ) );
#438 = CARTESIAN_POINT ( 'NONE',  ( 3.000000000000000444, -1.775312724060153835, -12.18391388941630993 ) ) ;
#439 = LINE ( 'NONE', #3720, #3755 ) ;
#440 =( NAMED_UNIT ( * ) SI_UNIT ( $, .STERADIAN. ) SOLID_ANGLE_UNIT ( ) );
#441 =( NAMED_UNIT ( * ) PLANE_ANGLE_UNIT ( ) SI_UNIT ( $, .RADIAN. ) );
#442 = ORIENTED_EDGE ( 'NONE', *, *, #1881, .T. ) ;
#443 = EDGE_CURVE ( 'NONE', #1687, #1287, #2538, .T. ) ;
#444 = VECTOR ( 'NONE', #3564, 1000.000000000000000 ) ;
#445 = PRESENTATION_LAYER_ASSIGNMENT (  '', '', ( #3061 ) ) ;
#446 = DIRECTION ( 'NONE',  ( 1.000000000000000000, 0.000000000000000000, 0.000000000000000000 ) ) ;
#447 = EDGE_LOOP ( 'NONE', ( #224, #884, #3467, #756 ) ) ;
#448 = EDGE_CURVE ( 'NONE', #1959, #3040, #735, .T. ) ;
#449 = COLOUR_RGB ( '',0.6666666666666666297, 0.6980392156862744724, 0.7686274509803920907 ) ;
#450 = ORIENTED_EDGE ( 'NONE', *, *, #4051, .F. ) ;
#451 = EDGE_CURVE ( 'NONE', #2124, #34, #3988, .T. ) ;
#452 =( NAMED_UNIT ( * ) SI_UNIT ( $, .STERADIAN. ) SOLID_ANGLE_UNIT ( ) );
#453 = DIRECTION ( 'NONE',  ( 0.000000000000000000, 0.000000000000000000, -1.000000000000000000 ) ) ;
#454 = COLOUR_RGB ( '',0.6666666666666666297, 0.6980392156862744724, 0.7686274509803920907 ) ;
#455 =( GEOMETRIC_REPRESENTATION_CONTEXT ( 3 ) GLOBAL_UNCERTAINTY_ASSIGNED_CONTEXT ( ( #4109 ) ) GLOBAL_UNIT_ASSIGNED_CONTEXT ( ( #4180, #2298, #1338 ) ) REPRESENTATION_CONTEXT ( 'NONE', 'WORKASPACE' ) );
#456 = VERTEX_POINT ( 'NONE', #1423 ) ;
#457 = STYLED_ITEM ( 'NONE', ( #3424 ), #2703 ) ;
#458 = DIRECTION ( 'NONE',  ( 0.000000000000000000, -1.000000000000000000, 0.000000000000000000 ) ) ;
#459 = DIRECTION ( 'NONE',  ( -0.000000000000000000, -1.000000000000000000, -0.000000000000000000 ) ) ;
#460 = CARTESIAN_POINT ( 'NONE',  ( 3.000000000000000444, -3.850625448120298167, -14.85470053837925342 ) ) ;
#461 = FILL_AREA_STYLE_COLOUR ( '', #2470 ) ;
#462 = SURFACE_STYLE_USAGE ( .BOTH. , #2791 ) ;
#463 = AXIS2_PLACEMENT_3D ( 'NONE', #2038, #3004, #3985 ) ;
#464 = VECTOR ( 'NONE', #3558, 1000.000000000000000 ) ;
#465 =( GEOMETRIC_REPRESENTATION_CONTEXT ( 3 ) GLOBAL_UNCERTAINTY_ASSIGNED_CONTEXT ( ( #723 ) ) GLOBAL_UNIT_ASSIGNED_CONTEXT ( ( #2561, #2188, #947 ) ) REPRESENTATION_CONTEXT ( 'NONE', 'WORKASPACE' ) );
#466 = LINE ( 'NONE', #2514, #1641 ) ;
#467 = AXIS2_PLACEMENT_3D ( 'NONE', #2499, #509, #2825 ) ;
#468 = LINE ( 'NONE', #3401, #337 ) ;
#469 = AXIS2_PLACEMENT_3D ( 'NONE', #209, #3444, #1865 ) ;
#470 = VERTEX_POINT ( 'NONE', #1446 ) ;
#471 = MECHANICAL_DESIGN_GEOMETRIC_PRESENTATION_REPRESENTATION (  '', ( #2540 ), #609 ) ;
#472 = ORIENTED_EDGE ( 'NONE', *, *, #3683, .T. ) ;
#473 =( NAMED_UNIT ( * ) SI_UNIT ( $, .STERADIAN. ) SOLID_ANGLE_UNIT ( ) );
#474 = COLOUR_RGB ( '',0.6666666666666666297, 0.6980392156862744724, 0.7686274509803920907 ) ;
#475 = FILL_AREA_STYLE ('',( #3413 ) ) ;
#476 =( GEOMETRIC_REPRESENTATION_CONTEXT ( 3 ) GLOBAL_UNCERTAINTY_ASSIGNED_CONTEXT ( ( #2018 ) ) GLOBAL_UNIT_ASSIGNED_CONTEXT ( ( #831, #494, #1854 ) ) REPRESENTATION_CONTEXT ( 'NONE', 'WORKASPACE' ) );
#477 = EDGE_LOOP ( 'NONE', ( #2424, #3223, #498, #1962 ) ) ;
#478 = LINE ( 'NONE', #181, #2163 ) ;
#479 = SURFACE_STYLE_USAGE ( .BOTH. , #3439 ) ;
#480 = DIRECTION ( 'NONE',  ( -0.3826168613972912302, 0.000000000000000000, 0.9239071042991746641 ) ) ;
#481 = AXIS2_PLACEMENT_3D ( 'NONE', #2153, #3785, #558 ) ;
#482 = ORIENTED_EDGE ( 'NONE', *, *, #2755, .F. ) ;
#483 = EDGE_CURVE ( 'NONE', #3725, #2334, #2372, .T. ) ;
#484 =( NAMED_UNIT ( * ) PLANE_ANGLE_UNIT ( ) SI_UNIT ( $, .RADIAN. ) );
#485 = PLANE ( 'NONE',  #801 ) ;
#486 = SURFACE_STYLE_USAGE ( .BOTH. , #3102 ) ;
#487 = DIRECTION ( 'NONE',  ( -0.08682659386424780579, 0.9924325091389669673, -0.08682659386424779191 ) ) ;
#488 = FACE_OUTER_BOUND ( 'NONE', #1724, .T. ) ;
#489 = PLANE ( 'NONE',  #2799 ) ;
#490 = CARTESIAN_POINT ( 'NONE',  ( -7.000000000000000000, -1.775312724060154945, -12.18391388941630993 ) ) ;
#491 = EDGE_LOOP ( 'NONE', ( #4036, #771, #382, #1807 ) ) ;
#492 = SURFACE_STYLE_FILL_AREA ( #828 ) ;
#493 = ORIENTED_EDGE ( 'NONE', *, *, #619, .T. ) ;
#494 =( NAMED_UNIT ( * ) PLANE_ANGLE_UNIT ( ) SI_UNIT ( $, .RADIAN. ) );
#495 = DIRECTION ( 'NONE',  ( 0.000000000000000000, 0.000000000000000000, -1.000000000000000000 ) ) ;
#496 = DIRECTION ( 'NONE',  ( 0.000000000000000000, 0.000000000000000000, -1.000000000000000000 ) ) ;
#497 = DIRECTION ( 'NONE',  ( -1.000000000000000000, 0.000000000000000000, 0.000000000000000000 ) ) ;
#498 = ORIENTED_EDGE ( 'NONE', *, *, #2434, .T. ) ;
#499 = PLANE ( 'NONE',  #133 ) ;
#500 =( NAMED_UNIT ( * ) SI_UNIT ( $, .STERADIAN. ) SOLID_ANGLE_UNIT ( ) );
#501 = FACE_OUTER_BOUND ( 'NONE', #656, .T. ) ;
#502 = SURFACE_SIDE_STYLE ('',( #2774 ) ) ;
#503 = SURFACE_STYLE_FILL_AREA ( #3484 ) ;
#504 = EDGE_CURVE ( 'NONE', #1287, #1687, #4079, .T. ) ;
#505 = CARTESIAN_POINT ( 'NONE',  ( -3.000000000000000000, 0.5506254481202986772, -6.451826515440592047 ) ) ;
#506 = LINE ( 'NONE', #4035, #962 ) ;
#507 = ORIENTED_EDGE ( 'NONE', *, *, #508, .F. ) ;
#508 = EDGE_CURVE ( 'NONE', #4183, #798, #423, .T. ) ;
#509 = DIRECTION ( 'NONE',  ( -0.000000000000000000, -1.000000000000000000, -0.000000000000000000 ) ) ;
#510 = VERTEX_POINT ( 'NONE', #760 ) ;
#511 = PRESENTATION_STYLE_ASSIGNMENT (( #244 ) ) ;
#512 = FILL_AREA_STYLE ('',( #3374 ) ) ;
#513 = EDGE_CURVE ( 'NONE', #510, #1749, #2041, .T. ) ;
#514 = PRESENTATION_STYLE_ASSIGNMENT (( #2203 ) ) ;
#515 = VECTOR ( 'NONE', #4044, 1000.000000000000000 ) ;
#516 = UNCERTAINTY_MEASURE_WITH_UNIT (LENGTH_MEASURE( 1.000000000000000082E-05 ), #1967, 'distance_accuracy_value', 'NONE');
#517 = ORIENTED_EDGE ( 'NONE', *, *, #1935, .T. ) ;
#518 = SURFACE_SIDE_STYLE ('',( #2508 ) ) ;
#519 = VECTOR ( 'NONE', #3896, 1000.000000000000000 ) ;
#520 = CARTESIAN_POINT ( 'NONE',  ( -2.154999999999999805, -3.319000000000000838, 16.00000000000000000 ) ) ;
#521 = DIRECTION ( 'NONE',  ( 0.000000000000000000, 1.000000000000000000, 0.000000000000000000 ) ) ;
#522 = FILL_AREA_STYLE ('',( #946 ) ) ;
#523 = AXIS2_PLACEMENT_3D ( 'NONE', #3701, #2980, #732 ) ;
#524 = COLOUR_RGB ( '',0.6666666666666666297, 0.6980392156862744724, 0.7686274509803920907 ) ;
#525 = CARTESIAN_POINT ( 'NONE',  ( -3.000000000000000000, -1.775312724060154945, -12.18391388941630993 ) ) ;
#526 = EDGE_CURVE ( 'NONE', #1014, #1805, #2753, .T. ) ;
#527 = CARTESIAN_POINT ( 'NONE',  ( 3.000000000000000000, -1.224687275939857267, -13.13762514150104899 ) ) ;
#528 = MECHANICAL_DESIGN_GEOMETRIC_PRESENTATION_REPRESENTATION (  '', ( #2119 ), #3405 ) ;
#529 = VERTEX_POINT ( 'NONE', #2773 ) ;
#530 = PRESENTATION_LAYER_ASSIGNMENT (  '', '', ( #2399 ) ) ;
#531 = EDGE_CURVE ( 'NONE', #3455, #3179, #3336, .T. ) ;
#532 = PRESENTATION_LAYER_ASSIGNMENT (  '', '', ( #2405 ) ) ;
#533 = PRESENTATION_LAYER_ASSIGNMENT (  '', '', ( #1 ) ) ;
#534 = DIRECTION ( 'NONE',  ( 0.000000000000000000, 0.000000000000000000, -1.000000000000000000 ) ) ;
#535 = VERTEX_POINT ( 'NONE', #72 ) ;
#536 = FACE_OUTER_BOUND ( 'NONE', #214, .T. ) ;
#537 = STYLED_ITEM ( 'NONE', ( #3636 ), #785 ) ;
#538 = CLOSED_SHELL ( 'NONE', ( #2803, #326, #1018, #3875, #151, #1129, #1162, #2498, #1745, #107 ) ) ;
#539 = CARTESIAN_POINT ( 'NONE',  ( 5.000000000000000888, 0.000000000000000000, 6.500000000000001776 ) ) ;
#540 = SURFACE_STYLE_USAGE ( .BOTH. , #894 ) ;
#541 = VECTOR ( 'NONE', #1866, 1000.000000000000000 ) ;
#542 = CARTESIAN_POINT ( 'NONE',  ( -0.2550000000000000044, -3.319000000000000394, 12.20000000000000107 ) ) ;
#543 = LINE ( 'NONE', #1860, #2394 ) ;
#544 = PRESENTATION_LAYER_ASSIGNMENT (  '', '', ( #2413 ) ) ;
#545 = VECTOR ( 'NONE', #2719, 1000.000000000000000 ) ;
#546 = ORIENTED_EDGE ( 'NONE', *, *, #3006, .F. ) ;
#547 = LINE ( 'NONE', #4047, #2941 ) ;
#548 = PRESENTATION_STYLE_ASSIGNMENT (( #2877 ) ) ;
#549 = PLANE ( 'NONE',  #3879 ) ;
#550 = LINE ( 'NONE', #2536, #541 ) ;
#551 = SURFACE_SIDE_STYLE ('',( #503 ) ) ;
#552 = DIRECTION ( 'NONE',  ( 1.000000000000000000, 0.000000000000000000, 0.000000000000000000 ) ) ;
#553 = DIRECTION ( 'NONE',  ( 0.000000000000000000, 0.000000000000000000, -1.000000000000000000 ) ) ;
#554 = VERTEX_POINT ( 'NONE', #3397 ) ;
#555 = DIRECTION ( 'NONE',  ( 0.000000000000000000, -1.224646799147350249E-16, 1.000000000000000000 ) ) ;
#556 = ORIENTED_EDGE ( 'NONE', *, *, #1852, .T. ) ;
#557 = SURFACE_STYLE_USAGE ( .BOTH. , #2844 ) ;
#558 = DIRECTION ( 'NONE',  ( 0.000000000000000000, 0.000000000000000000, -1.000000000000000000 ) ) ;
#559 = EDGE_CURVE ( 'NONE', #1787, #1625, #1101, .T. ) ;
#560 = DIRECTION ( 'NONE',  ( 0.000000000000000000, -1.000000000000000000, -0.000000000000000000 ) ) ;
#561 = CARTESIAN_POINT ( 'NONE',  ( -7.000000000000000000, -0.5506254481202986772, -10.06269330410536078 ) ) ;
#562 = DIRECTION ( 'NONE',  ( -1.000000000000000000, 0.000000000000000000, 0.000000000000000000 ) ) ;
#563 = SURFACE_STYLE_FILL_AREA ( #2870 ) ;
#564 = ORIENTED_EDGE ( 'NONE', *, *, #4000, .T. ) ;
#565 = ADVANCED_FACE ( 'NONE', ( #3066 ), #2436, .F. ) ;
#566 = CARTESIAN_POINT ( 'NONE',  ( 2.154999999999999805, 0.000000000000000000, 6.500000000000001776 ) ) ;
#567 = DIRECTION ( 'NONE',  ( -0.08715574274765836016, -0.9961946980917455452, -0.000000000000000000 ) ) ;
#568 = FILL_AREA_STYLE_COLOUR ( '', #2125 ) ;
#569 = CARTESIAN_POINT ( 'NONE',  ( -7.000000000000000000, -1.224687275939856823, -13.13762514150104899 ) ) ;
#570 = CARTESIAN_POINT ( 'NONE',  ( 7.000000000000000888, 0.5506254481202986772, -10.06269330410536078 ) ) ;
#571 = LINE ( 'NONE', #2094, #2135 ) ;
#572 = FILL_AREA_STYLE_COLOUR ( '', #3281 ) ;
#573 = ORIENTED_EDGE ( 'NONE', *, *, #405, .F. ) ;
#574 = EDGE_CURVE ( 'NONE', #367, #1131, #2070, .T. ) ;
#575 = CARTESIAN_POINT ( 'NONE',  ( 0.2550000000000000044, -3.700000000000000178, 12.20000000000000107 ) ) ;
#576 = ORIENTED_EDGE ( 'NONE', *, *, #3630, .T. ) ;
#577 = FACE_OUTER_BOUND ( 'NONE', #3370, .T. ) ;
#578 = PLANE ( 'NONE',  #3482 ) ;
#579 = CARTESIAN_POINT ( 'NONE',  ( 4.951826515440592047, 0.5506254481202986772, 2.100000000000000089 ) ) ;
#580 = PRESENTATION_LAYER_ASSIGNMENT (  '', '', ( #1007 ) ) ;
#581 = EDGE_CURVE ( 'NONE', #456, #2843, #2474, .T. ) ;
#582 = PLANE ( 'NONE',  #330 ) ;
#583 = DIRECTION ( 'NONE',  ( 1.000000000000000000, 0.000000000000000000, 0.000000000000000000 ) ) ;
#584 = COLOUR_RGB ( '',0.2980392156862745057, 0.2980392156862745057, 0.2980392156862745057 ) ;
#585 = EDGE_CURVE ( 'NONE', #3901, #994, #4068, .T. ) ;
#586 = VERTEX_POINT ( 'NONE', #2790 ) ;
#587 =( NAMED_UNIT ( * ) SI_UNIT ( $, .STERADIAN. ) SOLID_ANGLE_UNIT ( ) );
#588 = LINE ( 'NONE', #26, #335 ) ;
#589 = AXIS2_PLACEMENT_3D ( 'NONE', #64, #776, #2998 ) ;
#590 = FACE_OUTER_BOUND ( 'NONE', #1929, .T. ) ;
#591 = MECHANICAL_DESIGN_GEOMETRIC_PRESENTATION_REPRESENTATION (  '', ( #126 ), #1827 ) ;
#592 = CARTESIAN_POINT ( 'NONE',  ( 2.999999999999999112, 0.5506254481202986772, -6.451826515440592047 ) ) ;
#593 = PLANE ( 'NONE',  #2049 ) ;
#594 =( LENGTH_UNIT ( ) NAMED_UNIT ( * ) SI_UNIT ( .MILLI., .METRE. ) );
#595 = ORIENTED_EDGE ( 'NONE', *, *, #1881, .F. ) ;
#596 = AXIS2_PLACEMENT_3D ( 'NONE', #3149, #172, #2162 ) ;
#597 = MECHANICAL_DESIGN_GEOMETRIC_PRESENTATION_REPRESENTATION (  '', ( #1090 ), #3605 ) ;
#598 = UNCERTAINTY_MEASURE_WITH_UNIT (LENGTH_MEASURE( 1.000000000000000082E-05 ), #1334, 'distance_accuracy_value', 'NONE');
#599 = PRESENTATION_LAYER_ASSIGNMENT (  '', '', ( #1832 ) ) ;
#600 = CARTESIAN_POINT ( 'NONE',  ( 4.693789677659266246, -3.500000000000000000, 6.193789677659267134 ) ) ;
#601 = ORIENTED_EDGE ( 'NONE', *, *, #2201, .T. ) ;
#602 = APPLICATION_CONTEXT ( 'automotive_design' ) ;
#603 = DIRECTION ( 'NONE',  ( 0.000000000000000000, -1.000000000000000000, -0.000000000000000000 ) ) ;
#604 = AXIS2_PLACEMENT_3D ( 'NONE', #2568, #2547, #953 ) ;
#605 = PRESENTATION_LAYER_ASSIGNMENT (  '', '', ( #1176 ) ) ;
#606 = CARTESIAN_POINT ( 'NONE',  ( -7.000000000000000000, -1.224687275939857267, -13.13762514150104899 ) ) ;
#607 = DIRECTION ( 'NONE',  ( 0.000000000000000000, -1.141265444721583757E-16, 1.000000000000000000 ) ) ;
#608 = DIRECTION ( 'NONE',  ( -0.000000000000000000, 1.000000000000000000, -0.000000000000000000 ) ) ;
#609 =( GEOMETRIC_REPRESENTATION_CONTEXT ( 3 ) GLOBAL_UNCERTAINTY_ASSIGNED_CONTEXT ( ( #2901 ) ) GLOBAL_UNIT_ASSIGNED_CONTEXT ( ( #3126, #441, #2823 ) ) REPRESENTATION_CONTEXT ( 'NONE', 'WORKASPACE' ) );
#610 = PRESENTATION_LAYER_ASSIGNMENT (  '', '', ( #3818 ) ) ;
#611 = ORIENTED_EDGE ( 'NONE', *, *, #102, .F. ) ;
#612 = CLOSED_SHELL ( 'NONE', ( #3678, #1156, #727, #2375, #1987, #1096, #2218, #1189, #146, #1030 ) ) ;
#613 = LINE ( 'NONE', #1629, #2940 ) ;
#614 = CARTESIAN_POINT ( 'NONE',  ( 7.000000000000000888, -2.749374551879700590, -14.85470053837925342 ) ) ;
#615 = FILL_AREA_STYLE ('',( #1335 ) ) ;
#616 =( NAMED_UNIT ( * ) SI_UNIT ( $, .STERADIAN. ) SOLID_ANGLE_UNIT ( ) );
#617 = MECHANICAL_DESIGN_GEOMETRIC_PRESENTATION_REPRESENTATION (  '', ( #1853 ), #1516 ) ;
#618 = STYLED_ITEM ( 'NONE', ( #642 ), #408 ) ;
#619 = EDGE_CURVE ( 'NONE', #2303, #975, #757, .T. ) ;
#620 = DIRECTION ( 'NONE',  ( -0.000000000000000000, 1.000000000000000000, 1.224646799147350249E-16 ) ) ;
#621 = EDGE_CURVE ( 'NONE', #1385, #53, #1564, .T. ) ;
#622 =( GEOMETRIC_REPRESENTATION_CONTEXT ( 3 ) GLOBAL_UNCERTAINTY_ASSIGNED_CONTEXT ( ( #2634 ) ) GLOBAL_UNIT_ASSIGNED_CONTEXT ( ( #2925, #2614, #2549 ) ) REPRESENTATION_CONTEXT ( 'NONE', 'WORKASPACE' ) );
#623 = SURFACE_STYLE_USAGE ( .BOTH. , #1547 ) ;
#624 = DIRECTION ( 'NONE',  ( 0.000000000000000000, -0.7071067811865489050, 0.7071067811865461294 ) ) ;
#625 = CARTESIAN_POINT ( 'NONE',  ( -2.154999999999999805, -0.3810000000000003384, 8.723184632735863531 ) ) ;
#626 = CARTESIAN_POINT ( 'NONE',  ( 7.000000000000000888, -2.749374551879701478, -16.10000000000000142 ) ) ;
#627 = EDGE_LOOP ( 'NONE', ( #683, #3305, #556, #1298 ) ) ;
#628 = LINE ( 'NONE', #4146, #397 ) ;
#629 = ORIENTED_EDGE ( 'NONE', *, *, #2241, .T. ) ;
#630 = FILL_AREA_STYLE ('',( #3561 ) ) ;
#631 = DIRECTION ( 'NONE',  ( 1.000000000000000000, 0.000000000000000000, 0.000000000000000000 ) ) ;
#632 = CARTESIAN_POINT ( 'NONE',  ( 0.2550000000000001155, -3.700000000000001066, 12.04218463273585016 ) ) ;
#633 = SURFACE_STYLE_FILL_AREA ( #4211 ) ;
#634 = VERTEX_POINT ( 'NONE', #3835 ) ;
#635 = DIRECTION ( 'NONE',  ( 0.000000000000000000, -1.141265444721583757E-16, 1.000000000000000000 ) ) ;
#636 = ORIENTED_EDGE ( 'NONE', *, *, #2550, .F. ) ;
#637 = PLANE ( 'NONE',  #1708 ) ;
#638 = PLANE ( 'NONE',  #2263 ) ;
#639 = ORIENTED_EDGE ( 'NONE', *, *, #3169, .T. ) ;
#640 = FILL_AREA_STYLE ('',( #3572 ) ) ;
#641 = DIRECTION ( 'NONE',  ( 0.000000000000000000, -1.224646799147350002E-16, 1.000000000000000000 ) ) ;
#642 = PRESENTATION_STYLE_ASSIGNMENT (( #2323 ) ) ;
#643 = ORIENTED_EDGE ( 'NONE', *, *, #986, .F. ) ;
#644 = ADVANCED_FACE ( 'NONE', ( #3121 ), #859, .F. ) ;
#645 = UNCERTAINTY_MEASURE_WITH_UNIT (LENGTH_MEASURE( 1.000000000000000082E-05 ), #3535, 'distance_accuracy_value', 'NONE');
#646 = DIRECTION ( 'NONE',  ( 1.000000000000000000, 0.000000000000000000, 0.000000000000000000 ) ) ;
#647 = ORIENTED_EDGE ( 'NONE', *, *, #1233, .F. ) ;
#648 = LINE ( 'NONE', #1619, #3698 ) ;
#649 = ADVANCED_FACE ( 'NONE', ( #501 ), #549, .F. ) ;
#650 = APPLICATION_PROTOCOL_DEFINITION ( 'draft international standard', 'automotive_design', 1998, #602 ) ;
#651 = PLANE ( 'NONE',  #936 ) ;
#652 = DIRECTION ( 'NONE',  ( -1.000000000000000000, 0.000000000000000000, 0.000000000000000000 ) ) ;
#653 = UNCERTAINTY_MEASURE_WITH_UNIT (LENGTH_MEASURE( 1.000000000000000082E-05 ), #2204, 'distance_accuracy_value', 'NONE');
#654 = ORIENTED_EDGE ( 'NONE', *, *, #3058, .F. ) ;
#655 = DIRECTION ( 'NONE',  ( 0.000000000000000000, 0.9961946980917455452, -0.08715574274765836016 ) ) ;
#656 = EDGE_LOOP ( 'NONE', ( #611, #1112, #2699, #369 ) ) ;
#657 = DIRECTION ( 'NONE',  ( -1.000000000000000000, -0.000000000000000000, -0.000000000000000000 ) ) ;
#658 = PRESENTATION_LAYER_ASSIGNMENT (  '', '', ( #1892 ) ) ;
#659 = EDGE_LOOP ( 'NONE', ( #3890, #546, #3532, #636, #576, #3435, #118, #1610 ) ) ;
#660 = PLANE ( 'NONE',  #523 ) ;
#661 =( GEOMETRIC_REPRESENTATION_CONTEXT ( 3 ) GLOBAL_UNCERTAINTY_ASSIGNED_CONTEXT ( ( #2888 ) ) GLOBAL_UNIT_ASSIGNED_CONTEXT ( ( #3251, #3887, #2918 ) ) REPRESENTATION_CONTEXT ( 'NONE', 'WORKASPACE' ) );
#662 = DIRECTION ( 'NONE',  ( 0.000000000000000000, -1.224646799147350249E-16, 1.000000000000000000 ) ) ;
#663 = DIRECTION ( 'NONE',  ( 0.000000000000000000, -1.141265444721583757E-16, 1.000000000000000000 ) ) ;
#664 = DIRECTION ( 'NONE',  ( 0.000000000000000000, -1.000000000000000000, 0.000000000000000000 ) ) ;
#665 =( NAMED_UNIT ( * ) SI_UNIT ( $, .STERADIAN. ) SOLID_ANGLE_UNIT ( ) );
#666 = ORIENTED_EDGE ( 'NONE', *, *, #1982, .T. ) ;
#667 = EDGE_CURVE ( 'NONE', #1754, #634, #2535, .T. ) ;
#668 = AXIS2_PLACEMENT_3D ( 'NONE', #1656, #1273, #3849 ) ;
#669 = LINE ( 'NONE', #3283, #268 ) ;
#670 = ORIENTED_EDGE ( 'NONE', *, *, #4117, .T. ) ;
#671 = MECHANICAL_DESIGN_GEOMETRIC_PRESENTATION_REPRESENTATION (  '', ( #1369 ), #1299 ) ;
#672 = SURFACE_STYLE_FILL_AREA ( #979 ) ;
#673 = PRESENTATION_LAYER_ASSIGNMENT (  '', '', ( #2937 ) ) ;
#674 = EDGE_LOOP ( 'NONE', ( #1981, #3806, #2325, #15 ) ) ;
#675 = DIRECTION ( 'NONE',  ( 0.000000000000000000, -1.141265444721583757E-16, 1.000000000000000000 ) ) ;
#676 = STYLED_ITEM ( 'NONE', ( #2815 ), #1874 ) ;
#677 = COLOUR_RGB ( '',0.6666666666666666297, 0.6980392156862744724, 0.7686274509803920907 ) ;
#678 = VERTEX_POINT ( 'NONE', #1316 ) ;
#679 = PRESENTATION_LAYER_ASSIGNMENT (  '', '', ( #3204 ) ) ;
#680 = VECTOR ( 'NONE', #3765, 1000.000000000000000 ) ;
#681 =( NAMED_UNIT ( * ) PLANE_ANGLE_UNIT ( ) SI_UNIT ( $, .RADIAN. ) );
#682 = VECTOR ( 'NONE', #4085, 1000.000000000000000 ) ;
#683 = ORIENTED_EDGE ( 'NONE', *, *, #1267, .F. ) ;
#684 =( NAMED_UNIT ( * ) SI_UNIT ( $, .STERADIAN. ) SOLID_ANGLE_UNIT ( ) );
#685 = FILL_AREA_STYLE ('',( #3335 ) ) ;
#686 = AXIS2_PLACEMENT_3D ( 'NONE', #3586, #2302, #2352 ) ;
#687 = PRESENTATION_STYLE_ASSIGNMENT (( #3610 ) ) ;
#688 =( NAMED_UNIT ( * ) SI_UNIT ( $, .STERADIAN. ) SOLID_ANGLE_UNIT ( ) );
#689 = FACE_OUTER_BOUND ( 'NONE', #3331, .T. ) ;
#690 = VERTEX_POINT ( 'NONE', #3918 ) ;
#691 = AXIS2_PLACEMENT_3D ( 'NONE', #1202, #1493, #3094 ) ;
#692 = DIRECTION ( 'NONE',  ( -1.000000000000000000, -0.000000000000000000, -0.000000000000000000 ) ) ;
#693 = PRESENTATION_STYLE_ASSIGNMENT (( #2698 ) ) ;
#694 = ORIENTED_EDGE ( 'NONE', *, *, #2632, .T. ) ;
#695 = STYLED_ITEM ( 'NONE', ( #511 ), #4012 ) ;
#696 = VECTOR ( 'NONE', #631, 1000.000000000000000 ) ;
#697 = SURFACE_STYLE_USAGE ( .BOTH. , #2701 ) ;
#698 = DIRECTION ( 'NONE',  ( -1.334402673828313093E-16, -0.000000000000000000, -1.000000000000000000 ) ) ;
#699 =( NAMED_UNIT ( * ) SI_UNIT ( $, .STERADIAN. ) SOLID_ANGLE_UNIT ( ) );
#700 = VERTEX_POINT ( 'NONE', #1588 ) ;
#701 =( NAMED_UNIT ( * ) PLANE_ANGLE_UNIT ( ) SI_UNIT ( $, .RADIAN. ) );
#702 = EDGE_CURVE ( 'NONE', #529, #3219, #588, .T. ) ;
#703 = ORIENTED_EDGE ( 'NONE', *, *, #1419, .T. ) ;
#704 = ADVANCED_FACE ( 'NONE', ( #3900 ), #1006, .F. ) ;
#705 =( LENGTH_UNIT ( ) NAMED_UNIT ( * ) SI_UNIT ( .MILLI., .METRE. ) );
#706 = LINE ( 'NONE', #2347, #200 ) ;
#707 = ADVANCED_FACE ( 'NONE', ( #3606 ), #638, .T. ) ;
#708 = ORIENTED_EDGE ( 'NONE', *, *, #1354, .F. ) ;
#709 = CARTESIAN_POINT ( 'NONE',  ( 6.800000000000000711, -2.630250393329138792, -6.487320914739863831 ) ) ;
#710 = CYLINDRICAL_SURFACE ( 'NONE', #4071, 1.500000000000000222 ) ;
#711 = CARTESIAN_POINT ( 'NONE',  ( -3.000626588136170891, 3.500000000000000000, 5.590417679675883988 ) ) ;
#712 = CARTESIAN_POINT ( 'NONE',  ( 3.000000000000000000, -2.749374551879701478, -14.85470053837925342 ) ) ;
#713 = PLANE ( 'NONE',  #895 ) ;
#714 = ORIENTED_EDGE ( 'NONE', *, *, #1284, .F. ) ;
#715 = UNCERTAINTY_MEASURE_WITH_UNIT (LENGTH_MEASURE( 1.000000000000000082E-05 ), #1913, 'distance_accuracy_value', 'NONE');
#716 = PLANE ( 'NONE',  #2044 ) ;
#717 = UNCERTAINTY_MEASURE_WITH_UNIT (LENGTH_MEASURE( 1.000000000000000082E-05 ), #36, 'distance_accuracy_value', 'NONE');
#718 = CARTESIAN_POINT ( 'NONE',  ( 3.000000000000000444, -3.850625448120298611, -14.85470053837925342 ) ) ;
#719 = ORIENTED_EDGE ( 'NONE', *, *, #157, .F. ) ;
#720 = UNCERTAINTY_MEASURE_WITH_UNIT (LENGTH_MEASURE( 1.000000000000000082E-05 ), #1735, 'distance_accuracy_value', 'NONE');
#721 = FILL_AREA_STYLE_COLOUR ( '', #178 ) ;
#722 = FILL_AREA_STYLE_COLOUR ( '', #248 ) ;
#723 = UNCERTAINTY_MEASURE_WITH_UNIT (LENGTH_MEASURE( 1.000000000000000082E-05 ), #2561, 'distance_accuracy_value', 'NONE');
#724 = FILL_AREA_STYLE_COLOUR ( '', #2948 ) ;
#725 =( LENGTH_UNIT ( ) NAMED_UNIT ( * ) SI_UNIT ( .MILLI., .METRE. ) );
#726 = ORIENTED_EDGE ( 'NONE', *, *, #4106, .F. ) ;
#727 = ADVANCED_FACE ( 'NONE', ( #3881 ), #1933, .F. ) ;
#728 = CARTESIAN_POINT ( 'NONE',  ( 2.999999999999999112, 3.126528764884490420E-15, -6.500000000000000000 ) ) ;
#729 = SURFACE_STYLE_FILL_AREA ( #1059 ) ;
#730 = EDGE_CURVE ( 'NONE', #1805, #3812, #944, .T. ) ;
#731 = ORIENTED_EDGE ( 'NONE', *, *, #3010, .F. ) ;
#732 = DIRECTION ( 'NONE',  ( 0.000000000000000000, 0.000000000000000000, -1.000000000000000000 ) ) ;
#733 = DIRECTION ( 'NONE',  ( 0.000000000000000000, -1.000000000000000000, 0.000000000000000000 ) ) ;
#734 = LINE ( 'NONE', #1445, #2659 ) ;
#735 = LINE ( 'NONE', #3361, #1036 ) ;
#736 = AXIS2_PLACEMENT_3D ( 'NONE', #2954, #19, #1067 ) ;
#737 = FACE_OUTER_BOUND ( 'NONE', #1690, .T. ) ;
#738 = COLOUR_RGB ( '',0.6666666666666666297, 0.6980392156862744724, 0.7686274509803920907 ) ;
#739 = LINE ( 'NONE', #1426, #1635 ) ;
#740 = EDGE_LOOP ( 'NONE', ( #302, #1948, #1677, #2137, #3833, #863, #1576, #2213, #3008, #933, #2445 ) ) ;
#741 = PRESENTATION_LAYER_ASSIGNMENT (  '', '', ( #1974 ) ) ;
#742 = SURFACE_STYLE_FILL_AREA ( #3288 ) ;
#743 = DIRECTION ( 'NONE',  ( -0.000000000000000000, 1.000000000000000000, -0.000000000000000000 ) ) ;
#744 = ORIENTED_EDGE ( 'NONE', *, *, #3421, .F. ) ;
#745 = CARTESIAN_POINT ( 'NONE',  ( -4.951826515440591159, -0.5506254481202986772, 6.500000000000001776 ) ) ;
#746 = AXIS2_PLACEMENT_3D ( 'NONE', #1213, #4140, #1240 ) ;
#747 = STYLED_ITEM ( 'NONE', ( #2690 ), #812 ) ;
#748 = CARTESIAN_POINT ( 'NONE',  ( 5.000000000000000000, 0.000000000000000000, 2.100000000000000089 ) ) ;
#749 = CARTESIAN_POINT ( 'NONE',  ( -3.000000000000000000, 0.5506254481202986772, 2.100000000000000089 ) ) ;
#750 = VECTOR ( 'NONE', #1479, 1000.000000000000000 ) ;
#751 =( NAMED_UNIT ( * ) PLANE_ANGLE_UNIT ( ) SI_UNIT ( $, .RADIAN. ) );
#752 =( GEOMETRIC_REPRESENTATION_CONTEXT ( 3 ) GLOBAL_UNCERTAINTY_ASSIGNED_CONTEXT ( ( #3811 ) ) GLOBAL_UNIT_ASSIGNED_CONTEXT ( ( #1798, #1813, #1194 ) ) REPRESENTATION_CONTEXT ( 'NONE', 'WORKASPACE' ) );
#753 =( NAMED_UNIT ( * ) PLANE_ANGLE_UNIT ( ) SI_UNIT ( $, .RADIAN. ) );
#754 = VECTOR ( 'NONE', #2643, 1000.000000000000000 ) ;
#755 = VECTOR ( 'NONE', #3490, 1000.000000000000114 ) ;
#756 = ORIENTED_EDGE ( 'NONE', *, *, #3848, .F. ) ;
#757 = CIRCLE ( 'NONE', #1990, 0.4999999999999995559 ) ;
#758 = DIRECTION ( 'NONE',  ( 1.334402673828313093E-16, -0.000000000000000000, 1.000000000000000000 ) ) ;
#759 = CARTESIAN_POINT ( 'NONE',  ( -3.000000000000000000, 0.000000000000000000, -6.500000000000000000 ) ) ;
#760 = CARTESIAN_POINT ( 'NONE',  ( -2.154999999999999805, -3.700000000000000178, 12.04218463273585016 ) ) ;
#761 = VECTOR ( 'NONE', #137, 1000.000000000000000 ) ;
#762 = AXIS2_PLACEMENT_3D ( 'NONE', #2903, #2276, #3569 ) ;
#763 = ADVANCED_FACE ( 'NONE', ( #2915 ), #1631, .T. ) ;
#764 = AXIS2_PLACEMENT_3D ( 'NONE', #1549, #974, #2283 ) ;
#765 = CARTESIAN_POINT ( 'NONE',  ( -0.2550000000000000044, 0.000000000000000000, 6.500000000000001776 ) ) ;
#766 = CARTESIAN_POINT ( 'NONE',  ( 2.154999999999999805, -3.700000000000000622, 16.00000000000000000 ) ) ;
#767 = ORIENTED_EDGE ( 'NONE', *, *, #907, .T. ) ;
#768 = STYLED_ITEM ( 'NONE', ( #897 ), #3928 ) ;
#769 = CARTESIAN_POINT ( 'NONE',  ( -4.999999999999999112, 0.000000000000000000, 6.500000000000001776 ) ) ;
#770 = CARTESIAN_POINT ( 'NONE',  ( -3.000000000000000000, 0.000000000000000000, -6.500000000000000000 ) ) ;
#771 = ORIENTED_EDGE ( 'NONE', *, *, #1748, .F. ) ;
#772 = DIRECTION ( 'NONE',  ( 0.000000000000000000, -1.141265444721583757E-16, 1.000000000000000000 ) ) ;
#773 = VECTOR ( 'NONE', #2867, 1000.000000000000000 ) ;
#774 = ORIENTED_EDGE ( 'NONE', *, *, #1468, .F. ) ;
#775 = LINE ( 'NONE', #1092, #1966 ) ;
#776 = DIRECTION ( 'NONE',  ( -0.000000000000000000, 1.000000000000000000, 1.141265444721583757E-16 ) ) ;
#777 = ORIENTED_EDGE ( 'NONE', *, *, #1938, .F. ) ;
#778 = DIRECTION ( 'NONE',  ( 0.000000000000000000, -0.7071067811865489050, 0.7071067811865461294 ) ) ;
#779 = DIRECTION ( 'NONE',  ( -0.000000000000000000, 1.000000000000000000, -0.000000000000000000 ) ) ;
#780 = DIRECTION ( 'NONE',  ( 0.000000000000000000, 1.000000000000000000, 0.000000000000000000 ) ) ;
#781 =( NAMED_UNIT ( * ) SI_UNIT ( $, .STERADIAN. ) SOLID_ANGLE_UNIT ( ) );
#782 = EDGE_CURVE ( 'NONE', #1754, #3297, #706, .T. ) ;
#783 = DIRECTION ( 'NONE',  ( 0.000000000000000000, -0.4999999999999976685, 0.8660254037844399289 ) ) ;
#784 = ORIENTED_EDGE ( 'NONE', *, *, #806, .F. ) ;
#785 = ADVANCED_FACE ( 'NONE', ( #368 ), #1774, .F. ) ;
#786 = LINE ( 'NONE', #2739, #820 ) ;
#787 = PRESENTATION_STYLE_ASSIGNMENT (( #2842 ) ) ;
#788 = ORIENTED_EDGE ( 'NONE', *, *, #3006, .T. ) ;
#789 = ORIENTED_EDGE ( 'NONE', *, *, #2852, .T. ) ;
#790 = VERTEX_POINT ( 'NONE', #2098 ) ;
#791 = CARTESIAN_POINT ( 'NONE',  ( -3.000000000000000000, -2.024687275939846653, -13.59950535685274353 ) ) ;
#792 = SURFACE_SIDE_STYLE ('',( #1502 ) ) ;
#793 = DIRECTION ( 'NONE',  ( 1.000000000000000000, 0.000000000000000000, 0.000000000000000000 ) ) ;
#794 = DIRECTION ( 'NONE',  ( 0.000000000000000000, 0.000000000000000000, 1.000000000000000000 ) ) ;
#795 =( NAMED_UNIT ( * ) SI_UNIT ( $, .STERADIAN. ) SOLID_ANGLE_UNIT ( ) );
#796 = VECTOR ( 'NONE', #324, 1000.000000000000000 ) ;
#797 = LINE ( 'NONE', #2734, #1510 ) ;
#798 = VERTEX_POINT ( 'NONE', #1094 ) ;
#799 = PRESENTATION_LAYER_ASSIGNMENT (  '', '', ( #3855 ) ) ;
#800 = EDGE_CURVE ( 'NONE', #1014, #90, #2085, .T. ) ;
#801 = AXIS2_PLACEMENT_3D ( 'NONE', #2209, #3793, #3779 ) ;
#802 =( NAMED_UNIT ( * ) PLANE_ANGLE_UNIT ( ) SI_UNIT ( $, .RADIAN. ) );
#803 =( NAMED_UNIT ( * ) PLANE_ANGLE_UNIT ( ) SI_UNIT ( $, .RADIAN. ) );
#804 = ORIENTED_EDGE ( 'NONE', *, *, #1879, .F. ) ;
#805 = SURFACE_STYLE_FILL_AREA ( #3111 ) ;
#806 = EDGE_CURVE ( 'NONE', #53, #977, #4024, .T. ) ;
#807 = FACE_OUTER_BOUND ( 'NONE', #2232, .T. ) ;
#808 = CARTESIAN_POINT ( 'NONE',  ( -2.154999999999999805, -0.3810000000000000053, 6.500000000000001776 ) ) ;
#809 = CARTESIAN_POINT ( 'NONE',  ( 3.000000000000000000, 0.5506254481202986772, 2.100000000000000089 ) ) ;
#810 = SURFACE_STYLE_USAGE ( .BOTH. , #1137 ) ;
#811 = VECTOR ( 'NONE', #733, 1000.000000000000000 ) ;
#812 = ADVANCED_FACE ( 'NONE', ( #2709 ), #395, .T. ) ;
#813 = EDGE_LOOP ( 'NONE', ( #2826, #941, #694, #1332 ) ) ;
#814 = VECTOR ( 'NONE', #1802, 1000.000000000000000 ) ;
#815 = CYLINDRICAL_SURFACE ( 'NONE', #2181, 1.500000000000000222 ) ;
#816 = CARTESIAN_POINT ( 'NONE',  ( 4.693789677659265358, -3.500000000000000000, -6.193789677659265358 ) ) ;
#817 =( NAMED_UNIT ( * ) PLANE_ANGLE_UNIT ( ) SI_UNIT ( $, .RADIAN. ) );
#818 = CARTESIAN_POINT ( 'NONE',  ( -7.000000000000000000, -2.630250393329138792, 0.1786197388437707478 ) ) ;
#819 = VECTOR ( 'NONE', #3118, 1000.000000000000000 ) ;
#820 = VECTOR ( 'NONE', #446, 1000.000000000000000 ) ;
#821 = CARTESIAN_POINT ( 'NONE',  ( -1.645000000000000018, -3.319000000000000838, 16.00000000000000000 ) ) ;
#822 = DIRECTION ( 'NONE',  ( 1.000000000000000000, 0.000000000000000000, 0.000000000000000000 ) ) ;
#823 = AXIS2_PLACEMENT_3D ( 'NONE', #2231, #4121, #2920 ) ;
#824 = CARTESIAN_POINT ( 'NONE',  ( -3.000000000000000000, -0.5506254481202986772, -10.06269330410536078 ) ) ;
#825 = VECTOR ( 'NONE', #521, 1000.000000000000000 ) ;
#826 = ORIENTED_EDGE ( 'NONE', *, *, #4170, .F. ) ;
#827 = VECTOR ( 'NONE', #1459, 1000.000000000000000 ) ;
#828 = FILL_AREA_STYLE ('',( #4100 ) ) ;
#829 = ORIENTED_EDGE ( 'NONE', *, *, #3923, .T. ) ;
#830 = PRESENTATION_LAYER_ASSIGNMENT (  '', '', ( #2133 ) ) ;
#831 =( LENGTH_UNIT ( ) NAMED_UNIT ( * ) SI_UNIT ( .MILLI., .METRE. ) );
#832 = CIRCLE ( 'NONE', #3557, 2.550625448120298344 ) ;
#833 = PRESENTATION_LAYER_ASSIGNMENT (  '', '', ( #695 ) ) ;
#834 =( LENGTH_UNIT ( ) NAMED_UNIT ( * ) SI_UNIT ( .MILLI., .METRE. ) );
#835 = CARTESIAN_POINT ( 'NONE',  ( 7.000000000000000000, -2.630250393329138792, -6.487320914739863831 ) ) ;
#836 = FACE_OUTER_BOUND ( 'NONE', #447, .T. ) ;
#837 = ADVANCED_FACE ( 'NONE', ( #3044 ), #3027, .F. ) ;
#838 = ORIENTED_EDGE ( 'NONE', *, *, #448, .F. ) ;
#839 = LINE ( 'NONE', #1501, #750 ) ;
#840 = CARTESIAN_POINT ( 'NONE',  ( 6.800000000000000711, 0.5506254481202986772, -6.487320914739863831 ) ) ;
#841 = FACE_OUTER_BOUND ( 'NONE', #627, .T. ) ;
#842 = CARTESIAN_POINT ( 'NONE',  ( -5.000000000000000888, 0.000000000000000000, -6.500000000000000000 ) ) ;
#843 = ADVANCED_FACE ( 'NONE', ( #413 ), #1372, .F. ) ;
#844 = PRESENTATION_STYLE_ASSIGNMENT (( #1212 ) ) ;
#845 = SURFACE_STYLE_USAGE ( .BOTH. , #2989 ) ;
#846 = VERTEX_POINT ( 'NONE', #105 ) ;
#847 = EDGE_CURVE ( 'NONE', #3850, #285, #386, .T. ) ;
#848 = EDGE_LOOP ( 'NONE', ( #1247, #3510, #2273, #138 ) ) ;
#849 = DIRECTION ( 'NONE',  ( -0.000000000000000000, 1.000000000000000000, -0.000000000000000000 ) ) ;
#850 = LINE ( 'NONE', #2461, #2894 ) ;
#851 = DIRECTION ( 'NONE',  ( -1.334402673828313093E-16, -0.000000000000000000, -1.000000000000000000 ) ) ;
#852 = PLANE ( 'NONE',  #3992 ) ;
#853 = DIRECTION ( 'NONE',  ( 0.000000000000000000, -1.141265444721583757E-16, 1.000000000000000000 ) ) ;
#854 = EDGE_CURVE ( 'NONE', #2259, #350, #3628, .T. ) ;
#855 = ORIENTED_EDGE ( 'NONE', *, *, #3125, .T. ) ;
#856 = CARTESIAN_POINT ( 'NONE',  ( -2.154999999999999805, -2.915884028769855951E-16, 8.881000000000014438 ) ) ;
#857 = CARTESIAN_POINT ( 'NONE',  ( 1.645000000000000018, -3.700000000000000622, 16.00000000000000000 ) ) ;
#858 =( LENGTH_UNIT ( ) NAMED_UNIT ( * ) SI_UNIT ( .MILLI., .METRE. ) );
#859 = CYLINDRICAL_SURFACE ( 'NONE', #469, 2.449374551879701656 ) ;
#860 = EDGE_CURVE ( 'NONE', #285, #34, #3018, .T. ) ;
#861 = CYLINDRICAL_SURFACE ( 'NONE', #596, 0.4999999999999995559 ) ;
#862 = FILL_AREA_STYLE ('',( #2191 ) ) ;
#863 = ORIENTED_EDGE ( 'NONE', *, *, #2190, .F. ) ;
#864 = ORIENTED_EDGE ( 'NONE', *, *, #4184, .F. ) ;
#865 = VECTOR ( 'NONE', #1271, 1000.000000000000114 ) ;
#866 = CARTESIAN_POINT ( 'NONE',  ( 7.000000000000000000, 0.5506254481202986772, -7.899228495914965009 ) ) ;
#867 = DIRECTION ( 'NONE',  ( 1.000000000000000000, 0.000000000000000000, 0.000000000000000000 ) ) ;
#868 = AXIS2_PLACEMENT_3D ( 'NONE', #3675, #1727, #793 ) ;
#869 = FACE_OUTER_BOUND ( 'NONE', #2891, .T. ) ;
#870 = FILL_AREA_STYLE_COLOUR ( '', #150 ) ;
#871 = DIRECTION ( 'NONE',  ( 0.000000000000000000, 0.000000000000000000, -1.000000000000000000 ) ) ;
#872 = MECHANICAL_DESIGN_GEOMETRIC_PRESENTATION_REPRESENTATION (  '', ( #1974 ), #2390 ) ;
#873 = UNCERTAINTY_MEASURE_WITH_UNIT (LENGTH_MEASURE( 1.000000000000000082E-05 ), #3847, 'distance_accuracy_value', 'NONE');
#874 = ORIENTED_EDGE ( 'NONE', *, *, #3368, .F. ) ;
#875 = VECTOR ( 'NONE', #635, 1000.000000000000000 ) ;
#876 = FILL_AREA_STYLE ('',( #3101 ) ) ;
#877 = LINE ( 'NONE', #1545, #1355 ) ;
#878 = DIRECTION ( 'NONE',  ( -0.000000000000000000, 0.000000000000000000, 1.000000000000000000 ) ) ;
#879 = STYLED_ITEM ( 'NONE', ( #2665 ), #1777 ) ;
#880 = PLANE ( 'NONE',  #1705 ) ;
#881 = SURFACE_STYLE_FILL_AREA ( #862 ) ;
#882 = SURFACE_STYLE_FILL_AREA ( #4038 ) ;
#883 = VECTOR ( 'NONE', #2247, 1000.000000000000114 ) ;
#884 = ORIENTED_EDGE ( 'NONE', *, *, #2489, .T. ) ;
#885 = VECTOR ( 'NONE', #3717, 1000.000000000000000 ) ;
#886 = ADVANCED_FACE ( 'NONE', ( #2378 ), #372, .T. ) ;
#887 =( GEOMETRIC_REPRESENTATION_CONTEXT ( 3 ) GLOBAL_UNCERTAINTY_ASSIGNED_CONTEXT ( ( #2994 ) ) GLOBAL_UNIT_ASSIGNED_CONTEXT ( ( #343, #2964, #688 ) ) REPRESENTATION_CONTEXT ( 'NONE', 'WORKASPACE' ) );
#888 = DIRECTION ( 'NONE',  ( 0.000000000000000000, 0.000000000000000000, -1.000000000000000000 ) ) ;
#889 = EDGE_LOOP ( 'NONE', ( #3963, #708, #1322, #4039 ) ) ;
#890 = CARTESIAN_POINT ( 'NONE',  ( -3.000626588136170891, 2.990000000000000213, 5.090417679675883988 ) ) ;
#891 = VECTOR ( 'NONE', #553, 1000.000000000000000 ) ;
#892 =( GEOMETRIC_REPRESENTATION_CONTEXT ( 3 ) GLOBAL_UNCERTAINTY_ASSIGNED_CONTEXT ( ( #3663 ) ) GLOBAL_UNIT_ASSIGNED_CONTEXT ( ( #3452, #1554, #4104 ) ) REPRESENTATION_CONTEXT ( 'NONE', 'WORKASPACE' ) );
#893 = DIRECTION ( 'NONE',  ( 0.000000000000000000, -0.9961946980917455452, 0.08715574274765836016 ) ) ;
#894 = SURFACE_SIDE_STYLE ('',( #1115 ) ) ;
#895 = AXIS2_PLACEMENT_3D ( 'NONE', #1013, #3317, #2324 ) ;
#896 = LINE ( 'NONE', #2895, #865 ) ;
#897 = PRESENTATION_STYLE_ASSIGNMENT (( #479 ) ) ;
#898 = PRESENTATION_STYLE_ASSIGNMENT (( #1880 ) ) ;
#899 =( GEOMETRIC_REPRESENTATION_CONTEXT ( 3 ) GLOBAL_UNCERTAINTY_ASSIGNED_CONTEXT ( ( #1712 ) ) GLOBAL_UNIT_ASSIGNED_CONTEXT ( ( #1276, #229, #2582 ) ) REPRESENTATION_CONTEXT ( 'NONE', 'WORKASPACE' ) );
#900 = VECTOR ( 'NONE', #3493, 1000.000000000000000 ) ;
#901 = EDGE_LOOP ( 'NONE', ( #2743, #3711, #2291, #1395 ) ) ;
#902 = FACE_OUTER_BOUND ( 'NONE', #901, .T. ) ;
#903 = SURFACE_SIDE_STYLE ('',( #2534 ) ) ;
#904 = COLOUR_RGB ( '',0.6666666666666666297, 0.6980392156862744724, 0.7686274509803920907 ) ;
#905 = CARTESIAN_POINT ( 'NONE',  ( -3.000000000000000000, -2.749374551879700590, -14.85470053837925342 ) ) ;
#906 = FILL_AREA_STYLE_COLOUR ( '', #1450 ) ;
#907 = EDGE_CURVE ( 'NONE', #20, #1049, #3905, .T. ) ;
#908 =( NAMED_UNIT ( * ) PLANE_ANGLE_UNIT ( ) SI_UNIT ( $, .RADIAN. ) );
#909 = PRESENTATION_STYLE_ASSIGNMENT (( #3485 ) ) ;
#910 = DIRECTION ( 'NONE',  ( 0.08715574274765836016, 0.9961946980917455452, 0.000000000000000000 ) ) ;
#911 = LINE ( 'NONE', #3825, #1034 ) ;
#912 = ORIENTED_EDGE ( 'NONE', *, *, #2221, .F. ) ;
#913 = EDGE_CURVE ( 'NONE', #2139, #586, #1940, .T. ) ;
#914 = UNCERTAINTY_MEASURE_WITH_UNIT (LENGTH_MEASURE( 1.000000000000000082E-05 ), #170, 'distance_accuracy_value', 'NONE');
#915 = DIRECTION ( 'NONE',  ( 0.000000000000000000, -1.141265444721583757E-16, 1.000000000000000000 ) ) ;
#916 = ORIENTED_EDGE ( 'NONE', *, *, #1399, .F. ) ;
#917 = PLANE ( 'NONE',  #1857 ) ;
#918 = EDGE_CURVE ( 'NONE', #529, #20, #3315, .T. ) ;
#919 =( LENGTH_UNIT ( ) NAMED_UNIT ( * ) SI_UNIT ( .MILLI., .METRE. ) );
#920 = CARTESIAN_POINT ( 'NONE',  ( 0.000000000000000000, -2.990000000000000213, -1.500000000000000222 ) ) ;
#921 = LINE ( 'NONE', #606, #4197 ) ;
#922 = SURFACE_SIDE_STYLE ('',( #633 ) ) ;
#923 = CARTESIAN_POINT ( 'NONE',  ( 7.000000000000000888, 0.5506254481202986772, 0.1786197388437707478 ) ) ;
#924 = ORIENTED_EDGE ( 'NONE', *, *, #198, .F. ) ;
#925 = SURFACE_SIDE_STYLE ('',( #4157 ) ) ;
#926 = UNCERTAINTY_MEASURE_WITH_UNIT (LENGTH_MEASURE( 1.000000000000000082E-05 ), #3344, 'distance_accuracy_value', 'NONE');
#927 =( LENGTH_UNIT ( ) NAMED_UNIT ( * ) SI_UNIT ( .MILLI., .METRE. ) );
#928 = DIRECTION ( 'NONE',  ( -1.000000000000000000, 0.000000000000000000, 0.000000000000000000 ) ) ;
#929 = SURFACE_STYLE_USAGE ( .BOTH. , #2212 ) ;
#930 = DIRECTION ( 'NONE',  ( 0.000000000000000000, -1.224646799147350249E-16, 1.000000000000000000 ) ) ;
#931 = ORIENTED_EDGE ( 'NONE', *, *, #2387, .T. ) ;
#932 = CARTESIAN_POINT ( 'NONE',  ( 4.693789677659265358, -3.500000000000000000, -6.500000000000000000 ) ) ;
#933 = ORIENTED_EDGE ( 'NONE', *, *, #2043, .T. ) ;
#934 = SURFACE_STYLE_FILL_AREA ( #2216 ) ;
#935 = CARTESIAN_POINT ( 'NONE',  ( 1.836970198721030181E-16, -3.500000000000000000, 1.500000000000000222 ) ) ;
#936 = AXIS2_PLACEMENT_3D ( 'NONE', #3303, #86, #1400 ) ;
#937 = DIRECTION ( 'NONE',  ( -1.000000000000000000, 0.000000000000000000, 0.000000000000000000 ) ) ;
#938 = CARTESIAN_POINT ( 'NONE',  ( -0.2550000000000000044, -3.700000000000000178, 12.04218463273585016 ) ) ;
#939 = EDGE_CURVE ( 'NONE', #2124, #3581, #1043, .T. ) ;
#940 = VECTOR ( 'NONE', #45, 1000.000000000000000 ) ;
#941 = ORIENTED_EDGE ( 'NONE', *, *, #1601, .F. ) ;
#942 = CARTESIAN_POINT ( 'NONE',  ( 2.154999999999999805, -3.319000000000000394, 12.20000000000000107 ) ) ;
#943 =( NAMED_UNIT ( * ) SI_UNIT ( $, .STERADIAN. ) SOLID_ANGLE_UNIT ( ) );
#944 = LINE ( 'NONE', #2251, #3883 ) ;
#945 = PRESENTATION_LAYER_ASSIGNMENT (  '', '', ( #3998 ) ) ;
#946 = FILL_AREA_STYLE_COLOUR ( '', #2476 ) ;
#947 =( NAMED_UNIT ( * ) SI_UNIT ( $, .STERADIAN. ) SOLID_ANGLE_UNIT ( ) );
#948 = STYLED_ITEM ( 'NONE', ( #1949 ), #1485 ) ;
#949 = CARTESIAN_POINT ( 'NONE',  ( 0.2550000000000000044, -3.700000000000000622, 16.00000000000000000 ) ) ;
#950 = CARTESIAN_POINT ( 'NONE',  ( -7.000000000000000000, 0.5506254481202986772, -6.487320914739863831 ) ) ;
#951 = ORIENTED_EDGE ( 'NONE', *, *, #1943, .F. ) ;
#952 = AXIS2_PLACEMENT_3D ( 'NONE', #2693, #3359, #3970 ) ;
#953 = DIRECTION ( 'NONE',  ( 0.000000000000000000, -0.4999999999999976685, 0.8660254037844399289 ) ) ;
#954 = EDGE_LOOP ( 'NONE', ( #3215, #2483, #2012, #2662 ) ) ;
#955 = CARTESIAN_POINT ( 'NONE',  ( 2.154999999999999805, -3.319000000000000838, 16.00000000000000000 ) ) ;
#956 = STYLED_ITEM ( 'NONE', ( #3025 ), #2107 ) ;
#957 = AXIS2_PLACEMENT_3D ( 'NONE', #3193, #1961, #3843 ) ;
#958 =( NAMED_UNIT ( * ) SI_UNIT ( $, .STERADIAN. ) SOLID_ANGLE_UNIT ( ) );
#959 =( NAMED_UNIT ( * ) SI_UNIT ( $, .STERADIAN. ) SOLID_ANGLE_UNIT ( ) );
#960 = CARTESIAN_POINT ( 'NONE',  ( -7.000000000000000000, -3.850625448120297722, -14.85470053837925342 ) ) ;
#961 = DIRECTION ( 'NONE',  ( -0.000000000000000000, 1.000000000000000000, 1.224646799147350249E-16 ) ) ;
#962 = VECTOR ( 'NONE', #2136, 1000.000000000000000 ) ;
#963 = PRESENTATION_LAYER_ASSIGNMENT (  '', '', ( #537 ) ) ;
#964 = PRESENTATION_LAYER_ASSIGNMENT (  '', '', ( #1042 ) ) ;
#965 = ORIENTED_EDGE ( 'NONE', *, *, #217, .T. ) ;
#966 = DIRECTION ( 'NONE',  ( 0.000000000000000000, -1.224646799147350249E-16, 1.000000000000000000 ) ) ;
#967 = VECTOR ( 'NONE', #415, 1000.000000000000000 ) ;
#968 = EDGE_CURVE ( 'NONE', #147, #2407, #1613, .T. ) ;
#969 = VERTEX_POINT ( 'NONE', #625 ) ;
#970 = VECTOR ( 'NONE', #3155, 1000.000000000000114 ) ;
#971 = LINE ( 'NONE', #2255, #389 ) ;
#972 = LINE ( 'NONE', #2564, #2320 ) ;
#973 = EDGE_CURVE ( 'NONE', #690, #535, #342, .T. ) ;
#974 = DIRECTION ( 'NONE',  ( -0.000000000000000000, -1.000000000000000000, -0.000000000000000000 ) ) ;
#975 = VERTEX_POINT ( 'NONE', #711 ) ;
#976 = CARTESIAN_POINT ( 'NONE',  ( 3.000000000000000000, -1.224687275939857267, -13.13762514150104899 ) ) ;
#977 = VERTEX_POINT ( 'NONE', #3950 ) ;
#978 = CARTESIAN_POINT ( 'NONE',  ( -6.204300430580679482, 0.5506254481202986772, 2.100000000000000089 ) ) ;
#979 = FILL_AREA_STYLE ('',( #997 ) ) ;
#980 = CARTESIAN_POINT ( 'NONE',  ( -7.000000000000000000, -2.749374551879701478, -16.10000000000000142 ) ) ;
#981 = ORIENTED_EDGE ( 'NONE', *, *, #4054, .T. ) ;
#982 = DIRECTION ( 'NONE',  ( 0.000000000000000000, 0.4999999999999996669, -0.8660254037844388186 ) ) ;
#983 = EDGE_LOOP ( 'NONE', ( #3150, #2710, #3914, #1207 ) ) ;
#984 = CARTESIAN_POINT ( 'NONE',  ( -3.000000000000000000, -3.000000000000000000, -10.06269330410536078 ) ) ;
#985 =( NAMED_UNIT ( * ) SI_UNIT ( $, .STERADIAN. ) SOLID_ANGLE_UNIT ( ) );
#986 = EDGE_CURVE ( 'NONE', #3127, #4183, #3922, .T. ) ;
#987 = ORIENTED_EDGE ( 'NONE', *, *, #860, .F. ) ;
#988 = CARTESIAN_POINT ( 'NONE',  ( -3.000000000000000000, -3.850625448120298611, -14.85470053837925342 ) ) ;
#989 = CARTESIAN_POINT ( 'NONE',  ( 0.000000000000000000, -3.500000000000000000, -1.500000000000000222 ) ) ;
#990 = FACE_OUTER_BOUND ( 'NONE', #2296, .T. ) ;
#991 = ORIENTED_EDGE ( 'NONE', *, *, #1471, .T. ) ;
#992 = EDGE_CURVE ( 'NONE', #4183, #3850, #1011, .T. ) ;
#993 = SURFACE_SIDE_STYLE ('',( #425 ) ) ;
#994 = VERTEX_POINT ( 'NONE', #3971 ) ;
#995 = CARTESIAN_POINT ( 'NONE',  ( -7.000000000000000000, 0.5506254481202986772, 2.100000000000000089 ) ) ;
#996 = EDGE_CURVE ( 'NONE', #2484, #4132, #1339, .T. ) ;
#997 = FILL_AREA_STYLE_COLOUR ( '', #1114 ) ;
#998 = SURFACE_SIDE_STYLE ('',( #2971 ) ) ;
#999 = DIRECTION ( 'NONE',  ( -0.000000000000000000, 0.000000000000000000, 1.000000000000000000 ) ) ;
#1000 = PLANE ( 'NONE',  #2115 ) ;
#1001 = EDGE_LOOP ( 'NONE', ( #142, #3273, #3715, #1269, #1492 ) ) ;
#1002 = FILL_AREA_STYLE ('',( #2292 ) ) ;
#1003 = VERTEX_POINT ( 'NONE', #989 ) ;
#1004 = FILL_AREA_STYLE_COLOUR ( '', #3138 ) ;
#1005 = FILL_AREA_STYLE_COLOUR ( '', #1429 ) ;
#1006 = CYLINDRICAL_SURFACE ( 'NONE', #762, 1.449374551879701434 ) ;
#1007 = STYLED_ITEM ( 'NONE', ( #1622 ), #2375 ) ;
#1008 = ORIENTED_EDGE ( 'NONE', *, *, #3384, .F. ) ;
#1009 = STYLED_ITEM ( 'NONE', ( #1062 ), #1030 ) ;
#1010 =( NAMED_UNIT ( * ) PLANE_ANGLE_UNIT ( ) SI_UNIT ( $, .RADIAN. ) );
#1011 = LINE ( 'NONE', #1295, #3731 ) ;
#1012 =( NAMED_UNIT ( * ) PLANE_ANGLE_UNIT ( ) SI_UNIT ( $, .RADIAN. ) );
#1013 = CARTESIAN_POINT ( 'NONE',  ( 3.000000000000000444, -1.775312724060154945, -12.18391388941630993 ) ) ;
#1014 = VERTEX_POINT ( 'NONE', #2256 ) ;
#1015 = DIRECTION ( 'NONE',  ( 0.000000000000000000, 0.000000000000000000, -1.000000000000000000 ) ) ;
#1016 = UNCERTAINTY_MEASURE_WITH_UNIT (LENGTH_MEASURE( 1.000000000000000082E-05 ), #356, 'distance_accuracy_value', 'NONE');
#1017 = STYLED_ITEM ( 'NONE', ( #2422 ), #1565 ) ;
#1018 = ADVANCED_FACE ( 'NONE', ( #3639 ), #3231, .F. ) ;
#1019 = FILL_AREA_STYLE ('',( #363 ) ) ;
#1020 = ORIENTED_EDGE ( 'NONE', *, *, #1541, .F. ) ;
#1021 =( GEOMETRIC_REPRESENTATION_CONTEXT ( 3 ) GLOBAL_UNCERTAINTY_ASSIGNED_CONTEXT ( ( #2850 ) ) GLOBAL_UNIT_ASSIGNED_CONTEXT ( ( #2480, #2147, #2165 ) ) REPRESENTATION_CONTEXT ( 'NONE', 'WORKASPACE' ) );
#1022 = ADVANCED_FACE ( 'NONE', ( #1637 ), #2630, .T. ) ;
#1023 = VECTOR ( 'NONE', #1177, 1000.000000000000114 ) ;
#1024 = VECTOR ( 'NONE', #3497, 1000.000000000000000 ) ;
#1025 = FILL_AREA_STYLE_COLOUR ( '', #374 ) ;
#1026 = SURFACE_STYLE_USAGE ( .BOTH. , #2032 ) ;
#1027 = ORIENTED_EDGE ( 'NONE', *, *, #2076, .F. ) ;
#1028 = CARTESIAN_POINT ( 'NONE',  ( -6.800000000000000711, 0.5506254481202986772, -6.487320914739863831 ) ) ;
#1029 = COLOUR_RGB ( '',0.6666666666666666297, 0.6980392156862744724, 0.7686274509803920907 ) ;
#1030 = ADVANCED_FACE ( 'NONE', ( #3654 ), #1141, .F. ) ;
#1031 = PRESENTATION_LAYER_ASSIGNMENT (  '', '', ( #2196 ) ) ;
#1032 = UNCERTAINTY_MEASURE_WITH_UNIT (LENGTH_MEASURE( 1.000000000000000082E-05 ), #1113, 'distance_accuracy_value', 'NONE');
#1033 = ORIENTED_EDGE ( 'NONE', *, *, #1795, .T. ) ;
#1034 = VECTOR ( 'NONE', #3840, 1000.000000000000000 ) ;
#1035 = CARTESIAN_POINT ( 'NONE',  ( 1.836970198721030181E-16, 3.500000000000000000, -1.500000000000000222 ) ) ;
#1036 = VECTOR ( 'NONE', #131, 1000.000000000000000 ) ;
#1037 = CARTESIAN_POINT ( 'NONE',  ( 2.155000000000000249, -0.3810000000000002829, 8.723184632735863531 ) ) ;
#1038 = SURFACE_STYLE_USAGE ( .BOTH. , #3082 ) ;
#1039 = CIRCLE ( 'NONE', #3078, 2.449374551879701656 ) ;
#1040 = COLOUR_RGB ( '',0.6666666666666666297, 0.6980392156862744724, 0.7686274509803920907 ) ;
#1041 = ORIENTED_EDGE ( 'NONE', *, *, #2852, .F. ) ;
#1042 = STYLED_ITEM ( 'NONE', ( #375 ), #3494 ) ;
#1043 = LINE ( 'NONE', #3275, #247 ) ;
#1044 = DIRECTION ( 'NONE',  ( -1.000000000000000000, 0.000000000000000000, 0.000000000000000000 ) ) ;
#1045 = EDGE_LOOP ( 'NONE', ( #2974, #2691, #2543, #3160 ) ) ;
#1046 = AXIS2_PLACEMENT_3D ( 'NONE', #569, #1887, #3185 ) ;
#1047 =( NAMED_UNIT ( * ) PLANE_ANGLE_UNIT ( ) SI_UNIT ( $, .RADIAN. ) );
#1048 = CARTESIAN_POINT ( 'NONE',  ( 7.000000000000000000, -0.5506254481202985662, -6.487320914739863831 ) ) ;
#1049 = VERTEX_POINT ( 'NONE', #2728 ) ;
#1050 = EDGE_CURVE ( 'NONE', #3219, #4016, #2089, .T. ) ;
#1051 = EDGE_CURVE ( 'NONE', #1153, #554, #734, .T. ) ;
#1052 = SURFACE_STYLE_USAGE ( .BOTH. , #3689 ) ;
#1053 = DIRECTION ( 'NONE',  ( -0.000000000000000000, -0.9961946980917455452, -0.08715574274765836016 ) ) ;
#1054 = EDGE_CURVE ( 'NONE', #1073, #367, #4029, .T. ) ;
#1055 = VERTEX_POINT ( 'NONE', #2417 ) ;
#1056 = DIRECTION ( 'NONE',  ( 0.000000000000000000, 0.000000000000000000, -1.000000000000000000 ) ) ;
#1057 = VERTEX_POINT ( 'NONE', #2435 ) ;
#1058 = CARTESIAN_POINT ( 'NONE',  ( 7.000000000000000888, -2.575312724060145886, -12.64579410476800270 ) ) ;
#1059 = FILL_AREA_STYLE ('',( #3060 ) ) ;
#1060 = ORIENTED_EDGE ( 'NONE', *, *, #3058, .T. ) ;
#1061 = PRESENTATION_STYLE_ASSIGNMENT (( #339 ) ) ;
#1062 = PRESENTATION_STYLE_ASSIGNMENT (( #3396 ) ) ;
#1063 = DIRECTION ( 'NONE',  ( 1.000000000000000000, 0.000000000000000000, 0.000000000000000000 ) ) ;
#1064 = SURFACE_STYLE_USAGE ( .BOTH. , #1083 ) ;
#1065 = CARTESIAN_POINT ( 'NONE',  ( 1.645000000000000018, 0.000000000000000000, 6.500000000000001776 ) ) ;
#1066 = ORIENTED_EDGE ( 'NONE', *, *, #504, .F. ) ;
#1067 = DIRECTION ( 'NONE',  ( 1.000000000000000000, 0.000000000000000000, 0.000000000000000000 ) ) ;
#1068 =( NAMED_UNIT ( * ) PLANE_ANGLE_UNIT ( ) SI_UNIT ( $, .RADIAN. ) );
#1069 = UNCERTAINTY_MEASURE_WITH_UNIT (LENGTH_MEASURE( 1.000000000000000082E-05 ), #834, 'distance_accuracy_value', 'NONE');
#1070 = LINE ( 'NONE', #3664, #2610 ) ;
#1071 = ORIENTED_EDGE ( 'NONE', *, *, #2093, .T. ) ;
#1072 =( NAMED_UNIT ( * ) SI_UNIT ( $, .STERADIAN. ) SOLID_ANGLE_UNIT ( ) );
#1073 = VERTEX_POINT ( 'NONE', #460 ) ;
#1074 = DIRECTION ( 'NONE',  ( -1.000000000000000000, -0.000000000000000000, -0.000000000000000000 ) ) ;
#1075 = PLANE ( 'NONE',  #3739 ) ;
#1076 =( LENGTH_UNIT ( ) NAMED_UNIT ( * ) SI_UNIT ( .MILLI., .METRE. ) );
#1077 = EDGE_CURVE ( 'NONE', #1148, #22, #155, .T. ) ;
#1078 = EDGE_LOOP ( 'NONE', ( #177, #3099, #2083, #11 ) ) ;
#1079 = CARTESIAN_POINT ( 'NONE',  ( 7.000000000000000888, -1.775312724060153169, -12.18391388941630993 ) ) ;
#1080 = SURFACE_SIDE_STYLE ('',( #1799 ) ) ;
#1081 = FILL_AREA_STYLE ('',( #461 ) ) ;
#1082 = MECHANICAL_DESIGN_GEOMETRIC_PRESENTATION_REPRESENTATION (  '', ( #1351 ), #240 ) ;
#1083 = SURFACE_SIDE_STYLE ('',( #3337 ) ) ;
#1084 = PRESENTATION_STYLE_ASSIGNMENT (( #3321 ) ) ;
#1085 = ORIENTED_EDGE ( 'NONE', *, *, #1738, .F. ) ;
#1086 = DIRECTION ( 'NONE',  ( 1.000000000000000000, 0.000000000000000000, 0.000000000000000000 ) ) ;
#1087 = CARTESIAN_POINT ( 'NONE',  ( -7.000000000000000000, 0.5506254481202986772, 2.100000000000000089 ) ) ;
#1088 = EDGE_LOOP ( 'NONE', ( #2469, #2033, #338, #3190 ) ) ;
#1089 = AXIS2_PLACEMENT_3D ( 'NONE', #2329, #3780, #3800 ) ;
#1090 = STYLED_ITEM ( 'NONE', ( #1612 ), #2494 ) ;
#1091 = FILL_AREA_STYLE_COLOUR ( '', #3022 ) ;
#1092 = CARTESIAN_POINT ( 'NONE',  ( 3.000000000000000000, 0.5506254481202986772, -10.06269330410536078 ) ) ;
#1093 = PRESENTATION_LAYER_ASSIGNMENT (  '', '', ( #1983 ) ) ;
#1094 = CARTESIAN_POINT ( 'NONE',  ( -4.693789677659266246, -3.500000000000000000, -6.193789677659265358 ) ) ;
#1095 = COLOUR_RGB ( '',0.6666666666666666297, 0.6980392156862744724, 0.7686274509803920907 ) ;
#1096 = ADVANCED_FACE ( 'NONE', ( #2128 ), #485, .T. ) ;
#1097 = MECHANICAL_DESIGN_GEOMETRIC_PRESENTATION_REPRESENTATION (  '', ( #3204 ), #2336 ) ;
#1098 = ORIENTED_EDGE ( 'NONE', *, *, #82, .F. ) ;
#1099 = DIRECTION ( 'NONE',  ( 1.000000000000000000, 0.000000000000000000, 0.000000000000000000 ) ) ;
#1100 = LINE ( 'NONE', #3314, #60 ) ;
#1101 = LINE ( 'NONE', #2392, #3280 ) ;
#1102 = CARTESIAN_POINT ( 'NONE',  ( -2.154999999999999805, -3.700000000000000178, 12.20000000000000107 ) ) ;
#1103 = EDGE_CURVE ( 'NONE', #2340, #2796, #877, .T. ) ;
#1104 =( GEOMETRIC_REPRESENTATION_CONTEXT ( 3 ) GLOBAL_UNCERTAINTY_ASSIGNED_CONTEXT ( ( #3519 ) ) GLOBAL_UNIT_ASSIGNED_CONTEXT ( ( #3051, #2496, #1179 ) ) REPRESENTATION_CONTEXT ( 'NONE', 'WORKASPACE' ) );
#1105 = AXIS2_PLACEMENT_3D ( 'NONE', #265, #560, #495 ) ;
#1106 = VECTOR ( 'NONE', #3033, 1000.000000000000000 ) ;
#1107 = SURFACE_STYLE_USAGE ( .BOTH. , #2029 ) ;
#1108 = FILL_AREA_STYLE_COLOUR ( '', #3687 ) ;
#1109 = ORIENTED_EDGE ( 'NONE', *, *, #3307, .T. ) ;
#1110 = MECHANICAL_DESIGN_GEOMETRIC_PRESENTATION_REPRESENTATION (  '', ( #1587 ), #85 ) ;
#1111 = CARTESIAN_POINT ( 'NONE',  ( 1.645000000000000018, -0.3810000000000000053, 6.500000000000001776 ) ) ;
#1112 = ORIENTED_EDGE ( 'NONE', *, *, #202, .F. ) ;
#1113 =( LENGTH_UNIT ( ) NAMED_UNIT ( * ) SI_UNIT ( .MILLI., .METRE. ) );
#1114 = COLOUR_RGB ( '',0.2980392156862745057, 0.2980392156862745057, 0.2980392156862745057 ) ;
#1115 = SURFACE_STYLE_FILL_AREA ( #432 ) ;
#1116 = DIRECTION ( 'NONE',  ( -0.000000000000000000, 1.000000000000000000, 1.224646799147350249E-16 ) ) ;
#1117 =( NAMED_UNIT ( * ) PLANE_ANGLE_UNIT ( ) SI_UNIT ( $, .RADIAN. ) );
#1118 = ORIENTED_EDGE ( 'NONE', *, *, #2684, .T. ) ;
#1119 = PRESENTATION_STYLE_ASSIGNMENT (( #2101 ) ) ;
#1120 =( NAMED_UNIT ( * ) SI_UNIT ( $, .STERADIAN. ) SOLID_ANGLE_UNIT ( ) );
#1121 = DIRECTION ( 'NONE',  ( 1.000000000000000000, 0.000000000000000000, 0.000000000000000000 ) ) ;
#1122 = EDGE_CURVE ( 'NONE', #2548, #3020, #1258, .T. ) ;
#1123 = DIRECTION ( 'NONE',  ( 0.000000000000000000, 0.000000000000000000, -1.000000000000000000 ) ) ;
#1124 = EDGE_CURVE ( 'NONE', #1959, #1985, #2184, .T. ) ;
#1125 = MANIFOLD_SOLID_BREP ( 'Thicken1', #612 ) ;
#1126 = EDGE_CURVE ( 'NONE', #2586, #2484, #3120, .T. ) ;
#1127 = ORIENTED_EDGE ( 'NONE', *, *, #730, .T. ) ;
#1128 = PRESENTATION_STYLE_ASSIGNMENT (( #2761 ) ) ;
#1129 = ADVANCED_FACE ( 'NONE', ( #841 ), #2853, .T. ) ;
#1130 = CARTESIAN_POINT ( 'NONE',  ( 1.645000000000000018, -2.915884028769855951E-16, 8.881000000000014438 ) ) ;
#1131 = VERTEX_POINT ( 'NONE', #614 ) ;
#1132 = CARTESIAN_POINT ( 'NONE',  ( 2.154999999999999805, -3.700000000000000178, 12.20000000000000107 ) ) ;
#1133 = PLANE ( 'NONE',  #283 ) ;
#1134 = LINE ( 'NONE', #1791, #827 ) ;
#1135 = DIRECTION ( 'NONE',  ( 0.000000000000000000, 0.000000000000000000, 1.000000000000000000 ) ) ;
#1136 = LINE ( 'NONE', #3787, #2756 ) ;
#1137 = SURFACE_SIDE_STYLE ('',( #2366 ) ) ;
#1138 = SURFACE_STYLE_USAGE ( .BOTH. , #4045 ) ;
#1139 = EDGE_LOOP ( 'NONE', ( #3392, #981, #1595, #2456, #1975, #4214 ) ) ;
#1140 = FACE_OUTER_BOUND ( 'NONE', #269, .T. ) ;
#1141 = PLANE ( 'NONE',  #2168 ) ;
#1142 =( LENGTH_UNIT ( ) NAMED_UNIT ( * ) SI_UNIT ( .MILLI., .METRE. ) );
#1143 = DIRECTION ( 'NONE',  ( 0.000000000000000000, -0.000000000000000000, -1.000000000000000000 ) ) ;
#1144 = DIRECTION ( 'NONE',  ( 0.000000000000000000, 0.000000000000000000, -1.000000000000000000 ) ) ;
#1145 = MECHANICAL_DESIGN_GEOMETRIC_PRESENTATION_REPRESENTATION (  '', ( #1007 ), #2233 ) ;
#1146 = CARTESIAN_POINT ( 'NONE',  ( 3.000000000000000444, -3.850625448120298611, -16.10000000000000142 ) ) ;
#1147 = DIRECTION ( 'NONE',  ( 1.000000000000000000, 0.000000000000000000, 0.000000000000000000 ) ) ;
#1148 = VERTEX_POINT ( 'NONE', #3568 ) ;
#1149 = STYLED_ITEM ( 'NONE', ( #3183 ), #1096 ) ;
#1150 =( GEOMETRIC_REPRESENTATION_CONTEXT ( 3 ) GLOBAL_UNCERTAINTY_ASSIGNED_CONTEXT ( ( #2290 ) ) GLOBAL_UNIT_ASSIGNED_CONTEXT ( ( #2834, #2222, #183 ) ) REPRESENTATION_CONTEXT ( 'NONE', 'WORKASPACE' ) );
#1151 = FACE_OUTER_BOUND ( 'NONE', #96, .T. ) ;
#1152 = SURFACE_STYLE_FILL_AREA ( #141 ) ;
#1153 = VERTEX_POINT ( 'NONE', #1037 ) ;
#1154 = LINE ( 'NONE', #3771, #2685 ) ;
#1155 = MANIFOLD_SOLID_BREP ( 'LPattern3', #538 ) ;
#1156 = ADVANCED_FACE ( 'NONE', ( #2644 ), #1679, .T. ) ;
#1157 = VECTOR ( 'NONE', #608, 1000.000000000000000 ) ;
#1158 = MECHANICAL_DESIGN_GEOMETRIC_PRESENTATION_REPRESENTATION (  '', ( #1558 ), #79 ) ;
#1159 = FACE_OUTER_BOUND ( 'NONE', #1895, .T. ) ;
#1160 = CARTESIAN_POINT ( 'NONE',  ( -2.154999999999999805, -3.700000000000000178, 12.20000000000000107 ) ) ;
#1161 = CARTESIAN_POINT ( 'NONE',  ( -0.2550000000000000044, -3.319000000000000394, 12.20000000000000107 ) ) ;
#1162 = ADVANCED_FACE ( 'NONE', ( #3853 ), #2902, .T. ) ;
#1163 =( NAMED_UNIT ( * ) PLANE_ANGLE_UNIT ( ) SI_UNIT ( $, .RADIAN. ) );
#1164 = AXIS2_PLACEMENT_3D ( 'NONE', #2281, #2229, #3524 ) ;
#1165 = MECHANICAL_DESIGN_GEOMETRIC_PRESENTATION_REPRESENTATION (  '', ( #2937 ), #1021 ) ;
#1166 = VERTEX_POINT ( 'NONE', #1382 ) ;
#1167 = VECTOR ( 'NONE', #1193, 1000.000000000000000 ) ;
#1168 = VECTOR ( 'NONE', #459, 1000.000000000000000 ) ;
#1169 = CARTESIAN_POINT ( 'NONE',  ( 0.000000000000000000, 2.990000000000000213, 0.000000000000000000 ) ) ;
#1170 = LINE ( 'NONE', #857, #2051 ) ;
#1171 =( NAMED_UNIT ( * ) PLANE_ANGLE_UNIT ( ) SI_UNIT ( $, .RADIAN. ) );
#1172 = DIRECTION ( 'NONE',  ( 0.000000000000000000, 1.000000000000000000, 0.000000000000000000 ) ) ;
#1173 = LINE ( 'NONE', #818, #3622 ) ;
#1174 = MECHANICAL_DESIGN_GEOMETRIC_PRESENTATION_REPRESENTATION (  '', ( #1301 ), #67 ) ;
#1175 = AXIS2_PLACEMENT_3D ( 'NONE', #1673, #3039, #37 ) ;
#1176 = STYLED_ITEM ( 'NONE', ( #4049 ), #565 ) ;
#1177 = DIRECTION ( 'NONE',  ( 0.000000000000000000, -0.7071067811865489050, 0.7071067811865461294 ) ) ;
#1178 = PRESENTATION_LAYER_ASSIGNMENT (  '', '', ( #3617 ) ) ;
#1179 =( NAMED_UNIT ( * ) SI_UNIT ( $, .STERADIAN. ) SOLID_ANGLE_UNIT ( ) );
#1180 = AXIS2_PLACEMENT_3D ( 'NONE', #4002, #2999, #2023 ) ;
#1181 = ORIENTED_EDGE ( 'NONE', *, *, #3492, .T. ) ;
#1182 =( LENGTH_UNIT ( ) NAMED_UNIT ( * ) SI_UNIT ( .MILLI., .METRE. ) );
#1183 = VERTEX_POINT ( 'NONE', #1751 ) ;
#1184 = PRESENTATION_LAYER_ASSIGNMENT (  '', '', ( #3023 ) ) ;
#1185 = EDGE_CURVE ( 'NONE', #38, #969, #2745, .T. ) ;
#1186 = COLOUR_RGB ( '',0.6666666666666666297, 0.6980392156862744724, 0.7686274509803920907 ) ;
#1187 =( GEOMETRIC_REPRESENTATION_CONTEXT ( 3 ) GLOBAL_UNCERTAINTY_ASSIGNED_CONTEXT ( ( #3588 ) ) GLOBAL_UNIT_ASSIGNED_CONTEXT ( ( #2156, #1163, #2526 ) ) REPRESENTATION_CONTEXT ( 'NONE', 'WORKASPACE' ) );
#1188 = FILL_AREA_STYLE ('',( #2501 ) ) ;
#1189 = ADVANCED_FACE ( 'NONE', ( #2689 ), #1075, .F. ) ;
#1190 = FACE_OUTER_BOUND ( 'NONE', #305, .T. ) ;
#1191 = MANIFOLD_SOLID_BREP ( 'LPattern2', #2616 ) ;
#1192 = ORIENTED_EDGE ( 'NONE', *, *, #1849, .T. ) ;
#1193 = DIRECTION ( 'NONE',  ( 0.000000000000000000, -1.141265444721583757E-16, 1.000000000000000000 ) ) ;
#1194 =( NAMED_UNIT ( * ) SI_UNIT ( $, .STERADIAN. ) SOLID_ANGLE_UNIT ( ) );
#1195 = CARTESIAN_POINT ( 'NONE',  ( 1.645000000000000018, -3.319000000000000394, 12.20000000000000107 ) ) ;
#1196 = DIRECTION ( 'NONE',  ( 0.000000000000000000, -1.224646799147350249E-16, 1.000000000000000000 ) ) ;
#1197 = FILL_AREA_STYLE ('',( #3767 ) ) ;
#1198 = LINE ( 'NONE', #1146, #2398 ) ;
#1199 = CARTESIAN_POINT ( 'NONE',  ( -7.000000000000000000, -3.000000000000000000, -10.06269330410536078 ) ) ;
#1200 = ORIENTED_EDGE ( 'NONE', *, *, #2434, .F. ) ;
#1201 = VERTEX_POINT ( 'NONE', #3696 ) ;
#1202 = CARTESIAN_POINT ( 'NONE',  ( -7.000000000000000000, -1.224687275939856823, -13.13762514150104899 ) ) ;
#1203 = LINE ( 'NONE', #2174, #16 ) ;
#1204 = DIRECTION ( 'NONE',  ( 0.000000000000000000, -0.7071067811865489050, 0.7071067811865461294 ) ) ;
#1205 = DIRECTION ( 'NONE',  ( -1.000000000000000000, 0.000000000000000000, -0.000000000000000000 ) ) ;
#1206 = CARTESIAN_POINT ( 'NONE',  ( -3.000626588136170891, 2.990000000000000213, 4.590417679675883988 ) ) ;
#1207 = ORIENTED_EDGE ( 'NONE', *, *, #2245, .T. ) ;
#1208 = DIRECTION ( 'NONE',  ( 0.000000000000000000, 0.4999999999999980016, -0.8660254037844397068 ) ) ;
#1209 = ADVANCED_FACE ( 'NONE', ( #3735 ), #3375, .T. ) ;
#1210 =( NAMED_UNIT ( * ) PLANE_ANGLE_UNIT ( ) SI_UNIT ( $, .RADIAN. ) );
#1211 = SURFACE_STYLE_FILL_AREA ( #1236 ) ;
#1212 = SURFACE_STYLE_USAGE ( .BOTH. , #4119 ) ;
#1213 = CARTESIAN_POINT ( 'NONE',  ( 7.000000000000000888, 0.5506254481202986772, -10.06269330410536078 ) ) ;
#1214 = FILL_AREA_STYLE ('',( #572 ) ) ;
#1215 = ORIENTED_EDGE ( 'NONE', *, *, #82, .T. ) ;
#1216 = CARTESIAN_POINT ( 'NONE',  ( -7.000000000000000000, -2.749374551879700590, -14.85470053837925342 ) ) ;
#1217 = EDGE_LOOP ( 'NONE', ( #864, #1356, #1732, #3433 ) ) ;
#1218 = AXIS2_PLACEMENT_3D ( 'NONE', #542, #3241, #2176 ) ;
#1219 = PLANE ( 'NONE',  #691 ) ;
#1220 = LINE ( 'NONE', #866, #2692 ) ;
#1221 = FACE_OUTER_BOUND ( 'NONE', #162, .T. ) ;
#1222 = DIRECTION ( 'NONE',  ( 1.000000000000000000, 0.000000000000000000, 0.000000000000000000 ) ) ;
#1223 = PLANE ( 'NONE',  #187 ) ;
#1224 =( GEOMETRIC_REPRESENTATION_CONTEXT ( 3 ) GLOBAL_UNCERTAINTY_ASSIGNED_CONTEXT ( ( #3842 ) ) GLOBAL_UNIT_ASSIGNED_CONTEXT ( ( #858, #2816, #3604 ) ) REPRESENTATION_CONTEXT ( 'NONE', 'WORKASPACE' ) );
#1225 = ADVANCED_FACE ( 'NONE', ( #2849 ), #1223, .F. ) ;
#1226 = UNCERTAINTY_MEASURE_WITH_UNIT (LENGTH_MEASURE( 1.000000000000000082E-05 ), #3740, 'distance_accuracy_value', 'NONE');
#1227 = VERTEX_POINT ( 'NONE', #2527 ) ;
#1228 = CARTESIAN_POINT ( 'NONE',  ( 0.2550000000000000044, 0.000000000000000000, 6.500000000000001776 ) ) ;
#1229 = FILL_AREA_STYLE ('',( #3500 ) ) ;
#1230 = DIRECTION ( 'NONE',  ( -0.000000000000000000, 1.000000000000000000, 1.141265444721583757E-16 ) ) ;
#1231 = DIRECTION ( 'NONE',  ( 0.000000000000000000, 0.000000000000000000, 1.000000000000000000 ) ) ;
#1232 = FACE_OUTER_BOUND ( 'NONE', #2004, .T. ) ;
#1233 = EDGE_CURVE ( 'NONE', #3179, #1227, #2555, .T. ) ;
#1234 = AXIS2_PLACEMENT_3D ( 'NONE', #3503, #2856, #3211 ) ;
#1235 = COLOUR_RGB ( '',0.6666666666666666297, 0.6980392156862744724, 0.7686274509803920907 ) ;
#1236 = FILL_AREA_STYLE ('',( #3228 ) ) ;
#1237 = PLANE ( 'NONE',  #1164 ) ;
#1238 = UNCERTAINTY_MEASURE_WITH_UNIT (LENGTH_MEASURE( 1.000000000000000082E-05 ), #230, 'distance_accuracy_value', 'NONE');
#1239 = EDGE_CURVE ( 'NONE', #2198, #327, #3440, .T. ) ;
#1240 = DIRECTION ( 'NONE',  ( -0.000000000000000000, 0.000000000000000000, 1.000000000000000000 ) ) ;
#1241 = DIRECTION ( 'NONE',  ( 0.000000000000000000, -1.141265444721583757E-16, 1.000000000000000000 ) ) ;
#1242 = VECTOR ( 'NONE', #4112, 1000.000000000000114 ) ;
#1243 = EDGE_LOOP ( 'NONE', ( #1871, #346, #2439, #472 ) ) ;
#1244 = COLOUR_RGB ( '',0.6666666666666666297, 0.6980392156862744724, 0.7686274509803920907 ) ;
#1245 = AXIS2_PLACEMENT_3D ( 'NONE', #3719, #780, #2694 ) ;
#1246 = LINE ( 'NONE', #575, #264 ) ;
#1247 = ORIENTED_EDGE ( 'NONE', *, *, #3589, .T. ) ;
#1248 = SURFACE_STYLE_FILL_AREA ( #630 ) ;
#1249 = CLOSED_SHELL ( 'NONE', ( #2979, #1855, #3799, #3420, #2364, #4032, #1449, #763, #2907, #4131, #3114, #300, #376, #1620, #3623, #3925, #3446, #1022, #2827, #92, #349, #2831, #3441, #704, #3208, #1991, #4012, #3828, #2987, #3296, #243, #2626, #2494, #3648, #1225, #274, #3926, #3928, #1607, #3707, #785, #408, #2596, #3239, #1874, #1678, #843, #3494, #1753, #2505, #2328, #3517, #1565, #4144, #2382, #644, #2984, #649, #2107, #565, #2113, #1777, #2706, #2420, #3980, #3797, #837, #1606, #707, #2567, #3728, #3464, #3570 ) ) ;
#1250 =( GEOMETRIC_REPRESENTATION_CONTEXT ( 3 ) GLOBAL_UNCERTAINTY_ASSIGNED_CONTEXT ( ( #3319 ) ) GLOBAL_UNIT_ASSIGNED_CONTEXT ( ( #1686, #1729, #2965 ) ) REPRESENTATION_CONTEXT ( 'NONE', 'WORKASPACE' ) );
#1251 = SURFACE_STYLE_FILL_AREA ( #4150 ) ;
#1252 = EDGE_CURVE ( 'NONE', #1862, #1166, #1810, .T. ) ;
#1253 = FILL_AREA_STYLE_COLOUR ( '', #2738 ) ;
#1254 = MECHANICAL_DESIGN_GEOMETRIC_PRESENTATION_REPRESENTATION (  '', ( #2133 ), #476 ) ;
#1255 = EDGE_LOOP ( 'NONE', ( #1060, #3999, #3318, #307 ) ) ;
#1256 = FILL_AREA_STYLE_COLOUR ( '', #2330 ) ;
#1257 = COLOUR_RGB ( '',0.6666666666666666297, 0.6980392156862744724, 0.7686274509803920907 ) ;
#1258 = LINE ( 'NONE', #520, #1896 ) ;
#1259 = CARTESIAN_POINT ( 'NONE',  ( 7.000000000000000888, -2.749374551879700590, -14.85470053837925342 ) ) ;
#1260 = VECTOR ( 'NONE', #2638, 1000.000000000000000 ) ;
#1261 = LINE ( 'NONE', #3709, #2344 ) ;
#1262 = CARTESIAN_POINT ( 'NONE',  ( -7.000000000000000000, -2.575312724060145886, -12.64579410476800270 ) ) ;
#1263 = PRESENTATION_STYLE_ASSIGNMENT (( #2110 ) ) ;
#1264 =( LENGTH_UNIT ( ) NAMED_UNIT ( * ) SI_UNIT ( .MILLI., .METRE. ) );
#1265 = ORIENTED_EDGE ( 'NONE', *, *, #3307, .F. ) ;
#1266 = UNCERTAINTY_MEASURE_WITH_UNIT (LENGTH_MEASURE( 1.000000000000000082E-05 ), #1814, 'distance_accuracy_value', 'NONE');
#1267 = EDGE_CURVE ( 'NONE', #3591, #3790, #3116, .T. ) ;
#1268 = LINE ( 'NONE', #1894, #755 ) ;
#1269 = ORIENTED_EDGE ( 'NONE', *, *, #1103, .F. ) ;
#1270 = DIRECTION ( 'NONE',  ( -1.000000000000000000, -0.000000000000000000, -0.000000000000000000 ) ) ;
#1271 = DIRECTION ( 'NONE',  ( 0.08682659386424780579, -0.9924325091389669673, 0.08682659386424779191 ) ) ;
#1272 = FILL_AREA_STYLE ('',( #4172 ) ) ;
#1273 = DIRECTION ( 'NONE',  ( 0.000000000000000000, 1.000000000000000000, 0.000000000000000000 ) ) ;
#1274 = ORIENTED_EDGE ( 'NONE', *, *, #1252, .T. ) ;
#1275 = LINE ( 'NONE', #1863, #883 ) ;
#1276 =( LENGTH_UNIT ( ) NAMED_UNIT ( * ) SI_UNIT ( .MILLI., .METRE. ) );
#1277 = CARTESIAN_POINT ( 'NONE',  ( 5.000000000000000000, -1.300000000000000044, -14.85470053837925342 ) ) ;
#1278 = APPLICATION_CONTEXT ( 'automotive_design' ) ;
#1279 = CARTESIAN_POINT ( 'NONE',  ( -2.154999999999999805, -0.3810000000000000053, 6.500000000000001776 ) ) ;
#1280 = ORIENTED_EDGE ( 'NONE', *, *, #127, .F. ) ;
#1281 = DIRECTION ( 'NONE',  ( 0.000000000000000000, 0.000000000000000000, -1.000000000000000000 ) ) ;
#1282 = VERTEX_POINT ( 'NONE', #4089 ) ;
#1283 = CARTESIAN_POINT ( 'NONE',  ( -7.000000000000000000, -0.5506254481202985662, -6.487320914739863831 ) ) ;
#1284 = EDGE_CURVE ( 'NONE', #4132, #3901, #1562, .T. ) ;
#1285 = LINE ( 'NONE', #2271, #519 ) ;
#1286 = PRESENTATION_LAYER_ASSIGNMENT (  '', '', ( #1149 ) ) ;
#1287 = VERTEX_POINT ( 'NONE', #1206 ) ;
#1288 = EDGE_CURVE ( 'NONE', #975, #2303, #2457, .T. ) ;
#1289 = DIRECTION ( 'NONE',  ( 0.000000000000000000, 0.000000000000000000, -1.000000000000000000 ) ) ;
#1290 = SURFACE_STYLE_USAGE ( .BOTH. , #2249 ) ;
#1291 = PRESENTATION_LAYER_ASSIGNMENT (  '', '', ( #54 ) ) ;
#1292 = ORIENTED_EDGE ( 'NONE', *, *, #2646, .F. ) ;
#1293 = AXIS2_PLACEMENT_3D ( 'NONE', #1065, #2673, #2010 ) ;
#1294 = FACE_OUTER_BOUND ( 'NONE', #4205, .T. ) ;
#1295 = CARTESIAN_POINT ( 'NONE',  ( -4.999999999999999112, 0.000000000000000000, 6.500000000000001776 ) ) ;
#1296 = FILL_AREA_STYLE ('',( #2945 ) ) ;
#1297 = PLANE ( 'NONE',  #823 ) ;
#1298 = ORIENTED_EDGE ( 'NONE', *, *, #4084, .T. ) ;
#1299 =( GEOMETRIC_REPRESENTATION_CONTEXT ( 3 ) GLOBAL_UNCERTAINTY_ASSIGNED_CONTEXT ( ( #234 ) ) GLOBAL_UNIT_ASSIGNED_CONTEXT ( ( #1508, #212, #3090 ) ) REPRESENTATION_CONTEXT ( 'NONE', 'WORKASPACE' ) );
#1300 = PRESENTATION_LAYER_ASSIGNMENT (  '', '', ( #747 ) ) ;
#1301 = STYLED_ITEM ( 'NONE', ( #1561 ), #1987 ) ;
#1302 = DIRECTION ( 'NONE',  ( -1.000000000000000000, -0.000000000000000000, 0.000000000000000000 ) ) ;
#1303 = ORIENTED_EDGE ( 'NONE', *, *, #2929, .F. ) ;
#1304 = CIRCLE ( 'NONE', #2467, 1.500000000000000222 ) ;
#1305 = VECTOR ( 'NONE', #1952, 1000.000000000000000 ) ;
#1306 = FILL_AREA_STYLE_COLOUR ( '', #4130 ) ;
#1307 = EDGE_CURVE ( 'NONE', #2976, #1336, #543, .T. ) ;
#1308 = CARTESIAN_POINT ( 'NONE',  ( 1.645000000000000018, -3.319000000000000394, 12.20000000000000107 ) ) ;
#1309 = UNCERTAINTY_MEASURE_WITH_UNIT (LENGTH_MEASURE( 1.000000000000000082E-05 ), #2432, 'distance_accuracy_value', 'NONE');
#1310 = ORIENTED_EDGE ( 'NONE', *, *, #2046, .T. ) ;
#1311 = LINE ( 'NONE', #2975, #3068 ) ;
#1312 = EDGE_CURVE ( 'NONE', #1796, #1282, #1540, .T. ) ;
#1313 = VECTOR ( 'NONE', #1870, 1000.000000000000000 ) ;
#1314 = VERTEX_POINT ( 'NONE', #3565 ) ;
#1315 = PRODUCT_RELATED_PRODUCT_CATEGORY ( 'part', '', ( #3868 ) ) ;
#1316 = CARTESIAN_POINT ( 'NONE',  ( 6.800000000000000711, 0.5506254481202986772, -6.487320914739863831 ) ) ;
#1317 = ORIENTED_EDGE ( 'NONE', *, *, #996, .T. ) ;
#1318 = PRESENTATION_LAYER_ASSIGNMENT (  '', '', ( #3560 ) ) ;
#1319 = SURFACE_SIDE_STYLE ('',( #1888 ) ) ;
#1320 = DIRECTION ( 'NONE',  ( -1.000000000000000000, 0.000000000000000000, 0.000000000000000000 ) ) ;
#1321 = FILL_AREA_STYLE ('',( #3612 ) ) ;
#1322 = ORIENTED_EDGE ( 'NONE', *, *, #1307, .T. ) ;
#1323 =( GEOMETRIC_REPRESENTATION_CONTEXT ( 3 ) GLOBAL_UNCERTAINTY_ASSIGNED_CONTEXT ( ( #2967 ) ) GLOBAL_UNIT_ASSIGNED_CONTEXT ( ( #2140, #2217, #958 ) ) REPRESENTATION_CONTEXT ( 'NONE', 'WORKASPACE' ) );
#1324 =( LENGTH_UNIT ( ) NAMED_UNIT ( * ) SI_UNIT ( .MILLI., .METRE. ) );
#1325 = EDGE_LOOP ( 'NONE', ( #2969, #767, #2906, #3034, #3751, #3367, #1945, #1655 ) ) ;
#1326 = CARTESIAN_POINT ( 'NONE',  ( -2.154999999999999805, 0.000000000000000000, 6.500000000000001776 ) ) ;
#1327 = DIRECTION ( 'NONE',  ( 0.000000000000000000, -0.4999999999999975575, 0.8660254037844400399 ) ) ;
#1328 = FACE_OUTER_BOUND ( 'NONE', #2236, .T. ) ;
#1329 = LINE ( 'NONE', #2639, #1024 ) ;
#1330 = ORIENTED_EDGE ( 'NONE', *, *, #913, .F. ) ;
#1331 = LINE ( 'NONE', #3598, #3399 ) ;
#1332 = ORIENTED_EDGE ( 'NONE', *, *, #1923, .T. ) ;
#1333 = LINE ( 'NONE', #728, #754 ) ;
#1334 =( LENGTH_UNIT ( ) NAMED_UNIT ( * ) SI_UNIT ( .MILLI., .METRE. ) );
#1335 = FILL_AREA_STYLE_COLOUR ( '', #407 ) ;
#1336 = VERTEX_POINT ( 'NONE', #2314 ) ;
#1337 = EDGE_CURVE ( 'NONE', #1166, #2484, #4191, .T. ) ;
#1338 =( NAMED_UNIT ( * ) SI_UNIT ( $, .STERADIAN. ) SOLID_ANGLE_UNIT ( ) );
#1339 = LINE ( 'NONE', #3551, #3592 ) ;
#1340 = CARTESIAN_POINT ( 'NONE',  ( 5.000000000000000888, 0.000000000000000000, 6.500000000000001776 ) ) ;
#1341 = EDGE_LOOP ( 'NONE', ( #2917, #2676, #1766, #2293 ) ) ;
#1342 = EDGE_CURVE ( 'NONE', #2490, #2874, #289, .T. ) ;
#1343 = UNCERTAINTY_MEASURE_WITH_UNIT (LENGTH_MEASURE( 1.000000000000000082E-05 ), #919, 'distance_accuracy_value', 'NONE');
#1344 = FACE_OUTER_BOUND ( 'NONE', #3690, .T. ) ;
#1345 = ORIENTED_EDGE ( 'NONE', *, *, #279, .T. ) ;
#1346 = FILL_AREA_STYLE ('',( #721 ) ) ;
#1347 = SURFACE_STYLE_FILL_AREA ( #2400 ) ;
#1348 =( LENGTH_UNIT ( ) NAMED_UNIT ( * ) SI_UNIT ( .MILLI., .METRE. ) );
#1349 = LINE ( 'NONE', #267, #1366 ) ;
#1350 = ORIENTED_EDGE ( 'NONE', *, *, #320, .F. ) ;
#1351 = STYLED_ITEM ( 'NONE', ( #3059 ), #2218 ) ;
#1352 =( NAMED_UNIT ( * ) SI_UNIT ( $, .STERADIAN. ) SOLID_ANGLE_UNIT ( ) );
#1353 = DIRECTION ( 'NONE',  ( 0.000000000000000000, -1.141265444721583757E-16, 1.000000000000000000 ) ) ;
#1354 = EDGE_CURVE ( 'NONE', #2976, #790, #55, .T. ) ;
#1355 = VECTOR ( 'NONE', #567, 1000.000000000000000 ) ;
#1356 = ORIENTED_EDGE ( 'NONE', *, *, #2056, .F. ) ;
#1357 = SURFACE_STYLE_USAGE ( .BOTH. , #1696 ) ;
#1358 = COLOUR_RGB ( '',0.6666666666666666297, 0.6980392156862744724, 0.7686274509803920907 ) ;
#1359 = DIRECTION ( 'NONE',  ( 0.000000000000000000, -0.8660254037844388186, -0.4999999999999997224 ) ) ;
#1360 = CARTESIAN_POINT ( 'NONE',  ( -7.000000000000000000, -0.5506254481202985662, -7.899228495914965009 ) ) ;
#1361 = EDGE_CURVE ( 'NONE', #261, #1385, #21, .T. ) ;
#1362 = ORIENTED_EDGE ( 'NONE', *, *, #1912, .T. ) ;
#1363 = EDGE_CURVE ( 'NONE', #1749, #1787, #1311, .T. ) ;
#1364 = FILL_AREA_STYLE ('',( #135 ) ) ;
#1365 = UNCERTAINTY_MEASURE_WITH_UNIT (LENGTH_MEASURE( 1.000000000000000082E-05 ), #3499, 'distance_accuracy_value', 'NONE');
#1366 = VECTOR ( 'NONE', #2620, 1000.000000000000000 ) ;
#1367 = ORIENTED_EDGE ( 'NONE', *, *, #1239, .T. ) ;
#1368 = VECTOR ( 'NONE', #3986, 1000.000000000000114 ) ;
#1369 = STYLED_ITEM ( 'NONE', ( #3447 ), #1607 ) ;
#1370 = UNCERTAINTY_MEASURE_WITH_UNIT (LENGTH_MEASURE( 1.000000000000000082E-05 ), #3205, 'distance_accuracy_value', 'NONE');
#1371 = CARTESIAN_POINT ( 'NONE',  ( -4.951826515440592935, 0.5506254481202986772, -6.500000000000000000 ) ) ;
#1372 = PLANE ( 'NONE',  #1397 ) ;
#1373 =( NAMED_UNIT ( * ) PLANE_ANGLE_UNIT ( ) SI_UNIT ( $, .RADIAN. ) );
#1374 = ORIENTED_EDGE ( 'NONE', *, *, #574, .T. ) ;
#1375 = SURFACE_STYLE_USAGE ( .BOTH. , #1432 ) ;
#1376 = VECTOR ( 'NONE', #1617, 1000.000000000000000 ) ;
#1377 = VECTOR ( 'NONE', #1936, 1000.000000000000000 ) ;
#1378 = ORIENTED_EDGE ( 'NONE', *, *, #3733, .F. ) ;
#1379 = STYLED_ITEM ( 'NONE', ( #2840 ), #3441 ) ;
#1380 = CARTESIAN_POINT ( 'NONE',  ( 7.000000000000000888, -0.5506254481202986772, 2.100000000000000089 ) ) ;
#1381 =( GEOMETRIC_REPRESENTATION_CONTEXT ( 3 ) GLOBAL_UNCERTAINTY_ASSIGNED_CONTEXT ( ( #3962 ) ) GLOBAL_UNIT_ASSIGNED_CONTEXT ( ( #1142, #817, #3742 ) ) REPRESENTATION_CONTEXT ( 'NONE', 'WORKASPACE' ) );
#1382 = CARTESIAN_POINT ( 'NONE',  ( -7.000000000000000000, -2.024687275939846653, -13.59950535685274353 ) ) ;
#1383 = SURFACE_STYLE_FILL_AREA ( #1461 ) ;
#1384 = PRESENTATION_LAYER_ASSIGNMENT (  '', '', ( #3216 ) ) ;
#1385 = VERTEX_POINT ( 'NONE', #39 ) ;
#1386 = LINE ( 'NONE', #3673, #2531 ) ;
#1387 = DIRECTION ( 'NONE',  ( 0.000000000000000000, 0.000000000000000000, 1.000000000000000000 ) ) ;
#1388 = COLOUR_RGB ( '',0.6666666666666666297, 0.6980392156862744724, 0.7686274509803920907 ) ;
#1389 = CARTESIAN_POINT ( 'NONE',  ( 7.000000000000000888, -2.630250393329138792, 0.1786197388437707478 ) ) ;
#1390 = CARTESIAN_POINT ( 'NONE',  ( 0.2550000000000000044, -3.319000000000000394, 12.20000000000000107 ) ) ;
#1391 = MECHANICAL_DESIGN_GEOMETRIC_PRESENTATION_REPRESENTATION (  '', ( #2196 ), #3407 ) ;
#1392 = VECTOR ( 'NONE', #1856, 1000.000000000000000 ) ;
#1393 = FILL_AREA_STYLE_COLOUR ( '', #454 ) ;
#1394 = FACE_OUTER_BOUND ( 'NONE', #1217, .T. ) ;
#1395 = ORIENTED_EDGE ( 'NONE', *, *, #1938, .T. ) ;
#1396 = CIRCLE ( 'NONE', #1931, 1.449374551879700768 ) ;
#1397 = AXIS2_PLACEMENT_3D ( 'NONE', #3038, #3053, #3326 ) ;
#1398 = VECTOR ( 'NONE', #2268, 1000.000000000000000 ) ;
#1399 = EDGE_CURVE ( 'NONE', #2139, #2246, #1331, .T. ) ;
#1400 = DIRECTION ( 'NONE',  ( 0.000000000000000000, 0.000000000000000000, 1.000000000000000000 ) ) ;
#1401 =( NAMED_UNIT ( * ) SI_UNIT ( $, .STERADIAN. ) SOLID_ANGLE_UNIT ( ) );
#1402 = ORIENTED_EDGE ( 'NONE', *, *, #1671, .F. ) ;
#1403 = SURFACE_STYLE_FILL_AREA ( #3645 ) ;
#1404 = EDGE_CURVE ( 'NONE', #2340, #3893, #3244, .T. ) ;
#1405 = CARTESIAN_POINT ( 'NONE',  ( -1.645000000000000018, 0.000000000000000000, 6.500000000000001776 ) ) ;
#1406 = LINE ( 'NONE', #2345, #3749 ) ;
#1407 = CARTESIAN_POINT ( 'NONE',  ( 2.154999999999999805, 0.000000000000000000, 6.500000000000001776 ) ) ;
#1408 = ORIENTED_EDGE ( 'NONE', *, *, #3104, .T. ) ;
#1409 = CARTESIAN_POINT ( 'NONE',  ( 1.645000000000000018, -3.700000000000000178, 12.04218463273585016 ) ) ;
#1410 = LINE ( 'NONE', #2712, #811 ) ;
#1411 = DIRECTION ( 'NONE',  ( 0.000000000000000000, -1.224646799147350249E-16, 1.000000000000000000 ) ) ;
#1412 = PLANE ( 'NONE',  #8 ) ;
#1413 = VERTEX_POINT ( 'NONE', #1028 ) ;
#1414 = PLANE ( 'NONE',  #136 ) ;
#1415 = ORIENTED_EDGE ( 'NONE', *, *, #4170, .T. ) ;
#1416 = CARTESIAN_POINT ( 'NONE',  ( 3.000000000000000444, -2.575312724060145886, -12.64579410476800270 ) ) ;
#1417 = EDGE_CURVE ( 'NONE', #1746, #700, #2931, .T. ) ;
#1418 = SURFACE_SIDE_STYLE ('',( #729 ) ) ;
#1419 = EDGE_CURVE ( 'NONE', #1746, #3938, #1349, .T. ) ;
#1420 = EDGE_LOOP ( 'NONE', ( #3172, #1428, #2369, #3571 ) ) ;
#1421 =( NAMED_UNIT ( * ) SI_UNIT ( $, .STERADIAN. ) SOLID_ANGLE_UNIT ( ) );
#1422 =( NAMED_UNIT ( * ) PLANE_ANGLE_UNIT ( ) SI_UNIT ( $, .RADIAN. ) );
#1423 = CARTESIAN_POINT ( 'NONE',  ( -6.800000000000000711, 0.5506254481202986772, -7.899228495914965009 ) ) ;
#1424 = VECTOR ( 'NONE', #2592, 1000.000000000000000 ) ;
#1425 = AXIS2_PLACEMENT_3D ( 'NONE', #3574, #1320, #641 ) ;
#1426 = CARTESIAN_POINT ( 'NONE',  ( -6.204300430580679482, -0.5506254481202985662, 2.100000000000000089 ) ) ;
#1427 = DIRECTION ( 'NONE',  ( 1.000000000000000000, 0.000000000000000000, 0.000000000000000000 ) ) ;
#1428 = ORIENTED_EDGE ( 'NONE', *, *, #3871, .T. ) ;
#1429 = COLOUR_RGB ( '',0.2980392156862745057, 0.2980392156862745057, 0.2980392156862745057 ) ;
#1430 = PRESENTATION_LAYER_ASSIGNMENT (  '', '', ( #126 ) ) ;
#1431 = ORIENTED_EDGE ( 'NONE', *, *, #443, .T. ) ;
#1432 = SURFACE_SIDE_STYLE ('',( #59 ) ) ;
#1433 = MECHANICAL_DESIGN_GEOMETRIC_PRESENTATION_REPRESENTATION (  '', ( #879 ), #3540 ) ;
#1434 = PRESENTATION_LAYER_ASSIGNMENT (  '', '', ( #1090 ) ) ;
#1435 = VERTEX_POINT ( 'NONE', #938 ) ;
#1436 = EDGE_CURVE ( 'NONE', #1166, #3001, #2173, .T. ) ;
#1437 = PRESENTATION_LAYER_ASSIGNMENT (  '', '', ( #1301 ) ) ;
#1438 = FILL_AREA_STYLE ('',( #3418 ) ) ;
#1439 = VECTOR ( 'NONE', #288, 1000.000000000000000 ) ;
#1440 = FILL_AREA_STYLE_COLOUR ( '', #1555 ) ;
#1441 = STYLED_ITEM ( 'NONE', ( #787 ), #2987 ) ;
#1442 = ORIENTED_EDGE ( 'NONE', *, *, #1342, .F. ) ;
#1443 = EDGE_CURVE ( 'NONE', #327, #470, #1285, .T. ) ;
#1444 = PLANE ( 'NONE',  #1567 ) ;
#1445 = CARTESIAN_POINT ( 'NONE',  ( 2.155000000000000249, -0.2694076836320744017, 8.611592316367937983 ) ) ;
#1446 = CARTESIAN_POINT ( 'NONE',  ( -4.693789677659266246, 3.500000000000000000, -6.193789677659265358 ) ) ;
#1447 = FILL_AREA_STYLE ('',( #3766 ) ) ;
#1448 = MECHANICAL_DESIGN_GEOMETRIC_PRESENTATION_REPRESENTATION (  '', ( #3617 ), #2408 ) ;
#1449 = ADVANCED_FACE ( 'NONE', ( #3291 ), #306, .T. ) ;
#1450 = COLOUR_RGB ( '',0.6666666666666666297, 0.6980392156862744724, 0.7686274509803920907 ) ;
#1451 = DIRECTION ( 'NONE',  ( 0.000000000000000000, 1.000000000000000000, 0.000000000000000000 ) ) ;
#1452 = ORIENTED_EDGE ( 'NONE', *, *, #2301, .F. ) ;
#1453 = AXIS2_PLACEMENT_3D ( 'NONE', #890, #3154, #2485 ) ;
#1454 = PRESENTATION_LAYER_ASSIGNMENT (  '', '', ( #4166 ) ) ;
#1455 = SURFACE_SIDE_STYLE ('',( #882 ) ) ;
#1456 = SURFACE_SIDE_STYLE ('',( #1152 ) ) ;
#1457 = ORIENTED_EDGE ( 'NONE', *, *, #1077, .F. ) ;
#1458 = LINE ( 'NONE', #2172, #273 ) ;
#1459 = DIRECTION ( 'NONE',  ( 1.000000000000000000, -0.000000000000000000, -0.000000000000000000 ) ) ;
#1460 = DIRECTION ( 'NONE',  ( 0.000000000000000000, 0.000000000000000000, 1.000000000000000000 ) ) ;
#1461 = FILL_AREA_STYLE ('',( #3650 ) ) ;
#1462 = ORIENTED_EDGE ( 'NONE', *, *, #2145, .F. ) ;
#1463 = CARTESIAN_POINT ( 'NONE',  ( -0.2550000000000000044, -2.915884028769855951E-16, 8.881000000000014438 ) ) ;
#1464 = DIRECTION ( 'NONE',  ( 0.000000000000000000, 0.000000000000000000, 1.000000000000000000 ) ) ;
#1465 =( NAMED_UNIT ( * ) PLANE_ANGLE_UNIT ( ) SI_UNIT ( $, .RADIAN. ) );
#1466 = EDGE_CURVE ( 'NONE', #2092, #1201, #328, .T. ) ;
#1467 = CARTESIAN_POINT ( 'NONE',  ( 3.000000000000000000, 0.5506254481202986772, 2.100000000000000089 ) ) ;
#1468 = EDGE_CURVE ( 'NONE', #2490, #3528, #2641, .T. ) ;
#1469 = PRESENTATION_STYLE_ASSIGNMENT (( #845 ) ) ;
#1470 = VERTEX_POINT ( 'NONE', #1926 ) ;
#1471 = EDGE_CURVE ( 'NONE', #4192, #2407, #3915, .T. ) ;
#1472 = EDGE_LOOP ( 'NONE', ( #1452, #3866, #3256, #311 ) ) ;
#1473 = SURFACE_STYLE_USAGE ( .BOTH. , #1789 ) ;
#1474 = SURFACE_STYLE_USAGE ( .BOTH. , #3095 ) ;
#1475 = DIRECTION ( 'NONE',  ( 0.000000000000000000, -1.000000000000000000, 0.000000000000000000 ) ) ;
#1476 = CARTESIAN_POINT ( 'NONE',  ( 0.000000000000000000, -3.299999999999999822, -16.10000000000000142 ) ) ;
#1477 = CARTESIAN_POINT ( 'NONE',  ( 3.000000000000000000, 0.5506254481202986772, -10.06269330410536078 ) ) ;
#1478 = ORIENTED_EDGE ( 'NONE', *, *, #3544, .T. ) ;
#1479 = DIRECTION ( 'NONE',  ( 1.000000000000000000, 0.000000000000000000, 0.000000000000000000 ) ) ;
#1480 = FILL_AREA_STYLE ('',( #3987 ) ) ;
#1481 = SURFACE_STYLE_FILL_AREA ( #2817 ) ;
#1482 = DIRECTION ( 'NONE',  ( 0.000000000000000000, -0.000000000000000000, -1.000000000000000000 ) ) ;
#1483 = CARTESIAN_POINT ( 'NONE',  ( 1.645000000000000018, -2.915884028769855951E-16, 8.881000000000014438 ) ) ;
#1484 = STYLED_ITEM ( 'NONE', ( #3595 ), #2382 ) ;
#1485 = ADVANCED_FACE ( 'NONE', ( #2897 ), #3341, .F. ) ;
#1486 = FILL_AREA_STYLE ('',( #1803 ) ) ;
#1487 = SURFACE_SIDE_STYLE ('',( #174 ) ) ;
#1488 = EDGE_LOOP ( 'NONE', ( #2037, #175, #666, #1200, #167, #410, #1402, #3300 ) ) ;
#1489 = VECTOR ( 'NONE', #1411, 1000.000000000000000 ) ;
#1490 = MECHANICAL_DESIGN_GEOMETRIC_PRESENTATION_REPRESENTATION (  '', ( #4063 ), #1150 ) ;
#1491 = CARTESIAN_POINT ( 'NONE',  ( 0.000000000000000000, 2.990000000000000213, 1.500000000000000222 ) ) ;
#1492 = ORIENTED_EDGE ( 'NONE', *, *, #1404, .T. ) ;
#1493 = DIRECTION ( 'NONE',  ( 0.000000000000000000, -0.4999999999999997224, 0.8660254037844388186 ) ) ;
#1494 = VECTOR ( 'NONE', #2811, 1000.000000000000114 ) ;
#1495 = PRESENTATION_STYLE_ASSIGNMENT (( #201 ) ) ;
#1496 = FACE_OUTER_BOUND ( 'NONE', #2149, .T. ) ;
#1497 = STYLED_ITEM ( 'NONE', ( #909 ), #2420 ) ;
#1498 = ORIENTED_EDGE ( 'NONE', *, *, #1103, .T. ) ;
#1499 = CIRCLE ( 'NONE', #2804, 1.500000000000000222 ) ;
#1500 = VECTOR ( 'NONE', #3792, 1000.000000000000000 ) ;
#1501 = CARTESIAN_POINT ( 'NONE',  ( -0.2550000000000000044, -0.3810000000000002829, 8.723184632735863531 ) ) ;
#1502 = SURFACE_STYLE_FILL_AREA ( #3162 ) ;
#1503 =( NAMED_UNIT ( * ) SI_UNIT ( $, .STERADIAN. ) SOLID_ANGLE_UNIT ( ) );
#1504 = MECHANICAL_DESIGN_GEOMETRIC_PRESENTATION_REPRESENTATION (  '', ( #956 ), #194 ) ;
#1505 = COLOUR_RGB ( '',0.6666666666666666297, 0.6980392156862744724, 0.7686274509803920907 ) ;
#1506 = VECTOR ( 'NONE', #1172, 1000.000000000000000 ) ;
#1507 = FILL_AREA_STYLE_COLOUR ( '', #3083 ) ;
#1508 =( LENGTH_UNIT ( ) NAMED_UNIT ( * ) SI_UNIT ( .MILLI., .METRE. ) );
#1509 = CARTESIAN_POINT ( 'NONE',  ( -6.204300430580679482, -2.630250393329138792, 2.100000000000000089 ) ) ;
#1510 = VECTOR ( 'NONE', #4015, 1000.000000000000114 ) ;
#1511 =( GEOMETRIC_REPRESENTATION_CONTEXT ( 3 ) GLOBAL_UNCERTAINTY_ASSIGNED_CONTEXT ( ( #1370 ) ) GLOBAL_UNIT_ASSIGNED_CONTEXT ( ( #3205, #681, #42 ) ) REPRESENTATION_CONTEXT ( 'NONE', 'WORKASPACE' ) );
#1512 = ORIENTED_EDGE ( 'NONE', *, *, #1748, .T. ) ;
#1513 = STYLED_ITEM ( 'NONE', ( #1829 ), #92 ) ;
#1514 = CARTESIAN_POINT ( 'NONE',  ( -7.000000000000000000, -3.850625448120298167, -14.85470053837925342 ) ) ;
#1515 = ORIENTED_EDGE ( 'NONE', *, *, #3616, .T. ) ;
#1516 =( GEOMETRIC_REPRESENTATION_CONTEXT ( 3 ) GLOBAL_UNCERTAINTY_ASSIGNED_CONTEXT ( ( #40 ) ) GLOBAL_UNIT_ASSIGNED_CONTEXT ( ( #725, #3248, #4196 ) ) REPRESENTATION_CONTEXT ( 'NONE', 'WORKASPACE' ) );
#1517 = CARTESIAN_POINT ( 'NONE',  ( 2.154999999999999805, 0.000000000000000000, 6.500000000000001776 ) ) ;
#1518 = EDGE_CURVE ( 'NONE', #3938, #2397, #1763, .T. ) ;
#1519 = ADVANCED_FACE ( 'NONE', ( #2651 ), #716, .T. ) ;
#1520 = COLOUR_RGB ( '',0.6666666666666666297, 0.6980392156862744724, 0.7686274509803920907 ) ;
#1521 = CARTESIAN_POINT ( 'NONE',  ( -0.2550000000000000044, -3.700000000000000178, 12.04218463273585016 ) ) ;
#1522 = DIRECTION ( 'NONE',  ( 1.000000000000000000, 0.000000000000000000, 0.000000000000000000 ) ) ;
#1523 = UNCERTAINTY_MEASURE_WITH_UNIT (LENGTH_MEASURE( 1.000000000000000082E-05 ), #1348, 'distance_accuracy_value', 'NONE');
#1524 = ORIENTED_EDGE ( 'NONE', *, *, #2201, .F. ) ;
#1525 = SURFACE_STYLE_USAGE ( .BOTH. , #518 ) ;
#1526 = SURFACE_STYLE_FILL_AREA ( #876 ) ;
#1527 = SURFACE_STYLE_FILL_AREA ( #2558 ) ;
#1528 = FILL_AREA_STYLE_COLOUR ( '', #2880 ) ;
#1529 = FACE_OUTER_BOUND ( 'NONE', #1902, .T. ) ;
#1530 = CARTESIAN_POINT ( 'NONE',  ( 2.154999999999999805, -0.3810000000000000053, 6.500000000000001776 ) ) ;
#1531 =( NAMED_UNIT ( * ) SI_UNIT ( $, .STERADIAN. ) SOLID_ANGLE_UNIT ( ) );
#1532 =( NAMED_UNIT ( * ) PLANE_ANGLE_UNIT ( ) SI_UNIT ( $, .RADIAN. ) );
#1533 = ORIENTED_EDGE ( 'NONE', *, *, #3178, .T. ) ;
#1534 = FACE_OUTER_BOUND ( 'NONE', #1647, .T. ) ;
#1535 = ORIENTED_EDGE ( 'NONE', *, *, #2021, .T. ) ;
#1536 =( NAMED_UNIT ( * ) PLANE_ANGLE_UNIT ( ) SI_UNIT ( $, .RADIAN. ) );
#1537 = CARTESIAN_POINT ( 'NONE',  ( 7.000000000000000888, 0.5506254481202986772, 2.100000000000000089 ) ) ;
#1538 = EDGE_CURVE ( 'NONE', #2769, #3580, #739, .T. ) ;
#1539 = FILL_AREA_STYLE_COLOUR ( '', #3965 ) ;
#1540 = LINE ( 'NONE', #1969, #2595 ) ;
#1541 = EDGE_CURVE ( 'NONE', #3001, #1779, #2732, .T. ) ;
#1542 = ORIENTED_EDGE ( 'NONE', *, *, #3428, .F. ) ;
#1543 = LINE ( 'NONE', #942, #3134 ) ;
#1544 = DIRECTION ( 'NONE',  ( 1.334402673828313093E-16, 0.000000000000000000, 1.000000000000000000 ) ) ;
#1545 = CARTESIAN_POINT ( 'NONE',  ( -5.000000000000000000, -9.963813481119153466E-17, 2.100000000000000089 ) ) ;
#1546 = DIRECTION ( 'NONE',  ( -1.000000000000000000, 0.000000000000000000, 0.000000000000000000 ) ) ;
#1547 = SURFACE_SIDE_STYLE ('',( #2297 ) ) ;
#1548 = DIRECTION ( 'NONE',  ( 0.9239071042991746641, 0.000000000000000000, -0.3826168613972912302 ) ) ;
#1549 = CARTESIAN_POINT ( 'NONE',  ( 0.000000000000000000, -2.990000000000000213, 0.000000000000000000 ) ) ;
#1550 = ORIENTED_EDGE ( 'NONE', *, *, #443, .F. ) ;
#1551 = DIRECTION ( 'NONE',  ( 0.000000000000000000, -0.8660254037844388186, -0.4999999999999996669 ) ) ;
#1552 = ORIENTED_EDGE ( 'NONE', *, *, #1050, .T. ) ;
#1553 = SURFACE_SIDE_STYLE ('',( #1248 ) ) ;
#1554 =( NAMED_UNIT ( * ) PLANE_ANGLE_UNIT ( ) SI_UNIT ( $, .RADIAN. ) );
#1555 = COLOUR_RGB ( '',0.6666666666666666297, 0.6980392156862744724, 0.7686274509803920907 ) ;
#1556 = CARTESIAN_POINT ( 'NONE',  ( 3.000000000000000000, -2.749374551879701478, -16.10000000000000142 ) ) ;
#1557 = MECHANICAL_DESIGN_GEOMETRIC_PRESENTATION_REPRESENTATION (  '', ( #3064 ), #3529 ) ;
#1558 = STYLED_ITEM ( 'NONE', ( #2972 ), #843 ) ;
#1559 = EDGE_CURVE ( 'NONE', #1891, #3747, #2986, .T. ) ;
#1560 = ORIENTED_EDGE ( 'NONE', *, *, #1886, .F. ) ;
#1561 = PRESENTATION_STYLE_ASSIGNMENT (( #291 ) ) ;
#1562 = CIRCLE ( 'NONE', #4143, 2.550625448120298344 ) ;
#1563 = STYLED_ITEM ( 'NONE', ( #1939 ), #2498 ) ;
#1564 = LINE ( 'NONE', #4135, #680 ) ;
#1565 = ADVANCED_FACE ( 'NONE', ( #3929 ), #3990, .F. ) ;
#1566 = EDGE_CURVE ( 'NONE', #2796, #2589, #466, .T. ) ;
#1567 = AXIS2_PLACEMENT_3D ( 'NONE', #1697, #71, #1387 ) ;
#1568 = FILL_AREA_STYLE_COLOUR ( '', #1833 ) ;
#1569 = CARTESIAN_POINT ( 'NONE',  ( 7.000000000000000888, -1.300000000000000044, -14.85470053837925342 ) ) ;
#1570 = LINE ( 'NONE', #3554, #891 ) ;
#1571 = ORIENTED_EDGE ( 'NONE', *, *, #2241, .F. ) ;
#1572 = UNCERTAINTY_MEASURE_WITH_UNIT (LENGTH_MEASURE( 1.000000000000000082E-05 ), #379, 'distance_accuracy_value', 'NONE');
#1573 = PRESENTATION_LAYER_ASSIGNMENT (  '', '', ( #3217 ) ) ;
#1574 = VECTOR ( 'NONE', #2418, 1000.000000000000000 ) ;
#1575 = LINE ( 'NONE', #932, #3877 ) ;
#1576 = ORIENTED_EDGE ( 'NONE', *, *, #1404, .F. ) ;
#1577 = SURFACE_STYLE_USAGE ( .BOTH. , #286 ) ;
#1578 = PRESENTATION_LAYER_ASSIGNMENT (  '', '', ( #1785 ) ) ;
#1579 = COLOUR_RGB ( '',0.6666666666666666297, 0.6980392156862744724, 0.7686274509803920907 ) ;
#1580 =( NAMED_UNIT ( * ) PLANE_ANGLE_UNIT ( ) SI_UNIT ( $, .RADIAN. ) );
#1581 = COLOUR_RGB ( '',0.6666666666666666297, 0.6980392156862744724, 0.7686274509803920907 ) ;
#1582 = DIRECTION ( 'NONE',  ( -1.000000000000000000, 0.000000000000000000, 0.000000000000000000 ) ) ;
#1583 = AXIS2_PLACEMENT_3D ( 'NONE', #3214, #3408, #910 ) ;
#1584 = PRESENTATION_LAYER_ASSIGNMENT (  '', '', ( #3821 ) ) ;
#1585 = ORIENTED_EDGE ( 'NONE', *, *, #1993, .T. ) ;
#1586 =( NAMED_UNIT ( * ) PLANE_ANGLE_UNIT ( ) SI_UNIT ( $, .RADIAN. ) );
#1587 = STYLED_ITEM ( 'NONE', ( #3195 ), #3926 ) ;
#1588 = CARTESIAN_POINT ( 'NONE',  ( 4.951826515440590271, 0.5506254481202985662, -6.451826515440591159 ) ) ;
#1589 = FILL_AREA_STYLE ('',( #906 ) ) ;
#1590 = CARTESIAN_POINT ( 'NONE',  ( -0.2550000000000000044, -0.2694076836320744017, 8.611592316367937983 ) ) ;
#1591 = LINE ( 'NONE', #1937, #2936 ) ;
#1592 = PRESENTATION_STYLE_ASSIGNMENT (( #280 ) ) ;
#1593 = DIRECTION ( 'NONE',  ( 0.000000000000000000, -1.000000000000000000, -0.000000000000000000 ) ) ;
#1594 = FACE_OUTER_BOUND ( 'NONE', #3613, .T. ) ;
#1595 = ORIENTED_EDGE ( 'NONE', *, *, #3169, .F. ) ;
#1596 = EDGE_CURVE ( 'NONE', #1942, #3566, #2794, .T. ) ;
#1597 = PRODUCT_DEFINITION_CONTEXT ( 'detailed design', #1278, 'design' ) ;
#1598 = FACE_OUTER_BOUND ( 'NONE', #3920, .T. ) ;
#1599 = ORIENTED_EDGE ( 'NONE', *, *, #1907, .T. ) ;
#1600 = DIRECTION ( 'NONE',  ( -1.000000000000000000, -0.000000000000000000, 0.000000000000000000 ) ) ;
#1601 = EDGE_CURVE ( 'NONE', #122, #364, #3129, .T. ) ;
#1602 = CARTESIAN_POINT ( 'NONE',  ( 1.645000000000000018, -0.3810000000000002829, 8.723184632735863531 ) ) ;
#1603 = PRESENTATION_STYLE_ASSIGNMENT (( #2220 ) ) ;
#1604 = DIRECTION ( 'NONE',  ( 0.000000000000000000, 0.000000000000000000, -1.000000000000000000 ) ) ;
#1605 = ORIENTED_EDGE ( 'NONE', *, *, #3754, .F. ) ;
#1606 = ADVANCED_FACE ( 'NONE', ( #2189 ), #861, .F. ) ;
#1607 = ADVANCED_FACE ( 'NONE', ( #2495 ), #158, .F. ) ;
#1608 = DIRECTION ( 'NONE',  ( 0.000000000000000000, -1.224646799147350002E-16, 1.000000000000000000 ) ) ;
#1609 = FACE_OUTER_BOUND ( 'NONE', #331, .T. ) ;
#1610 = ORIENTED_EDGE ( 'NONE', *, *, #907, .F. ) ;
#1611 = CARTESIAN_POINT ( 'NONE',  ( -1.644999999999999796, -3.700000000000001066, 12.04218463273585016 ) ) ;
#1612 = PRESENTATION_STYLE_ASSIGNMENT (( #295 ) ) ;
#1613 = LINE ( 'NONE', #2606, #940 ) ;
#1614 = DIRECTION ( 'NONE',  ( 0.000000000000000000, 1.000000000000000000, 0.000000000000000000 ) ) ;
#1615 = ORIENTED_EDGE ( 'NONE', *, *, #2438, .T. ) ;
#1616 = EDGE_CURVE ( 'NONE', #1695, #4132, #2775, .T. ) ;
#1617 = DIRECTION ( 'NONE',  ( 0.000000000000000000, -1.224646799147350249E-16, 1.000000000000000000 ) ) ;
#1618 = ORIENTED_EDGE ( 'NONE', *, *, #3384, .T. ) ;
#1619 = CARTESIAN_POINT ( 'NONE',  ( -0.2550000000000000044, -3.319000000000000838, 16.00000000000000000 ) ) ;
#1620 = ADVANCED_FACE ( 'NONE', ( #3166 ), #880, .T. ) ;
#1621 = CARTESIAN_POINT ( 'NONE',  ( -0.2550000000000000044, -3.700000000000000178, 12.20000000000000107 ) ) ;
#1622 = PRESENTATION_STYLE_ASSIGNMENT (( #3661 ) ) ;
#1623 =( GEOMETRIC_REPRESENTATION_CONTEXT ( 3 ) GLOBAL_UNCERTAINTY_ASSIGNED_CONTEXT ( ( #2355 ) ) GLOBAL_UNIT_ASSIGNED_CONTEXT ( ( #3961, #1710, #2031 ) ) REPRESENTATION_CONTEXT ( 'NONE', 'WORKASPACE' ) );
#1624 = DIRECTION ( 'NONE',  ( 1.000000000000000000, 0.000000000000000000, 0.000000000000000000 ) ) ;
#1625 = VERTEX_POINT ( 'NONE', #821 ) ;
#1626 = CARTESIAN_POINT ( 'NONE',  ( -7.000000000000000000, 0.5506254481202986772, 2.100000000000000089 ) ) ;
#1627 =( GEOMETRIC_REPRESENTATION_CONTEXT ( 3 ) GLOBAL_UNCERTAINTY_ASSIGNED_CONTEXT ( ( #3508 ) ) GLOBAL_UNIT_ASSIGNED_CONTEXT ( ( #437, #2371, #1120 ) ) REPRESENTATION_CONTEXT ( 'NONE', 'WORKASPACE' ) );
#1628 = ORIENTED_EDGE ( 'NONE', *, *, #1126, .F. ) ;
#1629 = CARTESIAN_POINT ( 'NONE',  ( 1.645000000000000018, -3.319000000000000838, 16.00000000000000000 ) ) ;
#1630 = PRESENTATION_STYLE_ASSIGNMENT (( #1290 ) ) ;
#1631 = PLANE ( 'NONE',  #3688 ) ;
#1632 = COLOUR_RGB ( '',0.2980392156862745057, 0.2980392156862745057, 0.2980392156862745057 ) ;
#1633 = CARTESIAN_POINT ( 'NONE',  ( 0.000000000000000000, 2.990000000000000213, 0.000000000000000000 ) ) ;
#1634 = EDGE_LOOP ( 'NONE', ( #2725, #2180, #1820, #2956 ) ) ;
#1635 = VECTOR ( 'NONE', #1688, 1000.000000000000000 ) ;
#1636 = CARTESIAN_POINT ( 'NONE',  ( -3.000000000000000000, 0.5506254481202986772, -10.06269330410536078 ) ) ;
#1637 = FACE_OUTER_BOUND ( 'NONE', #1001, .T. ) ;
#1638 = PRESENTATION_STYLE_ASSIGNMENT (( #1941 ) ) ;
#1639 = DIRECTION ( 'NONE',  ( 0.000000000000000000, 0.000000000000000000, -1.000000000000000000 ) ) ;
#1640 = ORIENTED_EDGE ( 'NONE', *, *, #451, .F. ) ;
#1641 = VECTOR ( 'NONE', #3103, 1000.000000000000000 ) ;
#1642 = AXIS2_PLACEMENT_3D ( 'NONE', #1636, #3904, #3921 ) ;
#1643 = CIRCLE ( 'NONE', #952, 1.500000000000000222 ) ;
#1644 = AXIS2_PLACEMENT_3D ( 'NONE', #566, #4134, #1883 ) ;
#1645 = UNCERTAINTY_MEASURE_WITH_UNIT (LENGTH_MEASURE( 1.000000000000000082E-05 ), #1986, 'distance_accuracy_value', 'NONE');
#1646 = CARTESIAN_POINT ( 'NONE',  ( -2.154999999999999805, -3.319000000000000838, 16.00000000000000000 ) ) ;
#1647 = EDGE_LOOP ( 'NONE', ( #3768, #804, #2284, #2024 ) ) ;
#1648 = PLANE ( 'NONE',  #2621 ) ;
#1649 = VECTOR ( 'NONE', #62, 1000.000000000000000 ) ;
#1650 = PRESENTATION_LAYER_ASSIGNMENT (  '', '', ( #1441 ) ) ;
#1651 =( NAMED_UNIT ( * ) SI_UNIT ( $, .STERADIAN. ) SOLID_ANGLE_UNIT ( ) );
#1652 =( GEOMETRIC_REPRESENTATION_CONTEXT ( 3 ) GLOBAL_UNCERTAINTY_ASSIGNED_CONTEXT ( ( #3625 ) ) GLOBAL_UNIT_ASSIGNED_CONTEXT ( ( #2961, #2645, #2226 ) ) REPRESENTATION_CONTEXT ( 'NONE', 'WORKASPACE' ) );
#1653 = PLANE ( 'NONE',  #736 ) ;
#1654 = LINE ( 'NONE', #980, #2672 ) ;
#1655 = ORIENTED_EDGE ( 'NONE', *, *, #1417, .F. ) ;
#1656 = CARTESIAN_POINT ( 'NONE',  ( 0.000000000000000000, 2.990000000000000213, 0.000000000000000000 ) ) ;
#1657 = MECHANICAL_DESIGN_GEOMETRIC_PRESENTATION_REPRESENTATION (  '', ( #1379 ), #2678 ) ;
#1658 = EDGE_CURVE ( 'NONE', #2978, #977, #1842, .T. ) ;
#1659 = ORIENTED_EDGE ( 'NONE', *, *, #2145, .T. ) ;
#1660 = COLOUR_RGB ( '',0.6666666666666666297, 0.6980392156862744724, 0.7686274509803920907 ) ;
#1661 =( LENGTH_UNIT ( ) NAMED_UNIT ( * ) SI_UNIT ( .MILLI., .METRE. ) );
#1662 = PRESENTATION_STYLE_ASSIGNMENT (( #3880 ) ) ;
#1663 = STYLED_ITEM ( 'NONE', ( #1747 ), #3778 ) ;
#1664 = EDGE_LOOP ( 'NONE', ( #3924, #112, #1914, #564 ) ) ;
#1665 = CARTESIAN_POINT ( 'NONE',  ( 5.000000000000000888, -3.500000000000000000, 6.193789677659267134 ) ) ;
#1666 = ORIENTED_EDGE ( 'NONE', *, *, #1681, .T. ) ;
#1667 = AXIS2_PLACEMENT_3D ( 'NONE', #103, #35, #1709 ) ;
#1668 = UNCERTAINTY_MEASURE_WITH_UNIT (LENGTH_MEASURE( 1.000000000000000082E-05 ), #3308, 'distance_accuracy_value', 'NONE');
#1669 =( NAMED_UNIT ( * ) SI_UNIT ( $, .STERADIAN. ) SOLID_ANGLE_UNIT ( ) );
#1670 = VERTEX_POINT ( 'NONE', #3430 ) ;
#1671 = EDGE_CURVE ( 'NONE', #2841, #1153, #3124, .T. ) ;
#1672 = CARTESIAN_POINT ( 'NONE',  ( -7.000000000000000000, -2.630250393329138792, -6.487320914739863831 ) ) ;
#1673 = CARTESIAN_POINT ( 'NONE',  ( -7.000000000000000000, -0.5506254481202986772, 2.100000000000000089 ) ) ;
#1674 = EDGE_LOOP ( 'NONE', ( #2619, #3608, #2597, #1585 ) ) ;
#1675 = CARTESIAN_POINT ( 'NONE',  ( -7.000000000000000000, -2.024687275939846653, -13.59950535685274353 ) ) ;
#1676 = UNCERTAINTY_MEASURE_WITH_UNIT (LENGTH_MEASURE( 1.000000000000000082E-05 ), #2910, 'distance_accuracy_value', 'NONE');
#1677 = ORIENTED_EDGE ( 'NONE', *, *, #3156, .F. ) ;
#1678 = ADVANCED_FACE ( 'NONE', ( #488 ), #2822, .F. ) ;
#1679 = PLANE ( 'NONE',  #3259 ) ;
#1680 = SURFACE_STYLE_FILL_AREA ( #615 ) ;
#1681 = EDGE_CURVE ( 'NONE', #3901, #690, #4179, .T. ) ;
#1682 = ORIENTED_EDGE ( 'NONE', *, *, #1601, .T. ) ;
#1683 = CARTESIAN_POINT ( 'NONE',  ( 3.000000000000000000, -1.224687275939856823, -13.13762514150104899 ) ) ;
#1684 = CARTESIAN_POINT ( 'NONE',  ( -5.000000000000000888, 0.000000000000000000, -6.500000000000000000 ) ) ;
#1685 = CARTESIAN_POINT ( 'NONE',  ( 4.693789677659265358, 3.500000000000000000, -6.193789677659265358 ) ) ;
#1686 =( LENGTH_UNIT ( ) NAMED_UNIT ( * ) SI_UNIT ( .MILLI., .METRE. ) );
#1687 = VERTEX_POINT ( 'NONE', #2605 ) ;
#1688 = DIRECTION ( 'NONE',  ( 0.3826168613972912302, 0.000000000000000000, 0.9239071042991746641 ) ) ;
#1689 = SURFACE_STYLE_FILL_AREA ( #1019 ) ;
#1690 = EDGE_LOOP ( 'NONE', ( #1682, #3373 ) ) ;
#1691 = SURFACE_STYLE_FILL_AREA ( #3304 ) ;
#1692 = EDGE_LOOP ( 'NONE', ( #1345, #2913, #2500, #3410, #654, #2206, #838, #2082 ) ) ;
#1693 = EDGE_LOOP ( 'NONE', ( #2735, #1478, #1118, #1994 ) ) ;
#1694 = STYLED_ITEM ( 'NONE', ( #402 ), #1022 ) ;
#1695 = VERTEX_POINT ( 'NONE', #3857 ) ;
#1696 = SURFACE_SIDE_STYLE ('',( #3298 ) ) ;
#1697 = CARTESIAN_POINT ( 'NONE',  ( 7.000000000000000888, -2.749374551879701478, -14.85470053837925342 ) ) ;
#1698 = SURFACE_SIDE_STYLE ('',( #2322 ) ) ;
#1699 = EDGE_CURVE ( 'NONE', #2909, #3168, #3070, .T. ) ;
#1700 = CARTESIAN_POINT ( 'NONE',  ( -0.2550000000000000044, -3.700000000000000622, 16.00000000000000000 ) ) ;
#1701 = VERTEX_POINT ( 'NONE', #949 ) ;
#1702 = STYLED_ITEM ( 'NONE', ( #361 ), #1519 ) ;
#1703 = UNCERTAINTY_MEASURE_WITH_UNIT (LENGTH_MEASURE( 1.000000000000000082E-05 ), #188, 'distance_accuracy_value', 'NONE');
#1704 = FILL_AREA_STYLE ('',( #1393 ) ) ;
#1705 = AXIS2_PLACEMENT_3D ( 'NONE', #2454, #1816, #3744 ) ;
#1706 = FILL_AREA_STYLE ('',( #1731 ) ) ;
#1707 = ORIENTED_EDGE ( 'NONE', *, *, #918, .T. ) ;
#1708 = AXIS2_PLACEMENT_3D ( 'NONE', #3878, #2935, #966 ) ;
#1709 = DIRECTION ( 'NONE',  ( 1.000000000000000000, 0.000000000000000000, 0.000000000000000000 ) ) ;
#1710 =( NAMED_UNIT ( * ) PLANE_ANGLE_UNIT ( ) SI_UNIT ( $, .RADIAN. ) );
#1711 = CARTESIAN_POINT ( 'NONE',  ( -7.000000000000000000, 0.5506254481202986772, 2.100000000000000089 ) ) ;
#1712 = UNCERTAINTY_MEASURE_WITH_UNIT (LENGTH_MEASURE( 1.000000000000000082E-05 ), #1276, 'distance_accuracy_value', 'NONE');
#1713 = LINE ( 'NONE', #3019, #3075 ) ;
#1714 = ORIENTED_EDGE ( 'NONE', *, *, #667, .T. ) ;
#1715 = VECTOR ( 'NONE', #94, 1000.000000000000114 ) ;
#1716 = LINE ( 'NONE', #1737, #3354 ) ;
#1717 = CARTESIAN_POINT ( 'NONE',  ( -2.154999999999999805, -2.915884028769855951E-16, 8.881000000000014438 ) ) ;
#1718 = VECTOR ( 'NONE', #381, 1000.000000000000000 ) ;
#1719 = SURFACE_STYLE_USAGE ( .BOTH. , #2036 ) ;
#1720 = VECTOR ( 'NONE', #149, 1000.000000000000000 ) ;
#1721 =( NAMED_UNIT ( * ) PLANE_ANGLE_UNIT ( ) SI_UNIT ( $, .RADIAN. ) );
#1722 = CARTESIAN_POINT ( 'NONE',  ( 1.645000000000000018, 0.000000000000000000, 6.500000000000001776 ) ) ;
#1723 = MECHANICAL_DESIGN_GEOMETRIC_PRESENTATION_REPRESENTATION (  '', ( #341 ), #3550 ) ;
#1724 = EDGE_LOOP ( 'NONE', ( #2759, #41, #3237, #2143 ) ) ;
#1725 = SURFACE_STYLE_USAGE ( .BOTH. , #371 ) ;
#1726 = VECTOR ( 'NONE', #3807, 1000.000000000000000 ) ;
#1727 = DIRECTION ( 'NONE',  ( -0.000000000000000000, 0.000000000000000000, 1.000000000000000000 ) ) ;
#1728 = SURFACE_STYLE_FILL_AREA ( #1081 ) ;
#1729 =( NAMED_UNIT ( * ) PLANE_ANGLE_UNIT ( ) SI_UNIT ( $, .RADIAN. ) );
#1730 = MECHANICAL_DESIGN_GEOMETRIC_PRESENTATION_REPRESENTATION (  '', ( #2413 ), #83 ) ;
#1731 = FILL_AREA_STYLE_COLOUR ( '', #4017 ) ;
#1732 = ORIENTED_EDGE ( 'NONE', *, *, #1284, .T. ) ;
#1733 = STYLED_ITEM ( 'NONE', ( #1989 ), #1776 ) ;
#1734 = EDGE_CURVE ( 'NONE', #1227, #2315, #7, .T. ) ;
#1735 =( LENGTH_UNIT ( ) NAMED_UNIT ( * ) SI_UNIT ( .MILLI., .METRE. ) );
#1736 = ORIENTED_EDGE ( 'NONE', *, *, #3055, .T. ) ;
#1737 = CARTESIAN_POINT ( 'NONE',  ( 7.000000000000000888, -2.749374551879701478, -14.85470053837925342 ) ) ;
#1738 = EDGE_CURVE ( 'NONE', #1385, #2978, #971, .T. ) ;
#1739 = ORIENTED_EDGE ( 'NONE', *, *, #2093, .F. ) ;
#1740 = LINE ( 'NONE', #3043, #1715 ) ;
#1741 = SURFACE_SIDE_STYLE ('',( #1383 ) ) ;
#1742 = VERTEX_POINT ( 'NONE', #570 ) ;
#1743 = DIRECTION ( 'NONE',  ( -1.334402673828313093E-16, -0.000000000000000000, -1.000000000000000000 ) ) ;
#1744 = ORIENTED_EDGE ( 'NONE', *, *, #4051, .T. ) ;
#1745 = ADVANCED_FACE ( 'NONE', ( #2881 ), #1237, .F. ) ;
#1746 = VERTEX_POINT ( 'NONE', #592 ) ;
#1747 = PRESENTATION_STYLE_ASSIGNMENT (( #1375 ) ) ;
#1748 = EDGE_CURVE ( 'NONE', #2246, #3297, #1591, .T. ) ;
#1749 = VERTEX_POINT ( 'NONE', #1611 ) ;
#1750 = FILL_AREA_STYLE_COLOUR ( '', #1095 ) ;
#1751 = CARTESIAN_POINT ( 'NONE',  ( 0.2550000000000000044, -3.319000000000000838, 16.00000000000000000 ) ) ;
#1752 = SURFACE_STYLE_USAGE ( .BOTH. , #1741 ) ;
#1753 = ADVANCED_FACE ( 'NONE', ( #1294 ), #660, .F. ) ;
#1754 = VERTEX_POINT ( 'NONE', #3948 ) ;
#1755 =( NAMED_UNIT ( * ) SI_UNIT ( $, .STERADIAN. ) SOLID_ANGLE_UNIT ( ) );
#1756 = DIRECTION ( 'NONE',  ( -0.000000000000000000, 1.000000000000000000, 1.224646799147350249E-16 ) ) ;
#1757 =( NAMED_UNIT ( * ) SI_UNIT ( $, .STERADIAN. ) SOLID_ANGLE_UNIT ( ) );
#1758 = VECTOR ( 'NONE', #3975, 1000.000000000000000 ) ;
#1759 = PLANE ( 'NONE',  #3147 ) ;
#1760 = FILL_AREA_STYLE ('',( #1108 ) ) ;
#1761 = ORIENTED_EDGE ( 'NONE', *, *, #3752, .F. ) ;
#1762 =( GEOMETRIC_REPRESENTATION_CONTEXT ( 3 ) GLOBAL_UNCERTAINTY_ASSIGNED_CONTEXT ( ( #598 ) ) GLOBAL_UNIT_ASSIGNED_CONTEXT ( ( #1334, #3309, #985 ) ) REPRESENTATION_CONTEXT ( 'NONE', 'WORKASPACE' ) );
#1763 = CIRCLE ( 'NONE', #3530, 3.550625448120298788 ) ;
#1764 = FILL_AREA_STYLE ('',( #2426 ) ) ;
#1765 = DIRECTION ( 'NONE',  ( 1.000000000000000000, 0.000000000000000000, 0.000000000000000000 ) ) ;
#1766 = ORIENTED_EDGE ( 'NONE', *, *, #3616, .F. ) ;
#1767 = MECHANICAL_DESIGN_GEOMETRIC_PRESENTATION_REPRESENTATION (  '', ( #3002 ), #2871 ) ;
#1768 = COLOUR_RGB ( '',0.6666666666666666297, 0.6980392156862744724, 0.7686274509803920907 ) ;
#1769 = CARTESIAN_POINT ( 'NONE',  ( 2.999999999999999112, 0.000000000000000000, -6.500000000000000000 ) ) ;
#1770 = AXIS2_PLACEMENT_3D ( 'NONE', #709, #3313, #2370 ) ;
#1771 = SURFACE_STYLE_FILL_AREA ( #3734 ) ;
#1772 = DIRECTION ( 'NONE',  ( 0.000000000000000000, -1.224646799147350249E-16, 1.000000000000000000 ) ) ;
#1773 = MECHANICAL_DESIGN_GEOMETRIC_PRESENTATION_REPRESENTATION (  '', ( #1983 ), #2260 ) ;
#1774 = PLANE ( 'NONE',  #1180 ) ;
#1775 = EDGE_CURVE ( 'NONE', #364, #122, #2178, .T. ) ;
#1776 = ADVANCED_BREP_SHAPE_REPRESENTATION ( 'ACS772KCB-150B-SMT-T', ( #1125, #1191, #1155, #3907, #1667 ), #2760 ) ;
#1777 = ADVANCED_FACE ( 'NONE', ( #44 ), #3638, .F. ) ;
#1778 = AXIS2_PLACEMENT_3D ( 'NONE', #2339, #2052, #121 ) ;
#1779 = VERTEX_POINT ( 'NONE', #29 ) ;
#1780 = CARTESIAN_POINT ( 'NONE',  ( -6.204300430580679482, -2.630250393329138792, 2.100000000000000089 ) ) ;
#1781 = DIRECTION ( 'NONE',  ( -0.000000000000000000, 1.000000000000000000, 1.141265444721583757E-16 ) ) ;
#1782 = FACE_BOUND ( 'NONE', #3699, .T. ) ;
#1783 = MECHANICAL_DESIGN_GEOMETRIC_PRESENTATION_REPRESENTATION (  '', ( #199 ), #1104 ) ;
#1784 = EDGE_CURVE ( 'NONE', #3297, #1695, #3469, .T. ) ;
#1785 = STYLED_ITEM ( 'NONE', ( #3277 ), #3517 ) ;
#1786 = VECTOR ( 'NONE', #3906, 1000.000000000000000 ) ;
#1787 = VERTEX_POINT ( 'NONE', #70 ) ;
#1788 = ORIENTED_EDGE ( 'NONE', *, *, #102, .T. ) ;
#1789 = SURFACE_SIDE_STYLE ('',( #2152 ) ) ;
#1790 = SURFACE_STYLE_FILL_AREA ( #475 ) ;
#1791 = CARTESIAN_POINT ( 'NONE',  ( 7.000000000000000000, 0.5506254481202986772, -6.487320914739863831 ) ) ;
#1792 = CARTESIAN_POINT ( 'NONE',  ( 4.693789677659266246, 3.500000000000000000, 6.193789677659267134 ) ) ;
#1793 = FILL_AREA_STYLE ('',( #870 ) ) ;
#1794 = DIRECTION ( 'NONE',  ( -1.334402673828313093E-16, 0.000000000000000000, -1.000000000000000000 ) ) ;
#1795 = EDGE_CURVE ( 'NONE', #969, #510, #3609, .T. ) ;
#1796 = VERTEX_POINT ( 'NONE', #1409 ) ;
#1797 = LINE ( 'NONE', #3100, #1242 ) ;
#1798 =( LENGTH_UNIT ( ) NAMED_UNIT ( * ) SI_UNIT ( .MILLI., .METRE. ) );
#1799 = SURFACE_STYLE_FILL_AREA ( #3703 ) ;
#1800 = PRESENTATION_STYLE_ASSIGNMENT (( #486 ) ) ;
#1801 = EDGE_CURVE ( 'NONE', #1670, #1959, #370, .T. ) ;
#1802 = DIRECTION ( 'NONE',  ( 0.000000000000000000, -1.224646799147350249E-16, 1.000000000000000000 ) ) ;
#1803 = FILL_AREA_STYLE_COLOUR ( '', #1235 ) ;
#1804 = DIRECTION ( 'NONE',  ( -1.000000000000000000, -0.000000000000000000, -0.000000000000000000 ) ) ;
#1805 = VERTEX_POINT ( 'NONE', #1079 ) ;
#1806 =( LENGTH_UNIT ( ) NAMED_UNIT ( * ) SI_UNIT ( .MILLI., .METRE. ) );
#1807 = ORIENTED_EDGE ( 'NONE', *, *, #3553, .T. ) ;
#1808 = LINE ( 'NONE', #539, #970 ) ;
#1809 = LINE ( 'NONE', #1161, #2786 ) ;
#1810 = LINE ( 'NONE', #4108, #4066 ) ;
#1811 = VERTEX_POINT ( 'NONE', #2389 ) ;
#1812 = DIRECTION ( 'NONE',  ( 1.000000000000000000, 3.938075060594118352E-16, 0.000000000000000000 ) ) ;
#1813 =( NAMED_UNIT ( * ) PLANE_ANGLE_UNIT ( ) SI_UNIT ( $, .RADIAN. ) );
#1814 =( LENGTH_UNIT ( ) NAMED_UNIT ( * ) SI_UNIT ( .MILLI., .METRE. ) );
#1815 = FACE_OUTER_BOUND ( 'NONE', #3203, .T. ) ;
#1816 = DIRECTION ( 'NONE',  ( -0.9961946980917455452, -0.08715574274765836016, 1.329324868787214695E-16 ) ) ;
#1817 = PRESENTATION_LAYER_ASSIGNMENT (  '', '', ( #1351 ) ) ;
#1818 = CARTESIAN_POINT ( 'NONE',  ( -0.2550000000000000044, -3.319000000000000838, 16.00000000000000000 ) ) ;
#1819 = CARTESIAN_POINT ( 'NONE',  ( -7.000000000000000000, -1.300000000000000044, -14.85470053837925342 ) ) ;
#1820 = ORIENTED_EDGE ( 'NONE', *, *, #3254, .F. ) ;
#1821 = EDGE_CURVE ( 'NONE', #470, #1055, #1386, .T. ) ;
#1822 = VECTOR ( 'NONE', #1884, 1000.000000000000000 ) ;
#1823 = PRESENTATION_LAYER_ASSIGNMENT (  '', '', ( #4206 ) ) ;
#1824 = SURFACE_SIDE_STYLE ('',( #492 ) ) ;
#1825 = ORIENTED_EDGE ( 'NONE', *, *, #1436, .T. ) ;
#1826 = LINE ( 'NONE', #2828, #3425 ) ;
#1827 =( GEOMETRIC_REPRESENTATION_CONTEXT ( 3 ) GLOBAL_UNCERTAINTY_ASSIGNED_CONTEXT ( ( #653 ) ) GLOBAL_UNIT_ASSIGNED_CONTEXT ( ( #2204, #2466, #4129 ) ) REPRESENTATION_CONTEXT ( 'NONE', 'WORKASPACE' ) );
#1828 =( LENGTH_UNIT ( ) NAMED_UNIT ( * ) SI_UNIT ( .MILLI., .METRE. ) );
#1829 = PRESENTATION_STYLE_ASSIGNMENT (( #540 ) ) ;
#1830 =( LENGTH_UNIT ( ) NAMED_UNIT ( * ) SI_UNIT ( .MILLI., .METRE. ) );
#1831 = DIRECTION ( 'NONE',  ( 0.000000000000000000, 1.000000000000000000, 0.000000000000000000 ) ) ;
#1832 = STYLED_ITEM ( 'NONE', ( #844 ), #1678 ) ;
#1833 = COLOUR_RGB ( '',0.6666666666666666297, 0.6980392156862744724, 0.7686274509803920907 ) ;
#1834 = ORIENTED_EDGE ( 'NONE', *, *, #2632, .F. ) ;
#1835 = VECTOR ( 'NONE', #2144, 1000.000000000000114 ) ;
#1836 = CARTESIAN_POINT ( 'NONE',  ( 0.2550000000000000044, -2.915884028769855951E-16, 8.881000000000014438 ) ) ;
#1837 =( NAMED_UNIT ( * ) SI_UNIT ( $, .STERADIAN. ) SOLID_ANGLE_UNIT ( ) );
#1838 = SURFACE_SIDE_STYLE ('',( #210 ) ) ;
#1839 = AXIS2_PLACEMENT_3D ( 'NONE', #1476, #3388, #2118 ) ;
#1840 = COLOUR_RGB ( '',0.6666666666666666297, 0.6980392156862744724, 0.7686274509803920907 ) ;
#1841 = SURFACE_STYLE_USAGE ( .BOTH. , #3165 ) ;
#1842 = LINE ( 'NONE', #1483, #129 ) ;
#1843 = DIRECTION ( 'NONE',  ( 0.000000000000000000, -0.4999999999999975575, 0.8660254037844400399 ) ) ;
#1844 = CARTESIAN_POINT ( 'NONE',  ( 7.000000000000000888, -1.224687275939856823, -13.13762514150104899 ) ) ;
#1845 = COLOUR_RGB ( '',0.6666666666666666297, 0.6980392156862744724, 0.7686274509803920907 ) ;
#1846 = EDGE_LOOP ( 'NONE', ( #4174, #2151, #165, #2569, #205, #1571, #2762, #360 ) ) ;
#1847 = EDGE_CURVE ( 'NONE', #1336, #2078, #1643, .T. ) ;
#1848 = VECTOR ( 'NONE', #73, 1000.000000000000000 ) ;
#1849 = EDGE_CURVE ( 'NONE', #1314, #3040, #839, .T. ) ;
#1850 = DIRECTION ( 'NONE',  ( 0.000000000000000000, -0.8660254037844388186, -0.4999999999999996669 ) ) ;
#1851 = ORIENTED_EDGE ( 'NONE', *, *, #1821, .T. ) ;
#1852 = EDGE_CURVE ( 'NONE', #22, #43, #3761, .T. ) ;
#1853 = STYLED_ITEM ( 'NONE', ( #3371 ), #3797 ) ;
#1854 =( NAMED_UNIT ( * ) SI_UNIT ( $, .STERADIAN. ) SOLID_ANGLE_UNIT ( ) );
#1855 = ADVANCED_FACE ( 'NONE', ( #1140 ), #815, .F. ) ;
#1856 = DIRECTION ( 'NONE',  ( -0.08715574274765836016, 0.9961946980917455452, -0.000000000000000000 ) ) ;
#1857 = AXIS2_PLACEMENT_3D ( 'NONE', #3097, #4061, #4043 ) ;
#1858 = CARTESIAN_POINT ( 'NONE',  ( 4.951826515440591159, -0.5506254481202986772, -6.500000000000000000 ) ) ;
#1859 =( NAMED_UNIT ( * ) PLANE_ANGLE_UNIT ( ) SI_UNIT ( $, .RADIAN. ) );
#1860 = CARTESIAN_POINT ( 'NONE',  ( 0.000000000000000000, 2.990000000000000213, 1.500000000000000222 ) ) ;
#1861 = UNCERTAINTY_MEASURE_WITH_UNIT (LENGTH_MEASURE( 1.000000000000000082E-05 ), #98, 'distance_accuracy_value', 'NONE');
#1862 = VERTEX_POINT ( 'NONE', #791 ) ;
#1863 = CARTESIAN_POINT ( 'NONE',  ( 1.645000000000000018, -2.915884028769855951E-16, 8.881000000000014438 ) ) ;
#1864 = FILL_AREA_STYLE_COLOUR ( '', #3470 ) ;
#1865 = DIRECTION ( 'NONE',  ( 0.000000000000000000, 0.000000000000000000, 1.000000000000000000 ) ) ;
#1866 = DIRECTION ( 'NONE',  ( 1.000000000000000000, 0.000000000000000000, 0.000000000000000000 ) ) ;
#1867 = CARTESIAN_POINT ( 'NONE',  ( -0.2550000000000000044, -3.700000000000000622, 16.00000000000000000 ) ) ;
#1868 = DIRECTION ( 'NONE',  ( 1.000000000000000000, 0.000000000000000000, 0.000000000000000000 ) ) ;
#1869 = FACE_OUTER_BOUND ( 'NONE', #2380, .T. ) ;
#1870 = DIRECTION ( 'NONE',  ( 0.000000000000000000, -0.8660254037844388186, -0.4999999999999996669 ) ) ;
#1871 = ORIENTED_EDGE ( 'NONE', *, *, #2882, .F. ) ;
#1872 = CARTESIAN_POINT ( 'NONE',  ( -1.645000000000000018, -0.3810000000000000053, 6.500000000000001776 ) ) ;
#1873 = ORIENTED_EDGE ( 'NONE', *, *, #2570, .T. ) ;
#1874 = ADVANCED_FACE ( 'NONE', ( #3443 ), #499, .F. ) ;
#1875 = PRESENTATION_STYLE_ASSIGNMENT (( #3238 ) ) ;
#1876 = LINE ( 'NONE', #164, #1392 ) ;
#1877 = LINE ( 'NONE', #1537, #682 ) ;
#1878 = LINE ( 'NONE', #4171, #3660 ) ;
#1879 = EDGE_CURVE ( 'NONE', #1695, #3730, #3143, .T. ) ;
#1880 = SURFACE_STYLE_USAGE ( .BOTH. , #3159 ) ;
#1881 = EDGE_CURVE ( 'NONE', #1287, #2303, #3791, .T. ) ;
#1882 = ORIENTED_EDGE ( 'NONE', *, *, #1419, .F. ) ;
#1883 = DIRECTION ( 'NONE',  ( 0.000000000000000000, -1.224646799147350002E-16, 1.000000000000000000 ) ) ;
#1884 = DIRECTION ( 'NONE',  ( -0.000000000000000000, 1.000000000000000000, 1.224646799147350249E-16 ) ) ;
#1885 =( LENGTH_UNIT ( ) NAMED_UNIT ( * ) SI_UNIT ( .MILLI., .METRE. ) );
#1886 = EDGE_CURVE ( 'NONE', #3790, #1625, #206, .T. ) ;
#1887 = DIRECTION ( 'NONE',  ( 1.000000000000000000, 0.000000000000000000, 0.000000000000000000 ) ) ;
#1888 = SURFACE_STYLE_FILL_AREA ( #3504 ) ;
#1889 = FACE_OUTER_BOUND ( 'NONE', #3414, .T. ) ;
#1890 = PRESENTATION_STYLE_ASSIGNMENT (( #3802 ) ) ;
#1891 = VERTEX_POINT ( 'NONE', #2159 ) ;
#1892 = STYLED_ITEM ( 'NONE', ( #3260 ), #2364 ) ;
#1893 = UNCERTAINTY_MEASURE_WITH_UNIT (LENGTH_MEASURE( 1.000000000000000082E-05 ), #927, 'distance_accuracy_value', 'NONE');
#1894 = CARTESIAN_POINT ( 'NONE',  ( 4.999999999999999112, 0.000000000000000000, -6.500000000000000000 ) ) ;
#1895 = EDGE_LOOP ( 'NONE', ( #2518, #3346, #2824, #4064 ) ) ;
#1896 = VECTOR ( 'NONE', #1230, 1000.000000000000000 ) ;
#1897 = CARTESIAN_POINT ( 'NONE',  ( 1.836970198721030181E-16, -2.990000000000000213, 1.500000000000000222 ) ) ;
#1898 = SURFACE_STYLE_USAGE ( .BOTH. , #4127 ) ;
#1899 = CARTESIAN_POINT ( 'NONE',  ( 1.645000000000000018, -0.3810000000000000053, 6.500000000000001776 ) ) ;
#1900 = CARTESIAN_POINT ( 'NONE',  ( -2.154999999999999805, -3.319000000000000394, 12.20000000000000107 ) ) ;
#1901 = CARTESIAN_POINT ( 'NONE',  ( -5.000000000000000888, 0.000000000000000000, -6.500000000000000000 ) ) ;
#1902 = EDGE_LOOP ( 'NONE', ( #1628, #2670, #1533, #3760 ) ) ;
#1903 = UNCERTAINTY_MEASURE_WITH_UNIT (LENGTH_MEASURE( 1.000000000000000082E-05 ), #1324, 'distance_accuracy_value', 'NONE');
#1904 = DIRECTION ( 'NONE',  ( 0.000000000000000000, -0.8660254037844388186, -0.4999999999999996669 ) ) ;
#1905 = VECTOR ( 'NONE', #3378, 1000.000000000000000 ) ;
#1906 = SURFACE_SIDE_STYLE ('',( #1680 ) ) ;
#1907 = EDGE_CURVE ( 'NONE', #2334, #2933, #168, .T. ) ;
#1908 = VECTOR ( 'NONE', #4050, 1000.000000000000000 ) ;
#1909 = DIRECTION ( 'NONE',  ( 0.000000000000000000, 0.000000000000000000, -1.000000000000000000 ) ) ;
#1910 = DIRECTION ( 'NONE',  ( 0.000000000000000000, -0.4999999999999976685, 0.8660254037844399289 ) ) ;
#1911 = VECTOR ( 'NONE', #1208, 1000.000000000000227 ) ;
#1912 = EDGE_CURVE ( 'NONE', #1470, #350, #153, .T. ) ;
#1913 =( LENGTH_UNIT ( ) NAMED_UNIT ( * ) SI_UNIT ( .MILLI., .METRE. ) );
#1914 = ORIENTED_EDGE ( 'NONE', *, *, #2955, .T. ) ;
#1915 = UNCERTAINTY_MEASURE_WITH_UNIT (LENGTH_MEASURE( 1.000000000000000082E-05 ), #3364, 'distance_accuracy_value', 'NONE');
#1916 =( GEOMETRIC_REPRESENTATION_CONTEXT ( 3 ) GLOBAL_UNCERTAINTY_ASSIGNED_CONTEXT ( ( #2015 ) ) GLOBAL_UNIT_ASSIGNED_CONTEXT ( ( #3724, #802, #2193 ) ) REPRESENTATION_CONTEXT ( 'NONE', 'WORKASPACE' ) );
#1917 = PRESENTATION_LAYER_ASSIGNMENT (  '', '', ( #3753 ) ) ;
#1918 = PRESENTATION_LAYER_ASSIGNMENT (  '', '', ( #3810 ) ) ;
#1919 = LINE ( 'NONE', #2285, #3473 ) ;
#1920 = ORIENTED_EDGE ( 'NONE', *, *, #1051, .T. ) ;
#1921 = SURFACE_STYLE_USAGE ( .BOTH. , #2237 ) ;
#1922 = DIRECTION ( 'NONE',  ( 0.000000000000000000, 0.000000000000000000, 1.000000000000000000 ) ) ;
#1923 = EDGE_CURVE ( 'NONE', #1003, #2223, #1499, .T. ) ;
#1924 = MECHANICAL_DESIGN_GEOMETRIC_PRESENTATION_REPRESENTATION (  '', ( #1663 ), #2478 ) ;
#1925 =( NAMED_UNIT ( * ) PLANE_ANGLE_UNIT ( ) SI_UNIT ( $, .RADIAN. ) );
#1926 = CARTESIAN_POINT ( 'NONE',  ( -7.000000000000000000, -0.5506254481202986772, -6.487320914739863831 ) ) ;
#1927 = COLOUR_RGB ( '',0.6666666666666666297, 0.6980392156862744724, 0.7686274509803920907 ) ;
#1928 =( GEOMETRIC_REPRESENTATION_CONTEXT ( 3 ) GLOBAL_UNCERTAINTY_ASSIGNED_CONTEXT ( ( #1676 ) ) GLOBAL_UNIT_ASSIGNED_CONTEXT ( ( #2910, #2636, #3579 ) ) REPRESENTATION_CONTEXT ( 'NONE', 'WORKASPACE' ) );
#1929 = EDGE_LOOP ( 'NONE', ( #4019, #3507, #398, #829 ) ) ;
#1930 = DIRECTION ( 'NONE',  ( -0.000000000000000000, 1.000000000000000000, 1.141265444721583757E-16 ) ) ;
#1931 = AXIS2_PLACEMENT_3D ( 'NONE', #1964, #3562, #1327 ) ;
#1932 = SURFACE_STYLE_FILL_AREA ( #3635 ) ;
#1933 = PLANE ( 'NONE',  #3546 ) ;
#1934 = DIRECTION ( 'NONE',  ( -1.000000000000000000, 0.000000000000000000, 0.000000000000000000 ) ) ;
#1935 = EDGE_CURVE ( 'NONE', #470, #846, #1797, .T. ) ;
#1936 = DIRECTION ( 'NONE',  ( -0.000000000000000000, 1.000000000000000000, -0.000000000000000000 ) ) ;
#1937 = CARTESIAN_POINT ( 'NONE',  ( -7.000000000000000000, -0.5506254481202986772, -10.06269330410536078 ) ) ;
#1938 = EDGE_CURVE ( 'NONE', #3747, #1942, #2788, .T. ) ;
#1939 = PRESENTATION_STYLE_ASSIGNMENT (( #929 ) ) ;
#1940 = LINE ( 'NONE', #1360, #3458 ) ;
#1941 = SURFACE_STYLE_USAGE ( .BOTH. , #9 ) ;
#1942 = VERTEX_POINT ( 'NONE', #1836 ) ;
#1943 = EDGE_CURVE ( 'NONE', #90, #2092, #2087, .T. ) ;
#1944 = DIRECTION ( 'NONE',  ( 0.000000000000000000, 0.000000000000000000, -1.000000000000000000 ) ) ;
#1945 = ORIENTED_EDGE ( 'NONE', *, *, #2224, .T. ) ;
#1946 = FILL_AREA_STYLE_COLOUR ( '', #904 ) ;
#1947 = CARTESIAN_POINT ( 'NONE',  ( -0.2550000000000000044, -3.319000000000000394, 12.20000000000000107 ) ) ;
#1948 = ORIENTED_EDGE ( 'NONE', *, *, #581, .F. ) ;
#1949 = PRESENTATION_STYLE_ASSIGNMENT (( #351 ) ) ;
#1950 = ORIENTED_EDGE ( 'NONE', *, *, #3823, .T. ) ;
#1951 = PRESENTATION_STYLE_ASSIGNMENT (( #3834 ) ) ;
#1952 = DIRECTION ( 'NONE',  ( -1.000000000000000000, -0.000000000000000000, -0.000000000000000000 ) ) ;
#1953 = PLANE ( 'NONE',  #3556 ) ;
#1954 = EDGE_LOOP ( 'NONE', ( #1560, #3377, #3386, #2171 ) ) ;
#1955 = SURFACE_STYLE_FILL_AREA ( #640 ) ;
#1956 = PLANE ( 'NONE',  #1642 ) ;
#1957 = DIRECTION ( 'NONE',  ( 1.000000000000000000, 0.000000000000000000, 0.000000000000000000 ) ) ;
#1958 =( NAMED_UNIT ( * ) SI_UNIT ( $, .STERADIAN. ) SOLID_ANGLE_UNIT ( ) );
#1959 = VERTEX_POINT ( 'NONE', #2533 ) ;
#1960 = EDGE_CURVE ( 'NONE', #1779, #3996, #225, .T. ) ;
#1961 = DIRECTION ( 'NONE',  ( 0.000000000000000000, 1.000000000000000000, 0.000000000000000000 ) ) ;
#1962 = ORIENTED_EDGE ( 'NONE', *, *, #1993, .F. ) ;
#1963 = PRESENTATION_STYLE_ASSIGNMENT (( #1577 ) ) ;
#1964 = CARTESIAN_POINT ( 'NONE',  ( -3.000000000000000000, -1.300000000000000044, -14.85470053837925342 ) ) ;
#1965 =( NAMED_UNIT ( * ) PLANE_ANGLE_UNIT ( ) SI_UNIT ( $, .RADIAN. ) );
#1966 = VECTOR ( 'NONE', #2431, 1000.000000000000000 ) ;
#1967 =( LENGTH_UNIT ( ) NAMED_UNIT ( * ) SI_UNIT ( .MILLI., .METRE. ) );
#1968 = ORIENTED_EDGE ( 'NONE', *, *, #3177, .T. ) ;
#1969 = CARTESIAN_POINT ( 'NONE',  ( 1.645000000000000018, -3.700000000000000178, 12.20000000000000107 ) ) ;
#1970 = VECTOR ( 'NONE', #3088, 1000.000000000000000 ) ;
#1971 = EDGE_LOOP ( 'NONE', ( #1761, #2801, #1968, #315 ) ) ;
#1972 = FILL_AREA_STYLE ('',( #2383 ) ) ;
#1973 =( NAMED_UNIT ( * ) PLANE_ANGLE_UNIT ( ) SI_UNIT ( $, .RADIAN. ) );
#1974 = STYLED_ITEM ( 'NONE', ( #1630 ), #1162 ) ;
#1975 = ORIENTED_EDGE ( 'NONE', *, *, #1239, .F. ) ;
#1976 = COLOUR_RGB ( '',0.6666666666666666297, 0.6980392156862744724, 0.7686274509803920907 ) ;
#1977 = FACE_OUTER_BOUND ( 'NONE', #2265, .T. ) ;
#1978 = DIRECTION ( 'NONE',  ( -1.000000000000000000, -0.000000000000000000, -0.000000000000000000 ) ) ;
#1979 = FILL_AREA_STYLE_COLOUR ( '', #474 ) ;
#1980 = SURFACE_SIDE_STYLE ('',( #2669 ) ) ;
#1981 = ORIENTED_EDGE ( 'NONE', *, *, #3723, .F. ) ;
#1982 = EDGE_CURVE ( 'NONE', #3234, #3897, #1543, .T. ) ;
#1983 = STYLED_ITEM ( 'NONE', ( #3596 ), #2827 ) ;
#1984 = UNCERTAINTY_MEASURE_WITH_UNIT (LENGTH_MEASURE( 1.000000000000000082E-05 ), #1828, 'distance_accuracy_value', 'NONE');
#1985 = VERTEX_POINT ( 'NONE', #1228 ) ;
#1986 =( LENGTH_UNIT ( ) NAMED_UNIT ( * ) SI_UNIT ( .MILLI., .METRE. ) );
#1987 = ADVANCED_FACE ( 'NONE', ( #902 ), #637, .T. ) ;
#1988 = AXIS2_PLACEMENT_3D ( 'NONE', #4056, #2459, #3865 ) ;
#1989 = PRESENTATION_STYLE_ASSIGNMENT (( #2551 ) ) ;
#1990 = AXIS2_PLACEMENT_3D ( 'NONE', #2854, #3502, #3146 ) ;
#1991 = ADVANCED_FACE ( 'NONE', ( #3477 ), #270, .T. ) ;
#1992 = SURFACE_STYLE_USAGE ( .BOTH. , #3976 ) ;
#1993 = EDGE_CURVE ( 'NONE', #1811, #3897, #2900, .T. ) ;
#1994 = ORIENTED_EDGE ( 'NONE', *, *, #3919, .F. ) ;
#1995 = CARTESIAN_POINT ( 'NONE',  ( -5.000000000000000888, 0.5506254481202986772, -6.451826515440592047 ) ) ;
#1996 = COLOUR_RGB ( '',0.6666666666666666297, 0.6980392156862744724, 0.7686274509803920907 ) ;
#1997 = MECHANICAL_DESIGN_GEOMETRIC_PRESENTATION_REPRESENTATION (  '', ( #1042 ), #143 ) ;
#1998 = ORIENTED_EDGE ( 'NONE', *, *, #1518, .T. ) ;
#1999 = PRESENTATION_LAYER_ASSIGNMENT (  '', '', ( #4021 ) ) ;
#2000 = FACE_OUTER_BOUND ( 'NONE', #2741, .T. ) ;
#2001 = FILL_AREA_STYLE_COLOUR ( '', #2995 ) ;
#2002 = PRESENTATION_STYLE_ASSIGNMENT (( #4195 ) ) ;
#2003 = MECHANICAL_DESIGN_GEOMETRIC_PRESENTATION_REPRESENTATION (  '', ( #3821 ), #3960 ) ;
#2004 = EDGE_LOOP ( 'NONE', ( #3991, #3093 ) ) ;
#2005 = FILL_AREA_STYLE ('',( #3030 ) ) ;
#2006 =( LENGTH_UNIT ( ) NAMED_UNIT ( * ) SI_UNIT ( .MILLI., .METRE. ) );
#2007 = EDGE_CURVE ( 'NONE', #2978, #390, #1275, .T. ) ;
#2008 = CYLINDRICAL_SURFACE ( 'NONE', #686, 2.550625448120298788 ) ;
#2009 = EDGE_LOOP ( 'NONE', ( #2566, #2864, #4004, #1834 ) ) ;
#2010 = DIRECTION ( 'NONE',  ( 1.000000000000000000, 0.000000000000000000, 0.000000000000000000 ) ) ;
#2011 = UNCERTAINTY_MEASURE_WITH_UNIT (LENGTH_MEASURE( 1.000000000000000082E-05 ), #287, 'distance_accuracy_value', 'NONE');
#2012 = ORIENTED_EDGE ( 'NONE', *, *, #2700, .T. ) ;
#2013 = UNCERTAINTY_MEASURE_WITH_UNIT (LENGTH_MEASURE( 1.000000000000000082E-05 ), #1076, 'distance_accuracy_value', 'NONE');
#2014 = COLOUR_RGB ( '',0.6666666666666666297, 0.6980392156862744724, 0.7686274509803920907 ) ;
#2015 = UNCERTAINTY_MEASURE_WITH_UNIT (LENGTH_MEASURE( 1.000000000000000082E-05 ), #3724, 'distance_accuracy_value', 'NONE');
#2016 = CARTESIAN_POINT ( 'NONE',  ( 7.000000000000000888, -0.5506254481202986772, -7.899228495914966786 ) ) ;
#2017 = ORIENTED_EDGE ( 'NONE', *, *, #255, .F. ) ;
#2018 = UNCERTAINTY_MEASURE_WITH_UNIT (LENGTH_MEASURE( 1.000000000000000082E-05 ), #831, 'distance_accuracy_value', 'NONE');
#2019 = ORIENTED_EDGE ( 'NONE', *, *, #483, .T. ) ;
#2020 = PLANE ( 'NONE',  #1839 ) ;
#2021 = EDGE_CURVE ( 'NONE', #1282, #1811, #613, .T. ) ;
#2022 = SURFACE_SIDE_STYLE ('',( #1932 ) ) ;
#2023 = DIRECTION ( 'NONE',  ( 0.000000000000000000, -0.000000000000000000, 1.000000000000000000 ) ) ;
#2024 = ORIENTED_EDGE ( 'NONE', *, *, #2056, .T. ) ;
#2025 = FILL_AREA_STYLE ('',( #2299 ) ) ;
#2026 = CARTESIAN_POINT ( 'NONE',  ( 7.000000000000000888, -3.850625448120298167, -14.85470053837925342 ) ) ;
#2027 =( LENGTH_UNIT ( ) NAMED_UNIT ( * ) SI_UNIT ( .MILLI., .METRE. ) );
#2028 = ORIENTED_EDGE ( 'NONE', *, *, #1124, .F. ) ;
#2029 = SURFACE_SIDE_STYLE ('',( #2045 ) ) ;
#2030 = VERTEX_POINT ( 'NONE', #3161 ) ;
#2031 =( NAMED_UNIT ( * ) SI_UNIT ( $, .STERADIAN. ) SOLID_ANGLE_UNIT ( ) );
#2032 = SURFACE_SIDE_STYLE ('',( #1691 ) ) ;
#2033 = ORIENTED_EDGE ( 'NONE', *, *, #2677, .T. ) ;
#2034 = ORIENTED_EDGE ( 'NONE', *, *, #3077, .F. ) ;
#2035 = PRESENTATION_LAYER_ASSIGNMENT (  '', '', ( #1484 ) ) ;
#2036 = SURFACE_SIDE_STYLE ('',( #3602 ) ) ;
#2037 = ORIENTED_EDGE ( 'NONE', *, *, #806, .T. ) ;
#2038 = CARTESIAN_POINT ( 'NONE',  ( -3.000000000000000000, -3.000000000000000000, -10.06269330410536078 ) ) ;
#2039 = CARTESIAN_POINT ( 'NONE',  ( 6.204300430580680370, -2.630250393329138792, 2.100000000000000089 ) ) ;
#2040 = SURFACE_STYLE_FILL_AREA ( #1480 ) ;
#2041 = LINE ( 'NONE', #3316, #3209 ) ;
#2042 = LINE ( 'NONE', #3007, #1848 ) ;
#2043 = EDGE_CURVE ( 'NONE', #2402, #3694, #2365, .T. ) ;
#2044 = AXIS2_PLACEMENT_3D ( 'NONE', #4013, #2075, #3050 ) ;
#2045 = SURFACE_STYLE_FILL_AREA ( #1364 ) ;
#2046 = EDGE_CURVE ( 'NONE', #1742, #3812, #263, .T. ) ;
#2047 =( NAMED_UNIT ( * ) PLANE_ANGLE_UNIT ( ) SI_UNIT ( $, .RADIAN. ) );
#2048 = ORIENTED_EDGE ( 'NONE', *, *, #1471, .F. ) ;
#2049 = AXIS2_PLACEMENT_3D ( 'NONE', #1683, #2391, #1359 ) ;
#2050 = MECHANICAL_DESIGN_GEOMETRIC_PRESENTATION_REPRESENTATION (  '', ( #676 ), #3338 ) ;
#2051 = VECTOR ( 'NONE', #3478, 1000.000000000000000 ) ;
#2052 = DIRECTION ( 'NONE',  ( -0.000000000000000000, 1.000000000000000000, 0.000000000000000000 ) ) ;
#2053 = ORIENTED_EDGE ( 'NONE', *, *, #1312, .T. ) ;
#2054 = FILL_AREA_STYLE_COLOUR ( '', #3693 ) ;
#2055 = VECTOR ( 'NONE', #4208, 1000.000000000000000 ) ;
#2056 = EDGE_CURVE ( 'NONE', #4132, #1862, #1406, .T. ) ;
#2057 = VECTOR ( 'NONE', #4030, 1000.000000000000000 ) ;
#2058 = ORIENTED_EDGE ( 'NONE', *, *, #1538, .F. ) ;
#2059 = COLOUR_RGB ( '',0.6666666666666666297, 0.6980392156862744724, 0.7686274509803920907 ) ;
#2060 = DIRECTION ( 'NONE',  ( 0.000000000000000000, 0.000000000000000000, -1.000000000000000000 ) ) ;
#2061 = PRESENTATION_LAYER_ASSIGNMENT (  '', '', ( #5 ) ) ;
#2062 = FILL_AREA_STYLE ('',( #417 ) ) ;
#2063 = FILL_AREA_STYLE ('',( #2367 ) ) ;
#2064 = PRESENTATION_LAYER_ASSIGNMENT (  '', '', ( #3953 ) ) ;
#2065 = CIRCLE ( 'NONE', #3813, 1.449374551879700768 ) ;
#2066 = ORIENTED_EDGE ( 'NONE', *, *, #854, .T. ) ;
#2067 =( NAMED_UNIT ( * ) PLANE_ANGLE_UNIT ( ) SI_UNIT ( $, .RADIAN. ) );
#2068 = DIRECTION ( 'NONE',  ( 1.000000000000000000, -0.000000000000000000, -0.000000000000000000 ) ) ;
#2069 = AXIS2_PLACEMENT_3D ( 'NONE', #3329, #3712, #772 ) ;
#2070 = LINE ( 'NONE', #1259, #1506 ) ;
#2071 = ADVANCED_FACE ( 'NONE', ( #3267 ), #3898, .F. ) ;
#2072 = DIRECTION ( 'NONE',  ( 0.000000000000000000, 0.000000000000000000, 1.000000000000000000 ) ) ;
#2073 = PRESENTATION_LAYER_ASSIGNMENT (  '', '', ( #3894 ) ) ;
#2074 = EDGE_CURVE ( 'NONE', #1055, #3850, #1740, .T. ) ;
#2075 = DIRECTION ( 'NONE',  ( -0.000000000000000000, 0.7071067811865461294, 0.7071067811865489050 ) ) ;
#2076 = EDGE_CURVE ( 'NONE', #2874, #4016, #111, .T. ) ;
#2077 = LINE ( 'NONE', #3590, #2262 ) ;
#2078 = VERTEX_POINT ( 'NONE', #1035 ) ;
#2079 = SHAPE_DEFINITION_REPRESENTATION ( #4034, #1776 ) ;
#2080 = PRESENTATION_STYLE_ASSIGNMENT (( #1052 ) ) ;
#2081 = DIRECTION ( 'NONE',  ( -0.08715574274765836016, -0.9961946980917455452, 0.000000000000000000 ) ) ;
#2082 = ORIENTED_EDGE ( 'NONE', *, *, #1124, .T. ) ;
#2083 = ORIENTED_EDGE ( 'NONE', *, *, #1233, .T. ) ;
#2084 = DIRECTION ( 'NONE',  ( 0.000000000000000000, 1.000000000000000000, 0.000000000000000000 ) ) ;
#2085 = LINE ( 'NONE', #66, #1720 ) ;
#2086 = ORIENTED_EDGE ( 'NONE', *, *, #2337, .T. ) ;
#2087 = LINE ( 'NONE', #435, #2603 ) ;
#2088 = LINE ( 'NONE', #2039, #1905 ) ;
#2089 = LINE ( 'NONE', #4007, #1970 ) ;
#2090 = CARTESIAN_POINT ( 'NONE',  ( -2.154999999999999805, 0.000000000000000000, 6.500000000000001776 ) ) ;
#2091 = PRESENTATION_STYLE_ASSIGNMENT (( #3445 ) ) ;
#2092 = VERTEX_POINT ( 'NONE', #1058 ) ;
#2093 = EDGE_CURVE ( 'NONE', #3694, #3730, #396, .T. ) ;
#2094 = CARTESIAN_POINT ( 'NONE',  ( 0.2550000000000000044, 0.000000000000000000, 6.500000000000001776 ) ) ;
#2095 = EDGE_LOOP ( 'NONE', ( #2017, #951, #3969, #3383 ) ) ;
#2096 = LINE ( 'NONE', #1405, #3619 ) ;
#2097 = EDGE_CURVE ( 'NONE', #20, #1746, #1333, .T. ) ;
#2098 = CARTESIAN_POINT ( 'NONE',  ( 1.836970198721030181E-16, 2.990000000000000213, -1.500000000000000222 ) ) ;
#2099 = ORIENTED_EDGE ( 'NONE', *, *, #2929, .T. ) ;
#2100 = DIRECTION ( 'NONE',  ( 3.938075060594118352E-16, -1.000000000000000000, 0.000000000000000000 ) ) ;
#2101 = SURFACE_STYLE_USAGE ( .BOTH. , #226 ) ;
#2102 = SURFACE_SIDE_STYLE ('',( #3047 ) ) ;
#2103 = CARTESIAN_POINT ( 'NONE',  ( 7.000000000000000888, -2.630250393329138792, 0.1786197388437707478 ) ) ;
#2104 =( GEOMETRIC_REPRESENTATION_CONTEXT ( 3 ) GLOBAL_UNCERTAINTY_ASSIGNED_CONTEXT ( ( #32 ) ) GLOBAL_UNIT_ASSIGNED_CONTEXT ( ( #3774, #4001, #3756 ) ) REPRESENTATION_CONTEXT ( 'NONE', 'WORKASPACE' ) );
#2105 = CARTESIAN_POINT ( 'NONE',  ( -6.204300430580679482, -0.5506254481202985662, 2.100000000000000089 ) ) ;
#2106 = EDGE_LOOP ( 'NONE', ( #1431, #2112 ) ) ;
#2107 = ADVANCED_FACE ( 'NONE', ( #2000 ), #2020, .F. ) ;
#2108 = VECTOR ( 'NONE', #1582, 1000.000000000000000 ) ;
#2109 = MECHANICAL_DESIGN_GEOMETRIC_PRESENTATION_REPRESENTATION (  '', ( #1497 ), #3672 ) ;
#2110 = SURFACE_STYLE_USAGE ( .BOTH. , #231 ) ;
#2111 = CYLINDRICAL_SURFACE ( 'NONE', #467, 1.500000000000000222 ) ;
#2112 = ORIENTED_EDGE ( 'NONE', *, *, #504, .T. ) ;
#2113 = ADVANCED_FACE ( 'NONE', ( #3113 ), #852, .F. ) ;
#2114 = FILL_AREA_STYLE_COLOUR ( '', #1388 ) ;
#2115 = AXIS2_PLACEMENT_3D ( 'NONE', #3872, #325, #652 ) ;
#2116 = ORIENTED_EDGE ( 'NONE', *, *, #1307, .F. ) ;
#2117 = EDGE_CURVE ( 'NONE', #350, #1413, #478, .T. ) ;
#2118 = DIRECTION ( 'NONE',  ( 1.000000000000000000, 0.000000000000000000, 0.000000000000000000 ) ) ;
#2119 = STYLED_ITEM ( 'NONE', ( #1951 ), #1991 ) ;
#2120 = SURFACE_SIDE_STYLE ('',( #1771 ) ) ;
#2121 = SURFACE_STYLE_USAGE ( .BOTH. , #3389 ) ;
#2122 = VECTOR ( 'NONE', #3218, 1000.000000000000227 ) ;
#2123 = PRESENTATION_LAYER_ASSIGNMENT (  '', '', ( #3692 ) ) ;
#2124 = VERTEX_POINT ( 'NONE', #2141 ) ;
#2125 = COLOUR_RGB ( '',0.6666666666666666297, 0.6980392156862744724, 0.7686274509803920907 ) ;
#2126 = DIRECTION ( 'NONE',  ( 1.000000000000000000, 0.000000000000000000, 0.000000000000000000 ) ) ;
#2127 = FACE_OUTER_BOUND ( 'NONE', #1488, .T. ) ;
#2128 = FACE_OUTER_BOUND ( 'NONE', #2497, .T. ) ;
#2129 = SURFACE_SIDE_STYLE ('',( #1481 ) ) ;
#2130 = CARTESIAN_POINT ( 'NONE',  ( 6.204300430580680370, -0.5506254481202985662, 2.100000000000000533 ) ) ;
#2131 = MECHANICAL_DESIGN_GEOMETRIC_PRESENTATION_REPRESENTATION (  '', ( #3953 ), #4020 ) ;
#2132 = MECHANICAL_DESIGN_GEOMETRIC_PRESENTATION_REPRESENTATION (  '', ( #3216 ), #78 ) ;
#2133 = STYLED_ITEM ( 'NONE', ( #2781 ), #3875 ) ;
#2134 = DIRECTION ( 'NONE',  ( 1.000000000000000000, 0.000000000000000000, 0.000000000000000000 ) ) ;
#2135 = VECTOR ( 'NONE', #930, 1000.000000000000000 ) ;
#2136 = DIRECTION ( 'NONE',  ( 1.000000000000000000, -0.000000000000000000, -0.000000000000000000 ) ) ;
#2137 = ORIENTED_EDGE ( 'NONE', *, *, #2117, .F. ) ;
#2138 = AXIS2_PLACEMENT_3D ( 'NONE', #1326, #2266, #262 ) ;
#2139 = VERTEX_POINT ( 'NONE', #2446 ) ;
#2140 =( LENGTH_UNIT ( ) NAMED_UNIT ( * ) SI_UNIT ( .MILLI., .METRE. ) );
#2141 = CARTESIAN_POINT ( 'NONE',  ( 4.951826515440592047, -0.5506254481202986772, 2.100000000000000089 ) ) ;
#2142 = CARTESIAN_POINT ( 'NONE',  ( -7.000000000000000000, -2.630250393329138792, -7.899228495914965009 ) ) ;
#2143 = ORIENTED_EDGE ( 'NONE', *, *, #127, .T. ) ;
#2144 = DIRECTION ( 'NONE',  ( 0.000000000000000000, -0.7071067811865489050, 0.7071067811865461294 ) ) ;
#2145 = EDGE_CURVE ( 'NONE', #1742, #3938, #775, .T. ) ;
#2146 = SURFACE_SIDE_STYLE ('',( #1527 ) ) ;
#2147 =( NAMED_UNIT ( * ) PLANE_ANGLE_UNIT ( ) SI_UNIT ( $, .RADIAN. ) );
#2148 = DIRECTION ( 'NONE',  ( 0.000000000000000000, 0.8660254037844388186, 0.4999999999999997224 ) ) ;
#2149 = EDGE_LOOP ( 'NONE', ( #3803, #2388, #1825, #366 ) ) ;
#2150 = LINE ( 'NONE', #3409, #4152 ) ;
#2151 = ORIENTED_EDGE ( 'NONE', *, *, #1267, .T. ) ;
#2152 = SURFACE_STYLE_FILL_AREA ( #3411 ) ;
#2153 = CARTESIAN_POINT ( 'NONE',  ( -7.000000000000000000, -2.024687275939846653, -13.59950535685274353 ) ) ;
#2154 = SURFACE_SIDE_STYLE ('',( #3175 ) ) ;
#2155 = LINE ( 'NONE', #4060, #2991 ) ;
#2156 =( LENGTH_UNIT ( ) NAMED_UNIT ( * ) SI_UNIT ( .MILLI., .METRE. ) );
#2157 = DIRECTION ( 'NONE',  ( 0.000000000000000000, -0.4999999999999976685, 0.8660254037844399289 ) ) ;
#2158 = ORIENTED_EDGE ( 'NONE', *, *, #3170, .T. ) ;
#2159 = CARTESIAN_POINT ( 'NONE',  ( -0.2550000000000000044, 0.000000000000000000, 6.500000000000001776 ) ) ;
#2160 = DIRECTION ( 'NONE',  ( -1.000000000000000000, -0.000000000000000000, -0.000000000000000000 ) ) ;
#2161 = CARTESIAN_POINT ( 'NONE',  ( 7.000000000000000888, 0.5506254481202986772, -10.06269330410536078 ) ) ;
#2162 = DIRECTION ( 'NONE',  ( 0.000000000000000000, 0.000000000000000000, 1.000000000000000000 ) ) ;
#2163 = VECTOR ( 'NONE', #3438, 1000.000000000000000 ) ;
#2164 = EDGE_CURVE ( 'NONE', #3219, #1014, #48, .T. ) ;
#2165 =( NAMED_UNIT ( * ) SI_UNIT ( $, .STERADIAN. ) SOLID_ANGLE_UNIT ( ) );
#2166 = LINE ( 'NONE', #3462, #761 ) ;
#2167 = ORIENTED_EDGE ( 'NONE', *, *, #2438, .F. ) ;
#2168 = AXIS2_PLACEMENT_3D ( 'NONE', #3718, #422, #3379 ) ;
#2169 = EDGE_CURVE ( 'NONE', #790, #2976, #3927, .T. ) ;
#2170 = PRESENTATION_LAYER_ASSIGNMENT (  '', '', ( #4063 ) ) ;
#2171 = ORIENTED_EDGE ( 'NONE', *, *, #3704, .T. ) ;
#2172 = CARTESIAN_POINT ( 'NONE',  ( -7.000000000000000000, -2.630250393329138792, -7.899228495914965009 ) ) ;
#2173 = CIRCLE ( 'NONE', #2244, 1.449374551879700768 ) ;
#2174 = CARTESIAN_POINT ( 'NONE',  ( 7.000000000000000888, -0.5506254481202985662, 0.1786197388437707478 ) ) ;
#2175 = FILL_AREA_STYLE ('',( #2846 ) ) ;
#2176 = DIRECTION ( 'NONE',  ( 0.000000000000000000, -1.141265444721583757E-16, 1.000000000000000000 ) ) ;
#2177 = CARTESIAN_POINT ( 'NONE',  ( -1.645000000000000018, -2.915884028769855951E-16, 8.881000000000014438 ) ) ;
#2178 = CIRCLE ( 'NONE', #321, 1.500000000000000222 ) ;
#2179 = PRESENTATION_LAYER_ASSIGNMENT (  '', '', ( #3269 ) ) ;
#2180 = ORIENTED_EDGE ( 'NONE', *, *, #2873, .T. ) ;
#2181 = AXIS2_PLACEMENT_3D ( 'NONE', #1169, #2770, #2471 ) ;
#2182 = FILL_AREA_STYLE ('',( #4217 ) ) ;
#2183 = PLANE ( 'NONE',  #1644 ) ;
#2184 = LINE ( 'NONE', #3479, #1822 ) ;
#2185 = SURFACE_SIDE_STYLE ('',( #2511 ) ) ;
#2186 = MECHANICAL_DESIGN_GEOMETRIC_PRESENTATION_REPRESENTATION (  '', ( #2876 ), #2812 ) ;
#2187 = VECTOR ( 'NONE', #403, 1000.000000000000000 ) ;
#2188 =( NAMED_UNIT ( * ) PLANE_ANGLE_UNIT ( ) SI_UNIT ( $, .RADIAN. ) );
#2189 = FACE_OUTER_BOUND ( 'NONE', #2286, .T. ) ;
#2190 = EDGE_CURVE ( 'NONE', #3893, #2259, #2155, .T. ) ;
#2191 = FILL_AREA_STYLE_COLOUR ( '', #524 ) ;
#2192 = AXIS2_PLACEMENT_3D ( 'NONE', #159, #2455, #2542 ) ;
#2193 =( NAMED_UNIT ( * ) SI_UNIT ( $, .STERADIAN. ) SOLID_ANGLE_UNIT ( ) );
#2194 = ORIENTED_EDGE ( 'NONE', *, *, #1518, .F. ) ;
#2195 = PRESENTATION_LAYER_ASSIGNMENT (  '', '', ( #341 ) ) ;
#2196 = STYLED_ITEM ( 'NONE', ( #1263 ), #274 ) ;
#2197 = CARTESIAN_POINT ( 'NONE',  ( -7.000000000000000000, -1.224687275939857267, -13.13762514150104899 ) ) ;
#2198 = VERTEX_POINT ( 'NONE', #1792 ) ;
#2199 = PRESENTATION_LAYER_ASSIGNMENT (  '', '', ( #1853 ) ) ;
#2200 = FACE_OUTER_BOUND ( 'NONE', #1325, .T. ) ;
#2201 = EDGE_CURVE ( 'NONE', #4192, #3566, #1809, .T. ) ;
#2202 = DIRECTION ( 'NONE',  ( 0.000000000000000000, -0.4999999999999980016, 0.8660254037844397068 ) ) ;
#2203 = SURFACE_STYLE_USAGE ( .BOTH. , #3417 ) ;
#2204 =( LENGTH_UNIT ( ) NAMED_UNIT ( * ) SI_UNIT ( .MILLI., .METRE. ) );
#2205 = UNCERTAINTY_MEASURE_WITH_UNIT (LENGTH_MEASURE( 1.000000000000000082E-05 ), #2006, 'distance_accuracy_value', 'NONE');
#2206 = ORIENTED_EDGE ( 'NONE', *, *, #2602, .F. ) ;
#2207 =( NAMED_UNIT ( * ) SI_UNIT ( $, .STERADIAN. ) SOLID_ANGLE_UNIT ( ) );
#2208 = SURFACE_STYLE_USAGE ( .BOTH. , #903 ) ;
#2209 = CARTESIAN_POINT ( 'NONE',  ( -0.2550000000000000044, -2.915884028769855951E-16, 8.881000000000014438 ) ) ;
#2210 = SURFACE_STYLE_FILL_AREA ( #3210 ) ;
#2211 = DIRECTION ( 'NONE',  ( 1.000000000000000000, 0.000000000000000000, 0.000000000000000000 ) ) ;
#2212 = SURFACE_SIDE_STYLE ('',( #2943 ) ) ;
#2213 = ORIENTED_EDGE ( 'NONE', *, *, #2368, .T. ) ;
#2214 = PLANE ( 'NONE',  #957 ) ;
#2215 = ORIENTED_EDGE ( 'NONE', *, *, #483, .F. ) ;
#2216 = FILL_AREA_STYLE ('',( #1946 ) ) ;
#2217 =( NAMED_UNIT ( * ) PLANE_ANGLE_UNIT ( ) SI_UNIT ( $, .RADIAN. ) );
#2218 = ADVANCED_FACE ( 'NONE', ( #1190 ), #4042, .T. ) ;
#2219 = CARTESIAN_POINT ( 'NONE',  ( 7.000000000000000888, -1.300000000000000044, -14.85470053837925342 ) ) ;
#2220 = SURFACE_STYLE_USAGE ( .BOTH. , #922 ) ;
#2221 = EDGE_CURVE ( 'NONE', #1435, #2279, #3786, .T. ) ;
#2222 =( NAMED_UNIT ( * ) PLANE_ANGLE_UNIT ( ) SI_UNIT ( $, .RADIAN. ) );
#2223 = VERTEX_POINT ( 'NONE', #935 ) ;
#2224 = EDGE_CURVE ( 'NONE', #327, #700, #2269, .T. ) ;
#2225 = SURFACE_SIDE_STYLE ('',( #2040 ) ) ;
#2226 =( NAMED_UNIT ( * ) SI_UNIT ( $, .STERADIAN. ) SOLID_ANGLE_UNIT ( ) );
#2227 = SURFACE_STYLE_USAGE ( .BOTH. , #1838 ) ;
#2228 = LINE ( 'NONE', #3547, #1377 ) ;
#2229 = DIRECTION ( 'NONE',  ( -0.000000000000000000, 0.7071067811865461294, 0.7071067811865489050 ) ) ;
#2230 = FILL_AREA_STYLE_COLOUR ( '', #1768 ) ;
#2231 = CARTESIAN_POINT ( 'NONE',  ( -7.000000000000000000, -2.749374551879701478, -14.85470053837925342 ) ) ;
#2232 = EDGE_LOOP ( 'NONE', ( #2997, #2194, #1462, #1310 ) ) ;
#2233 =( GEOMETRIC_REPRESENTATION_CONTEXT ( 3 ) GLOBAL_UNCERTAINTY_ASSIGNED_CONTEXT ( ( #362 ) ) GLOBAL_UNIT_ASSIGNED_CONTEXT ( ( #4210, #1965, #2617 ) ) REPRESENTATION_CONTEXT ( 'NONE', 'WORKASPACE' ) );
#2234 = UNCERTAINTY_MEASURE_WITH_UNIT (LENGTH_MEASURE( 1.000000000000000082E-05 ), #705, 'distance_accuracy_value', 'NONE');
#2235 = LINE ( 'NONE', #3577, #3945 ) ;
#2236 = EDGE_LOOP ( 'NONE', ( #216, #924, #3029, #1127 ) ) ;
#2237 = SURFACE_SIDE_STYLE ('',( #934 ) ) ;
#2238 = AXIS2_PLACEMENT_3D ( 'NONE', #3757, #497, #853 ) ;
#2239 =( GEOMETRIC_REPRESENTATION_CONTEXT ( 3 ) GLOBAL_UNCERTAINTY_ASSIGNED_CONTEXT ( ( #2992 ) ) GLOBAL_UNIT_ASSIGNED_CONTEXT ( ( #2768, #3348, #3933 ) ) REPRESENTATION_CONTEXT ( 'NONE', 'WORKASPACE' ) );
#2240 = CARTESIAN_POINT ( 'NONE',  ( 4.924611425979328772, 0.8616953440868546643, -6.424611425979329660 ) ) ;
#2241 = EDGE_CURVE ( 'NONE', #2030, #1749, #4105, .T. ) ;
#2242 = CARTESIAN_POINT ( 'NONE',  ( -7.000000000000000000, -0.5506254481202985662, 0.1786197388437707478 ) ) ;
#2243 = DIRECTION ( 'NONE',  ( 0.000000000000000000, -0.08715574274765836016, -0.9961946980917455452 ) ) ;
#2244 = AXIS2_PLACEMENT_3D ( 'NONE', #2657, #583, #2912 ) ;
#2245 = EDGE_CURVE ( 'NONE', #3168, #2586, #921, .T. ) ;
#2246 = VERTEX_POINT ( 'NONE', #561 ) ;
#2247 = DIRECTION ( 'NONE',  ( 0.000000000000000000, -0.7071067811865489050, 0.7071067811865461294 ) ) ;
#2248 = STYLED_ITEM ( 'NONE', ( #1061 ), #1753 ) ;
#2249 = SURFACE_SIDE_STYLE ('',( #4194 ) ) ;
#2250 = VECTOR ( 'NONE', #1756, 1000.000000000000000 ) ;
#2251 = CARTESIAN_POINT ( 'NONE',  ( 7.000000000000000888, -1.224687275939857267, -13.13762514150104899 ) ) ;
#2252 = PRESENTATION_STYLE_ASSIGNMENT (( #2227 ) ) ;
#2253 = AXIS2_PLACEMENT_3D ( 'NONE', #3567, #4193, #1289 ) ;
#2254 = CARTESIAN_POINT ( 'NONE',  ( 3.000000000000000000, -2.749374551879700590, -14.85470053837925342 ) ) ;
#2255 = CARTESIAN_POINT ( 'NONE',  ( 1.645000000000000018, 0.000000000000000000, 6.500000000000001776 ) ) ;
#2256 = CARTESIAN_POINT ( 'NONE',  ( 3.000000000000000444, -1.775312724060153169, -12.18391388941630993 ) ) ;
#2257 = CARTESIAN_POINT ( 'NONE',  ( 1.836970198721030181E-16, -2.990000000000000213, 1.500000000000000222 ) ) ;
#2258 = SURFACE_STYLE_FILL_AREA ( #1214 ) ;
#2259 = VERTEX_POINT ( 'NONE', #2502 ) ;
#2260 =( GEOMETRIC_REPRESENTATION_CONTEXT ( 3 ) GLOBAL_UNCERTAINTY_ASSIGNED_CONTEXT ( ( #3474 ) ) GLOBAL_UNIT_ASSIGNED_CONTEXT ( ( #57, #1373, #699 ) ) REPRESENTATION_CONTEXT ( 'NONE', 'WORKASPACE' ) );
#2261 = VECTOR ( 'NONE', #1743, 1000.000000000000000 ) ;
#2262 = VECTOR ( 'NONE', #3366, 1000.000000000000000 ) ;
#2263 = AXIS2_PLACEMENT_3D ( 'NONE', #3247, #308, #3521 ) ;
#2264 = LINE ( 'NONE', #3829, #464 ) ;
#2265 = EDGE_LOOP ( 'NONE', ( #4187, #2642, #3402, #2343 ) ) ;
#2266 = DIRECTION ( 'NONE',  ( 0.000000000000000000, -1.224646799147350249E-16, 1.000000000000000000 ) ) ;
#2267 = COLOUR_RGB ( '',0.6666666666666666297, 0.6980392156862744724, 0.7686274509803920907 ) ;
#2268 = DIRECTION ( 'NONE',  ( -0.000000000000000000, -1.000000000000000000, -0.000000000000000000 ) ) ;
#2269 = LINE ( 'NONE', #2240, #2515 ) ;
#2270 = FACE_OUTER_BOUND ( 'NONE', #197, .T. ) ;
#2271 = CARTESIAN_POINT ( 'NONE',  ( -5.000000000000000888, 3.500000000000000000, -6.193789677659265358 ) ) ;
#2272 = MECHANICAL_DESIGN_GEOMETRIC_PRESENTATION_REPRESENTATION (  '', ( #768 ), #1187 ) ;
#2273 = ORIENTED_EDGE ( 'NONE', *, *, #3156, .T. ) ;
#2274 =( NAMED_UNIT ( * ) PLANE_ANGLE_UNIT ( ) SI_UNIT ( $, .RADIAN. ) );
#2275 = FILL_AREA_STYLE ('',( #2001 ) ) ;
#2276 = DIRECTION ( 'NONE',  ( 1.000000000000000000, 0.000000000000000000, 0.000000000000000000 ) ) ;
#2277 = DIRECTION ( 'NONE',  ( 0.000000000000000000, 1.000000000000000000, 0.000000000000000000 ) ) ;
#2278 = PRODUCT_DEFINITION ( 'UNKNOWN', '', #2960, #1597 ) ;
#2279 = VERTEX_POINT ( 'NONE', #632 ) ;
#2280 = EDGE_CURVE ( 'NONE', #846, #2402, #1878, .T. ) ;
#2281 = CARTESIAN_POINT ( 'NONE',  ( -2.154999999999999805, -0.2694076836320744017, 8.611592316367937983 ) ) ;
#2282 = FACE_OUTER_BOUND ( 'NONE', #3984, .T. ) ;
#2283 = DIRECTION ( 'NONE',  ( 0.000000000000000000, 0.000000000000000000, -1.000000000000000000 ) ) ;
#2284 = ORIENTED_EDGE ( 'NONE', *, *, #1616, .T. ) ;
#2285 = CARTESIAN_POINT ( 'NONE',  ( -7.000000000000000000, -1.224687275939857267, -13.13762514150104899 ) ) ;
#2286 = EDGE_LOOP ( 'NONE', ( #595, #1550, #3642, #2899 ) ) ;
#2287 = FILL_AREA_STYLE_COLOUR ( '', #81 ) ;
#2288 = SURFACE_SIDE_STYLE ('',( #672 ) ) ;
#2289 =( NAMED_UNIT ( * ) PLANE_ANGLE_UNIT ( ) SI_UNIT ( $, .RADIAN. ) );
#2290 = UNCERTAINTY_MEASURE_WITH_UNIT (LENGTH_MEASURE( 1.000000000000000082E-05 ), #2834, 'distance_accuracy_value', 'NONE');
#2291 = ORIENTED_EDGE ( 'NONE', *, *, #1559, .T. ) ;
#2292 = FILL_AREA_STYLE_COLOUR ( '', #2866 ) ;
#2293 = ORIENTED_EDGE ( 'NONE', *, *, #513, .T. ) ;
#2294 = DIRECTION ( 'NONE',  ( 1.000000000000000000, 0.000000000000000000, 0.000000000000000000 ) ) ;
#2295 = FILL_AREA_STYLE ('',( #3295 ) ) ;
#2296 = EDGE_LOOP ( 'NONE', ( #2019, #744, #719, #2962 ) ) ;
#2297 = SURFACE_STYLE_FILL_AREA ( #3548 ) ;
#2298 =( NAMED_UNIT ( * ) PLANE_ANGLE_UNIT ( ) SI_UNIT ( $, .RADIAN. ) );
#2299 = FILL_AREA_STYLE_COLOUR ( '', #3932 ) ;
#2300 = FACE_OUTER_BOUND ( 'NONE', #4147, .T. ) ;
#2301 = EDGE_CURVE ( 'NONE', #38, #2985, #3496, .T. ) ;
#2302 = DIRECTION ( 'NONE',  ( 1.000000000000000000, 0.000000000000000000, 0.000000000000000000 ) ) ;
#2303 = VERTEX_POINT ( 'NONE', #3472 ) ;
#2304 = EDGE_CURVE ( 'NONE', #261, #2841, #3176, .T. ) ;
#2305 = PRESENTATION_LAYER_ASSIGNMENT (  '', '', ( #2562 ) ) ;
#2306 = DIRECTION ( 'NONE',  ( 0.000000000000000000, -0.000000000000000000, 1.000000000000000000 ) ) ;
#2307 = ORIENTED_EDGE ( 'NONE', *, *, #1126, .T. ) ;
#2308 = DIRECTION ( 'NONE',  ( 1.000000000000000000, 0.000000000000000000, 0.000000000000000000 ) ) ;
#2309 = LINE ( 'NONE', #2573, #773 ) ;
#2310 = SURFACE_STYLE_USAGE ( .BOTH. , #998 ) ;
#2311 = AXIS2_PLACEMENT_3D ( 'NONE', #3453, #3079, #1460 ) ;
#2312 = SURFACE_STYLE_USAGE ( .BOTH. , #3538 ) ;
#2313 = ORIENTED_EDGE ( 'NONE', *, *, #4000, .F. ) ;
#2314 = CARTESIAN_POINT ( 'NONE',  ( 0.000000000000000000, 3.500000000000000000, 1.500000000000000222 ) ) ;
#2315 = VERTEX_POINT ( 'NONE', #579 ) ;
#2316 = FILL_AREA_STYLE ('',( #1004 ) ) ;
#2317 = PRESENTATION_STYLE_ASSIGNMENT (( #3 ) ) ;
#2318 = ORIENTED_EDGE ( 'NONE', *, *, #3128, .F. ) ;
#2319 = AXIS2_PLACEMENT_3D ( 'NONE', #1901, #2243, #655 ) ;
#2320 = VECTOR ( 'NONE', #3549, 1000.000000000000000 ) ;
#2321 = DIRECTION ( 'NONE',  ( 0.000000000000000000, 0.000000000000000000, -1.000000000000000000 ) ) ;
#2322 = SURFACE_STYLE_FILL_AREA ( #2025 ) ;
#2323 = SURFACE_STYLE_USAGE ( .BOTH. , #3276 ) ;
#2324 = DIRECTION ( 'NONE',  ( 0.000000000000000000, 0.8660254037844388186, 0.4999999999999997224 ) ) ;
#2325 = ORIENTED_EDGE ( 'NONE', *, *, #2164, .T. ) ;
#2326 = AXIS2_PLACEMENT_3D ( 'NONE', #1277, #2211, #1909 ) ;
#2327 =( GEOMETRIC_REPRESENTATION_CONTEXT ( 3 ) GLOBAL_UNCERTAINTY_ASSIGNED_CONTEXT ( ( #1226 ) ) GLOBAL_UNIT_ASSIGNED_CONTEXT ( ( #3740, #1210, #3119 ) ) REPRESENTATION_CONTEXT ( 'NONE', 'WORKASPACE' ) );
#2328 = ADVANCED_FACE ( 'NONE', ( #869 ), #3808, .F. ) ;
#2329 = CARTESIAN_POINT ( 'NONE',  ( 3.000000000000000000, -1.224687275939856823, -13.13762514150104899 ) ) ;
#2330 = COLOUR_RGB ( '',0.6666666666666666297, 0.6980392156862744724, 0.7686274509803920907 ) ;
#2331 = VECTOR ( 'NONE', #4113, 1000.000000000000000 ) ;
#2332 = CARTESIAN_POINT ( 'NONE',  ( -3.000000000000000000, -2.024687275939846653, -13.59950535685274353 ) ) ;
#2333 = MECHANICAL_DESIGN_GEOMETRIC_PRESENTATION_REPRESENTATION (  '', ( #4021 ), #465 ) ;
#2334 = VERTEX_POINT ( 'NONE', #1556 ) ;
#2335 = EDGE_CURVE ( 'NONE', #2198, #285, #896, .T. ) ;
#2336 =( GEOMETRIC_REPRESENTATION_CONTEXT ( 3 ) GLOBAL_UNCERTAINTY_ASSIGNED_CONTEXT ( ( #2506 ) ) GLOBAL_UNIT_ASSIGNED_CONTEXT ( ( #1806, #803, #176 ) ) REPRESENTATION_CONTEXT ( 'NONE', 'WORKASPACE' ) );
#2337 = EDGE_CURVE ( 'NONE', #3659, #1470, #2575, .T. ) ;
#2338 = VECTOR ( 'NONE', #2492, 1000.000000000000000 ) ;
#2339 = CARTESIAN_POINT ( 'NONE',  ( -7.000000000000000000, -3.850625448120298611, -14.85470053837925342 ) ) ;
#2340 = VERTEX_POINT ( 'NONE', #2993 ) ;
#2341 =( LENGTH_UNIT ( ) NAMED_UNIT ( * ) SI_UNIT ( .MILLI., .METRE. ) );
#2342 = VECTOR ( 'NONE', #1427, 1000.000000000000000 ) ;
#2343 = ORIENTED_EDGE ( 'NONE', *, *, #3489, .T. ) ;
#2344 = VECTOR ( 'NONE', #1241, 1000.000000000000000 ) ;
#2345 = CARTESIAN_POINT ( 'NONE',  ( -3.000000000000000000, -2.024687275939846653, -13.59950535685274353 ) ) ;
#2346 = SURFACE_STYLE_USAGE ( .BOTH. , #2022 ) ;
#2347 = CARTESIAN_POINT ( 'NONE',  ( -3.000000000000000000, -0.5506254481202986772, 2.100000000000000089 ) ) ;
#2348 = EDGE_LOOP ( 'NONE', ( #3931, #50, #3631, #3957 ) ) ;
#2349 =( GEOMETRIC_REPRESENTATION_CONTEXT ( 3 ) GLOBAL_UNCERTAINTY_ASSIGNED_CONTEXT ( ( #1984 ) ) GLOBAL_UNIT_ASSIGNED_CONTEXT ( ( #1828, #1536, #2845 ) ) REPRESENTATION_CONTEXT ( 'NONE', 'WORKASPACE' ) );
#2350 = DIRECTION ( 'NONE',  ( -1.000000000000000000, -0.000000000000000000, -0.000000000000000000 ) ) ;
#2351 = PLANE ( 'NONE',  #3952 ) ;
#2352 = DIRECTION ( 'NONE',  ( 0.000000000000000000, 0.000000000000000000, -1.000000000000000000 ) ) ;
#2353 = EDGE_LOOP ( 'NONE', ( #319, #101, #1998, #3946 ) ) ;
#2354 = UNCERTAINTY_MEASURE_WITH_UNIT (LENGTH_MEASURE( 1.000000000000000082E-05 ), #3817, 'distance_accuracy_value', 'NONE');
#2355 = UNCERTAINTY_MEASURE_WITH_UNIT (LENGTH_MEASURE( 1.000000000000000082E-05 ), #3961, 'distance_accuracy_value', 'NONE');
#2356 = FACE_OUTER_BOUND ( 'NONE', #3071, .T. ) ;
#2357 = ORIENTED_EDGE ( 'NONE', *, *, #4037, .F. ) ;
#2358 = UNCERTAINTY_MEASURE_WITH_UNIT (LENGTH_MEASURE( 1.000000000000000082E-05 ), #3794, 'distance_accuracy_value', 'NONE');
#2359 = SURFACE_STYLE_FILL_AREA ( #1346 ) ;
#2360 = LINE ( 'NONE', #2973, #3684 ) ;
#2361 = EDGE_LOOP ( 'NONE', ( #3476, #3107, #1744, #774 ) ) ;
#2362 = CARTESIAN_POINT ( 'NONE',  ( -2.154999999999999805, -3.319000000000000394, 12.20000000000000107 ) ) ;
#2363 = EDGE_LOOP ( 'NONE', ( #1408, #1098, #2507, #3974 ) ) ;
#2364 = ADVANCED_FACE ( 'NONE', ( #2680 ), #651, .F. ) ;
#2365 = LINE ( 'NONE', #749, #4010 ) ;
#2366 = SURFACE_STYLE_FILL_AREA ( #1438 ) ;
#2367 = FILL_AREA_STYLE_COLOUR ( '', #1845 ) ;
#2368 = EDGE_CURVE ( 'NONE', #2340, #846, #3287, .T. ) ;
#2369 = ORIENTED_EDGE ( 'NONE', *, *, #23, .T. ) ;
#2370 = DIRECTION ( 'NONE',  ( -0.000000000000000000, 0.000000000000000000, 1.000000000000000000 ) ) ;
#2371 =( NAMED_UNIT ( * ) PLANE_ANGLE_UNIT ( ) SI_UNIT ( $, .RADIAN. ) );
#2372 = LINE ( 'NONE', #3655, #2057 ) ;
#2373 =( NAMED_UNIT ( * ) PLANE_ANGLE_UNIT ( ) SI_UNIT ( $, .RADIAN. ) );
#2374 = DIRECTION ( 'NONE',  ( -0.000000000000000000, 1.000000000000000000, 0.000000000000000000 ) ) ;
#2375 = ADVANCED_FACE ( 'NONE', ( #3324 ), #1653, .F. ) ;
#2376 = EDGE_LOOP ( 'NONE', ( #2048, #1265, #3045, #2814, #3278, #128, #3266, #414 ) ) ;
#2377 = SURFACE_STYLE_FILL_AREA ( #2927 ) ;
#2378 = FACE_OUTER_BOUND ( 'NONE', #477, .T. ) ;
#2379 = ORIENTED_EDGE ( 'NONE', *, *, #800, .T. ) ;
#2380 = EDGE_LOOP ( 'NONE', ( #160, #3637, #987, #4041, #2764, #377 ) ) ;
#2381 = MECHANICAL_DESIGN_GEOMETRIC_PRESENTATION_REPRESENTATION (  '', ( #3855 ), #3789 ) ;
#2382 = ADVANCED_FACE ( 'NONE', ( #1328 ), #2637, .F. ) ;
#2383 = FILL_AREA_STYLE_COLOUR ( '', #2737 ) ;
#2384 = SURFACE_STYLE_USAGE ( .BOTH. , #1418 ) ;
#2385 =( LENGTH_UNIT ( ) NAMED_UNIT ( * ) SI_UNIT ( .MILLI., .METRE. ) );
#2386 = MECHANICAL_DESIGN_GEOMETRIC_PRESENTATION_REPRESENTATION (  '', ( #4200 ), #383 ) ;
#2387 = EDGE_CURVE ( 'NONE', #2428, #1057, #2736, .T. ) ;
#2388 = ORIENTED_EDGE ( 'NONE', *, *, #1337, .F. ) ;
#2389 = CARTESIAN_POINT ( 'NONE',  ( 1.645000000000000018, -3.319000000000000838, 16.00000000000000000 ) ) ;
#2390 =( GEOMETRIC_REPRESENTATION_CONTEXT ( 3 ) GLOBAL_UNCERTAINTY_ASSIGNED_CONTEXT ( ( #4185 ) ) GLOBAL_UNIT_ASSIGNED_CONTEXT ( ( #3941, #751, #452 ) ) REPRESENTATION_CONTEXT ( 'NONE', 'WORKASPACE' ) );
#2391 = DIRECTION ( 'NONE',  ( 0.000000000000000000, -0.4999999999999997224, 0.8660254037844388186 ) ) ;
#2392 = CARTESIAN_POINT ( 'NONE',  ( -1.645000000000000018, -3.319000000000000838, 16.00000000000000000 ) ) ;
#2393 = DIRECTION ( 'NONE',  ( -1.000000000000000000, -0.000000000000000000, -0.000000000000000000 ) ) ;
#2394 = VECTOR ( 'NONE', #222, 1000.000000000000000 ) ;
#2395 =( GEOMETRIC_REPRESENTATION_CONTEXT ( 3 ) GLOBAL_UNCERTAINTY_ASSIGNED_CONTEXT ( ( #2988 ) ) GLOBAL_UNIT_ASSIGNED_CONTEXT ( ( #3334, #2067, #684 ) ) REPRESENTATION_CONTEXT ( 'NONE', 'WORKASPACE' ) );
#2396 =( NAMED_UNIT ( * ) SI_UNIT ( $, .STERADIAN. ) SOLID_ANGLE_UNIT ( ) );
#2397 = VERTEX_POINT ( 'NONE', #527 ) ;
#2398 = VECTOR ( 'NONE', #822, 1000.000000000000000 ) ;
#2399 = STYLED_ITEM ( 'NONE', ( #1603 ), #2803 ) ;
#2400 = FILL_AREA_STYLE ('',( #2717 ) ) ;
#2401 = DIRECTION ( 'NONE',  ( -0.9961946980917455452, 0.08715574274765836016, 1.329324868787214695E-16 ) ) ;
#2402 = VERTEX_POINT ( 'NONE', #505 ) ;
#2403 = PRESENTATION_LAYER_ASSIGNMENT (  '', '', ( #4215 ) ) ;
#2404 = FILL_AREA_STYLE ('',( #3997 ) ) ;
#2405 = STYLED_ITEM ( 'NONE', ( #693 ), #3208 ) ;
#2406 =( GEOMETRIC_REPRESENTATION_CONTEXT ( 3 ) GLOBAL_UNCERTAINTY_ASSIGNED_CONTEXT ( ( #84 ) ) GLOBAL_UNIT_ASSIGNED_CONTEXT ( ( #246, #2559, #4115 ) ) REPRESENTATION_CONTEXT ( 'NONE', 'WORKASPACE' ) );
#2407 = VERTEX_POINT ( 'NONE', #1818 ) ;
#2408 =( GEOMETRIC_REPRESENTATION_CONTEXT ( 3 ) GLOBAL_UNCERTAINTY_ASSIGNED_CONTEXT ( ( #1903 ) ) GLOBAL_UNIT_ASSIGNED_CONTEXT ( ( #1324, #2047, #1669 ) ) REPRESENTATION_CONTEXT ( 'NONE', 'WORKASPACE' ) );
#2409 = SURFACE_STYLE_FILL_AREA ( #512 ) ;
#2410 = MECHANICAL_DESIGN_GEOMETRIC_PRESENTATION_REPRESENTATION (  '', ( #5 ), #1511 ) ;
#2411 = DIRECTION ( 'NONE',  ( -0.000000000000000000, 1.000000000000000000, 1.224646799147350249E-16 ) ) ;
#2412 = VECTOR ( 'NONE', #3459, 1000.000000000000000 ) ;
#2413 = STYLED_ITEM ( 'NONE', ( #1638 ), #349 ) ;
#2414 = ORIENTED_EDGE ( 'NONE', *, *, #526, .F. ) ;
#2415 =( NAMED_UNIT ( * ) SI_UNIT ( $, .STERADIAN. ) SOLID_ANGLE_UNIT ( ) );
#2416 = CARTESIAN_POINT ( 'NONE',  ( -0.2550000000000000044, -0.2694076836320744017, 8.611592316367937983 ) ) ;
#2417 = CARTESIAN_POINT ( 'NONE',  ( -4.693789677659265358, 3.500000000000000000, 6.193789677659267134 ) ) ;
#2418 = DIRECTION ( 'NONE',  ( 0.08715574274765836016, 0.9961946980917455452, -0.000000000000000000 ) ) ;
#2419 = CARTESIAN_POINT ( 'NONE',  ( -1.645000000000000018, -2.915884028769855951E-16, 8.881000000000014438 ) ) ;
#2420 = ADVANCED_FACE ( 'NONE', ( #2516 ), #213, .F. ) ;
#2421 = VECTOR ( 'NONE', #2444, 1000.000000000000000 ) ;
#2422 = PRESENTATION_STYLE_ASSIGNMENT (( #1107 ) ) ;
#2423 = PRESENTATION_STYLE_ASSIGNMENT (( #2482 ) ) ;
#2424 = ORIENTED_EDGE ( 'NONE', *, *, #2021, .F. ) ;
#2425 =( GEOMETRIC_REPRESENTATION_CONTEXT ( 3 ) GLOBAL_UNCERTAINTY_ASSIGNED_CONTEXT ( ( #1343 ) ) GLOBAL_UNIT_ASSIGNED_CONTEXT ( ( #919, #1580, #4189 ) ) REPRESENTATION_CONTEXT ( 'NONE', 'WORKASPACE' ) );
#2426 = FILL_AREA_STYLE_COLOUR ( '', #1186 ) ;
#2427 = DIRECTION ( 'NONE',  ( 0.000000000000000000, 0.000000000000000000, -1.000000000000000000 ) ) ;
#2428 = VERTEX_POINT ( 'NONE', #3824 ) ;
#2429 = DIRECTION ( 'NONE',  ( 0.000000000000000000, 0.000000000000000000, -1.000000000000000000 ) ) ;
#2430 = LINE ( 'NONE', #3355, #4156 ) ;
#2431 = DIRECTION ( 'NONE',  ( -1.000000000000000000, 0.000000000000000000, 0.000000000000000000 ) ) ;
#2432 =( LENGTH_UNIT ( ) NAMED_UNIT ( * ) SI_UNIT ( .MILLI., .METRE. ) );
#2433 = ORIENTED_EDGE ( 'NONE', *, *, #847, .F. ) ;
#2434 = EDGE_CURVE ( 'NONE', #3253, #3897, #2858, .T. ) ;
#2435 = CARTESIAN_POINT ( 'NONE',  ( 3.000000000000000000, -2.749374551879700590, -14.85470053837925342 ) ) ;
#2436 = PLANE ( 'NONE',  #2611 ) ;
#2437 = SURFACE_STYLE_USAGE ( .BOTH. , #551 ) ;
#2438 = EDGE_CURVE ( 'NONE', #2933, #3062, #1198, .T. ) ;
#2439 = ORIENTED_EDGE ( 'NONE', *, *, #2007, .T. ) ;
#2440 = ADVANCED_FACE ( 'NONE', ( #3431 ), #489, .F. ) ;
#2441 = SURFACE_STYLE_FILL_AREA ( #1764 ) ;
#2442 =( NAMED_UNIT ( * ) SI_UNIT ( $, .STERADIAN. ) SOLID_ANGLE_UNIT ( ) );
#2443 = ORIENTED_EDGE ( 'NONE', *, *, #1801, .F. ) ;
#2444 = DIRECTION ( 'NONE',  ( 0.000000000000000000, -0.8660254037844388186, -0.4999999999999996669 ) ) ;
#2445 = ORIENTED_EDGE ( 'NONE', *, *, #2722, .T. ) ;
#2446 = CARTESIAN_POINT ( 'NONE',  ( -7.000000000000000000, -0.5506254481202985662, -7.899228495914965009 ) ) ;
#2447 = CARTESIAN_POINT ( 'NONE',  ( 3.000000000000000000, -2.024687275939846653, -13.59950535685274353 ) ) ;
#2448 = PRESENTATION_STYLE_ASSIGNMENT (( #1138 ) ) ;
#2449 = ORIENTED_EDGE ( 'NONE', *, *, #1361, .T. ) ;
#2450 = DIRECTION ( 'NONE',  ( 0.000000000000000000, 0.000000000000000000, -1.000000000000000000 ) ) ;
#2451 = COLOUR_RGB ( '',0.6666666666666666297, 0.6980392156862744724, 0.7686274509803920907 ) ;
#2452 = DIRECTION ( 'NONE',  ( -0.000000000000000000, 1.000000000000000000, -0.000000000000000000 ) ) ;
#2453 = MECHANICAL_DESIGN_GEOMETRIC_PRESENTATION_REPRESENTATION (  '', ( #54 ), #2792 ) ;
#2454 = CARTESIAN_POINT ( 'NONE',  ( -4.999999999999999112, 0.000000000000000000, 6.500000000000001776 ) ) ;
#2455 = DIRECTION ( 'NONE',  ( 1.000000000000000000, 0.000000000000000000, 0.000000000000000000 ) ) ;
#2456 = ORIENTED_EDGE ( 'NONE', *, *, #2224, .F. ) ;
#2457 = CIRCLE ( 'NONE', #2524, 0.4999999999999995559 ) ;
#2458 = COLOUR_RGB ( '',0.6666666666666666297, 0.6980392156862744724, 0.7686274509803920907 ) ;
#2459 = DIRECTION ( 'NONE',  ( -1.000000000000000000, 0.000000000000000000, -0.000000000000000000 ) ) ;
#2460 = ORIENTED_EDGE ( 'NONE', *, *, #1466, .F. ) ;
#2461 = CARTESIAN_POINT ( 'NONE',  ( 3.000000000000000000, -2.749374551879700590, -14.85470053837925342 ) ) ;
#2462 = SURFACE_STYLE_FILL_AREA ( #2175 ) ;
#2463 =( LENGTH_UNIT ( ) NAMED_UNIT ( * ) SI_UNIT ( .MILLI., .METRE. ) );
#2464 = STYLED_ITEM ( 'NONE', ( #334 ), #2071 ) ;
#2465 = DIRECTION ( 'NONE',  ( -3.938075060594117859E-16, 1.000000000000000000, 0.000000000000000000 ) ) ;
#2466 =( NAMED_UNIT ( * ) PLANE_ANGLE_UNIT ( ) SI_UNIT ( $, .RADIAN. ) );
#2467 = AXIS2_PLACEMENT_3D ( 'NONE', #3892, #3255, #318 ) ;
#2468 = MECHANICAL_DESIGN_GEOMETRIC_PRESENTATION_REPRESENTATION (  '', ( #1176 ), #1381 ) ;
#2469 = ORIENTED_EDGE ( 'NONE', *, *, #1538, .T. ) ;
#2470 = COLOUR_RGB ( '',0.6666666666666666297, 0.6980392156862744724, 0.7686274509803920907 ) ;
#2471 = DIRECTION ( 'NONE',  ( 0.000000000000000000, 0.000000000000000000, 1.000000000000000000 ) ) ;
#2472 = LINE ( 'NONE', #1780, #2331 ) ;
#2473 = SURFACE_SIDE_STYLE ('',( #3501 ) ) ;
#2474 = LINE ( 'NONE', #3163, #2338 ) ;
#2475 = DIRECTION ( 'NONE',  ( 0.000000000000000000, -1.141265444721583757E-16, 1.000000000000000000 ) ) ;
#2476 = COLOUR_RGB ( '',0.6666666666666666297, 0.6980392156862744724, 0.7686274509803920907 ) ;
#2477 = CIRCLE ( 'NONE', #3282, 1.500000000000000222 ) ;
#2478 =( GEOMETRIC_REPRESENTATION_CONTEXT ( 3 ) GLOBAL_UNCERTAINTY_ASSIGNED_CONTEXT ( ( #1032 ) ) GLOBAL_UNIT_ASSIGNED_CONTEXT ( ( #1113, #3978, #1072 ) ) REPRESENTATION_CONTEXT ( 'NONE', 'WORKASPACE' ) );
#2479 = CARTESIAN_POINT ( 'NONE',  ( 0.000000000000000000, -2.990000000000000213, 0.000000000000000000 ) ) ;
#2480 =( LENGTH_UNIT ( ) NAMED_UNIT ( * ) SI_UNIT ( .MILLI., .METRE. ) );
#2481 = VECTOR ( 'NONE', #1614, 1000.000000000000000 ) ;
#2482 = SURFACE_STYLE_USAGE ( .BOTH. , #1487 ) ;
#2483 = ORIENTED_EDGE ( 'NONE', *, *, #1468, .T. ) ;
#2484 = VERTEX_POINT ( 'NONE', #1262 ) ;
#2485 = DIRECTION ( 'NONE',  ( 0.000000000000000000, 0.000000000000000000, 1.000000000000000000 ) ) ;
#2486 = PLANE ( 'NONE',  #204 ) ;
#2487 = SURFACE_SIDE_STYLE ('',( #433 ) ) ;
#2488 = CARTESIAN_POINT ( 'NONE',  ( -3.000000000000000000, -1.300000000000000044, -14.85470053837925342 ) ) ;
#2489 = EDGE_CURVE ( 'NONE', #586, #456, #972, .T. ) ;
#2490 = VERTEX_POINT ( 'NONE', #3885 ) ;
#2491 = FILL_AREA_STYLE_COLOUR ( '', #2862 ) ;
#2492 = DIRECTION ( 'NONE',  ( -1.000000000000000000, -0.000000000000000000, -0.000000000000000000 ) ) ;
#2493 = PRESENTATION_STYLE_ASSIGNMENT (( #4116 ) ) ;
#2494 = ADVANCED_FACE ( 'NONE', ( #3838 ), #1956, .F. ) ;
#2495 = FACE_OUTER_BOUND ( 'NONE', #3487, .T. ) ;
#2496 =( NAMED_UNIT ( * ) PLANE_ANGLE_UNIT ( ) SI_UNIT ( $, .RADIAN. ) );
#2497 = EDGE_LOOP ( 'NONE', ( #2990, #777, #1109, #601 ) ) ;
#2498 = ADVANCED_FACE ( 'NONE', ( #340 ), #2583, .F. ) ;
#2499 = CARTESIAN_POINT ( 'NONE',  ( 0.000000000000000000, -2.990000000000000213, 0.000000000000000000 ) ) ;
#2500 = ORIENTED_EDGE ( 'NONE', *, *, #250, .T. ) ;
#2501 = FILL_AREA_STYLE_COLOUR ( '', #1040 ) ;
#2502 = CARTESIAN_POINT ( 'NONE',  ( -7.000000000000000000, 0.5506254481202986772, 0.1786197388437707478 ) ) ;
#2503 = DIRECTION ( 'NONE',  ( 0.000000000000000000, 0.000000000000000000, -1.000000000000000000 ) ) ;
#2504 = FILL_AREA_STYLE_COLOUR ( '', #3265 ) ;
#2505 = ADVANCED_FACE ( 'NONE', ( #1977 ), #593, .F. ) ;
#2506 = UNCERTAINTY_MEASURE_WITH_UNIT (LENGTH_MEASURE( 1.000000000000000082E-05 ), #1806, 'distance_accuracy_value', 'NONE');
#2507 = ORIENTED_EDGE ( 'NONE', *, *, #1185, .F. ) ;
#2508 = SURFACE_STYLE_FILL_AREA ( #3085 ) ;
#2509 = LINE ( 'NONE', #840, #1500 ) ;
#2510 = SURFACE_STYLE_USAGE ( .BOTH. , #2225 ) ;
#2511 = SURFACE_STYLE_FILL_AREA ( #1589 ) ;
#2512 = EDGE_CURVE ( 'NONE', #3001, #2930, #1410, .T. ) ;
#2513 = DIRECTION ( 'NONE',  ( 0.000000000000000000, 1.000000000000000000, 0.000000000000000000 ) ) ;
#2514 = CARTESIAN_POINT ( 'NONE',  ( -5.000000000000000000, -5.097765036851660844E-17, 2.100000000000000089 ) ) ;
#2515 = VECTOR ( 'NONE', #2832, 1000.000000000000114 ) ;
#2516 = FACE_OUTER_BOUND ( 'NONE', #1088, .T. ) ;
#2517 =( NAMED_UNIT ( * ) SI_UNIT ( $, .STERADIAN. ) SOLID_ANGLE_UNIT ( ) );
#2518 = ORIENTED_EDGE ( 'NONE', *, *, #847, .T. ) ;
#2519 = EDGE_CURVE ( 'NONE', #1049, #1754, #3360, .T. ) ;
#2520 = COLOUR_RGB ( '',0.6666666666666666297, 0.6980392156862744724, 0.7686274509803920907 ) ;
#2521 = DIRECTION ( 'NONE',  ( 1.334402673828313093E-16, -0.000000000000000000, 1.000000000000000000 ) ) ;
#2522 = ORIENTED_EDGE ( 'NONE', *, *, #3630, .F. ) ;
#2523 = LINE ( 'NONE', #1517, #1726 ) ;
#2524 = AXIS2_PLACEMENT_3D ( 'NONE', #3454, #1831, #3788 ) ;
#2525 = CARTESIAN_POINT ( 'NONE',  ( -2.154999999999999805, -3.319000000000000394, 12.20000000000000107 ) ) ;
#2526 =( NAMED_UNIT ( * ) SI_UNIT ( $, .STERADIAN. ) SOLID_ANGLE_UNIT ( ) );
#2527 = CARTESIAN_POINT ( 'NONE',  ( 6.204300430580680370, 0.5506254481202986772, 2.100000000000000089 ) ) ;
#2528 = MECHANICAL_DESIGN_GEOMETRIC_PRESENTATION_REPRESENTATION (  '', ( #1832 ), #4070 ) ;
#2529 = AXIS2_PLACEMENT_3D ( 'NONE', #1509, #1548, #3037 ) ;
#2530 = ORIENTED_EDGE ( 'NONE', *, *, #1616, .F. ) ;
#2531 = VECTOR ( 'NONE', #758, 1000.000000000000000 ) ;
#2532 =( GEOMETRIC_REPRESENTATION_CONTEXT ( 3 ) GLOBAL_UNCERTAINTY_ASSIGNED_CONTEXT ( ( #2205 ) ) GLOBAL_UNIT_ASSIGNED_CONTEXT ( ( #2006, #1010, #401 ) ) REPRESENTATION_CONTEXT ( 'NONE', 'WORKASPACE' ) );
#2533 = CARTESIAN_POINT ( 'NONE',  ( 0.2550000000000000044, -0.3810000000000000053, 6.500000000000001776 ) ) ;
#2534 = SURFACE_STYLE_FILL_AREA ( #1229 ) ;
#2535 = LINE ( 'NONE', #3816, #1305 ) ;
#2536 = CARTESIAN_POINT ( 'NONE',  ( -2.154999999999999805, -3.319000000000000838, 16.00000000000000000 ) ) ;
#2537 = VECTOR ( 'NONE', #1850, 1000.000000000000000 ) ;
#2538 = CIRCLE ( 'NONE', #1245, 0.4999999999999995559 ) ;
#2539 = CARTESIAN_POINT ( 'NONE',  ( 3.000000000000000000, 0.5506254481202986772, 2.100000000000000089 ) ) ;
#2540 = STYLED_ITEM ( 'NONE', ( #2423 ), #3420 ) ;
#2541 = CARTESIAN_POINT ( 'NONE',  ( 5.000000000000000888, 0.000000000000000000, 6.500000000000001776 ) ) ;
#2542 = DIRECTION ( 'NONE',  ( 0.000000000000000000, 0.000000000000000000, -1.000000000000000000 ) ) ;
#2543 = ORIENTED_EDGE ( 'NONE', *, *, #2934, .F. ) ;
#2544 = EDGE_CURVE ( 'NONE', #1314, #1435, #3674, .T. ) ;
#2545 = COLOUR_RGB ( '',0.6666666666666666297, 0.6980392156862744724, 0.7686274509803920907 ) ;
#2546 = MECHANICAL_DESIGN_GEOMETRIC_PRESENTATION_REPRESENTATION (  '', ( #3217 ), #899 ) ;
#2547 = DIRECTION ( 'NONE',  ( 1.000000000000000000, 0.000000000000000000, 0.000000000000000000 ) ) ;
#2548 = VERTEX_POINT ( 'NONE', #113 ) ;
#2549 =( NAMED_UNIT ( * ) SI_UNIT ( $, .STERADIAN. ) SOLID_ANGLE_UNIT ( ) );
#2550 = EDGE_CURVE ( 'NONE', #798, #2627, #1100, .T. ) ;
#2551 = SURFACE_STYLE_USAGE ( .BOTH. , #2288 ) ;
#2552 = AXIS2_PLACEMENT_3D ( 'NONE', #2142, #496, #1205 ) ;
#2553 = DIRECTION ( 'NONE',  ( -0.000000000000000000, 1.000000000000000000, 1.141265444721583757E-16 ) ) ;
#2554 = SURFACE_SIDE_STYLE ('',( #1251 ) ) ;
#2555 = LINE ( 'NONE', #923, #3332 ) ;
#2556 = ORIENTED_EDGE ( 'NONE', *, *, #621, .T. ) ;
#2557 = UNCERTAINTY_MEASURE_WITH_UNIT (LENGTH_MEASURE( 1.000000000000000082E-05 ), #1264, 'distance_accuracy_value', 'NONE');
#2558 = FILL_AREA_STYLE ('',( #2491 ) ) ;
#2559 =( NAMED_UNIT ( * ) PLANE_ANGLE_UNIT ( ) SI_UNIT ( $, .RADIAN. ) );
#2560 = LINE ( 'NONE', #1195, #2412 ) ;
#2561 =( LENGTH_UNIT ( ) NAMED_UNIT ( * ) SI_UNIT ( .MILLI., .METRE. ) );
#2562 = STYLED_ITEM ( 'NONE', ( #2080 ), #886 ) ;
#2563 =( NAMED_UNIT ( * ) SI_UNIT ( $, .STERADIAN. ) SOLID_ANGLE_UNIT ( ) );
#2564 = CARTESIAN_POINT ( 'NONE',  ( -6.800000000000000711, -2.630250393329138792, -7.899228495914965009 ) ) ;
#2565 =( NAMED_UNIT ( * ) SI_UNIT ( $, .STERADIAN. ) SOLID_ANGLE_UNIT ( ) );
#2566 = ORIENTED_EDGE ( 'NONE', *, *, #1775, .F. ) ;
#2567 = ADVANCED_FACE ( 'NONE', ( #3702 ), #710, .F. ) ;
#2568 = CARTESIAN_POINT ( 'NONE',  ( 3.000000000000000444, -1.300000000000000044, -14.85470053837925342 ) ) ;
#2569 = ORIENTED_EDGE ( 'NONE', *, *, #559, .F. ) ;
#2570 = EDGE_CURVE ( 'NONE', #3581, #1227, #2088, .T. ) ;
#2571 = DIRECTION ( 'NONE',  ( 1.000000000000000000, 0.000000000000000000, 0.000000000000000000 ) ) ;
#2572 = EDGE_CURVE ( 'NONE', #38, #1148, #436, .T. ) ;
#2573 = CARTESIAN_POINT ( 'NONE',  ( -3.000000000000000000, 0.5506254481202986772, -10.06269330410536078 ) ) ;
#2574 =( NAMED_UNIT ( * ) SI_UNIT ( $, .STERADIAN. ) SOLID_ANGLE_UNIT ( ) );
#2575 = LINE ( 'NONE', #1283, #796 ) ;
#2576 = SURFACE_STYLE_FILL_AREA ( #1272 ) ;
#2577 = DIRECTION ( 'NONE',  ( 0.000000000000000000, -0.4999999999999996669, 0.8660254037844388186 ) ) ;
#2578 = ORIENTED_EDGE ( 'NONE', *, *, #619, .F. ) ;
#2579 = DIRECTION ( 'NONE',  ( 0.000000000000000000, -0.7071067811865489050, 0.7071067811865461294 ) ) ;
#2580 = CARTESIAN_POINT ( 'NONE',  ( 0.2550000000000000044, 0.000000000000000000, 6.500000000000001776 ) ) ;
#2581 = DIRECTION ( 'NONE',  ( -0.000000000000000000, 1.000000000000000000, 1.141265444721583757E-16 ) ) ;
#2582 =( NAMED_UNIT ( * ) SI_UNIT ( $, .STERADIAN. ) SOLID_ANGLE_UNIT ( ) );
#2583 = PLANE ( 'NONE',  #4006 ) ;
#2584 =( LENGTH_UNIT ( ) NAMED_UNIT ( * ) SI_UNIT ( .MILLI., .METRE. ) );
#2585 = PLANE ( 'NONE',  #2818 ) ;
#2586 = VERTEX_POINT ( 'NONE', #3065 ) ;
#2587 = MECHANICAL_DESIGN_GEOMETRIC_PRESENTATION_REPRESENTATION (  '', ( #1484 ), #3003 ) ;
#2588 = CARTESIAN_POINT ( 'NONE',  ( -6.800000000000000711, 0.5506254481202986772, -6.487320914739863831 ) ) ;
#2589 = VERTEX_POINT ( 'NONE', #130 ) ;
#2590 = VECTOR ( 'NONE', #2963, 1000.000000000000000 ) ;
#2591 = AXIS2_PLACEMENT_3D ( 'NONE', #2625, #2, #2579 ) ;
#2592 = DIRECTION ( 'NONE',  ( 1.000000000000000000, 0.000000000000000000, 0.000000000000000000 ) ) ;
#2593 = LINE ( 'NONE', #3832, #259 ) ;
#2594 = SURFACE_STYLE_FILL_AREA ( #1002 ) ;
#2595 = VECTOR ( 'NONE', #4173, 1000.000000000000000 ) ;
#2596 = ADVANCED_FACE ( 'NONE', ( #2981 ), #1444, .F. ) ;
#2597 = ORIENTED_EDGE ( 'NONE', *, *, #2754, .T. ) ;
#2598 =( LENGTH_UNIT ( ) NAMED_UNIT ( * ) SI_UNIT ( .MILLI., .METRE. ) );
#2599 = COLOUR_RGB ( '',0.6666666666666666297, 0.6980392156862744724, 0.7686274509803920907 ) ;
#2600 = CARTESIAN_POINT ( 'NONE',  ( 4.999999999999999112, 0.000000000000000000, -6.500000000000000000 ) ) ;
#2601 = SURFACE_SIDE_STYLE ('',( #1403 ) ) ;
#2602 = EDGE_CURVE ( 'NONE', #3040, #2279, #547, .T. ) ;
#2603 = VECTOR ( 'NONE', #2126, 1000.000000000000000 ) ;
#2604 = ORIENTED_EDGE ( 'NONE', *, *, #3489, .F. ) ;
#2605 = CARTESIAN_POINT ( 'NONE',  ( -3.000626588136170891, 2.990000000000000213, 5.590417679675883988 ) ) ;
#2606 = CARTESIAN_POINT ( 'NONE',  ( -0.2550000000000000044, -3.319000000000000838, 16.00000000000000000 ) ) ;
#2607 = AXIS2_PLACEMENT_3D ( 'NONE', #984, #657, #2688 ) ;
#2608 = CARTESIAN_POINT ( 'NONE',  ( -3.000000000000000000, 0.5506254481202986772, 2.100000000000000089 ) ) ;
#2609 = EDGE_LOOP ( 'NONE', ( #3293, #2357, #80, #1599 ) ) ;
#2610 = VECTOR ( 'NONE', #3349, 1000.000000000000114 ) ;
#2611 = AXIS2_PLACEMENT_3D ( 'NONE', #1389, #2714, #3676 ) ;
#2612 = CARTESIAN_POINT ( 'NONE',  ( 0.2550000000000001155, -0.3810000000000002829, 8.723184632735863531 ) ) ;
#2613 = ORIENTED_EDGE ( 'NONE', *, *, #782, .T. ) ;
#2614 =( NAMED_UNIT ( * ) PLANE_ANGLE_UNIT ( ) SI_UNIT ( $, .RADIAN. ) );
#2615 = AXIS2_PLACEMENT_3D ( 'NONE', #2878, #1934, #3227 ) ;
#2616 = CLOSED_SHELL ( 'NONE', ( #1209, #886, #2703, #1485, #812, #1519, #3651, #2071, #2440, #3778 ) ) ;
#2617 =( NAMED_UNIT ( * ) SI_UNIT ( $, .STERADIAN. ) SOLID_ANGLE_UNIT ( ) );
#2618 = CARTESIAN_POINT ( 'NONE',  ( -1.645000000000000018, 0.000000000000000000, 6.500000000000001776 ) ) ;
#2619 = ORIENTED_EDGE ( 'NONE', *, *, #1982, .F. ) ;
#2620 = DIRECTION ( 'NONE',  ( 0.000000000000000000, 0.000000000000000000, -1.000000000000000000 ) ) ;
#2621 = AXIS2_PLACEMENT_3D ( 'NONE', #995, #603, #3533 ) ;
#2622 = ORIENTED_EDGE ( 'NONE', *, *, #2304, .F. ) ;
#2623 = EDGE_CURVE ( 'NONE', #2796, #3850, #3086, .T. ) ;
#2624 = FILL_AREA_STYLE ('',( #1256 ) ) ;
#2625 = CARTESIAN_POINT ( 'NONE',  ( -2.154999999999999805, -2.915884028769855951E-16, 8.881000000000014438 ) ) ;
#2626 = ADVANCED_FACE ( 'NONE', ( #4028 ), #3144, .T. ) ;
#2627 = VERTEX_POINT ( 'NONE', #816 ) ;
#2628 = FILL_AREA_STYLE_COLOUR ( '', #63 ) ;
#2629 =( NAMED_UNIT ( * ) PLANE_ANGLE_UNIT ( ) SI_UNIT ( $, .RADIAN. ) );
#2630 = PLANE ( 'NONE',  #868 ) ;
#2631 = CARTESIAN_POINT ( 'NONE',  ( -3.000000000000000000, -2.749374551879701478, -14.85470053837925342 ) ) ;
#2632 = EDGE_CURVE ( 'NONE', #122, #1003, #3395, .T. ) ;
#2633 = ORIENTED_EDGE ( 'NONE', *, *, #585, .F. ) ;
#2634 = UNCERTAINTY_MEASURE_WITH_UNIT (LENGTH_MEASURE( 1.000000000000000082E-05 ), #2925, 'distance_accuracy_value', 'NONE');
#2635 = ORIENTED_EDGE ( 'NONE', *, *, #996, .F. ) ;
#2636 =( NAMED_UNIT ( * ) PLANE_ANGLE_UNIT ( ) SI_UNIT ( $, .RADIAN. ) );
#2637 = PLANE ( 'NONE',  #746 ) ;
#2638 = DIRECTION ( 'NONE',  ( 0.000000000000000000, 0.000000000000000000, -1.000000000000000000 ) ) ;
#2639 = CARTESIAN_POINT ( 'NONE',  ( -3.000626588136170891, 2.990000000000000213, 5.590417679675883988 ) ) ;
#2640 = ORIENTED_EDGE ( 'NONE', *, *, #3573, .T. ) ;
#2641 = LINE ( 'NONE', #3222, #1157 ) ;
#2642 = ORIENTED_EDGE ( 'NONE', *, *, #2955, .F. ) ;
#2643 = DIRECTION ( 'NONE',  ( -3.923089496051189604E-16, 0.9961946980917455452, 0.08715574274765836016 ) ) ;
#2644 = FACE_OUTER_BOUND ( 'NONE', #1693, .T. ) ;
#2645 =( NAMED_UNIT ( * ) PLANE_ANGLE_UNIT ( ) SI_UNIT ( $, .RADIAN. ) );
#2646 = EDGE_CURVE ( 'NONE', #1282, #3253, #1170, .T. ) ;
#2647 = ORIENTED_EDGE ( 'NONE', *, *, #27, .F. ) ;
#2648 = DIRECTION ( 'NONE',  ( 1.000000000000000000, 0.000000000000000000, 0.000000000000000000 ) ) ;
#2649 = LINE ( 'NONE', #3585, #2748 ) ;
#2650 = ORIENTED_EDGE ( 'NONE', *, *, #2550, .T. ) ;
#2651 = FACE_OUTER_BOUND ( 'NONE', #1243, .T. ) ;
#2652 = UNCERTAINTY_MEASURE_WITH_UNIT (LENGTH_MEASURE( 1.000000000000000082E-05 ), #2463, 'distance_accuracy_value', 'NONE');
#2653 = PLANE ( 'NONE',  #3415 ) ;
#2654 = ORIENTED_EDGE ( 'NONE', *, *, #4054, .F. ) ;
#2655 =( NAMED_UNIT ( * ) PLANE_ANGLE_UNIT ( ) SI_UNIT ( $, .RADIAN. ) );
#2656 = VECTOR ( 'NONE', #1204, 1000.000000000000114 ) ;
#2657 = CARTESIAN_POINT ( 'NONE',  ( -7.000000000000000000, -1.300000000000000044, -14.85470053837925342 ) ) ;
#2658 = UNCERTAINTY_MEASURE_WITH_UNIT (LENGTH_MEASURE( 1.000000000000000082E-05 ), #1885, 'distance_accuracy_value', 'NONE');
#2659 = VECTOR ( 'NONE', #2752, 1000.000000000000114 ) ;
#2660 = ORIENTED_EDGE ( 'NONE', *, *, #782, .F. ) ;
#2661 = PRESENTATION_LAYER_ASSIGNMENT (  '', '', ( #1558 ) ) ;
#2662 = ORIENTED_EDGE ( 'NONE', *, *, #3871, .F. ) ;
#2663 = PRESENTATION_LAYER_ASSIGNMENT (  '', '', ( #1017 ) ) ;
#2664 =( GEOMETRIC_REPRESENTATION_CONTEXT ( 3 ) GLOBAL_UNCERTAINTY_ASSIGNED_CONTEXT ( ( #1861 ) ) GLOBAL_UNIT_ASSIGNED_CONTEXT ( ( #98, #357, #1421 ) ) REPRESENTATION_CONTEXT ( 'NONE', 'WORKASPACE' ) );
#2665 = PRESENTATION_STYLE_ASSIGNMENT (( #1357 ) ) ;
#2666 = CARTESIAN_POINT ( 'NONE',  ( -2.154999999999999805, 0.000000000000000000, 6.500000000000001776 ) ) ;
#2667 = CARTESIAN_POINT ( 'NONE',  ( -3.000000000000000000, -2.749374551879701478, -16.10000000000000142 ) ) ;
#2668 = DIRECTION ( 'NONE',  ( 0.000000000000000000, -0.9961946980917455452, -0.08715574274765836016 ) ) ;
#2669 = SURFACE_STYLE_FILL_AREA ( #3656 ) ;
#2670 = ORIENTED_EDGE ( 'NONE', *, *, #2245, .F. ) ;
#2671 = COLOUR_RGB ( '',0.6666666666666666297, 0.6980392156862744724, 0.7686274509803920907 ) ;
#2672 = VECTOR ( 'NONE', #562, 1000.000000000000000 ) ;
#2673 = DIRECTION ( 'NONE',  ( 0.000000000000000000, -1.224646799147350249E-16, 1.000000000000000000 ) ) ;
#2674 = AXIS2_PLACEMENT_3D ( 'NONE', #391, #1074, #3647 ) ;
#2675 = PLANE ( 'NONE',  #3545 ) ;
#2676 = ORIENTED_EDGE ( 'NONE', *, *, #3372, .F. ) ;
#2677 = EDGE_CURVE ( 'NONE', #3580, #3893, #2472, .T. ) ;
#2678 =( GEOMETRIC_REPRESENTATION_CONTEXT ( 3 ) GLOBAL_UNCERTAINTY_ASSIGNED_CONTEXT ( ( #2557 ) ) GLOBAL_UNIT_ASSIGNED_CONTEXT ( ( #1264, #232, #2565 ) ) REPRESENTATION_CONTEXT ( 'NONE', 'WORKASPACE' ) );
#2679 = VECTOR ( 'NONE', #1063, 1000.000000000000000 ) ;
#2680 = FACE_OUTER_BOUND ( 'NONE', #1634, .T. ) ;
#2681 = CARTESIAN_POINT ( 'NONE',  ( 4.999999999999999112, 0.000000000000000000, -6.500000000000000000 ) ) ;
#2682 = ORIENTED_EDGE ( 'NONE', *, *, #3428, .T. ) ;
#2683 = PLANE ( 'NONE',  #2069 ) ;
#2684 = EDGE_CURVE ( 'NONE', #1701, #1183, #3762, .T. ) ;
#2685 = VECTOR ( 'NONE', #2763, 1000.000000000000000 ) ;
#2686 = EDGE_LOOP ( 'NONE', ( #1066, #442, #493, #152 ) ) ;
#2687 = AXIS2_PLACEMENT_3D ( 'NONE', #3526, #552, #2883 ) ;
#2688 = DIRECTION ( 'NONE',  ( 0.000000000000000000, 1.000000000000000000, 0.000000000000000000 ) ) ;
#2689 = FACE_OUTER_BOUND ( 'NONE', #1045, .T. ) ;
#2690 = PRESENTATION_STYLE_ASSIGNMENT (( #1752 ) ) ;
#2691 = ORIENTED_EDGE ( 'NONE', *, *, #1849, .F. ) ;
#2692 = VECTOR ( 'NONE', #4103, 1000.000000000000000 ) ;
#2693 = CARTESIAN_POINT ( 'NONE',  ( 0.000000000000000000, 3.500000000000000000, 0.000000000000000000 ) ) ;
#2694 = DIRECTION ( 'NONE',  ( 0.000000000000000000, 0.000000000000000000, 1.000000000000000000 ) ) ;
#2695 = VECTOR ( 'NONE', #698, 1000.000000000000000 ) ;
#2696 = PRESENTATION_LAYER_ASSIGNMENT (  '', '', ( #1733 ) ) ;
#2697 = UNCERTAINTY_MEASURE_WITH_UNIT (LENGTH_MEASURE( 1.000000000000000082E-05 ), #2027, 'distance_accuracy_value', 'NONE');
#2698 = SURFACE_STYLE_USAGE ( .BOTH. , #3301 ) ;
#2699 = ORIENTED_EDGE ( 'NONE', *, *, #2076, .T. ) ;
#2700 = EDGE_CURVE ( 'NONE', #3528, #678, #2509, .T. ) ;
#2701 = SURFACE_SIDE_STYLE ('',( #2359 ) ) ;
#2702 = UNCERTAINTY_MEASURE_WITH_UNIT (LENGTH_MEASURE( 1.000000000000000082E-05 ), #3137, 'distance_accuracy_value', 'NONE');
#2703 = ADVANCED_FACE ( 'NONE', ( #2127 ), #2183, .F. ) ;
#2704 = ORIENTED_EDGE ( 'NONE', *, *, #3848, .T. ) ;
#2705 = CARTESIAN_POINT ( 'NONE',  ( -3.000000000000000000, -1.224687275939857267, -13.13762514150104899 ) ) ;
#2706 = ADVANCED_FACE ( 'NONE', ( #3182 ), #1000, .F. ) ;
#2707 = DIRECTION ( 'NONE',  ( -0.000000000000000000, 1.000000000000000000, 1.224646799147350249E-16 ) ) ;
#2708 = DIRECTION ( 'NONE',  ( -0.000000000000000000, 1.000000000000000000, 1.224646799147350249E-16 ) ) ;
#2709 = FACE_OUTER_BOUND ( 'NONE', #3722, .T. ) ;
#2710 = ORIENTED_EDGE ( 'NONE', *, *, #354, .F. ) ;
#2711 = CARTESIAN_POINT ( 'NONE',  ( -0.2550000000000000044, -0.3810000000000000053, 6.500000000000001776 ) ) ;
#2712 = CARTESIAN_POINT ( 'NONE',  ( -7.000000000000000000, -2.749374551879700590, -14.85470053837925342 ) ) ;
#2713 = FILL_AREA_STYLE ('',( #3741 ) ) ;
#2714 = DIRECTION ( 'NONE',  ( -0.9239071042991746641, 0.000000000000000000, -0.3826168613972912302 ) ) ;
#2715 = CARTESIAN_POINT ( 'NONE',  ( 0.000000000000000000, -2.990000000000000213, 0.000000000000000000 ) ) ;
#2716 = ORIENTED_EDGE ( 'NONE', *, *, #3754, .T. ) ;
#2717 = FILL_AREA_STYLE_COLOUR ( '', #2014 ) ;
#2718 = ORIENTED_EDGE ( 'NONE', *, *, #2700, .F. ) ;
#2719 = DIRECTION ( 'NONE',  ( 1.334402673828313093E-16, -0.000000000000000000, 1.000000000000000000 ) ) ;
#2720 = PLANE ( 'NONE',  #1105 ) ;
#2721 = PRESENTATION_STYLE_ASSIGNMENT (( #2384 ) ) ;
#2722 = EDGE_CURVE ( 'NONE', #3694, #2909, #2593, .T. ) ;
#2723 = VECTOR ( 'NONE', #2350, 1000.000000000000000 ) ;
#2724 = PRESENTATION_LAYER_ASSIGNMENT (  '', '', ( #2996 ) ) ;
#2725 = ORIENTED_EDGE ( 'NONE', *, *, #3368, .T. ) ;
#2726 = CARTESIAN_POINT ( 'NONE',  ( 0.000000000000000000, -2.990000000000000213, 0.000000000000000000 ) ) ;
#2727 = DIRECTION ( 'NONE',  ( -0.000000000000000000, -0.9961946980917455452, 0.08715574274765836016 ) ) ;
#2728 = CARTESIAN_POINT ( 'NONE',  ( -3.000000000000000000, 0.000000000000000000, -6.500000000000000000 ) ) ;
#2729 = SURFACE_SIDE_STYLE ('',( #1728 ) ) ;
#2730 =( LENGTH_UNIT ( ) NAMED_UNIT ( * ) SI_UNIT ( .MILLI., .METRE. ) );
#2731 = VECTOR ( 'NONE', #961, 1000.000000000000000 ) ;
#2732 = LINE ( 'NONE', #3657, #4003 ) ;
#2733 = COLOUR_RGB ( '',0.6666666666666666297, 0.6980392156862744724, 0.7686274509803920907 ) ;
#2734 = CARTESIAN_POINT ( 'NONE',  ( 1.645000000000000018, -0.2694076836320744017, 8.611592316367937983 ) ) ;
#2735 = ORIENTED_EDGE ( 'NONE', *, *, #968, .F. ) ;
#2736 = CIRCLE ( 'NONE', #3130, 1.449374551879700768 ) ;
#2737 = COLOUR_RGB ( '',0.6666666666666666297, 0.6980392156862744724, 0.7686274509803920907 ) ;
#2738 = COLOUR_RGB ( '',0.6666666666666666297, 0.6980392156862744724, 0.7686274509803920907 ) ;
#2739 = CARTESIAN_POINT ( 'NONE',  ( 1.645000000000000018, -3.700000000000000178, 12.04218463273585016 ) ) ;
#2740 = CARTESIAN_POINT ( 'NONE',  ( -7.000000000000000000, 0.5506254481202986772, -7.899228495914965009 ) ) ;
#2741 = EDGE_LOOP ( 'NONE', ( #3054, #2167, #3333, #2215 ) ) ;
#2742 = CARTESIAN_POINT ( 'NONE',  ( -1.645000000000000018, -3.319000000000000394, 12.20000000000000107 ) ) ;
#2743 = ORIENTED_EDGE ( 'NONE', *, *, #279, .F. ) ;
#2744 = DIRECTION ( 'NONE',  ( 1.000000000000000000, 0.000000000000000000, -0.000000000000000000 ) ) ;
#2745 = LINE ( 'NONE', #3649, #515 ) ;
#2746 = FILL_AREA_STYLE ('',( #1440 ) ) ;
#2747 = EDGE_CURVE ( 'NONE', #535, #1779, #1654, .T. ) ;
#2748 = VECTOR ( 'NONE', #664, 1000.000000000000000 ) ;
#2749 = ORIENTED_EDGE ( 'NONE', *, *, #621, .F. ) ;
#2750 = CARTESIAN_POINT ( 'NONE',  ( 3.000000000000000000, -2.749374551879701478, -14.85470053837925342 ) ) ;
#2751 = AXIS2_PLACEMENT_3D ( 'NONE', #3522, #878, #2904 ) ;
#2752 = DIRECTION ( 'NONE',  ( 0.000000000000000000, -0.7071067811865489050, 0.7071067811865461294 ) ) ;
#2753 = LINE ( 'NONE', #438, #399 ) ;
#2754 = EDGE_CURVE ( 'NONE', #390, #1811, #3242, .T. ) ;
#2755 = EDGE_CURVE ( 'NONE', #2930, #3901, #2928, .T. ) ;
#2756 = VECTOR ( 'NONE', #2503, 1000.000000000000000 ) ;
#2757 = CARTESIAN_POINT ( 'NONE',  ( 0.2550000000000000044, -2.915884028769855951E-16, 8.881000000000014438 ) ) ;
#2758 = PLANE ( 'NONE',  #2192 ) ;
#2759 = ORIENTED_EDGE ( 'NONE', *, *, #157, .T. ) ;
#2760 =( GEOMETRIC_REPRESENTATION_CONTEXT ( 3 ) GLOBAL_UNCERTAINTY_ASSIGNED_CONTEXT ( ( #645 ) ) GLOBAL_UNIT_ASSIGNED_CONTEXT ( ( #3535, #4149, #1651 ) ) REPRESENTATION_CONTEXT ( 'NONE', 'WORKASPACE' ) );
#2761 = SURFACE_STYLE_USAGE ( .BOTH. , #1455 ) ;
#2762 = ORIENTED_EDGE ( 'NONE', *, *, #3104, .F. ) ;
#2763 = DIRECTION ( 'NONE',  ( -0.000000000000000000, 1.000000000000000000, -0.000000000000000000 ) ) ;
#2764 = ORIENTED_EDGE ( 'NONE', *, *, #3125, .F. ) ;
#2765 = FILL_AREA_STYLE ('',( #1750 ) ) ;
#2766 = PLANE ( 'NONE',  #3429 ) ;
#2767 = SURFACE_STYLE_FILL_AREA ( #2062 ) ;
#2768 =( LENGTH_UNIT ( ) NAMED_UNIT ( * ) SI_UNIT ( .MILLI., .METRE. ) );
#2769 = VERTEX_POINT ( 'NONE', #2242 ) ;
#2770 = DIRECTION ( 'NONE',  ( -0.000000000000000000, 1.000000000000000000, -0.000000000000000000 ) ) ;
#2771 = SURFACE_STYLE_USAGE ( .BOTH. , #792 ) ;
#2772 = CARTESIAN_POINT ( 'NONE',  ( 3.000000000000000444, -3.850625448120297722, -14.85470053837925342 ) ) ;
#2773 = CARTESIAN_POINT ( 'NONE',  ( 3.000000000000000888, -0.5506254481202986772, -6.451826515440592047 ) ) ;
#2774 = SURFACE_STYLE_FILL_AREA ( #424 ) ;
#2775 = LINE ( 'NONE', #525, #1908 ) ;
#2776 =( NAMED_UNIT ( * ) PLANE_ANGLE_UNIT ( ) SI_UNIT ( $, .RADIAN. ) );
#2777 = EDGE_CURVE ( 'NONE', #3518, #3591, #304, .T. ) ;
#2778 = FACE_OUTER_BOUND ( 'NONE', #4081, .T. ) ;
#2779 = ORIENTED_EDGE ( 'NONE', *, *, #2747, .F. ) ;
#2780 = ORIENTED_EDGE ( 'NONE', *, *, #1784, .T. ) ;
#2781 = PRESENTATION_STYLE_ASSIGNMENT (( #1473 ) ) ;
#2782 = PRESENTATION_STYLE_ASSIGNMENT (( #1474 ) ) ;
#2783 =( NAMED_UNIT ( * ) PLANE_ANGLE_UNIT ( ) SI_UNIT ( $, .RADIAN. ) );
#2784 = CARTESIAN_POINT ( 'NONE',  ( 3.000000000000000444, -3.000000000000000000, -10.06269330410536078 ) ) ;
#2785 = SURFACE_STYLE_FILL_AREA ( #1793 ) ;
#2786 = VECTOR ( 'NONE', #4087, 1000.000000000000000 ) ;
#2787 = EDGE_LOOP ( 'NONE', ( #241, #1020, #3646, #789 ) ) ;
#2788 = LINE ( 'NONE', #1463, #3012 ) ;
#2789 = DIRECTION ( 'NONE',  ( 1.000000000000000000, 0.000000000000000000, 0.000000000000000000 ) ) ;
#2790 = CARTESIAN_POINT ( 'NONE',  ( -6.800000000000000711, -0.5506254481202985662, -7.899228495914965009 ) ) ;
#2791 = SURFACE_SIDE_STYLE ('',( #3049 ) ) ;
#2792 =( GEOMETRIC_REPRESENTATION_CONTEXT ( 3 ) GLOBAL_UNCERTAINTY_ASSIGNED_CONTEXT ( ( #1309 ) ) GLOBAL_UNIT_ASSIGNED_CONTEXT ( ( #2432, #1721, #3356 ) ) REPRESENTATION_CONTEXT ( 'NONE', 'WORKASPACE' ) );
#2793 = AXIS2_PLACEMENT_3D ( 'NONE', #1672, #999, #56 ) ;
#2794 = LINE ( 'NONE', #2757, #1023 ) ;
#2795 = SURFACE_SIDE_STYLE ('',( #3105 ) ) ;
#2796 = VERTEX_POINT ( 'NONE', #3913 ) ;
#2797 = MECHANICAL_DESIGN_GEOMETRIC_PRESENTATION_REPRESENTATION (  '', ( #1702 ), #3864 ) ;
#2798 = VECTOR ( 'NONE', #3822, 1000.000000000000000 ) ;
#2799 = AXIS2_PLACEMENT_3D ( 'NONE', #3859, #4201, #624 ) ;
#2800 = CARTESIAN_POINT ( 'NONE',  ( 3.000000000000000000, 0.5506254481202986772, -10.06269330410536078 ) ) ;
#2801 = ORIENTED_EDGE ( 'NONE', *, *, #574, .F. ) ;
#2802 = CARTESIAN_POINT ( 'NONE',  ( -4.999999999999999112, 0.000000000000000000, 6.500000000000001776 ) ) ;
#2803 = ADVANCED_FACE ( 'NONE', ( #2270 ), #582, .T. ) ;
#2804 = AXIS2_PLACEMENT_3D ( 'NONE', #3393, #458, #2450 ) ;
#2805 = MECHANICAL_DESIGN_GEOMETRIC_PRESENTATION_REPRESENTATION (  '', ( #3541 ), #2327 ) ;
#2806 = CARTESIAN_POINT ( 'NONE',  ( 7.000000000000000888, -0.5506254481202986772, -10.06269330410536078 ) ) ;
#2807 = COLOUR_RGB ( '',0.6666666666666666297, 0.6980392156862744724, 0.7686274509803920907 ) ;
#2808 = AXIS2_PLACEMENT_3D ( 'NONE', #3939, #2708, #24 ) ;
#2809 = EDGE_CURVE ( 'NONE', #1687, #975, #1329, .T. ) ;
#2810 = SURFACE_STYLE_FILL_AREA ( #148 ) ;
#2811 = DIRECTION ( 'NONE',  ( 0.000000000000000000, -0.7071067811865489050, 0.7071067811865461294 ) ) ;
#2812 =( GEOMETRIC_REPRESENTATION_CONTEXT ( 3 ) GLOBAL_UNCERTAINTY_ASSIGNED_CONTEXT ( ( #1523 ) ) GLOBAL_UNIT_ASSIGNED_CONTEXT ( ( #1348, #387, #3289 ) ) REPRESENTATION_CONTEXT ( 'NONE', 'WORKASPACE' ) );
#2813 = PRESENTATION_LAYER_ASSIGNMENT (  '', '', ( #3140 ) ) ;
#2814 = ORIENTED_EDGE ( 'NONE', *, *, #3292, .F. ) ;
#2815 = PRESENTATION_STYLE_ASSIGNMENT (( #1525 ) ) ;
#2816 =( NAMED_UNIT ( * ) PLANE_ANGLE_UNIT ( ) SI_UNIT ( $, .RADIAN. ) );
#2817 = FILL_AREA_STYLE ('',( #568 ) ) ;
#2818 = AXIS2_PLACEMENT_3D ( 'NONE', #2608, #297, #3189 ) ;
#2819 =( GEOMETRIC_REPRESENTATION_CONTEXT ( 3 ) GLOBAL_UNCERTAINTY_ASSIGNED_CONTEXT ( ( #2702 ) ) GLOBAL_UNIT_ASSIGNED_CONTEXT ( ( #3137, #2783, #3773 ) ) REPRESENTATION_CONTEXT ( 'NONE', 'WORKASPACE' ) );
#2820 = PLANE ( 'NONE',  #3819 ) ;
#2821 = CIRCLE ( 'NONE', #13, 2.449374551879701656 ) ;
#2822 = CYLINDRICAL_SURFACE ( 'NONE', #2326, 1.449374551879701434 ) ;
#2823 =( NAMED_UNIT ( * ) SI_UNIT ( $, .STERADIAN. ) SOLID_ANGLE_UNIT ( ) );
#2824 = ORIENTED_EDGE ( 'NONE', *, *, #3311, .F. ) ;
#2825 = DIRECTION ( 'NONE',  ( 0.000000000000000000, 0.000000000000000000, -1.000000000000000000 ) ) ;
#2826 = ORIENTED_EDGE ( 'NONE', *, *, #4165, .F. ) ;
#2827 = ADVANCED_FACE ( 'NONE', ( #266 ), #2896, .F. ) ;
#2828 = CARTESIAN_POINT ( 'NONE',  ( 3.000000000000000000, 0.5506254481202986772, -10.06269330410536078 ) ) ;
#2829 = CARTESIAN_POINT ( 'NONE',  ( -5.000000000000000888, 0.000000000000000000, -6.500000000000000000 ) ) ;
#2830 = FACE_OUTER_BOUND ( 'NONE', #1341, .T. ) ;
#2831 = ADVANCED_FACE ( 'NONE', ( #3934 ), #3327, .F. ) ;
#2832 = DIRECTION ( 'NONE',  ( 0.08682659386424777803, -0.9924325091389669673, -0.08682659386424779191 ) ) ;
#2833 =( NAMED_UNIT ( * ) SI_UNIT ( $, .STERADIAN. ) SOLID_ANGLE_UNIT ( ) );
#2834 =( LENGTH_UNIT ( ) NAMED_UNIT ( * ) SI_UNIT ( .MILLI., .METRE. ) );
#2835 = EDGE_LOOP ( 'NONE', ( #1280, #2460, #3686, #1374 ) ) ;
#2836 = CARTESIAN_POINT ( 'NONE',  ( -7.000000000000000000, -2.630250393329138792, -6.487320914739863831 ) ) ;
#2837 = SURFACE_STYLE_USAGE ( .BOTH. , #2146 ) ;
#2838 = CARTESIAN_POINT ( 'NONE',  ( -6.800000000000000711, -0.5506254481202985662, -6.487320914739863831 ) ) ;
#2839 = SURFACE_STYLE_FILL_AREA ( #1197 ) ;
#2840 = PRESENTATION_STYLE_ASSIGNMENT (( #3233 ) ) ;
#2841 = VERTEX_POINT ( 'NONE', #429 ) ;
#2842 = SURFACE_STYLE_USAGE ( .BOTH. , #1456 ) ;
#2843 = VERTEX_POINT ( 'NONE', #2740 ) ;
#2844 = SURFACE_SIDE_STYLE ('',( #805 ) ) ;
#2845 =( NAMED_UNIT ( * ) SI_UNIT ( $, .STERADIAN. ) SOLID_ANGLE_UNIT ( ) );
#2846 = FILL_AREA_STYLE_COLOUR ( '', #1579 ) ;
#2847 = CARTESIAN_POINT ( 'NONE',  ( -2.154999999999999805, -0.3810000000000000053, 6.500000000000001776 ) ) ;
#2848 = FILL_AREA_STYLE_COLOUR ( '', #411 ) ;
#2849 = FACE_OUTER_BOUND ( 'NONE', #983, .T. ) ;
#2850 = UNCERTAINTY_MEASURE_WITH_UNIT (LENGTH_MEASURE( 1.000000000000000082E-05 ), #2480, 'distance_accuracy_value', 'NONE');
#2851 = ORIENTED_EDGE ( 'NONE', *, *, #702, .T. ) ;
#2852 = EDGE_CURVE ( 'NONE', #994, #535, #2360, .T. ) ;
#2853 = PLANE ( 'NONE',  #2591 ) ;
#2854 = CARTESIAN_POINT ( 'NONE',  ( -3.000626588136170891, 3.500000000000000000, 5.090417679675883988 ) ) ;
#2855 = DIRECTION ( 'NONE',  ( -1.000000000000000000, -0.000000000000000000, -0.000000000000000000 ) ) ;
#2856 = DIRECTION ( 'NONE',  ( -1.000000000000000000, -0.000000000000000000, -0.000000000000000000 ) ) ;
#2857 = COLOUR_RGB ( '',0.6666666666666666297, 0.6980392156862744724, 0.7686274509803920907 ) ;
#2858 = LINE ( 'NONE', #104, #3600 ) ;
#2859 = PLANE ( 'NONE',  #12 ) ;
#2860 = EDGE_CURVE ( 'NONE', #2402, #1049, #4018, .T. ) ;
#2861 = ORIENTED_EDGE ( 'NONE', *, *, #3589, .F. ) ;
#2862 = COLOUR_RGB ( '',0.6666666666666666297, 0.6980392156862744724, 0.7686274509803920907 ) ;
#2863 = CARTESIAN_POINT ( 'NONE',  ( 7.000000000000000888, 0.5506254481202986772, 0.1786197388437707478 ) ) ;
#2864 = ORIENTED_EDGE ( 'NONE', *, *, #4165, .T. ) ;
#2865 = FACE_OUTER_BOUND ( 'NONE', #740, .T. ) ;
#2866 = COLOUR_RGB ( '',0.6666666666666666297, 0.6980392156862744724, 0.7686274509803920907 ) ;
#2867 = DIRECTION ( 'NONE',  ( 0.000000000000000000, 1.000000000000000000, 0.000000000000000000 ) ) ;
#2868 = SURFACE_STYLE_USAGE ( .BOTH. , #2154 ) ;
#2869 = FILL_AREA_STYLE_COLOUR ( '', #2857 ) ;
#2870 = FILL_AREA_STYLE ('',( #2504 ) ) ;
#2871 =( GEOMETRIC_REPRESENTATION_CONTEXT ( 3 ) GLOBAL_UNCERTAINTY_ASSIGNED_CONTEXT ( ( #1238 ) ) GLOBAL_UNIT_ASSIGNED_CONTEXT ( ( #230, #278, #2563 ) ) REPRESENTATION_CONTEXT ( 'NONE', 'WORKASPACE' ) );
#2872 = MECHANICAL_DESIGN_GEOMETRIC_PRESENTATION_REPRESENTATION (  '', ( #2399 ), #3607 ) ;
#2873 = EDGE_CURVE ( 'NONE', #3423, #3966, #1713, .T. ) ;
#2874 = VERTEX_POINT ( 'NONE', #2016 ) ;
#2875 = COLOUR_RGB ( '',0.6666666666666666297, 0.6980392156862744724, 0.7686274509803920907 ) ;
#2876 = STYLED_ITEM ( 'NONE', ( #3643 ), #2831 ) ;
#2877 = SURFACE_STYLE_USAGE ( .BOTH. , #2473 ) ;
#2878 = CARTESIAN_POINT ( 'NONE',  ( -0.2550000000000000044, -3.319000000000000394, 12.20000000000000107 ) ) ;
#2879 = EDGE_CURVE ( 'NONE', #2843, #2909, #89, .T. ) ;
#2880 = COLOUR_RGB ( '',0.6666666666666666297, 0.6980392156862744724, 0.7686274509803920907 ) ;
#2881 = FACE_OUTER_BOUND ( 'NONE', #3935, .T. ) ;
#2882 = EDGE_CURVE ( 'NONE', #977, #3234, #1070, .T. ) ;
#2883 = DIRECTION ( 'NONE',  ( 0.000000000000000000, 0.000000000000000000, -1.000000000000000000 ) ) ;
#2884 = CARTESIAN_POINT ( 'NONE',  ( 7.000000000000000000, -0.5506254481202985662, -6.487320914739863831 ) ) ;
#2885 = EDGE_LOOP ( 'NONE', ( #2086, #1362, #3776, #3841 ) ) ;
#2886 = VECTOR ( 'NONE', #851, 1000.000000000000000 ) ;
#2887 = VECTOR ( 'NONE', #487, 1000.000000000000114 ) ;
#2888 = UNCERTAINTY_MEASURE_WITH_UNIT (LENGTH_MEASURE( 1.000000000000000082E-05 ), #3251, 'distance_accuracy_value', 'NONE');
#2889 = VECTOR ( 'NONE', #2513, 1000.000000000000000 ) ;
#2890 = FACE_BOUND ( 'NONE', #3652, .T. ) ;
#2891 = EDGE_LOOP ( 'NONE', ( #2604, #3844, #233, #430 ) ) ;
#2892 = MECHANICAL_DESIGN_GEOMETRIC_PRESENTATION_REPRESENTATION (  '', ( #4022 ), #3286 ) ;
#2893 = LINE ( 'NONE', #1897, #1398 ) ;
#2894 = VECTOR ( 'NONE', #3495, 1000.000000000000000 ) ;
#2895 = CARTESIAN_POINT ( 'NONE',  ( 4.901994853773128824, 1.120203947312911508, 6.401994853773128824 ) ) ;
#2896 = PLANE ( 'NONE',  #1175 ) ;
#2897 = FACE_OUTER_BOUND ( 'NONE', #3153, .T. ) ;
#2898 = VECTOR ( 'NONE', #3511, 1000.000000000000000 ) ;
#2899 = ORIENTED_EDGE ( 'NONE', *, *, #1288, .T. ) ;
#2900 = LINE ( 'NONE', #4175, #3874 ) ;
#2901 = UNCERTAINTY_MEASURE_WITH_UNIT (LENGTH_MEASURE( 1.000000000000000082E-05 ), #3126, 'distance_accuracy_value', 'NONE');
#2902 = PLANE ( 'NONE',  #589 ) ;
#2903 = CARTESIAN_POINT ( 'NONE',  ( 5.000000000000000000, -1.300000000000000044, -14.85470053837925342 ) ) ;
#2904 = DIRECTION ( 'NONE',  ( 1.000000000000000000, 0.000000000000000000, 0.000000000000000000 ) ) ;
#2905 = SURFACE_SIDE_STYLE ('',( #1211 ) ) ;
#2906 = ORIENTED_EDGE ( 'NONE', *, *, #2860, .F. ) ;
#2907 = ADVANCED_FACE ( 'NONE', ( #106 ), #1414, .T. ) ;
#2908 = CARTESIAN_POINT ( 'NONE',  ( 6.800000000000000711, -0.5506254481202985662, -6.487320914739863831 ) ) ;
#2909 = VERTEX_POINT ( 'NONE', #3369 ) ;
#2910 =( LENGTH_UNIT ( ) NAMED_UNIT ( * ) SI_UNIT ( .MILLI., .METRE. ) );
#2911 = CARTESIAN_POINT ( 'NONE',  ( 7.000000000000000888, -1.224687275939856823, -13.13762514150104899 ) ) ;
#2912 = DIRECTION ( 'NONE',  ( 0.000000000000000000, -0.4999999999999975575, 0.8660254037844400399 ) ) ;
#2913 = ORIENTED_EDGE ( 'NONE', *, *, #1596, .T. ) ;
#2914 = SURFACE_SIDE_STYLE ('',( #3899 ) ) ;
#2915 = FACE_OUTER_BOUND ( 'NONE', #1139, .T. ) ;
#2916 = PLANE ( 'NONE',  #2615 ) ;
#2917 = ORIENTED_EDGE ( 'NONE', *, *, #1363, .T. ) ;
#2918 =( NAMED_UNIT ( * ) SI_UNIT ( $, .STERADIAN. ) SOLID_ANGLE_UNIT ( ) );
#2919 = FILL_AREA_STYLE ('',( #1979 ) ) ;
#2920 = DIRECTION ( 'NONE',  ( 0.000000000000000000, 0.000000000000000000, -1.000000000000000000 ) ) ;
#2921 = ORIENTED_EDGE ( 'NONE', *, *, #3311, .T. ) ;
#2922 = MECHANICAL_DESIGN_GEOMETRIC_PRESENTATION_REPRESENTATION (  '', ( #4215 ), #2104 ) ;
#2923 = CARTESIAN_POINT ( 'NONE',  ( 4.951826515440591159, 0.5506254481202986772, -6.500000000000000000 ) ) ;
#2924 = ORIENTED_EDGE ( 'NONE', *, *, #1054, .F. ) ;
#2925 =( LENGTH_UNIT ( ) NAMED_UNIT ( * ) SI_UNIT ( .MILLI., .METRE. ) );
#2926 = LINE ( 'NONE', #1602, #696 ) ;
#2927 = FILL_AREA_STYLE ('',( #1306 ) ) ;
#2928 = LINE ( 'NONE', #960, #3009 ) ;
#2929 = EDGE_CURVE ( 'NONE', #2769, #1470, #2150, .T. ) ;
#2930 = VERTEX_POINT ( 'NONE', #1514 ) ;
#2931 = LINE ( 'NONE', #1995, #3669 ) ;
#2932 = PRESENTATION_LAYER_ASSIGNMENT (  '', '', ( #948 ) ) ;
#2933 = VERTEX_POINT ( 'NONE', #3466 ) ;
#2934 = EDGE_CURVE ( 'NONE', #1670, #1314, #3710, .T. ) ;
#2935 = DIRECTION ( 'NONE',  ( -0.000000000000000000, 1.000000000000000000, 1.224646799147350249E-16 ) ) ;
#2936 = VECTOR ( 'NONE', #3229, 1000.000000000000000 ) ;
#2937 = STYLED_ITEM ( 'NONE', ( #173 ), #2440 ) ;
#2938 = SURFACE_SIDE_STYLE ('',( #3270 ) ) ;
#2939 = FACE_OUTER_BOUND ( 'NONE', #4046, .T. ) ;
#2940 = VECTOR ( 'NONE', #1930, 1000.000000000000000 ) ;
#2941 = VECTOR ( 'NONE', #3457, 1000.000000000000114 ) ;
#2942 = ORIENTED_EDGE ( 'NONE', *, *, #513, .F. ) ;
#2943 = SURFACE_STYLE_FILL_AREA ( #253 ) ;
#2944 = FILL_AREA_STYLE_COLOUR ( '', #1358 ) ;
#2945 = FILL_AREA_STYLE_COLOUR ( '', #1927 ) ;
#2946 =( GEOMETRIC_REPRESENTATION_CONTEXT ( 3 ) GLOBAL_UNCERTAINTY_ASSIGNED_CONTEXT ( ( #3320 ) ) GLOBAL_UNIT_ASSIGNED_CONTEXT ( ( #1661, #3582, #3917 ) ) REPRESENTATION_CONTEXT ( 'NONE', 'WORKASPACE' ) );
#2947 = ORIENTED_EDGE ( 'NONE', *, *, #973, .T. ) ;
#2948 = COLOUR_RGB ( '',0.6666666666666666297, 0.6980392156862744724, 0.7686274509803920907 ) ;
#2949 = MECHANICAL_DESIGN_GEOMETRIC_PRESENTATION_REPRESENTATION (  '', ( #1 ), #1652 ) ;
#2950 = VECTOR ( 'NONE', #3387, 1000.000000000000000 ) ;
#2951 = EDGE_LOOP ( 'NONE', ( #2443, #298, #3951, #2028 ) ) ;
#2952 = SURFACE_STYLE_FILL_AREA ( #303 ) ;
#2953 = COLOUR_RGB ( '',0.6666666666666666297, 0.6980392156862744724, 0.7686274509803920907 ) ;
#2954 = CARTESIAN_POINT ( 'NONE',  ( -0.2550000000000000044, 0.000000000000000000, 6.500000000000001776 ) ) ;
#2955 = EDGE_CURVE ( 'NONE', #2397, #2428, #3131, .T. ) ;
#2956 = ORIENTED_EDGE ( 'NONE', *, *, #531, .F. ) ;
#2957 = DIRECTION ( 'NONE',  ( 1.000000000000000000, 0.000000000000000000, 0.000000000000000000 ) ) ;
#2958 = ORIENTED_EDGE ( 'NONE', *, *, #1738, .T. ) ;
#2959 = SURFACE_STYLE_FILL_AREA ( #1972 ) ;
#2960 = PRODUCT_DEFINITION_FORMATION_WITH_SPECIFIED_SOURCE ( 'ANY', '', #3868, .NOT_KNOWN. ) ;
#2961 =( LENGTH_UNIT ( ) NAMED_UNIT ( * ) SI_UNIT ( .MILLI., .METRE. ) );
#2962 = ORIENTED_EDGE ( 'NONE', *, *, #3752, .T. ) ;
#2963 = DIRECTION ( 'NONE',  ( 0.000000000000000000, 1.000000000000000000, 0.000000000000000000 ) ) ;
#2964 =( NAMED_UNIT ( * ) PLANE_ANGLE_UNIT ( ) SI_UNIT ( $, .RADIAN. ) );
#2965 =( NAMED_UNIT ( * ) SI_UNIT ( $, .STERADIAN. ) SOLID_ANGLE_UNIT ( ) );
#2966 = ORIENTED_EDGE ( 'NONE', *, *, #2368, .F. ) ;
#2967 = UNCERTAINTY_MEASURE_WITH_UNIT (LENGTH_MEASURE( 1.000000000000000082E-05 ), #2140, 'distance_accuracy_value', 'NONE');
#2968 = FILL_AREA_STYLE ('',( #3658 ) ) ;
#2969 = ORIENTED_EDGE ( 'NONE', *, *, #2097, .F. ) ;
#2970 = PRODUCT_CONTEXT ( 'NONE', #602, 'mechanical' ) ;
#2971 = SURFACE_STYLE_FILL_AREA ( #3911 ) ;
#2972 = PRESENTATION_STYLE_ASSIGNMENT (( #1992 ) ) ;
#2973 = CARTESIAN_POINT ( 'NONE',  ( -3.000000000000000000, -2.749374551879701478, -14.85470053837925342 ) ) ;
#2974 = ORIENTED_EDGE ( 'NONE', *, *, #448, .T. ) ;
#2975 = CARTESIAN_POINT ( 'NONE',  ( -1.645000000000000018, -3.700000000000000178, 12.20000000000000107 ) ) ;
#2976 = VERTEX_POINT ( 'NONE', #1491 ) ;
#2977 =( NAMED_UNIT ( * ) PLANE_ANGLE_UNIT ( ) SI_UNIT ( $, .RADIAN. ) );
#2978 = VERTEX_POINT ( 'NONE', #1130 ) ;
#2979 = ADVANCED_FACE ( 'NONE', ( #196 ), #2111, .F. ) ;
#2980 = DIRECTION ( 'NONE',  ( 1.000000000000000000, 0.000000000000000000, 0.000000000000000000 ) ) ;
#2981 = FACE_OUTER_BOUND ( 'NONE', #1971, .T. ) ;
#2982 = DIRECTION ( 'NONE',  ( 1.000000000000000000, 0.000000000000000000, 0.000000000000000000 ) ) ;
#2983 = CARTESIAN_POINT ( 'NONE',  ( 6.800000000000000711, 0.5506254481202986772, -7.899228495914965009 ) ) ;
#2984 = ADVANCED_FACE ( 'NONE', ( #3434 ), #3152, .F. ) ;
#2985 = VERTEX_POINT ( 'NONE', #215 ) ;
#2986 = LINE ( 'NONE', #765, #317 ) ;
#2987 = ADVANCED_FACE ( 'NONE', ( #1534 ), #3073, .F. ) ;
#2988 = UNCERTAINTY_MEASURE_WITH_UNIT (LENGTH_MEASURE( 1.000000000000000082E-05 ), #3334, 'distance_accuracy_value', 'NONE');
#2989 = SURFACE_SIDE_STYLE ('',( #1689 ) ) ;
#2990 = ORIENTED_EDGE ( 'NONE', *, *, #1596, .F. ) ;
#2991 = VECTOR ( 'NONE', #3732, 1000.000000000000000 ) ;
#2992 = UNCERTAINTY_MEASURE_WITH_UNIT (LENGTH_MEASURE( 1.000000000000000082E-05 ), #2768, 'distance_accuracy_value', 'NONE');
#2993 = CARTESIAN_POINT ( 'NONE',  ( -4.951826515440592047, 0.5506254481202986772, 2.100000000000000089 ) ) ;
#2994 = UNCERTAINTY_MEASURE_WITH_UNIT (LENGTH_MEASURE( 1.000000000000000082E-05 ), #343, 'distance_accuracy_value', 'NONE');
#2995 = COLOUR_RGB ( '',0.6666666666666666297, 0.6980392156862744724, 0.7686274509803920907 ) ;
#2996 = STYLED_ITEM ( 'NONE', ( #2448 ), #837 ) ;
#2997 = ORIENTED_EDGE ( 'NONE', *, *, #3902, .T. ) ;
#2998 = DIRECTION ( 'NONE',  ( 0.000000000000000000, -1.141265444721583757E-16, 1.000000000000000000 ) ) ;
#2999 = DIRECTION ( 'NONE',  ( -0.000000000000000000, 1.000000000000000000, 0.000000000000000000 ) ) ;
#3000 =( GEOMETRIC_REPRESENTATION_CONTEXT ( 3 ) GLOBAL_UNCERTAINTY_ASSIGNED_CONTEXT ( ( #3262 ) ) GLOBAL_UNIT_ASSIGNED_CONTEXT ( ( #2341, #701, #781 ) ) REPRESENTATION_CONTEXT ( 'NONE', 'WORKASPACE' ) );
#3001 = VERTEX_POINT ( 'NONE', #1216 ) ;
#3002 = STYLED_ITEM ( 'NONE', ( #3903 ), #1745 ) ;
#3003 =( GEOMETRIC_REPRESENTATION_CONTEXT ( 3 ) GLOBAL_UNCERTAINTY_ASSIGNED_CONTEXT ( ( #717 ) ) GLOBAL_UNIT_ASSIGNED_CONTEXT ( ( #36, #412, #3461 ) ) REPRESENTATION_CONTEXT ( 'NONE', 'WORKASPACE' ) );
#3004 = DIRECTION ( 'NONE',  ( -1.000000000000000000, -0.000000000000000000, -0.000000000000000000 ) ) ;
#3005 = SURFACE_STYLE_FILL_AREA ( #685 ) ;
#3006 = EDGE_CURVE ( 'NONE', #3450, #529, #2264, .T. ) ;
#3007 = CARTESIAN_POINT ( 'NONE',  ( -7.000000000000000000, -1.775312724060153835, -12.18391388941630993 ) ) ;
#3008 = ORIENTED_EDGE ( 'NONE', *, *, #2280, .T. ) ;
#3009 = VECTOR ( 'NONE', #1624, 1000.000000000000000 ) ;
#3010 = EDGE_CURVE ( 'NONE', #3580, #2589, #2235, .T. ) ;
#3011 = DIRECTION ( 'NONE',  ( 0.000000000000000000, -1.224646799147350249E-16, 1.000000000000000000 ) ) ;
#3012 = VECTOR ( 'NONE', #3738, 1000.000000000000000 ) ;
#3013 = VECTOR ( 'NONE', #888, 1000.000000000000000 ) ;
#3014 = LINE ( 'NONE', #1048, #1718 ) ;
#3015 = EDGE_LOOP ( 'NONE', ( #3862, #3784, #3463, #1071 ) ) ;
#3016 = MECHANICAL_DESIGN_GEOMETRIC_PRESENTATION_REPRESENTATION (  '', ( #3753 ), #4 ) ;
#3017 =( GEOMETRIC_REPRESENTATION_CONTEXT ( 3 ) GLOBAL_UNCERTAINTY_ASSIGNED_CONTEXT ( ( #3959 ) ) GLOBAL_UNIT_ASSIGNED_CONTEXT ( ( #2385, #753, #3968 ) ) REPRESENTATION_CONTEXT ( 'NONE', 'WORKASPACE' ) );
#3018 = LINE ( 'NONE', #2681, #2695 ) ;
#3019 = CARTESIAN_POINT ( 'NONE',  ( 7.000000000000000000, -2.630250393329138792, -6.487320914739863831 ) ) ;
#3020 = VERTEX_POINT ( 'NONE', #1646 ) ;
#3021 = FACE_OUTER_BOUND ( 'NONE', #2686, .T. ) ;
#3022 = COLOUR_RGB ( '',0.6666666666666666297, 0.6980392156862744724, 0.7686274509803920907 ) ;
#3023 = STYLED_ITEM ( 'NONE', ( #1963 ), #3907 ) ;
#3024 = CARTESIAN_POINT ( 'NONE',  ( 0.000000000000000000, -3.500000000000000000, 0.000000000000000000 ) ) ;
#3025 = PRESENTATION_STYLE_ASSIGNMENT (( #1719 ) ) ;
#3026 =( NAMED_UNIT ( * ) PLANE_ANGLE_UNIT ( ) SI_UNIT ( $, .RADIAN. ) );
#3027 = PLANE ( 'NONE',  #2793 ) ;
#3028 = MECHANICAL_DESIGN_GEOMETRIC_PRESENTATION_REPRESENTATION (  '', ( #3560 ), #622 ) ;
#3029 = ORIENTED_EDGE ( 'NONE', *, *, #3723, .T. ) ;
#3030 = FILL_AREA_STYLE_COLOUR ( '', #2733 ) ;
#3031 = SURFACE_STYLE_USAGE ( .BOTH. , #1080 ) ;
#3032 = LINE ( 'NONE', #2090, #2679 ) ;
#3033 = DIRECTION ( 'NONE',  ( 1.000000000000000000, 0.000000000000000000, 0.000000000000000000 ) ) ;
#3034 = ORIENTED_EDGE ( 'NONE', *, *, #2280, .F. ) ;
#3035 = EDGE_CURVE ( 'NONE', #3730, #3168, #1919, .T. ) ;
#3036 = EDGE_CURVE ( 'NONE', #2397, #1014, #284, .T. ) ;
#3037 = DIRECTION ( 'NONE',  ( -0.3826168613972912302, 0.000000000000000000, -0.9239071042991746641 ) ) ;
#3038 = CARTESIAN_POINT ( 'NONE',  ( 7.000000000000000888, -2.024687275939846653, -13.59950535685274353 ) ) ;
#3039 = DIRECTION ( 'NONE',  ( -0.000000000000000000, 1.000000000000000000, 0.000000000000000000 ) ) ;
#3040 = VERTEX_POINT ( 'NONE', #2612 ) ;
#3041 = CARTESIAN_POINT ( 'NONE',  ( -6.800000000000000711, -2.630250393329138792, -6.487320914739863831 ) ) ;
#3042 = LINE ( 'NONE', #110, #2950 ) ;
#3043 = CARTESIAN_POINT ( 'NONE',  ( -4.999999999999999112, 0.000000000000000000, 6.500000000000001776 ) ) ;
#3044 = FACE_OUTER_BOUND ( 'NONE', #2885, .T. ) ;
#3045 = ORIENTED_EDGE ( 'NONE', *, *, #1559, .F. ) ;
#3046 = DIRECTION ( 'NONE',  ( 0.000000000000000000, 0.000000000000000000, 1.000000000000000000 ) ) ;
#3047 = SURFACE_STYLE_FILL_AREA ( #2713 ) ;
#3048 = DIRECTION ( 'NONE',  ( 0.000000000000000000, 1.000000000000000000, 0.000000000000000000 ) ) ;
#3049 = SURFACE_STYLE_FILL_AREA ( #1447 ) ;
#3050 = DIRECTION ( 'NONE',  ( 0.000000000000000000, -0.7071067811865489050, 0.7071067811865461294 ) ) ;
#3051 =( LENGTH_UNIT ( ) NAMED_UNIT ( * ) SI_UNIT ( .MILLI., .METRE. ) );
#3052 = EDGE_LOOP ( 'NONE', ( #2861, #1330, #3110, #1512, #2660, #1714, #2716, #731, #2058, #2099, #344 ) ) ;
#3053 = DIRECTION ( 'NONE',  ( -1.000000000000000000, 0.000000000000000000, -0.000000000000000000 ) ) ;
#3054 = ORIENTED_EDGE ( 'NONE', *, *, #380, .F. ) ;
#3055 = EDGE_CURVE ( 'NONE', #261, #4099, #628, .T. ) ;
#3056 = ORIENTED_EDGE ( 'NONE', *, *, #1252, .F. ) ;
#3057 = MECHANICAL_DESIGN_GEOMETRIC_PRESENTATION_REPRESENTATION (  '', ( #1892 ), #1623 ) ;
#3058 = EDGE_CURVE ( 'NONE', #2279, #1701, #1246, .T. ) ;
#3059 = PRESENTATION_STYLE_ASSIGNMENT (( #3714 ) ) ;
#3060 = FILL_AREA_STYLE_COLOUR ( '', #1632 ) ;
#3061 = STYLED_ITEM ( 'NONE', ( #687 ), #1018 ) ;
#3062 = VERTEX_POINT ( 'NONE', #3531 ) ;
#3063 = DIRECTION ( 'NONE',  ( -0.000000000000000000, 1.000000000000000000, -0.000000000000000000 ) ) ;
#3064 = STYLED_ITEM ( 'NONE', ( #25 ), #1155 ) ;
#3065 = CARTESIAN_POINT ( 'NONE',  ( -7.000000000000000000, -1.775312724060153169, -12.18391388941630993 ) ) ;
#3066 = FACE_OUTER_BOUND ( 'NONE', #1078, .T. ) ;
#3067 = DIRECTION ( 'NONE',  ( 0.000000000000000000, -0.000000000000000000, 1.000000000000000000 ) ) ;
#3068 = VECTOR ( 'NONE', #675, 1000.000000000000000 ) ;
#3069 = SURFACE_STYLE_USAGE ( .BOTH. , #116 ) ;
#3070 = CIRCLE ( 'NONE', #1234, 3.550625448120298788 ) ;
#3071 = EDGE_LOOP ( 'NONE', ( #185, #2924, #4093, #1615 ) ) ;
#3072 = DIRECTION ( 'NONE',  ( 1.000000000000000000, 0.000000000000000000, 0.000000000000000000 ) ) ;
#3073 = PLANE ( 'NONE',  #1988 ) ;
#3074 = ORIENTED_EDGE ( 'NONE', *, *, #2097, .T. ) ;
#3075 = VECTOR ( 'NONE', #743, 1000.000000000000000 ) ;
#3076 = CARTESIAN_POINT ( 'NONE',  ( 2.154999999999999805, 0.000000000000000000, 6.500000000000001776 ) ) ;
#3077 = EDGE_CURVE ( 'NONE', #90, #1073, #3139, .T. ) ;
#3078 = AXIS2_PLACEMENT_3D ( 'NONE', #1199, #1804, #1451 ) ;
#3079 = DIRECTION ( 'NONE',  ( 0.000000000000000000, 1.000000000000000000, 0.000000000000000000 ) ) ;
#3080 = FACE_OUTER_BOUND ( 'NONE', #28, .T. ) ;
#3081 = CARTESIAN_POINT ( 'NONE',  ( -0.2550000000000000044, -0.3810000000000000053, 6.500000000000001776 ) ) ;
#3082 = SURFACE_SIDE_STYLE ('',( #3390 ) ) ;
#3083 = COLOUR_RGB ( '',0.6666666666666666297, 0.6980392156862744724, 0.7686274509803920907 ) ;
#3084 = ORIENTED_EDGE ( 'NONE', *, *, #1312, .F. ) ;
#3085 = FILL_AREA_STYLE ('',( #3456 ) ) ;
#3086 = LINE ( 'NONE', #4067, #134 ) ;
#3087 = COLOUR_RGB ( '',0.6666666666666666297, 0.6980392156862744724, 0.7686274509803920907 ) ;
#3088 = DIRECTION ( 'NONE',  ( 1.000000000000000000, 0.000000000000000000, 0.000000000000000000 ) ) ;
#3089 = CARTESIAN_POINT ( 'NONE',  ( 5.000000000000000000, -9.963813481119153466E-17, 2.100000000000000089 ) ) ;
#3090 =( NAMED_UNIT ( * ) SI_UNIT ( $, .STERADIAN. ) SOLID_ANGLE_UNIT ( ) );
#3091 = VECTOR ( 'NONE', #1086, 1000.000000000000000 ) ;
#3092 = ORIENTED_EDGE ( 'NONE', *, *, #3553, .F. ) ;
#3093 = ORIENTED_EDGE ( 'NONE', *, *, #2169, .T. ) ;
#3094 = DIRECTION ( 'NONE',  ( 0.000000000000000000, -0.8660254037844388186, -0.4999999999999997224 ) ) ;
#3095 = SURFACE_SIDE_STYLE ('',( #1790 ) ) ;
#3096 = ORIENTED_EDGE ( 'NONE', *, *, #1879, .T. ) ;
#3097 = CARTESIAN_POINT ( 'NONE',  ( 0.000000000000000000, -3.299999999999999822, -16.10000000000000142 ) ) ;
#3098 = CARTESIAN_POINT ( 'NONE',  ( 4.693789677659265358, 3.500000000000000000, -6.500000000000000000 ) ) ;
#3099 = ORIENTED_EDGE ( 'NONE', *, *, #531, .T. ) ;
#3100 = CARTESIAN_POINT ( 'NONE',  ( -5.000000000000000888, 0.000000000000000000, -6.500000000000000000 ) ) ;
#3101 = FILL_AREA_STYLE_COLOUR ( '', #1244 ) ;
#3102 = SURFACE_SIDE_STYLE ('',( #3426 ) ) ;
#3103 = DIRECTION ( 'NONE',  ( 0.08715574274765836016, -0.9961946980917455452, 0.000000000000000000 ) ) ;
#3104 = EDGE_CURVE ( 'NONE', #2985, #2030, #4168, .T. ) ;
#3105 = SURFACE_STYLE_FILL_AREA ( #1486 ) ;
#3106 = DIRECTION ( 'NONE',  ( 0.000000000000000000, 0.4999999999999997224, -0.8660254037844388186 ) ) ;
#3107 = ORIENTED_EDGE ( 'NONE', *, *, #202, .T. ) ;
#3108 = EDGE_CURVE ( 'NONE', #2627, #3450, #1268, .T. ) ;
#3109 = CARTESIAN_POINT ( 'NONE',  ( -0.2550000000000000044, -0.3810000000000000053, 6.500000000000001776 ) ) ;
#3110 = ORIENTED_EDGE ( 'NONE', *, *, #1399, .T. ) ;
#3111 = FILL_AREA_STYLE ('',( #2114 ) ) ;
#3112 = DIRECTION ( 'NONE',  ( 0.000000000000000000, 0.08715574274765836016, 0.9961946980917455452 ) ) ;
#3113 = FACE_OUTER_BOUND ( 'NONE', #1420, .T. ) ;
#3114 = ADVANCED_FACE ( 'NONE', ( #260, #2890, #1598 ), #2214, .T. ) ;
#3115 = CARTESIAN_POINT ( 'NONE',  ( -7.000000000000000000, -3.850625448120298611, -16.10000000000000142 ) ) ;
#3116 = LINE ( 'NONE', #2177, #1494 ) ;
#3117 = VERTEX_POINT ( 'NONE', #3509 ) ;
#3118 = DIRECTION ( 'NONE',  ( -0.000000000000000000, 1.000000000000000000, -0.000000000000000000 ) ) ;
#3119 =( NAMED_UNIT ( * ) SI_UNIT ( $, .STERADIAN. ) SOLID_ANGLE_UNIT ( ) );
#3120 = LINE ( 'NONE', #3764, #3736 ) ;
#3121 = FACE_OUTER_BOUND ( 'NONE', #674, .T. ) ;
#3122 = VECTOR ( 'NONE', #314, 1000.000000000000000 ) ;
#3123 = DIRECTION ( 'NONE',  ( 0.000000000000000000, -1.000000000000000000, 0.000000000000000000 ) ) ;
#3124 = LINE ( 'NONE', #1530, #814 ) ;
#3125 = EDGE_CURVE ( 'NONE', #2627, #3127, #1575, .T. ) ;
#3126 =( LENGTH_UNIT ( ) NAMED_UNIT ( * ) SI_UNIT ( .MILLI., .METRE. ) );
#3127 = VERTEX_POINT ( 'NONE', #600 ) ;
#3128 = EDGE_CURVE ( 'NONE', #3830, #2490, #4186, .T. ) ;
#3129 = CIRCLE ( 'NONE', #3671, 1.500000000000000222 ) ;
#3130 = AXIS2_PLACEMENT_3D ( 'NONE', #4120, #1868, #1843 ) ;
#3131 = LINE ( 'NONE', #3449, #2537 ) ;
#3132 = ORIENTED_EDGE ( 'NONE', *, *, #250, .F. ) ;
#3133 = PLANE ( 'NONE',  #2138 ) ;
#3134 = VECTOR ( 'NONE', #3180, 1000.000000000000000 ) ;
#3135 = STYLED_ITEM ( 'NONE', ( #3814 ), #2706 ) ;
#3136 = LINE ( 'NONE', #2525, #3763 ) ;
#3137 =( LENGTH_UNIT ( ) NAMED_UNIT ( * ) SI_UNIT ( .MILLI., .METRE. ) );
#3138 = COLOUR_RGB ( '',0.6666666666666666297, 0.6980392156862744724, 0.7686274509803920907 ) ;
#3139 = CIRCLE ( 'NONE', #604, 2.550625448120298344 ) ;
#3140 = STYLED_ITEM ( 'NONE', ( #227 ), #644 ) ;
#3141 = UNCERTAINTY_MEASURE_WITH_UNIT (LENGTH_MEASURE( 1.000000000000000082E-05 ), #4161, 'distance_accuracy_value', 'NONE');
#3142 = ORIENTED_EDGE ( 'NONE', *, *, #2860, .T. ) ;
#3143 = LINE ( 'NONE', #4065, #1911 ) ;
#3144 = CYLINDRICAL_SURFACE ( 'NONE', #3680, 3.550625448120298788 ) ;
#3145 = FILL_AREA_STYLE_COLOUR ( '', #584 ) ;
#3146 = DIRECTION ( 'NONE',  ( 0.000000000000000000, 0.000000000000000000, 1.000000000000000000 ) ) ;
#3147 = AXIS2_PLACEMENT_3D ( 'NONE', #4009, #3677, #1482 ) ;
#3148 = PRESENTATION_LAYER_ASSIGNMENT (  '', '', ( #1663 ) ) ;
#3149 = CARTESIAN_POINT ( 'NONE',  ( -3.000626588136170891, 2.990000000000000213, 5.090417679675883988 ) ) ;
#3150 = ORIENTED_EDGE ( 'NONE', *, *, #3363, .F. ) ;
#3151 = VECTOR ( 'NONE', #221, 1000.000000000000000 ) ;
#3152 = PLANE ( 'NONE',  #3279 ) ;
#3153 = EDGE_LOOP ( 'NONE', ( #2622, #2449, #2556, #3826 ) ) ;
#3154 = DIRECTION ( 'NONE',  ( -0.000000000000000000, 1.000000000000000000, -0.000000000000000000 ) ) ;
#3155 = DIRECTION ( 'NONE',  ( 0.08682659386424780579, 0.9924325091389669673, 0.08682659386424779191 ) ) ;
#3156 = EDGE_CURVE ( 'NONE', #1413, #456, #301, .T. ) ;
#3157 = DIRECTION ( 'NONE',  ( 0.000000000000000000, -1.141265444721583757E-16, 1.000000000000000000 ) ) ;
#3158 = CARTESIAN_POINT ( 'NONE',  ( 7.000000000000000000, 0.5506254481202986772, -6.487320914739863831 ) ) ;
#3159 = SURFACE_SIDE_STYLE ('',( #563 ) ) ;
#3160 = ORIENTED_EDGE ( 'NONE', *, *, #1801, .T. ) ;
#3161 = CARTESIAN_POINT ( 'NONE',  ( -1.644999999999999796, -0.3810000000000002829, 8.723184632735863531 ) ) ;
#3162 = FILL_AREA_STYLE ('',( #1864 ) ) ;
#3163 = CARTESIAN_POINT ( 'NONE',  ( -7.000000000000000000, 0.5506254481202986772, -7.899228495914965009 ) ) ;
#3164 = CARTESIAN_POINT ( 'NONE',  ( 7.000000000000000888, -3.000000000000000000, -10.06269330410536078 ) ) ;
#3165 = SURFACE_SIDE_STYLE ('',( #2210 ) ) ;
#3166 = FACE_OUTER_BOUND ( 'NONE', #3491, .T. ) ;
#3167 = CARTESIAN_POINT ( 'NONE',  ( 7.000000000000000888, -0.5506254481202986772, 0.1786197388437707478 ) ) ;
#3168 = VERTEX_POINT ( 'NONE', #2197 ) ;
#3169 = EDGE_CURVE ( 'NONE', #700, #2315, #3236, .T. ) ;
#3170 = EDGE_CURVE ( 'NONE', #2078, #1336, #1304, .T. ) ;
#3171 = LINE ( 'NONE', #235, #4078 ) ;
#3172 = ORIENTED_EDGE ( 'NONE', *, *, #3235, .T. ) ;
#3173 = CARTESIAN_POINT ( 'NONE',  ( 3.000000000000000000, -1.224687275939857267, -13.13762514150104899 ) ) ;
#3174 = CARTESIAN_POINT ( 'NONE',  ( 1.645000000000000018, -0.3810000000000003384, 8.723184632735863531 ) ) ;
#3175 = SURFACE_STYLE_FILL_AREA ( #1188 ) ;
#3176 = LINE ( 'NONE', #1899, #1424 ) ;
#3177 = EDGE_CURVE ( 'NONE', #367, #3062, #4123, .T. ) ;
#3178 = EDGE_CURVE ( 'NONE', #3168, #1166, #3171, .T. ) ;
#3179 = VERTEX_POINT ( 'NONE', #2863 ) ;
#3180 = DIRECTION ( 'NONE',  ( 0.000000000000000000, -1.141265444721583757E-16, 1.000000000000000000 ) ) ;
#3181 = MECHANICAL_DESIGN_GEOMETRIC_PRESENTATION_REPRESENTATION (  '', ( #2562 ), #3325 ) ;
#3182 = FACE_OUTER_BOUND ( 'NONE', #2361, .T. ) ;
#3183 = PRESENTATION_STYLE_ASSIGNMENT (( #2510 ) ) ;
#3184 = AXIS2_PLACEMENT_3D ( 'NONE', #2784, #125, #2084 ) ;
#3185 = DIRECTION ( 'NONE',  ( 0.000000000000000000, 0.000000000000000000, -1.000000000000000000 ) ) ;
#3186 = MECHANICAL_DESIGN_GEOMETRIC_PRESENTATION_REPRESENTATION (  '', ( #1694 ), #1627 ) ;
#3187 =( NAMED_UNIT ( * ) SI_UNIT ( $, .STERADIAN. ) SOLID_ANGLE_UNIT ( ) );
#3188 = CARTESIAN_POINT ( 'NONE',  ( -2.154999999999999805, -3.319000000000000838, 16.00000000000000000 ) ) ;
#3189 = DIRECTION ( 'NONE',  ( 0.000000000000000000, 0.000000000000000000, 1.000000000000000000 ) ) ;
#3190 = ORIENTED_EDGE ( 'NONE', *, *, #3573, .F. ) ;
#3191 = UNCERTAINTY_MEASURE_WITH_UNIT (LENGTH_MEASURE( 1.000000000000000082E-05 ), #4199, 'distance_accuracy_value', 'NONE');
#3192 = MECHANICAL_DESIGN_GEOMETRIC_PRESENTATION_REPRESENTATION (  '', ( #3061 ), #661 ) ;
#3193 = CARTESIAN_POINT ( 'NONE',  ( 0.000000000000000000, 3.500000000000000000, 0.000000000000000000 ) ) ;
#3194 = ORIENTED_EDGE ( 'NONE', *, *, #702, .F. ) ;
#3195 = PRESENTATION_STYLE_ASSIGNMENT (( #1921 ) ) ;
#3196 = VECTOR ( 'NONE', #2957, 1000.000000000000000 ) ;
#3197 = CARTESIAN_POINT ( 'NONE',  ( -4.693789677659265358, -3.500000000000000000, 6.193789677659267134 ) ) ;
#3198 = VECTOR ( 'NONE', #2727, 1000.000000000000000 ) ;
#3199 = PRESENTATION_STYLE_ASSIGNMENT (( #1898 ) ) ;
#3200 = SURFACE_STYLE_USAGE ( .BOTH. , #2554 ) ;
#3201 = DIRECTION ( 'NONE',  ( 0.000000000000000000, -1.141265444721583757E-16, 1.000000000000000000 ) ) ;
#3202 = CARTESIAN_POINT ( 'NONE',  ( -0.2550000000000000044, -3.319000000000000394, 12.20000000000000107 ) ) ;
#3203 = EDGE_LOOP ( 'NONE', ( #2650, #855, #3737, #3350 ) ) ;
#3204 = STYLED_ITEM ( 'NONE', ( #3385 ), #2984 ) ;
#3205 =( LENGTH_UNIT ( ) NAMED_UNIT ( * ) SI_UNIT ( .MILLI., .METRE. ) );
#3206 = DIRECTION ( 'NONE',  ( 0.000000000000000000, 1.000000000000000000, 0.000000000000000000 ) ) ;
#3207 = AXIS2_PLACEMENT_3D ( 'NONE', #1819, #1147, #783 ) ;
#3208 = ADVANCED_FACE ( 'NONE', ( #1394 ), #2675, .F. ) ;
#3209 = VECTOR ( 'NONE', #1121, 1000.000000000000000 ) ;
#3210 = FILL_AREA_STYLE ('',( #1507 ) ) ;
#3211 = DIRECTION ( 'NONE',  ( 0.000000000000000000, 1.000000000000000000, 0.000000000000000000 ) ) ;
#3212 = SURFACE_STYLE_FILL_AREA ( #3274 ) ;
#3213 = COLOUR_RGB ( '',0.6666666666666666297, 0.6980392156862744724, 0.7686274509803920907 ) ;
#3214 = CARTESIAN_POINT ( 'NONE',  ( 4.999999999999999112, 0.000000000000000000, -6.500000000000000000 ) ) ;
#3215 = ORIENTED_EDGE ( 'NONE', *, *, #3128, .T. ) ;
#3216 = STYLED_ITEM ( 'NONE', ( #3199 ), #146 ) ;
#3217 = STYLED_ITEM ( 'NONE', ( #4178 ), #243 ) ;
#3218 = DIRECTION ( 'NONE',  ( 3.938075060594118845E-16, -0.4999999999999980016, 0.8660254037844397068 ) ) ;
#3219 = VERTEX_POINT ( 'NONE', #409 ) ;
#3220 = LINE ( 'NONE', #3173, #3758 ) ;
#3221 =( NAMED_UNIT ( * ) SI_UNIT ( $, .STERADIAN. ) SOLID_ANGLE_UNIT ( ) );
#3222 = CARTESIAN_POINT ( 'NONE',  ( 6.800000000000000711, -2.630250393329138792, -7.899228495914965009 ) ) ;
#3223 = ORIENTED_EDGE ( 'NONE', *, *, #2646, .T. ) ;
#3224 = SURFACE_STYLE_FILL_AREA ( #2624 ) ;
#3225 = FILL_AREA_STYLE ('',( #4176 ) ) ;
#3226 = DIRECTION ( 'NONE',  ( -1.000000000000000000, 0.000000000000000000, 0.000000000000000000 ) ) ;
#3227 = DIRECTION ( 'NONE',  ( 0.000000000000000000, -1.141265444721583757E-16, 1.000000000000000000 ) ) ;
#3228 = FILL_AREA_STYLE_COLOUR ( '', #1660 ) ;
#3229 = DIRECTION ( 'NONE',  ( 1.000000000000000000, 0.000000000000000000, 0.000000000000000000 ) ) ;
#3230 = FILL_AREA_STYLE_COLOUR ( '', #2458 ) ;
#3231 = PLANE ( 'NONE',  #1425 ) ;
#3232 = CARTESIAN_POINT ( 'NONE',  ( 7.000000000000000888, -1.775312724060154945, -12.18391388941630993 ) ) ;
#3233 = SURFACE_STYLE_USAGE ( .BOTH. , #4182 ) ;
#3234 = VERTEX_POINT ( 'NONE', #3620 ) ;
#3235 = EDGE_CURVE ( 'NONE', #3423, #3830, #3014, .T. ) ;
#3236 = LINE ( 'NONE', #2923, #2055 ) ;
#3237 = ORIENTED_EDGE ( 'NONE', *, *, #51, .F. ) ;
#3238 = SURFACE_STYLE_USAGE ( .BOTH. , #1553 ) ;
#3239 = ADVANCED_FACE ( 'NONE', ( #2356 ), #3930, .F. ) ;
#3240 = CARTESIAN_POINT ( 'NONE',  ( 5.000000000000000000, -3.000000000000000000, -10.06269330410536078 ) ) ;
#3241 = DIRECTION ( 'NONE',  ( -0.000000000000000000, 1.000000000000000000, 1.141265444721583757E-16 ) ) ;
#3242 = LINE ( 'NONE', #1308, #3272 ) ;
#3243 = EDGE_LOOP ( 'NONE', ( #714, #2635, #3498, #3884 ) ) ;
#3244 = LINE ( 'NONE', #1626, #2108 ) ;
#3245 = ORIENTED_EDGE ( 'NONE', *, *, #992, .F. ) ;
#3246 = DIRECTION ( 'NONE',  ( 1.000000000000000000, 0.000000000000000000, 0.000000000000000000 ) ) ;
#3247 = CARTESIAN_POINT ( 'NONE',  ( -3.000626588136170891, 2.990000000000000213, 5.090417679675883988 ) ) ;
#3248 =( NAMED_UNIT ( * ) PLANE_ANGLE_UNIT ( ) SI_UNIT ( $, .RADIAN. ) );
#3249 = EDGE_LOOP ( 'NONE', ( #3601, #3142, #3621, #2613, #1415 ) ) ;
#3250 = DIRECTION ( 'NONE',  ( -0.000000000000000000, 1.000000000000000000, 1.224646799147350249E-16 ) ) ;
#3251 =( LENGTH_UNIT ( ) NAMED_UNIT ( * ) SI_UNIT ( .MILLI., .METRE. ) );
#3252 = CARTESIAN_POINT ( 'NONE',  ( -1.645000000000000018, 0.000000000000000000, 6.500000000000001776 ) ) ;
#3253 = VERTEX_POINT ( 'NONE', #766 ) ;
#3254 = EDGE_CURVE ( 'NONE', #3179, #3966, #2077, .T. ) ;
#3255 = DIRECTION ( 'NONE',  ( 0.000000000000000000, 1.000000000000000000, 0.000000000000000000 ) ) ;
#3256 = ORIENTED_EDGE ( 'NONE', *, *, #427, .T. ) ;
#3257 =( GEOMETRIC_REPRESENTATION_CONTEXT ( 3 ) GLOBAL_UNCERTAINTY_ASSIGNED_CONTEXT ( ( #914 ) ) GLOBAL_UNIT_ASSIGNED_CONTEXT ( ( #170, #1422, #1757 ) ) REPRESENTATION_CONTEXT ( 'NONE', 'WORKASPACE' ) );
#3258 = DIRECTION ( 'NONE',  ( -0.000000000000000000, 1.000000000000000000, -0.000000000000000000 ) ) ;
#3259 = AXIS2_PLACEMENT_3D ( 'NONE', #3294, #1353, #2294 ) ;
#3260 = PRESENTATION_STYLE_ASSIGNMENT (( #697 ) ) ;
#3261 = DIRECTION ( 'NONE',  ( -1.000000000000000000, 0.000000000000000000, 0.000000000000000000 ) ) ;
#3262 = UNCERTAINTY_MEASURE_WITH_UNIT (LENGTH_MEASURE( 1.000000000000000082E-05 ), #2341, 'distance_accuracy_value', 'NONE');
#3263 = ORIENTED_EDGE ( 'NONE', *, *, #1943, .T. ) ;
#3264 = DIRECTION ( 'NONE',  ( 1.000000000000000000, -0.000000000000000000, -0.000000000000000000 ) ) ;
#3265 = COLOUR_RGB ( '',0.6666666666666666297, 0.6980392156862744724, 0.7686274509803920907 ) ;
#3266 = ORIENTED_EDGE ( 'NONE', *, *, #4167, .T. ) ;
#3267 = FACE_OUTER_BOUND ( 'NONE', #2348, .T. ) ;
#3268 = PRESENTATION_LAYER_ASSIGNMENT (  '', '', ( #879 ) ) ;
#3269 = STYLED_ITEM ( 'NONE', ( #1592 ), #2505 ) ;
#3270 = SURFACE_STYLE_FILL_AREA ( #2295 ) ;
#3271 = VECTOR ( 'NONE', #1099, 1000.000000000000000 ) ;
#3272 = VECTOR ( 'NONE', #607, 1000.000000000000000 ) ;
#3273 = ORIENTED_EDGE ( 'NONE', *, *, #3010, .T. ) ;
#3274 = FILL_AREA_STYLE ('',( #2230 ) ) ;
#3275 = CARTESIAN_POINT ( 'NONE',  ( 3.000000000000000444, -0.5506254481202986772, 2.100000000000000089 ) ) ;
#3276 = SURFACE_SIDE_STYLE ('',( #4203 ) ) ;
#3277 = PRESENTATION_STYLE_ASSIGNMENT (( #3299 ) ) ;
#3278 = ORIENTED_EDGE ( 'NONE', *, *, #2934, .T. ) ;
#3279 = AXIS2_PLACEMENT_3D ( 'NONE', #2800, #1765, #534 ) ;
#3280 = VECTOR ( 'NONE', #1781, 1000.000000000000000 ) ;
#3281 = COLOUR_RGB ( '',0.6666666666666666297, 0.6980392156862744724, 0.7686274509803920907 ) ;
#3282 = AXIS2_PLACEMENT_3D ( 'NONE', #3024, #1475, #124 ) ;
#3283 = CARTESIAN_POINT ( 'NONE',  ( -0.2550000000000000044, 0.000000000000000000, 6.500000000000001776 ) ) ;
#3284 = EDGE_LOOP ( 'NONE', ( #58, #3559 ) ) ;
#3285 =( GEOMETRIC_REPRESENTATION_CONTEXT ( 3 ) GLOBAL_UNCERTAINTY_ASSIGNED_CONTEXT ( ( #2354 ) ) GLOBAL_UNIT_ASSIGNED_CONTEXT ( ( #3817, #4137, #616 ) ) REPRESENTATION_CONTEXT ( 'NONE', 'WORKASPACE' ) );
#3286 =( GEOMETRIC_REPRESENTATION_CONTEXT ( 3 ) GLOBAL_UNCERTAINTY_ASSIGNED_CONTEXT ( ( #2658 ) ) GLOBAL_UNIT_ASSIGNED_CONTEXT ( ( #1885, #4159, #249 ) ) REPRESENTATION_CONTEXT ( 'NONE', 'WORKASPACE' ) );
#3287 = LINE ( 'NONE', #1371, #1758 ) ;
#3288 = FILL_AREA_STYLE ('',( #722 ) ) ;
#3289 =( NAMED_UNIT ( * ) SI_UNIT ( $, .STERADIAN. ) SOLID_ANGLE_UNIT ( ) );
#3290 = ORIENTED_EDGE ( 'NONE', *, *, #1681, .F. ) ;
#3291 = FACE_OUTER_BOUND ( 'NONE', #659, .T. ) ;
#3292 = EDGE_CURVE ( 'NONE', #1670, #1891, #669, .T. ) ;
#3293 = ORIENTED_EDGE ( 'NONE', *, *, #3983, .F. ) ;
#3294 = CARTESIAN_POINT ( 'NONE',  ( -0.2550000000000000044, -3.319000000000000838, 16.00000000000000000 ) ) ;
#3295 = FILL_AREA_STYLE_COLOUR ( '', #1840 ) ;
#3296 = ADVANCED_FACE ( 'NONE', ( #1344 ), #2653, .F. ) ;
#3297 = VERTEX_POINT ( 'NONE', #824 ) ;
#3298 = SURFACE_STYLE_FILL_AREA ( #2005 ) ;
#3299 = SURFACE_STYLE_USAGE ( .BOTH. , #1980 ) ;
#3300 = ORIENTED_EDGE ( 'NONE', *, *, #3851, .T. ) ;
#3301 = SURFACE_SIDE_STYLE ('',( #100 ) ) ;
#3302 = ORIENTED_EDGE ( 'NONE', *, *, #23, .F. ) ;
#3303 = CARTESIAN_POINT ( 'NONE',  ( 7.000000000000000888, 0.5506254481202986772, 2.100000000000000089 ) ) ;
#3304 = FILL_AREA_STYLE ('',( #724 ) ) ;
#3305 = ORIENTED_EDGE ( 'NONE', *, *, #3923, .F. ) ;
#3306 = EDGE_LOOP ( 'NONE', ( #2966, #1498, #192, #352, #6, #517 ) ) ;
#3307 = EDGE_CURVE ( 'NONE', #3747, #4192, #4074, .T. ) ;
#3308 =( LENGTH_UNIT ( ) NAMED_UNIT ( * ) SI_UNIT ( .MILLI., .METRE. ) );
#3309 =( NAMED_UNIT ( * ) PLANE_ANGLE_UNIT ( ) SI_UNIT ( $, .RADIAN. ) );
#3310 = DIRECTION ( 'NONE',  ( 0.000000000000000000, -1.224646799147350249E-16, 1.000000000000000000 ) ) ;
#3311 = EDGE_CURVE ( 'NONE', #1055, #2198, #506, .T. ) ;
#3312 = EDGE_LOOP ( 'NONE', ( #3290, #482, #1181, #2682 ) ) ;
#3313 = DIRECTION ( 'NONE',  ( -1.000000000000000000, 0.000000000000000000, -0.000000000000000000 ) ) ;
#3314 = CARTESIAN_POINT ( 'NONE',  ( -5.000000000000000888, -3.500000000000000000, -6.193789677659265358 ) ) ;
#3315 = LINE ( 'NONE', #30, #3122 ) ;
#3316 = CARTESIAN_POINT ( 'NONE',  ( -2.154999999999999805, -3.700000000000000178, 12.04218463273585016 ) ) ;
#3317 = DIRECTION ( 'NONE',  ( 0.000000000000000000, 0.4999999999999997224, -0.8660254037844388186 ) ) ;
#3318 = ORIENTED_EDGE ( 'NONE', *, *, #4167, .F. ) ;
#3319 = UNCERTAINTY_MEASURE_WITH_UNIT (LENGTH_MEASURE( 1.000000000000000082E-05 ), #1686, 'distance_accuracy_value', 'NONE');
#3320 = UNCERTAINTY_MEASURE_WITH_UNIT (LENGTH_MEASURE( 1.000000000000000082E-05 ), #1661, 'distance_accuracy_value', 'NONE');
#3321 = SURFACE_STYLE_USAGE ( .BOTH. , #993 ) ;
#3322 = ORIENTED_EDGE ( 'NONE', *, *, #3919, .T. ) ;
#3323 = UNCERTAINTY_MEASURE_WITH_UNIT (LENGTH_MEASURE( 1.000000000000000082E-05 ), #87, 'distance_accuracy_value', 'NONE');
#3324 = FACE_OUTER_BOUND ( 'NONE', #2951, .T. ) ;
#3325 =( GEOMETRIC_REPRESENTATION_CONTEXT ( 3 ) GLOBAL_UNCERTAINTY_ASSIGNED_CONTEXT ( ( #3323 ) ) GLOBAL_UNIT_ASSIGNED_CONTEXT ( ( #87, #3912, #428 ) ) REPRESENTATION_CONTEXT ( 'NONE', 'WORKASPACE' ) );
#3326 = DIRECTION ( 'NONE',  ( -0.000000000000000000, 0.000000000000000000, 1.000000000000000000 ) ) ;
#3327 = PLANE ( 'NONE',  #1778 ) ;
#3328 = ORIENTED_EDGE ( 'NONE', *, *, #3801, .T. ) ;
#3329 = CARTESIAN_POINT ( 'NONE',  ( 1.645000000000000018, -3.700000000000000178, 12.20000000000000107 ) ) ;
#3330 = COLOUR_RGB ( '',0.6666666666666666297, 0.6980392156862744724, 0.7686274509803920907 ) ;
#3331 = EDGE_LOOP ( 'NONE', ( #573, #2414, #2379, #3263 ) ) ;
#3332 = VECTOR ( 'NONE', #480, 1000.000000000000000 ) ;
#3333 = ORIENTED_EDGE ( 'NONE', *, *, #1907, .F. ) ;
#3334 =( LENGTH_UNIT ( ) NAMED_UNIT ( * ) SI_UNIT ( .MILLI., .METRE. ) );
#3335 = FILL_AREA_STYLE_COLOUR ( '', #2599 ) ;
#3336 = LINE ( 'NONE', #2103, #2187 ) ;
#3337 = SURFACE_STYLE_FILL_AREA ( #1321 ) ;
#3338 =( GEOMETRIC_REPRESENTATION_CONTEXT ( 3 ) GLOBAL_UNCERTAINTY_ASSIGNED_CONTEXT ( ( #3954 ) ) GLOBAL_UNIT_ASSIGNED_CONTEXT ( ( #3777, #484, #1755 ) ) REPRESENTATION_CONTEXT ( 'NONE', 'WORKASPACE' ) );
#3339 = PRESENTATION_LAYER_ASSIGNMENT (  '', '', ( #4212 ) ) ;
#3340 = EDGE_CURVE ( 'NONE', #1891, #1985, #468, .T. ) ;
#3341 = PLANE ( 'NONE',  #1293 ) ;
#3342 = PRESENTATION_LAYER_ASSIGNMENT (  '', '', ( #956 ) ) ;
#3343 = COLOUR_RGB ( '',0.6666666666666666297, 0.6980392156862744724, 0.7686274509803920907 ) ;
#3344 =( LENGTH_UNIT ( ) NAMED_UNIT ( * ) SI_UNIT ( .MILLI., .METRE. ) );
#3345 =( GEOMETRIC_REPRESENTATION_CONTEXT ( 3 ) GLOBAL_UNCERTAINTY_ASSIGNED_CONTEXT ( ( #2358 ) ) GLOBAL_UNIT_ASSIGNED_CONTEXT ( ( #3794, #171, #1837 ) ) REPRESENTATION_CONTEXT ( 'NONE', 'WORKASPACE' ) );
#3346 = ORIENTED_EDGE ( 'NONE', *, *, #2335, .F. ) ;
#3347 = CIRCLE ( 'NONE', #3207, 2.550625448120298344 ) ;
#3348 =( NAMED_UNIT ( * ) PLANE_ANGLE_UNIT ( ) SI_UNIT ( $, .RADIAN. ) );
#3349 = DIRECTION ( 'NONE',  ( 0.000000000000000000, -0.7071067811865489050, 0.7071067811865461294 ) ) ;
#3350 = ORIENTED_EDGE ( 'NONE', *, *, #508, .T. ) ;
#3351 = MECHANICAL_DESIGN_GEOMETRIC_PRESENTATION_REPRESENTATION (  '', ( #1785 ), #1250 ) ;
#3352 = DIRECTION ( 'NONE',  ( 0.000000000000000000, -0.000000000000000000, 1.000000000000000000 ) ) ;
#3353 = STYLED_ITEM ( 'NONE', ( #220 ), #107 ) ;
#3354 = VECTOR ( 'NONE', #2429, 1000.000000000000000 ) ;
#3355 = CARTESIAN_POINT ( 'NONE',  ( 3.000000000000000000, -2.024687275939846653, -13.59950535685274353 ) ) ;
#3356 =( NAMED_UNIT ( * ) SI_UNIT ( $, .STERADIAN. ) SOLID_ANGLE_UNIT ( ) );
#3357 = AXIS2_PLACEMENT_3D ( 'NONE', #3729, #3112, #893 ) ;
#3358 = ORIENTED_EDGE ( 'NONE', *, *, #1734, .T. ) ;
#3359 = DIRECTION ( 'NONE',  ( 0.000000000000000000, 1.000000000000000000, 0.000000000000000000 ) ) ;
#3360 = LINE ( 'NONE', #759, #3198 ) ;
#3361 = CARTESIAN_POINT ( 'NONE',  ( 0.2550000000000000044, -0.3810000000000000053, 6.500000000000001776 ) ) ;
#3362 = FACE_OUTER_BOUND ( 'NONE', #1674, .T. ) ;
#3363 = EDGE_CURVE ( 'NONE', #2246, #2586, #1039, .T. ) ;
#3364 =( LENGTH_UNIT ( ) NAMED_UNIT ( * ) SI_UNIT ( .MILLI., .METRE. ) );
#3365 = EDGE_CURVE ( 'NONE', #2484, #2930, #3347, .T. ) ;
#3366 = DIRECTION ( 'NONE',  ( 0.000000000000000000, 0.000000000000000000, -1.000000000000000000 ) ) ;
#3367 = ORIENTED_EDGE ( 'NONE', *, *, #1443, .F. ) ;
#3368 = EDGE_CURVE ( 'NONE', #3455, #3423, #2166, .T. ) ;
#3369 = CARTESIAN_POINT ( 'NONE',  ( -7.000000000000000000, 0.5506254481202986772, -10.06269330410536078 ) ) ;
#3370 = EDGE_LOOP ( 'NONE', ( #3597, #1542, #4053, #2779 ) ) ;
#3371 = PRESENTATION_STYLE_ASSIGNMENT (( #3882 ) ) ;
#3372 = EDGE_CURVE ( 'NONE', #2548, #1787, #117, .T. ) ;
#3373 = ORIENTED_EDGE ( 'NONE', *, *, #1775, .T. ) ;
#3374 = FILL_AREA_STYLE_COLOUR ( '', #310 ) ;
#3375 = PLANE ( 'NONE',  #2238 ) ;
#3376 =( NAMED_UNIT ( * ) SI_UNIT ( $, .STERADIAN. ) SOLID_ANGLE_UNIT ( ) );
#3377 = ORIENTED_EDGE ( 'NONE', *, *, #4084, .F. ) ;
#3378 = DIRECTION ( 'NONE',  ( -0.000000000000000000, 1.000000000000000000, -0.000000000000000000 ) ) ;
#3379 = DIRECTION ( 'NONE',  ( 0.000000000000000000, -1.141265444721583757E-16, 1.000000000000000000 ) ) ;
#3380 = LINE ( 'NONE', #1102, #3481 ) ;
#3381 =( NAMED_UNIT ( * ) PLANE_ANGLE_UNIT ( ) SI_UNIT ( $, .RADIAN. ) );
#3382 = CARTESIAN_POINT ( 'NONE',  ( -0.2550000000000000044, -2.915884028769855951E-16, 8.881000000000014438 ) ) ;
#3383 = ORIENTED_EDGE ( 'NONE', *, *, #1054, .T. ) ;
#3384 = EDGE_CURVE ( 'NONE', #4099, #1796, #797, .T. ) ;
#3385 = PRESENTATION_STYLE_ASSIGNMENT (( #3783 ) ) ;
#3386 = ORIENTED_EDGE ( 'NONE', *, *, #3733, .T. ) ;
#3387 = DIRECTION ( 'NONE',  ( 1.000000000000000000, 0.000000000000000000, 0.000000000000000000 ) ) ;
#3388 = DIRECTION ( 'NONE',  ( 0.000000000000000000, 0.000000000000000000, 1.000000000000000000 ) ) ;
#3389 = SURFACE_SIDE_STYLE ('',( #2767 ) ) ;
#3390 = SURFACE_STYLE_FILL_AREA ( #2063 ) ;
#3391 = VECTOR ( 'NONE', #2789, 1000.000000000000000 ) ;
#3392 = ORIENTED_EDGE ( 'NONE', *, *, #860, .T. ) ;
#3393 = CARTESIAN_POINT ( 'NONE',  ( 0.000000000000000000, -3.500000000000000000, 0.000000000000000000 ) ) ;
#3394 = MECHANICAL_DESIGN_GEOMETRIC_PRESENTATION_REPRESENTATION (  '', ( #3594 ), #1762 ) ;
#3395 = LINE ( 'NONE', #154, #1168 ) ;
#3396 = SURFACE_STYLE_USAGE ( .BOTH. , #2102 ) ;
#3397 = CARTESIAN_POINT ( 'NONE',  ( 2.155000000000000249, -3.700000000000001066, 12.04218463273585016 ) ) ;
#3398 = CYLINDRICAL_SURFACE ( 'NONE', #3691, 2.449374551879701656 ) ;
#3399 = VECTOR ( 'NONE', #1604, 1000.000000000000000 ) ;
#3400 = PRESENTATION_LAYER_ASSIGNMENT (  '', '', ( #1497 ) ) ;
#3401 = CARTESIAN_POINT ( 'NONE',  ( -0.2550000000000000044, 0.000000000000000000, 6.500000000000001776 ) ) ;
#3402 = ORIENTED_EDGE ( 'NONE', *, *, #3902, .F. ) ;
#3403 = PRESENTATION_LAYER_ASSIGNMENT (  '', '', ( #3135 ) ) ;
#3404 = VECTOR ( 'NONE', #418, 1000.000000000000000 ) ;
#3405 =( GEOMETRIC_REPRESENTATION_CONTEXT ( 3 ) GLOBAL_UNCERTAINTY_ASSIGNED_CONTEXT ( ( #1365 ) ) GLOBAL_UNIT_ASSIGNED_CONTEXT ( ( #3499, #2274, #587 ) ) REPRESENTATION_CONTEXT ( 'NONE', 'WORKASPACE' ) );
#3406 = PRESENTATION_LAYER_ASSIGNMENT (  '', '', ( #2876 ) ) ;
#3407 =( GEOMETRIC_REPRESENTATION_CONTEXT ( 3 ) GLOBAL_UNCERTAINTY_ASSIGNED_CONTEXT ( ( #88 ) ) GLOBAL_UNIT_ASSIGNED_CONTEXT ( ( #594, #4162, #4055 ) ) REPRESENTATION_CONTEXT ( 'NONE', 'WORKASPACE' ) );
#3408 = DIRECTION ( 'NONE',  ( 0.9961946980917455452, -0.08715574274765836016, -1.329324868787214695E-16 ) ) ;
#3409 = CARTESIAN_POINT ( 'NONE',  ( -7.000000000000000000, -0.5506254481202986772, 2.100000000000000089 ) ) ;
#3410 = ORIENTED_EDGE ( 'NONE', *, *, #2684, .F. ) ;
#3411 = FILL_AREA_STYLE ('',( #4102 ) ) ;
#3412 = PRESENTATION_LAYER_ASSIGNMENT (  '', '', ( #1379 ) ) ;
#3413 = FILL_AREA_STYLE_COLOUR ( '', #1520 ) ;
#3414 = EDGE_LOOP ( 'NONE', ( #3641, #3578, #3708, #4111 ) ) ;
#3415 = AXIS2_PLACEMENT_3D ( 'NONE', #490, #3106, #2148 ) ;
#3416 =( NAMED_UNIT ( * ) PLANE_ANGLE_UNIT ( ) SI_UNIT ( $, .RADIAN. ) );
#3417 = SURFACE_SIDE_STYLE ('',( #2785 ) ) ;
#3418 = FILL_AREA_STYLE_COLOUR ( '', #449 ) ;
#3419 = MECHANICAL_DESIGN_GEOMETRIC_PRESENTATION_REPRESENTATION (  '', ( #3353 ), #892 ) ;
#3420 = ADVANCED_FACE ( 'NONE', ( #2778 ), #2758, .F. ) ;
#3421 = EDGE_CURVE ( 'NONE', #1057, #2334, #1570, .T. ) ;
#3422 = VECTOR ( 'NONE', #3523, 1000.000000000000000 ) ;
#3423 = VERTEX_POINT ( 'NONE', #2884 ) ;
#3424 = PRESENTATION_STYLE_ASSIGNMENT (( #2771 ) ) ;
#3425 = VECTOR ( 'NONE', #3468, 1000.000000000000000 ) ;
#3426 = SURFACE_STYLE_FILL_AREA ( #4158 ) ;
#3427 = LINE ( 'NONE', #842, #2887 ) ;
#3428 = EDGE_CURVE ( 'NONE', #3996, #690, #911, .T. ) ;
#3429 = AXIS2_PLACEMENT_3D ( 'NONE', #809, #4088, #2465 ) ;
#3430 = CARTESIAN_POINT ( 'NONE',  ( -0.2550000000000000044, -0.3810000000000000053, 6.500000000000001776 ) ) ;
#3431 = FACE_OUTER_BOUND ( 'NONE', #4075, .T. ) ;
#3432 = DIRECTION ( 'NONE',  ( 0.000000000000000000, -0.7071067811865489050, 0.7071067811865461294 ) ) ;
#3433 = ORIENTED_EDGE ( 'NONE', *, *, #585, .T. ) ;
#3434 = FACE_OUTER_BOUND ( 'NONE', #2353, .T. ) ;
#3435 = ORIENTED_EDGE ( 'NONE', *, *, #667, .F. ) ;
#3436 = CARTESIAN_POINT ( 'NONE',  ( 7.000000000000000888, -1.224687275939857267, -13.13762514150104899 ) ) ;
#3437 = LINE ( 'NONE', #3772, #2421 ) ;
#3438 = DIRECTION ( 'NONE',  ( 1.000000000000000000, 0.000000000000000000, 0.000000000000000000 ) ) ;
#3439 = SURFACE_SIDE_STYLE ('',( #2810 ) ) ;
#3440 = LINE ( 'NONE', #3098, #3804 ) ;
#3441 = ADVANCED_FACE ( 'NONE', ( #1594 ), #1297, .F. ) ;
#3442 = ORIENTED_EDGE ( 'NONE', *, *, #2879, .T. ) ;
#3443 = FACE_OUTER_BOUND ( 'NONE', #2609, .T. ) ;
#3444 = DIRECTION ( 'NONE',  ( -1.000000000000000000, -0.000000000000000000, -0.000000000000000000 ) ) ;
#3445 = SURFACE_STYLE_USAGE ( .BOTH. , #502 ) ;
#3446 = ADVANCED_FACE ( 'NONE', ( #4204 ), #2585, .F. ) ;
#3447 = PRESENTATION_STYLE_ASSIGNMENT (( #2437 ) ) ;
#3448 = EDGE_LOOP ( 'NONE', ( #1739, #826, #2780, #3096 ) ) ;
#3449 = CARTESIAN_POINT ( 'NONE',  ( 3.000000000000000000, -1.224687275939856823, -13.13762514150104899 ) ) ;
#3450 = VERTEX_POINT ( 'NONE', #281 ) ;
#3451 = DIRECTION ( 'NONE',  ( 0.000000000000000000, 0.9961946980917455452, 0.08715574274765836016 ) ) ;
#3452 =( LENGTH_UNIT ( ) NAMED_UNIT ( * ) SI_UNIT ( .MILLI., .METRE. ) );
#3453 = CARTESIAN_POINT ( 'NONE',  ( 0.000000000000000000, 2.990000000000000213, 0.000000000000000000 ) ) ;
#3454 = CARTESIAN_POINT ( 'NONE',  ( -3.000626588136170891, 3.500000000000000000, 5.090417679675883988 ) ) ;
#3455 = VERTEX_POINT ( 'NONE', #3167 ) ;
#3456 = FILL_AREA_STYLE_COLOUR ( '', #1029 ) ;
#3457 = DIRECTION ( 'NONE',  ( 0.000000000000000000, -0.7071067811865489050, 0.7071067811865461294 ) ) ;
#3458 = VECTOR ( 'NONE', #2982, 1000.000000000000000 ) ;
#3459 = DIRECTION ( 'NONE',  ( 1.000000000000000000, 0.000000000000000000, 0.000000000000000000 ) ) ;
#3460 = LINE ( 'NONE', #211, #145 ) ;
#3461 =( NAMED_UNIT ( * ) SI_UNIT ( $, .STERADIAN. ) SOLID_ANGLE_UNIT ( ) );
#3462 = CARTESIAN_POINT ( 'NONE',  ( 7.000000000000000888, -0.5506254481202986772, 2.100000000000000089 ) ) ;
#3463 = ORIENTED_EDGE ( 'NONE', *, *, #2722, .F. ) ;
#3464 = ADVANCED_FACE ( 'NONE', ( #3889 ), #3486, .F. ) ;
#3465 =( GEOMETRIC_REPRESENTATION_CONTEXT ( 3 ) GLOBAL_UNCERTAINTY_ASSIGNED_CONTEXT ( ( #1572 ) ) GLOBAL_UNIT_ASSIGNED_CONTEXT ( ( #379, #3381, #440 ) ) REPRESENTATION_CONTEXT ( 'NONE', 'WORKASPACE' ) );
#3466 = CARTESIAN_POINT ( 'NONE',  ( 3.000000000000000444, -3.850625448120298611, -16.10000000000000142 ) ) ;
#3467 = ORIENTED_EDGE ( 'NONE', *, *, #581, .T. ) ;
#3468 = DIRECTION ( 'NONE',  ( 3.938075060594118352E-16, -1.000000000000000000, 0.000000000000000000 ) ) ;
#3469 = CIRCLE ( 'NONE', #463, 2.449374551879701656 ) ;
#3470 = COLOUR_RGB ( '',0.6666666666666666297, 0.6980392156862744724, 0.7686274509803920907 ) ;
#3471 = DIRECTION ( 'NONE',  ( 0.3826168613972912302, 0.000000000000000000, -0.9239071042991746641 ) ) ;
#3472 = CARTESIAN_POINT ( 'NONE',  ( -3.000626588136170891, 3.500000000000000000, 4.590417679675883988 ) ) ;
#3473 = VECTOR ( 'NONE', #1302, 1000.000000000000000 ) ;
#3474 = UNCERTAINTY_MEASURE_WITH_UNIT (LENGTH_MEASURE( 1.000000000000000082E-05 ), #57, 'distance_accuracy_value', 'NONE');
#3475 = PRESENTATION_LAYER_ASSIGNMENT (  '', '', ( #2540 ) ) ;
#3476 = ORIENTED_EDGE ( 'NONE', *, *, #1342, .T. ) ;
#3477 = FACE_OUTER_BOUND ( 'NONE', #3243, .T. ) ;
#3478 = DIRECTION ( 'NONE',  ( 1.000000000000000000, 0.000000000000000000, 0.000000000000000000 ) ) ;
#3479 = CARTESIAN_POINT ( 'NONE',  ( 0.2550000000000000044, 0.000000000000000000, 6.500000000000001776 ) ) ;
#3480 = SURFACE_STYLE_USAGE ( .BOTH. , #2129 ) ;
#3481 = VECTOR ( 'NONE', #2475, 1000.000000000000000 ) ;
#3482 = AXIS2_PLACEMENT_3D ( 'NONE', #1590, #3856, #251 ) ;
#3483 = PLANE ( 'NONE',  #1046 ) ;
#3484 = FILL_AREA_STYLE ('',( #4033 ) ) ;
#3485 = SURFACE_STYLE_USAGE ( .BOTH. , #3745 ) ;
#3486 = CYLINDRICAL_SURFACE ( 'NONE', #764, 1.500000000000000222 ) ;
#3487 = EDGE_LOOP ( 'NONE', ( #426, #3302, #2718, #450, #1788, #1659, #1882, #3667, #639, #3542, #647 ) ) ;
#3488 = PRESENTATION_LAYER_ASSIGNMENT (  '', '', ( #768 ) ) ;
#3489 = EDGE_CURVE ( 'NONE', #3812, #1201, #3506, .T. ) ;
#3490 = DIRECTION ( 'NONE',  ( 0.08682659386424777803, 0.9924325091389669673, -0.08682659386424779191 ) ) ;
#3491 = EDGE_LOOP ( 'NONE', ( #3576, #3979, #1605, #2522, #507, #3909 ) ) ;
#3492 = EDGE_CURVE ( 'NONE', #2930, #3996, #99, .T. ) ;
#3493 = DIRECTION ( 'NONE',  ( 0.000000000000000000, -1.141265444721583757E-16, 1.000000000000000000 ) ) ;
#3494 = ADVANCED_FACE ( 'NONE', ( #3640 ), #2008, .T. ) ;
#3495 = DIRECTION ( 'NONE',  ( 3.938075060594118352E-16, -1.000000000000000000, 0.000000000000000000 ) ) ;
#3496 = LINE ( 'NONE', #2847, #444 ) ;
#3497 = DIRECTION ( 'NONE',  ( -0.000000000000000000, 1.000000000000000000, -0.000000000000000000 ) ) ;
#3498 = ORIENTED_EDGE ( 'NONE', *, *, #3365, .T. ) ;
#3499 =( LENGTH_UNIT ( ) NAMED_UNIT ( * ) SI_UNIT ( .MILLI., .METRE. ) );
#3500 = FILL_AREA_STYLE_COLOUR ( '', #4076 ) ;
#3501 = SURFACE_STYLE_FILL_AREA ( #3815 ) ;
#3502 = DIRECTION ( 'NONE',  ( 0.000000000000000000, 1.000000000000000000, 0.000000000000000000 ) ) ;
#3503 = CARTESIAN_POINT ( 'NONE',  ( -7.000000000000000000, -3.000000000000000000, -10.06269330410536078 ) ) ;
#3504 = FILL_AREA_STYLE ('',( #3230 ) ) ;
#3505 = PLANE ( 'NONE',  #1583 ) ;
#3506 = LINE ( 'NONE', #1844, #1313 ) ;
#3507 = ORIENTED_EDGE ( 'NONE', *, *, #427, .F. ) ;
#3508 = UNCERTAINTY_MEASURE_WITH_UNIT (LENGTH_MEASURE( 1.000000000000000082E-05 ), #437, 'distance_accuracy_value', 'NONE');
#3509 = CARTESIAN_POINT ( 'NONE',  ( 7.000000000000000000, 0.5506254481202986772, -7.899228495914965009 ) ) ;
#3510 = ORIENTED_EDGE ( 'NONE', *, *, #4213, .T. ) ;
#3511 = DIRECTION ( 'NONE',  ( 0.000000000000000000, -1.141265444721583757E-16, 1.000000000000000000 ) ) ;
#3512 = DIRECTION ( 'NONE',  ( 0.000000000000000000, -0.4999999999999975575, 0.8660254037844400399 ) ) ;
#3513 = DIRECTION ( 'NONE',  ( -1.000000000000000000, 0.000000000000000000, -0.000000000000000000 ) ) ;
#3514 = EDGE_CURVE ( 'NONE', #994, #3001, #10, .T. ) ;
#3515 =( NAMED_UNIT ( * ) SI_UNIT ( $, .STERADIAN. ) SOLID_ANGLE_UNIT ( ) );
#3516 = CARTESIAN_POINT ( 'NONE',  ( 1.645000000000000018, 0.000000000000000000, 6.500000000000001776 ) ) ;
#3517 = ADVANCED_FACE ( 'NONE', ( #689 ), #713, .F. ) ;
#3518 = VERTEX_POINT ( 'NONE', #3252 ) ;
#3519 = UNCERTAINTY_MEASURE_WITH_UNIT (LENGTH_MEASURE( 1.000000000000000082E-05 ), #3051, 'distance_accuracy_value', 'NONE');
#3520 =( NAMED_UNIT ( * ) SI_UNIT ( $, .STERADIAN. ) SOLID_ANGLE_UNIT ( ) );
#3521 = DIRECTION ( 'NONE',  ( 0.000000000000000000, -0.000000000000000000, 1.000000000000000000 ) ) ;
#3522 = CARTESIAN_POINT ( 'NONE',  ( 0.000000000000000000, 0.000000000000000000, 2.100000000000000089 ) ) ;
#3523 = DIRECTION ( 'NONE',  ( -1.000000000000000000, 0.000000000000000000, 0.000000000000000000 ) ) ;
#3524 = DIRECTION ( 'NONE',  ( 0.000000000000000000, -0.7071067811865489050, 0.7071067811865461294 ) ) ;
#3525 = SURFACE_SIDE_STYLE ('',( #3212 ) ) ;
#3526 = CARTESIAN_POINT ( 'NONE',  ( -7.000000000000000000, 0.5506254481202986772, 2.100000000000000089 ) ) ;
#3527 = SURFACE_SIDE_STYLE ('',( #2258 ) ) ;
#3528 = VERTEX_POINT ( 'NONE', #2983 ) ;
#3529 =( GEOMETRIC_REPRESENTATION_CONTEXT ( 3 ) GLOBAL_UNCERTAINTY_ASSIGNED_CONTEXT ( ( #2234 ) ) GLOBAL_UNIT_ASSIGNED_CONTEXT ( ( #705, #1973, #943 ) ) REPRESENTATION_CONTEXT ( 'NONE', 'WORKASPACE' ) );
#3530 = AXIS2_PLACEMENT_3D ( 'NONE', #52, #692, #3681 ) ;
#3531 = CARTESIAN_POINT ( 'NONE',  ( 7.000000000000000888, -3.850625448120298611, -16.10000000000000142 ) ) ;
#3532 = ORIENTED_EDGE ( 'NONE', *, *, #3108, .F. ) ;
#3533 = DIRECTION ( 'NONE',  ( 0.000000000000000000, 0.000000000000000000, -1.000000000000000000 ) ) ;
#3534 = COLOUR_RGB ( '',0.6666666666666666297, 0.6980392156862744724, 0.7686274509803920907 ) ;
#3535 =( LENGTH_UNIT ( ) NAMED_UNIT ( * ) SI_UNIT ( .MILLI., .METRE. ) );
#3536 = MECHANICAL_DESIGN_GEOMETRIC_PRESENTATION_REPRESENTATION (  '', ( #3269 ), #2664 ) ;
#3537 = PRESENTATION_STYLE_ASSIGNMENT (( #3200 ) ) ;
#3538 = SURFACE_SIDE_STYLE ('',( #2576 ) ) ;
#3539 = CARTESIAN_POINT ( 'NONE',  ( 7.000000000000000888, -2.024687275939846653, -13.59950535685274353 ) ) ;
#3540 =( GEOMETRIC_REPRESENTATION_CONTEXT ( 3 ) GLOBAL_UNCERTAINTY_ASSIGNED_CONTEXT ( ( #1016 ) ) GLOBAL_UNIT_ASSIGNED_CONTEXT ( ( #356, #3653, #2415 ) ) REPRESENTATION_CONTEXT ( 'NONE', 'WORKASPACE' ) );
#3541 = STYLED_ITEM ( 'NONE', ( #1119 ), #2626 ) ;
#3542 = ORIENTED_EDGE ( 'NONE', *, *, #1734, .F. ) ;
#3543 = VECTOR ( 'NONE', #1281, 1000.000000000000000 ) ;
#3544 = EDGE_CURVE ( 'NONE', #147, #1701, #49, .T. ) ;
#3545 = AXIS2_PLACEMENT_3D ( 'NONE', #2332, #345, #14 ) ;
#3546 = AXIS2_PLACEMENT_3D ( 'NONE', #2580, #3226, #1608 ) ;
#3547 = CARTESIAN_POINT ( 'NONE',  ( 7.000000000000000000, -2.630250393329138792, -7.899228495914965009 ) ) ;
#3548 = FILL_AREA_STYLE ('',( #2628 ) ) ;
#3549 = DIRECTION ( 'NONE',  ( -0.000000000000000000, 1.000000000000000000, -0.000000000000000000 ) ) ;
#3550 =( GEOMETRIC_REPRESENTATION_CONTEXT ( 3 ) GLOBAL_UNCERTAINTY_ASSIGNED_CONTEXT ( ( #75 ) ) GLOBAL_UNIT_ASSIGNED_CONTEXT ( ( #2730, #4031, #795 ) ) REPRESENTATION_CONTEXT ( 'NONE', 'WORKASPACE' ) );
#3551 = CARTESIAN_POINT ( 'NONE',  ( -7.000000000000000000, -2.575312724060144998, -12.64579410476800447 ) ) ;
#3552 = DIRECTION ( 'NONE',  ( 0.000000000000000000, 0.000000000000000000, 1.000000000000000000 ) ) ;
#3553 = EDGE_CURVE ( 'NONE', #2586, #1695, #2042, .T. ) ;
#3554 = CARTESIAN_POINT ( 'NONE',  ( 3.000000000000000000, -2.749374551879701478, -14.85470053837925342 ) ) ;
#3555 = ORIENTED_EDGE ( 'NONE', *, *, #1923, .F. ) ;
#3556 = AXIS2_PLACEMENT_3D ( 'NONE', #3041, #309, #1056 ) ;
#3557 = AXIS2_PLACEMENT_3D ( 'NONE', #1569, #254, #1910 ) ;
#3558 = DIRECTION ( 'NONE',  ( -1.000000000000000000, -0.000000000000000000, -0.000000000000000000 ) ) ;
#3559 = ORIENTED_EDGE ( 'NONE', *, *, #3170, .F. ) ;
#3560 = STYLED_ITEM ( 'NONE', ( #1875 ), #3925 ) ;
#3561 = FILL_AREA_STYLE_COLOUR ( '', #1257 ) ;
#3562 = DIRECTION ( 'NONE',  ( 1.000000000000000000, 0.000000000000000000, 0.000000000000000000 ) ) ;
#3563 = VECTOR ( 'NONE', #3258, 1000.000000000000000 ) ;
#3564 = DIRECTION ( 'NONE',  ( 1.000000000000000000, 0.000000000000000000, 0.000000000000000000 ) ) ;
#3565 = CARTESIAN_POINT ( 'NONE',  ( -0.2550000000000000044, -0.3810000000000003384, 8.723184632735863531 ) ) ;
#3566 = VERTEX_POINT ( 'NONE', #1390 ) ;
#3567 = CARTESIAN_POINT ( 'NONE',  ( 5.000000000000000000, -1.300000000000000044, -14.85470053837925342 ) ) ;
#3568 = CARTESIAN_POINT ( 'NONE',  ( -2.154999999999999805, 0.000000000000000000, 6.500000000000001776 ) ) ;
#3569 = DIRECTION ( 'NONE',  ( 0.000000000000000000, 0.000000000000000000, -1.000000000000000000 ) ) ;
#3570 = ADVANCED_FACE ( 'NONE', ( #737 ), #1412, .T. ) ;
#3571 = ORIENTED_EDGE ( 'NONE', *, *, #2873, .F. ) ;
#3572 = FILL_AREA_STYLE_COLOUR ( '', #3534 ) ;
#3573 = EDGE_CURVE ( 'NONE', #2769, #2259, #1173, .T. ) ;
#3574 = CARTESIAN_POINT ( 'NONE',  ( -1.645000000000000018, 0.000000000000000000, 6.500000000000001776 ) ) ;
#3575 = LINE ( 'NONE', #626, #2481 ) ;
#3576 = ORIENTED_EDGE ( 'NONE', *, *, #2623, .F. ) ;
#3577 = CARTESIAN_POINT ( 'NONE',  ( -7.000000000000000000, -0.5506254481202986772, 2.100000000000000089 ) ) ;
#3578 = ORIENTED_EDGE ( 'NONE', *, *, #3372, .T. ) ;
#3579 =( NAMED_UNIT ( * ) SI_UNIT ( $, .STERADIAN. ) SOLID_ANGLE_UNIT ( ) );
#3580 = VERTEX_POINT ( 'NONE', #2105 ) ;
#3581 = VERTEX_POINT ( 'NONE', #2130 ) ;
#3582 =( NAMED_UNIT ( * ) PLANE_ANGLE_UNIT ( ) SI_UNIT ( $, .RADIAN. ) );
#3583 = ORIENTED_EDGE ( 'NONE', *, *, #939, .T. ) ;
#3584 = DIRECTION ( 'NONE',  ( -0.08682659386424777803, 0.9924325091389669673, 0.08682659386424779191 ) ) ;
#3585 = CARTESIAN_POINT ( 'NONE',  ( -7.000000000000000000, 0.5506254481202986772, -10.06269330410536078 ) ) ;
#3586 = CARTESIAN_POINT ( 'NONE',  ( 5.000000000000000000, -1.300000000000000044, -14.85470053837925342 ) ) ;
#3587 = ORIENTED_EDGE ( 'NONE', *, *, #2512, .F. ) ;
#3588 = UNCERTAINTY_MEASURE_WITH_UNIT (LENGTH_MEASURE( 1.000000000000000082E-05 ), #2156, 'distance_accuracy_value', 'NONE');
#3589 = EDGE_CURVE ( 'NONE', #586, #3659, #439, .T. ) ;
#3590 = CARTESIAN_POINT ( 'NONE',  ( 7.000000000000000888, 0.5506254481202986772, 2.100000000000000089 ) ) ;
#3591 = VERTEX_POINT ( 'NONE', #2419 ) ;
#3592 = VECTOR ( 'NONE', #2648, 1000.000000000000000 ) ;
#3593 = CARTESIAN_POINT ( 'NONE',  ( -3.000000000000000000, -3.850625448120298167, -14.85470053837925342 ) ) ;
#3594 = STYLED_ITEM ( 'NONE', ( #1662 ), #1156 ) ;
#3595 = PRESENTATION_STYLE_ASSIGNMENT (( #2310 ) ) ;
#3596 = PRESENTATION_STYLE_ASSIGNMENT (( #2312 ) ) ;
#3597 = ORIENTED_EDGE ( 'NONE', *, *, #973, .F. ) ;
#3598 = CARTESIAN_POINT ( 'NONE',  ( -7.000000000000000000, -0.5506254481202986772, 2.100000000000000089 ) ) ;
#3599 = VECTOR ( 'NONE', #2577, 1000.000000000000000 ) ;
#3600 = VECTOR ( 'NONE', #4052, 1000.000000000000000 ) ;
#3601 = ORIENTED_EDGE ( 'NONE', *, *, #2043, .F. ) ;
#3602 = SURFACE_STYLE_FILL_AREA ( #2316 ) ;
#3603 = PRESENTATION_LAYER_ASSIGNMENT (  '', '', ( #3002 ) ) ;
#3604 =( NAMED_UNIT ( * ) SI_UNIT ( $, .STERADIAN. ) SOLID_ANGLE_UNIT ( ) );
#3605 =( GEOMETRIC_REPRESENTATION_CONTEXT ( 3 ) GLOBAL_UNCERTAINTY_ASSIGNED_CONTEXT ( ( #3141 ) ) GLOBAL_UNIT_ASSIGNED_CONTEXT ( ( #4161, #2629, #3187 ) ) REPRESENTATION_CONTEXT ( 'NONE', 'WORKASPACE' ) );
#3606 = FACE_OUTER_BOUND ( 'NONE', #2106, .T. ) ;
#3607 =( GEOMETRIC_REPRESENTATION_CONTEXT ( 3 ) GLOBAL_UNCERTAINTY_ASSIGNED_CONTEXT ( ( #516 ) ) GLOBAL_UNIT_ASSIGNED_CONTEXT ( ( #1967, #2289, #3515 ) ) REPRESENTATION_CONTEXT ( 'NONE', 'WORKASPACE' ) );
#3608 = ORIENTED_EDGE ( 'NONE', *, *, #3683, .F. ) ;
#3609 = LINE ( 'NONE', #420, #392 ) ;
#3610 = SURFACE_STYLE_USAGE ( .BOTH. , #1698 ) ;
#3611 = PLANE ( 'NONE',  #275 ) ;
#3612 = FILL_AREA_STYLE_COLOUR ( '', #2545 ) ;
#3613 = EDGE_LOOP ( 'NONE', ( #236, #3587, #4026, #3670 ) ) ;
#3614 = VECTOR ( 'NONE', #1053, 1000.000000000000000 ) ;
#3615 = MECHANICAL_DESIGN_GEOMETRIC_PRESENTATION_REPRESENTATION (  '', ( #3140 ), #2406 ) ;
#3616 = EDGE_CURVE ( 'NONE', #510, #2548, #3380, .T. ) ;
#3617 = STYLED_ITEM ( 'NONE', ( #1084 ), #3239 ) ;
#3618 = UNCERTAINTY_MEASURE_WITH_UNIT (LENGTH_MEASURE( 1.000000000000000082E-05 ), #2598, 'distance_accuracy_value', 'NONE');
#3619 = VECTOR ( 'NONE', #2707, 1000.000000000000000 ) ;
#3620 = CARTESIAN_POINT ( 'NONE',  ( 2.154999999999999805, -3.319000000000000394, 12.20000000000000107 ) ) ;
#3621 = ORIENTED_EDGE ( 'NONE', *, *, #2519, .T. ) ;
#3622 = VECTOR ( 'NONE', #2452, 1000.000000000000000 ) ;
#3623 = ADVANCED_FACE ( 'NONE', ( #1782, #1815 ), #1759, .T. ) ;
#3624 = AXIS2_PLACEMENT_3D ( 'NONE', #1340, #359, #2668 ) ;
#3625 = UNCERTAINTY_MEASURE_WITH_UNIT (LENGTH_MEASURE( 1.000000000000000082E-05 ), #2961, 'distance_accuracy_value', 'NONE');
#3626 = PRESENTATION_LAYER_ASSIGNMENT (  '', '', ( #4022 ) ) ;
#3627 = SURFACE_SIDE_STYLE ('',( #2377 ) ) ;
#3628 = LINE ( 'NONE', #1711, #1260 ) ;
#3629 = DIRECTION ( 'NONE',  ( 0.000000000000000000, 0.000000000000000000, -1.000000000000000000 ) ) ;
#3630 = EDGE_CURVE ( 'NONE', #798, #634, #3427, .T. ) ;
#3631 = ORIENTED_EDGE ( 'NONE', *, *, #3055, .F. ) ;
#3632 = MECHANICAL_DESIGN_GEOMETRIC_PRESENTATION_REPRESENTATION (  '', ( #695 ), #2349 ) ;
#3633 = UNCERTAINTY_MEASURE_WITH_UNIT (LENGTH_MEASURE( 1.000000000000000082E-05 ), #4125, 'distance_accuracy_value', 'NONE');
#3634 = ORIENTED_EDGE ( 'NONE', *, *, #1436, .F. ) ;
#3635 = FILL_AREA_STYLE ('',( #1005 ) ) ;
#3636 = PRESENTATION_STYLE_ASSIGNMENT (( #1038 ) ) ;
#3637 = ORIENTED_EDGE ( 'NONE', *, *, #451, .T. ) ;
#3638 = PLANE ( 'NONE',  #1770 ) ;
#3639 = FACE_OUTER_BOUND ( 'NONE', #1846, .T. ) ;
#3640 = FACE_OUTER_BOUND ( 'NONE', #2095, .T. ) ;
#3641 = ORIENTED_EDGE ( 'NONE', *, *, #1122, .F. ) ;
#3642 = ORIENTED_EDGE ( 'NONE', *, *, #2809, .T. ) ;
#3643 = PRESENTATION_STYLE_ASSIGNMENT (( #1026 ) ) ;
#3644 = EDGE_LOOP ( 'NONE', ( #3916, #3713, #1085, #69, #1736, #1618, #2053, #1535 ) ) ;
#3645 = FILL_AREA_STYLE ('',( #2054 ) ) ;
#3646 = ORIENTED_EDGE ( 'NONE', *, *, #3514, .F. ) ;
#3647 = DIRECTION ( 'NONE',  ( 0.000000000000000000, 1.000000000000000000, 0.000000000000000000 ) ) ;
#3648 = ADVANCED_FACE ( 'NONE', ( #3705 ), #3398, .F. ) ;
#3649 = CARTESIAN_POINT ( 'NONE',  ( -2.154999999999999805, -0.3810000000000000053, 6.500000000000001776 ) ) ;
#3650 = FILL_AREA_STYLE_COLOUR ( '', #2807 ) ;
#3651 = ADVANCED_FACE ( 'NONE', ( #3362 ), #115, .T. ) ;
#3652 = EDGE_LOOP ( 'NONE', ( #3876, #2578 ) ) ;
#3653 =( NAMED_UNIT ( * ) PLANE_ANGLE_UNIT ( ) SI_UNIT ( $, .RADIAN. ) );
#3654 = FACE_OUTER_BOUND ( 'NONE', #1255, .T. ) ;
#3655 = CARTESIAN_POINT ( 'NONE',  ( 3.000000000000000000, -2.749374551879701478, -16.10000000000000142 ) ) ;
#3656 = FILL_AREA_STYLE ('',( #3908 ) ) ;
#3657 = CARTESIAN_POINT ( 'NONE',  ( -7.000000000000000000, -2.749374551879701478, -14.85470053837925342 ) ) ;
#3658 = FILL_AREA_STYLE_COLOUR ( '', #195 ) ;
#3659 = VERTEX_POINT ( 'NONE', #2838 ) ;
#3660 = VECTOR ( 'NONE', #239, 1000.000000000000000 ) ;
#3661 = SURFACE_STYLE_USAGE ( .BOTH. , #3627 ) ;
#3662 =( GEOMETRIC_REPRESENTATION_CONTEXT ( 3 ) GLOBAL_UNCERTAINTY_ASSIGNED_CONTEXT ( ( #1893 ) ) GLOBAL_UNIT_ASSIGNED_CONTEXT ( ( #927, #1171, #500 ) ) REPRESENTATION_CONTEXT ( 'NONE', 'WORKASPACE' ) );
#3663 = UNCERTAINTY_MEASURE_WITH_UNIT (LENGTH_MEASURE( 1.000000000000000082E-05 ), #3452, 'distance_accuracy_value', 'NONE');
#3664 = CARTESIAN_POINT ( 'NONE',  ( 2.154999999999999805, -2.915884028769855951E-16, 8.881000000000014438 ) ) ;
#3665 = ORIENTED_EDGE ( 'NONE', *, *, #4184, .T. ) ;
#3666 = LINE ( 'NONE', #745, #545 ) ;
#3667 = ORIENTED_EDGE ( 'NONE', *, *, #1417, .T. ) ;
#3668 = SURFACE_SIDE_STYLE ('',( #2959 ) ) ;
#3669 = VECTOR ( 'NONE', #3264, 1000.000000000000000 ) ;
#3670 = ORIENTED_EDGE ( 'NONE', *, *, #1960, .T. ) ;
#3671 = AXIS2_PLACEMENT_3D ( 'NONE', #2479, #4072, #1123 ) ;
#3672 =( GEOMETRIC_REPRESENTATION_CONTEXT ( 3 ) GLOBAL_UNCERTAINTY_ASSIGNED_CONTEXT ( ( #223 ) ) GLOBAL_UNIT_ASSIGNED_CONTEXT ( ( #191, #2776, #1531 ) ) REPRESENTATION_CONTEXT ( 'NONE', 'WORKASPACE' ) );
#3673 = CARTESIAN_POINT ( 'NONE',  ( -4.693789677659266246, 3.500000000000000000, -6.500000000000000000 ) ) ;
#3674 = LINE ( 'NONE', #2416, #1368 ) ;
#3675 = CARTESIAN_POINT ( 'NONE',  ( 0.000000000000000000, 0.000000000000000000, 2.100000000000000089 ) ) ;
#3676 = DIRECTION ( 'NONE',  ( -0.3826168613972912302, 0.000000000000000000, 0.9239071042991746641 ) ) ;
#3677 = DIRECTION ( 'NONE',  ( 0.000000000000000000, -1.000000000000000000, 0.000000000000000000 ) ) ;
#3678 = ADVANCED_FACE ( 'NONE', ( #3854 ), #2916, .T. ) ;
#3679 = VECTOR ( 'NONE', #242, 1000.000000000000000 ) ;
#3680 = AXIS2_PLACEMENT_3D ( 'NONE', #207, #2160, #1464 ) ;
#3681 = DIRECTION ( 'NONE',  ( 0.000000000000000000, 1.000000000000000000, 0.000000000000000000 ) ) ;
#3682 = PRESENTATION_LAYER_ASSIGNMENT (  '', '', ( #2464 ) ) ;
#3683 = EDGE_CURVE ( 'NONE', #390, #3234, #2560, .T. ) ;
#3684 = VECTOR ( 'NONE', #3629, 1000.000000000000000 ) ;
#3685 = AXIS2_PLACEMENT_3D ( 'NONE', #4008, #3048, #794 ) ;
#3686 = ORIENTED_EDGE ( 'NONE', *, *, #255, .T. ) ;
#3687 = COLOUR_RGB ( '',0.6666666666666666297, 0.6980392156862744724, 0.7686274509803920907 ) ;
#3688 = AXIS2_PLACEMENT_3D ( 'NONE', #2600, #3697, #3943 ) ;
#3689 = SURFACE_SIDE_STYLE ('',( #1347 ) ) ;
#3690 = EDGE_LOOP ( 'NONE', ( #2530, #3092, #2307, #1317 ) ) ;
#3691 = AXIS2_PLACEMENT_3D ( 'NONE', #132, #2393, #2072 ) ;
#3692 = STYLED_ITEM ( 'NONE', ( #1128 ), #326 ) ;
#3693 = COLOUR_RGB ( '',0.6666666666666666297, 0.6980392156862744724, 0.7686274509803920907 ) ;
#3694 = VERTEX_POINT ( 'NONE', #293 ) ;
#3695 = SURFACE_SIDE_STYLE ('',( #2409 ) ) ;
#3696 = CARTESIAN_POINT ( 'NONE',  ( 7.000000000000000888, -2.024687275939846653, -13.59950535685274353 ) ) ;
#3697 = DIRECTION ( 'NONE',  ( 0.9961946980917455452, 0.08715574274765836016, -1.329324868787214695E-16 ) ) ;
#3698 = VECTOR ( 'NONE', #2571, 1000.000000000000000 ) ;
#3699 = EDGE_LOOP ( 'NONE', ( #3555, #2647 ) ) ;
#3700 = MECHANICAL_DESIGN_GEOMETRIC_PRESENTATION_REPRESENTATION (  '', ( #1733 ), #2425 ) ;
#3701 = CARTESIAN_POINT ( 'NONE',  ( 3.000000000000000000, -2.024687275939846653, -13.59950535685274353 ) ) ;
#3702 = FACE_OUTER_BOUND ( 'NONE', #889, .T. ) ;
#3703 = FILL_AREA_STYLE ('',( #2944 ) ) ;
#3704 = EDGE_CURVE ( 'NONE', #3020, #1625, #550, .T. ) ;
#3705 = FACE_OUTER_BOUND ( 'NONE', #491, .T. ) ;
#3706 = SURFACE_STYLE_FILL_AREA ( #1704 ) ;
#3707 = ADVANCED_FACE ( 'NONE', ( #1609 ), #3796, .T. ) ;
#3708 = ORIENTED_EDGE ( 'NONE', *, *, #559, .T. ) ;
#3709 = CARTESIAN_POINT ( 'NONE',  ( 0.2550000000000000044, -3.319000000000000394, 12.20000000000000107 ) ) ;
#3710 = LINE ( 'NONE', #3109, #3809 ) ;
#3711 = ORIENTED_EDGE ( 'NONE', *, *, #3340, .F. ) ;
#3712 = DIRECTION ( 'NONE',  ( -0.000000000000000000, 1.000000000000000000, 1.141265444721583757E-16 ) ) ;
#3713 = ORIENTED_EDGE ( 'NONE', *, *, #2007, .F. ) ;
#3714 = SURFACE_STYLE_USAGE ( .BOTH. , #3695 ) ;
#3715 = ORIENTED_EDGE ( 'NONE', *, *, #1566, .F. ) ;
#3716 = DIRECTION ( 'NONE',  ( -3.938075060594118352E-16, 1.000000000000000000, 0.000000000000000000 ) ) ;
#3717 = DIRECTION ( 'NONE',  ( -0.000000000000000000, 1.000000000000000000, 1.141265444721583757E-16 ) ) ;
#3718 = CARTESIAN_POINT ( 'NONE',  ( -0.2550000000000000044, -3.700000000000000178, 12.20000000000000107 ) ) ;
#3719 = CARTESIAN_POINT ( 'NONE',  ( -3.000626588136170891, 2.990000000000000213, 5.090417679675883988 ) ) ;
#3720 = CARTESIAN_POINT ( 'NONE',  ( -6.800000000000000711, -0.5506254481202985662, -6.487320914739863831 ) ) ;
#3721 = DIRECTION ( 'NONE',  ( 1.000000000000000000, 0.000000000000000000, 0.000000000000000000 ) ) ;
#3722 = EDGE_LOOP ( 'NONE', ( #784, #2749, #2958, #4209 ) ) ;
#3723 = EDGE_CURVE ( 'NONE', #4016, #1805, #2821, .T. ) ;
#3724 =( LENGTH_UNIT ( ) NAMED_UNIT ( * ) SI_UNIT ( .MILLI., .METRE. ) );
#3725 = VERTEX_POINT ( 'NONE', #272 ) ;
#3726 = AXIS2_PLACEMENT_3D ( 'NONE', #2911, #3513, #4190 ) ;
#3727 = FACE_OUTER_BOUND ( 'NONE', #1472, .T. ) ;
#3728 = ADVANCED_FACE ( 'NONE', ( #1232 ), #109, .T. ) ;
#3729 = CARTESIAN_POINT ( 'NONE',  ( -4.999999999999999112, 0.000000000000000000, 6.500000000000001776 ) ) ;
#3730 = VERTEX_POINT ( 'NONE', #2705 ) ;
#3731 = VECTOR ( 'NONE', #3584, 1000.000000000000114 ) ;
#3732 = DIRECTION ( 'NONE',  ( -0.3826168613972912302, 0.000000000000000000, -0.9239071042991746641 ) ) ;
#3733 = EDGE_CURVE ( 'NONE', #43, #3020, #431, .T. ) ;
#3734 = FILL_AREA_STYLE ('',( #1539 ) ) ;
#3735 = FACE_OUTER_BOUND ( 'NONE', #3644, .T. ) ;
#3736 = VECTOR ( 'NONE', #1904, 1000.000000000000000 ) ;
#3737 = ORIENTED_EDGE ( 'NONE', *, *, #986, .T. ) ;
#3738 = DIRECTION ( 'NONE',  ( 1.000000000000000000, 0.000000000000000000, 0.000000000000000000 ) ) ;
#3739 = AXIS2_PLACEMENT_3D ( 'NONE', #3081, #1116, #1772 ) ;
#3740 =( LENGTH_UNIT ( ) NAMED_UNIT ( * ) SI_UNIT ( .MILLI., .METRE. ) );
#3741 = FILL_AREA_STYLE_COLOUR ( '', #738 ) ;
#3742 =( NAMED_UNIT ( * ) SI_UNIT ( $, .STERADIAN. ) SOLID_ANGLE_UNIT ( ) );
#3743 = MECHANICAL_DESIGN_GEOMETRIC_PRESENTATION_REPRESENTATION (  '', ( #1017 ), #3465 ) ;
#3744 = DIRECTION ( 'NONE',  ( 0.08715574274765836016, -0.9961946980917455452, 0.000000000000000000 ) ) ;
#3745 = SURFACE_SIDE_STYLE ('',( #881 ) ) ;
#3746 = VECTOR ( 'NONE', #928, 1000.000000000000000 ) ;
#3747 = VERTEX_POINT ( 'NONE', #3964 ) ;
#3748 = PRESENTATION_LAYER_ASSIGNMENT (  '', '', ( #3541 ) ) ;
#3749 = VECTOR ( 'NONE', #3981, 1000.000000000000000 ) ;
#3750 = VECTOR ( 'NONE', #1944, 1000.000000000000000 ) ;
#3751 = ORIENTED_EDGE ( 'NONE', *, *, #1935, .F. ) ;
#3752 = EDGE_CURVE ( 'NONE', #1131, #3725, #1716, .T. ) ;
#3753 = STYLED_ITEM ( 'NONE', ( #1890 ), #3446 ) ;
#3754 = EDGE_CURVE ( 'NONE', #634, #2589, #3666, .T. ) ;
#3755 = VECTOR ( 'NONE', #3067, 1000.000000000000000 ) ;
#3756 =( NAMED_UNIT ( * ) SI_UNIT ( $, .STERADIAN. ) SOLID_ANGLE_UNIT ( ) );
#3757 = CARTESIAN_POINT ( 'NONE',  ( 1.645000000000000018, -3.319000000000000394, 12.20000000000000107 ) ) ;
#3758 = VECTOR ( 'NONE', #1600, 1000.000000000000000 ) ;
#3759 = MECHANICAL_DESIGN_GEOMETRIC_PRESENTATION_REPRESENTATION (  '', ( #3692 ), #1916 ) ;
#3760 = ORIENTED_EDGE ( 'NONE', *, *, #1337, .T. ) ;
#3761 = LINE ( 'NONE', #856, #1835 ) ;
#3762 = LINE ( 'NONE', #169, #885 ) ;
#3763 = VECTOR ( 'NONE', #4058, 1000.000000000000000 ) ;
#3764 = CARTESIAN_POINT ( 'NONE',  ( -7.000000000000000000, -1.775312724060154945, -12.18391388941630993 ) ) ;
#3765 = DIRECTION ( 'NONE',  ( 1.000000000000000000, 0.000000000000000000, 0.000000000000000000 ) ) ;
#3766 = FILL_AREA_STYLE_COLOUR ( '', #3213 ) ;
#3767 = FILL_AREA_STYLE_COLOUR ( '', #4145 ) ;
#3768 = ORIENTED_EDGE ( 'NONE', *, *, #4110, .F. ) ;
#3769 = DIRECTION ( 'NONE',  ( 0.000000000000000000, -1.224646799147350249E-16, 1.000000000000000000 ) ) ;
#3770 = ORIENTED_EDGE ( 'NONE', *, *, #320, .T. ) ;
#3771 = CARTESIAN_POINT ( 'NONE',  ( 6.800000000000000711, -2.630250393329138792, -6.487320914739863831 ) ) ;
#3772 = CARTESIAN_POINT ( 'NONE',  ( -3.000000000000000000, -1.224687275939856823, -13.13762514150104899 ) ) ;
#3773 =( NAMED_UNIT ( * ) SI_UNIT ( $, .STERADIAN. ) SOLID_ANGLE_UNIT ( ) );
#3774 =( LENGTH_UNIT ( ) NAMED_UNIT ( * ) SI_UNIT ( .MILLI., .METRE. ) );
#3775 = DIRECTION ( 'NONE',  ( 1.000000000000000000, 0.000000000000000000, 0.000000000000000000 ) ) ;
#3776 = ORIENTED_EDGE ( 'NONE', *, *, #2117, .T. ) ;
#3777 =( LENGTH_UNIT ( ) NAMED_UNIT ( * ) SI_UNIT ( .MILLI., .METRE. ) );
#3778 = ADVANCED_FACE ( 'NONE', ( #2939 ), #2683, .F. ) ;
#3779 = DIRECTION ( 'NONE',  ( 0.000000000000000000, -0.7071067811865489050, 0.7071067811865461294 ) ) ;
#3780 = DIRECTION ( 'NONE',  ( 1.000000000000000000, 1.969037530297057944E-16, -3.410473044484450036E-16 ) ) ;
#3781 = SURFACE_STYLE_USAGE ( .BOTH. , #2795 ) ;
#3782 = ORIENTED_EDGE ( 'NONE', *, *, #4037, .T. ) ;
#3783 = SURFACE_STYLE_USAGE ( .BOTH. , #1824 ) ;
#3784 = ORIENTED_EDGE ( 'NONE', *, *, #1699, .F. ) ;
#3785 = DIRECTION ( 'NONE',  ( 1.000000000000000000, 0.000000000000000000, 0.000000000000000000 ) ) ;
#3786 = LINE ( 'NONE', #1521, #119 ) ;
#3787 = CARTESIAN_POINT ( 'NONE',  ( 3.000000000000000444, -3.850625448120298611, -14.85470053837925342 ) ) ;
#3788 = DIRECTION ( 'NONE',  ( 0.000000000000000000, 0.000000000000000000, 1.000000000000000000 ) ) ;
#3789 =( GEOMETRIC_REPRESENTATION_CONTEXT ( 3 ) GLOBAL_UNCERTAINTY_ASSIGNED_CONTEXT ( ( #2011 ) ) GLOBAL_UNIT_ASSIGNED_CONTEXT ( ( #287, #1859, #4128 ) ) REPRESENTATION_CONTEXT ( 'NONE', 'WORKASPACE' ) );
#3790 = VERTEX_POINT ( 'NONE', #2742 ) ;
#3791 = LINE ( 'NONE', #4094, #819 ) ;
#3792 = DIRECTION ( 'NONE',  ( -0.000000000000000000, -0.000000000000000000, 1.000000000000000000 ) ) ;
#3793 = DIRECTION ( 'NONE',  ( -0.000000000000000000, 0.7071067811865461294, 0.7071067811865489050 ) ) ;
#3794 =( LENGTH_UNIT ( ) NAMED_UNIT ( * ) SI_UNIT ( .MILLI., .METRE. ) );
#3795 = MECHANICAL_DESIGN_GEOMETRIC_PRESENTATION_REPRESENTATION (  '', ( #2996 ), #2239 ) ;
#3796 = PLANE ( 'NONE',  #2751 ) ;
#3797 = ADVANCED_FACE ( 'NONE', ( #123 ), #1953, .F. ) ;
#3798 = SURFACE_STYLE_USAGE ( .BOTH. , #2905 ) ;
#3799 = ADVANCED_FACE ( 'NONE', ( #3021 ), #91, .F. ) ;
#3800 = DIRECTION ( 'NONE',  ( -3.410473044484450036E-16, 0.000000000000000000, -1.000000000000000000 ) ) ;
#3801 = EDGE_CURVE ( 'NONE', #554, #3253, #163, .T. ) ;
#3802 = SURFACE_STYLE_USAGE ( .BOTH. , #3527 ) ;
#3803 = ORIENTED_EDGE ( 'NONE', *, *, #3365, .F. ) ;
#3804 = VECTOR ( 'NONE', #1794, 1000.000000000000000 ) ;
#3805 = CARTESIAN_POINT ( 'NONE',  ( 7.000000000000000888, -3.850625448120298611, -14.85470053837925342 ) ) ;
#3806 = ORIENTED_EDGE ( 'NONE', *, *, #1050, .F. ) ;
#3807 = DIRECTION ( 'NONE',  ( -0.000000000000000000, 1.000000000000000000, 1.224646799147350249E-16 ) ) ;
#3808 = PLANE ( 'NONE',  #3726 ) ;
#3809 = VECTOR ( 'NONE', #3769, 1000.000000000000000 ) ;
#3810 = STYLED_ITEM ( 'NONE', ( #1800 ), #649 ) ;
#3811 = UNCERTAINTY_MEASURE_WITH_UNIT (LENGTH_MEASURE( 1.000000000000000082E-05 ), #1798, 'distance_accuracy_value', 'NONE');
#3812 = VERTEX_POINT ( 'NONE', #3436 ) ;
#3813 = AXIS2_PLACEMENT_3D ( 'NONE', #2219, #867, #3512 ) ;
#3814 = PRESENTATION_STYLE_ASSIGNMENT (( #2208 ) ) ;
#3815 = FILL_AREA_STYLE ('',( #3145 ) ) ;
#3816 = CARTESIAN_POINT ( 'NONE',  ( -5.000000000000000888, -0.5506254481202986772, -6.451826515440592047 ) ) ;
#3817 =( LENGTH_UNIT ( ) NAMED_UNIT ( * ) SI_UNIT ( .MILLI., .METRE. ) );
#3818 = STYLED_ITEM ( 'NONE', ( #2252 ), #3678 ) ;
#3819 = AXIS2_PLACEMENT_3D ( 'NONE', #3820, #620, #1196 ) ;
#3820 = CARTESIAN_POINT ( 'NONE',  ( -2.154999999999999805, 0.000000000000000000, 6.500000000000001776 ) ) ;
#3821 = STYLED_ITEM ( 'NONE', ( #218 ), #3828 ) ;
#3822 = DIRECTION ( 'NONE',  ( 0.000000000000000000, 0.000000000000000000, -1.000000000000000000 ) ) ;
#3823 = EDGE_CURVE ( 'NONE', #3938, #3219, #1826, .T. ) ;
#3824 = CARTESIAN_POINT ( 'NONE',  ( 3.000000000000000000, -2.024687275939846653, -13.59950535685274353 ) ) ;
#3825 = CARTESIAN_POINT ( 'NONE',  ( -7.000000000000000000, -3.850625448120298611, -16.10000000000000142 ) ) ;
#3826 = ORIENTED_EDGE ( 'NONE', *, *, #3851, .F. ) ;
#3827 =( GEOMETRIC_REPRESENTATION_CONTEXT ( 3 ) GLOBAL_UNCERTAINTY_ASSIGNED_CONTEXT ( ( #299 ) ) GLOBAL_UNIT_ASSIGNED_CONTEXT ( ( #1830, #203, #2833 ) ) REPRESENTATION_CONTEXT ( 'NONE', 'WORKASPACE' ) );
#3828 = ADVANCED_FACE ( 'NONE', ( #536 ), #1219, .F. ) ;
#3829 = CARTESIAN_POINT ( 'NONE',  ( -5.000000000000000888, -0.5506254481202986772, -6.451826515440592047 ) ) ;
#3830 = VERTEX_POINT ( 'NONE', #179 ) ;
#3831 = LINE ( 'NONE', #1858, #2886 ) ;
#3832 = CARTESIAN_POINT ( 'NONE',  ( -7.000000000000000000, 0.5506254481202986772, -10.06269330410536078 ) ) ;
#3833 = ORIENTED_EDGE ( 'NONE', *, *, #854, .F. ) ;
#3834 = SURFACE_STYLE_USAGE ( .BOTH. , #925 ) ;
#3835 = CARTESIAN_POINT ( 'NONE',  ( -4.951826515440592935, -0.5506254481202985662, -6.451826515440592047 ) ) ;
#3836 = PRESENTATION_STYLE_ASSIGNMENT (( #1841 ) ) ;
#3837 =( NAMED_UNIT ( * ) SI_UNIT ( $, .STERADIAN. ) SOLID_ANGLE_UNIT ( ) );
#3838 = FACE_OUTER_BOUND ( 'NONE', #3448, .T. ) ;
#3839 = PLANE ( 'NONE',  #2687 ) ;
#3840 = DIRECTION ( 'NONE',  ( 1.000000000000000000, 0.000000000000000000, 0.000000000000000000 ) ) ;
#3841 = ORIENTED_EDGE ( 'NONE', *, *, #4213, .F. ) ;
#3842 = UNCERTAINTY_MEASURE_WITH_UNIT (LENGTH_MEASURE( 1.000000000000000082E-05 ), #858, 'distance_accuracy_value', 'NONE');
#3843 = DIRECTION ( 'NONE',  ( 0.000000000000000000, -0.000000000000000000, 1.000000000000000000 ) ) ;
#3844 = ORIENTED_EDGE ( 'NONE', *, *, #730, .F. ) ;
#3845 = LINE ( 'NONE', #17, #3563 ) ;
#3846 =( NAMED_UNIT ( * ) PLANE_ANGLE_UNIT ( ) SI_UNIT ( $, .RADIAN. ) );
#3847 =( LENGTH_UNIT ( ) NAMED_UNIT ( * ) SI_UNIT ( .MILLI., .METRE. ) );
#3848 = EDGE_CURVE ( 'NONE', #2139, #2843, #1458, .T. ) ;
#3849 = DIRECTION ( 'NONE',  ( 0.000000000000000000, 0.000000000000000000, 1.000000000000000000 ) ) ;
#3850 = VERTEX_POINT ( 'NONE', #2802 ) ;
#3851 = EDGE_CURVE ( 'NONE', #2841, #53, #2523, .T. ) ;
#3852 = SURFACE_SIDE_STYLE ('',( #3224 ) ) ;
#3853 = FACE_OUTER_BOUND ( 'NONE', #1954, .T. ) ;
#3854 = FACE_OUTER_BOUND ( 'NONE', #2376, .T. ) ;
#3855 = STYLED_ITEM ( 'NONE', ( #3537 ), #2328 ) ;
#3856 = DIRECTION ( 'NONE',  ( -0.000000000000000000, 0.7071067811865461294, 0.7071067811865489050 ) ) ;
#3857 = CARTESIAN_POINT ( 'NONE',  ( -3.000000000000000000, -1.775312724060153169, -12.18391388941630993 ) ) ;
#3858 = MECHANICAL_DESIGN_GEOMETRIC_PRESENTATION_REPRESENTATION (  '', ( #1149 ), #3662 ) ;
#3859 = CARTESIAN_POINT ( 'NONE',  ( 1.645000000000000018, -0.2694076836320744017, 8.611592316367937983 ) ) ;
#3860 = PLANE ( 'NONE',  #3624 ) ;
#3861 = FILL_AREA_STYLE_COLOUR ( '', #2059 ) ;
#3862 = ORIENTED_EDGE ( 'NONE', *, *, #3035, .T. ) ;
#3863 = PRESENTATION_LAYER_ASSIGNMENT (  '', '', ( #3594 ) ) ;
#3864 =( GEOMETRIC_REPRESENTATION_CONTEXT ( 3 ) GLOBAL_UNCERTAINTY_ASSIGNED_CONTEXT ( ( #1915 ) ) GLOBAL_UNIT_ASSIGNED_CONTEXT ( ( #3364, #1047, #77 ) ) REPRESENTATION_CONTEXT ( 'NONE', 'WORKASPACE' ) );
#3865 = DIRECTION ( 'NONE',  ( -0.000000000000000000, 0.000000000000000000, 1.000000000000000000 ) ) ;
#3866 = ORIENTED_EDGE ( 'NONE', *, *, #2572, .T. ) ;
#3867 = CARTESIAN_POINT ( 'NONE',  ( -2.154999999999999805, -2.915884028769855951E-16, 8.881000000000014438 ) ) ;
#3868 = PRODUCT ( 'ACS772KCB-150B-SMT-T', 'ACS772KCB-150B-SMT-T', '', ( #2970 ) ) ;
#3869 = PRESENTATION_LAYER_ASSIGNMENT (  '', '', ( #2248 ) ) ;
#3870 = CARTESIAN_POINT ( 'NONE',  ( -1.644999999999999796, -0.2694076836320744017, 8.611592316367937983 ) ) ;
#3871 = EDGE_CURVE ( 'NONE', #3830, #678, #1154, .T. ) ;
#3872 = CARTESIAN_POINT ( 'NONE',  ( 7.000000000000000000, -2.630250393329138792, -7.899228495914965009 ) ) ;
#3873 = SURFACE_SIDE_STYLE ('',( #2594 ) ) ;
#3874 = VECTOR ( 'NONE', #3246, 1000.000000000000000 ) ;
#3875 = ADVANCED_FACE ( 'NONE', ( #3727 ), #3133, .F. ) ;
#3876 = ORIENTED_EDGE ( 'NONE', *, *, #1288, .F. ) ;
#3877 = VECTOR ( 'NONE', #2521, 1000.000000000000000 ) ;
#3878 = CARTESIAN_POINT ( 'NONE',  ( -0.2550000000000000044, 0.000000000000000000, 6.500000000000001776 ) ) ;
#3879 = AXIS2_PLACEMENT_3D ( 'NONE', #4096, #1546, #1231 ) ;
#3880 = SURFACE_STYLE_USAGE ( .BOTH. , #2914 ) ;
#3881 = FACE_OUTER_BOUND ( 'NONE', #1692, .T. ) ;
#3882 = SURFACE_STYLE_USAGE ( .BOTH. , #2601 ) ;
#3883 = VECTOR ( 'NONE', #292, 1000.000000000000227 ) ;
#3884 = ORIENTED_EDGE ( 'NONE', *, *, #2755, .T. ) ;
#3885 = CARTESIAN_POINT ( 'NONE',  ( 6.800000000000000711, -0.5506254481202985662, -7.899228495914965009 ) ) ;
#3886 = VECTOR ( 'NONE', #1044, 1000.000000000000000 ) ;
#3887 =( NAMED_UNIT ( * ) PLANE_ANGLE_UNIT ( ) SI_UNIT ( $, .RADIAN. ) );
#3888 = SURFACE_STYLE_FILL_AREA ( #1296 ) ;
#3889 = FACE_OUTER_BOUND ( 'NONE', #813, .T. ) ;
#3890 = ORIENTED_EDGE ( 'NONE', *, *, #918, .F. ) ;
#3891 = PRESENTATION_LAYER_ASSIGNMENT (  '', '', ( #3353 ) ) ;
#3892 = CARTESIAN_POINT ( 'NONE',  ( 0.000000000000000000, 3.500000000000000000, 0.000000000000000000 ) ) ;
#3893 = VERTEX_POINT ( 'NONE', #978 ) ;
#3894 = STYLED_ITEM ( 'NONE', ( #2782 ), #4144 ) ;
#3895 = UNCERTAINTY_MEASURE_WITH_UNIT (LENGTH_MEASURE( 1.000000000000000082E-05 ), #393, 'distance_accuracy_value', 'NONE');
#3896 = DIRECTION ( 'NONE',  ( -1.000000000000000000, 0.000000000000000000, -0.000000000000000000 ) ) ;
#3897 = VERTEX_POINT ( 'NONE', #955 ) ;
#3898 = PLANE ( 'NONE',  #2808 ) ;
#3899 = SURFACE_STYLE_FILL_AREA ( #3225 ) ;
#3900 = FACE_OUTER_BOUND ( 'NONE', #4057, .T. ) ;
#3901 = VERTEX_POINT ( 'NONE', #3593 ) ;
#3902 = EDGE_CURVE ( 'NONE', #3812, #2397, #3220, .T. ) ;
#3903 = PRESENTATION_STYLE_ASSIGNMENT (( #623 ) ) ;
#3904 = DIRECTION ( 'NONE',  ( -1.000000000000000000, 0.000000000000000000, -0.000000000000000000 ) ) ;
#3905 = LINE ( 'NONE', #1684, #4136 ) ;
#3906 = DIRECTION ( 'NONE',  ( 0.000000000000000000, -0.8660254037844388186, -0.4999999999999996669 ) ) ;
#3907 = MANIFOLD_SOLID_BREP ( 'Cut-Extrude3', #1249 ) ;
#3908 = FILL_AREA_STYLE_COLOUR ( '', #2267 ) ;
#3909 = ORIENTED_EDGE ( 'NONE', *, *, #992, .T. ) ;
#3910 = ORIENTED_EDGE ( 'NONE', *, *, #354, .T. ) ;
#3911 = FILL_AREA_STYLE ('',( #1025 ) ) ;
#3912 =( NAMED_UNIT ( * ) PLANE_ANGLE_UNIT ( ) SI_UNIT ( $, .RADIAN. ) );
#3913 = CARTESIAN_POINT ( 'NONE',  ( -5.000000000000000000, 0.000000000000000000, 2.100000000000000089 ) ) ;
#3914 = ORIENTED_EDGE ( 'NONE', *, *, #1699, .T. ) ;
#3915 = LINE ( 'NONE', #3202, #875 ) ;
#3916 = ORIENTED_EDGE ( 'NONE', *, *, #2754, .F. ) ;
#3917 =( NAMED_UNIT ( * ) SI_UNIT ( $, .STERADIAN. ) SOLID_ANGLE_UNIT ( ) );
#3918 = CARTESIAN_POINT ( 'NONE',  ( -3.000000000000000000, -3.850625448120298611, -16.10000000000000142 ) ) ;
#3919 = EDGE_CURVE ( 'NONE', #2407, #1183, #648, .T. ) ;
#3920 = EDGE_LOOP ( 'NONE', ( #1367, #282, #1851, #2921 ) ) ;
#3921 = DIRECTION ( 'NONE',  ( -0.000000000000000000, 0.000000000000000000, 1.000000000000000000 ) ) ;
#3922 = LINE ( 'NONE', #1665, #2723 ) ;
#3923 = EDGE_CURVE ( 'NONE', #22, #3591, #237, .T. ) ;
#3924 = ORIENTED_EDGE ( 'NONE', *, *, #800, .F. ) ;
#3925 = ADVANCED_FACE ( 'NONE', ( #2865 ), #1648, .F. ) ;
#3926 = ADVANCED_FACE ( 'NONE', ( #577 ), #917, .F. ) ;
#3927 = CIRCLE ( 'NONE', #2311, 1.500000000000000222 ) ;
#3928 = ADVANCED_FACE ( 'NONE', ( #3080 ), #2766, .F. ) ;
#3929 = FACE_OUTER_BOUND ( 'NONE', #1664, .T. ) ;
#3930 = PLANE ( 'NONE',  #4082 ) ;
#3931 = ORIENTED_EDGE ( 'NONE', *, *, #1671, .T. ) ;
#3932 = COLOUR_RGB ( '',0.6666666666666666297, 0.6980392156862744724, 0.7686274509803920907 ) ;
#3933 =( NAMED_UNIT ( * ) SI_UNIT ( $, .STERADIAN. ) SOLID_ANGLE_UNIT ( ) );
#3934 = FACE_OUTER_BOUND ( 'NONE', #3312, .T. ) ;
#3935 = EDGE_LOOP ( 'NONE', ( #629, #2942, #61, #1215 ) ) ;
#3936 = CARTESIAN_POINT ( 'NONE',  ( 7.000000000000000000, -0.5506254481202985662, -7.899228495914965009 ) ) ;
#3937 = VECTOR ( 'NONE', #982, 1000.000000000000000 ) ;
#3938 = VERTEX_POINT ( 'NONE', #1477 ) ;
#3939 = CARTESIAN_POINT ( 'NONE',  ( 1.645000000000000018, -0.3810000000000000053, 6.500000000000001776 ) ) ;
#3940 = PRESENTATION_LAYER_ASSIGNMENT (  '', '', ( #1369 ) ) ;
#3941 =( LENGTH_UNIT ( ) NAMED_UNIT ( * ) SI_UNIT ( .MILLI., .METRE. ) );
#3942 = MECHANICAL_DESIGN_GEOMETRIC_PRESENTATION_REPRESENTATION (  '', ( #457 ), #752 ) ;
#3943 = DIRECTION ( 'NONE',  ( -0.08715574274765836016, 0.9961946980917455452, 0.000000000000000000 ) ) ;
#3944 = PRESENTATION_LAYER_ASSIGNMENT (  '', '', ( #676 ) ) ;
#3945 = VECTOR ( 'NONE', #646, 1000.000000000000000 ) ;
#3946 = ORIENTED_EDGE ( 'NONE', *, *, #3036, .T. ) ;
#3947 = COLOUR_RGB ( '',0.6666666666666666297, 0.6980392156862744724, 0.7686274509803920907 ) ;
#3948 = CARTESIAN_POINT ( 'NONE',  ( -3.000000000000000000, -0.5506254481202986772, -6.451826515440592047 ) ) ;
#3949 = PRESENTATION_STYLE_ASSIGNMENT (( #1725 ) ) ;
#3950 = CARTESIAN_POINT ( 'NONE',  ( 2.154999999999999805, -2.915884028769855951E-16, 8.881000000000014438 ) ) ;
#3951 = ORIENTED_EDGE ( 'NONE', *, *, #3340, .T. ) ;
#3952 = AXIS2_PLACEMENT_3D ( 'NONE', #712, #1593, #3972 ) ;
#3953 = STYLED_ITEM ( 'NONE', ( #2091 ), #3648 ) ;
#3954 = UNCERTAINTY_MEASURE_WITH_UNIT (LENGTH_MEASURE( 1.000000000000000082E-05 ), #3777, 'distance_accuracy_value', 'NONE');
#3955 = PRESENTATION_LAYER_ASSIGNMENT (  '', '', ( #1513 ) ) ;
#3956 =( NAMED_UNIT ( * ) PLANE_ANGLE_UNIT ( ) SI_UNIT ( $, .RADIAN. ) );
#3957 = ORIENTED_EDGE ( 'NONE', *, *, #2304, .T. ) ;
#3958 = VECTOR ( 'NONE', #1639, 1000.000000000000000 ) ;
#3959 = UNCERTAINTY_MEASURE_WITH_UNIT (LENGTH_MEASURE( 1.000000000000000082E-05 ), #2385, 'distance_accuracy_value', 'NONE');
#3960 =( GEOMETRIC_REPRESENTATION_CONTEXT ( 3 ) GLOBAL_UNCERTAINTY_ASSIGNED_CONTEXT ( ( #3633 ) ) GLOBAL_UNIT_ASSIGNED_CONTEXT ( ( #4125, #144, #473 ) ) REPRESENTATION_CONTEXT ( 'NONE', 'WORKASPACE' ) );
#3961 =( LENGTH_UNIT ( ) NAMED_UNIT ( * ) SI_UNIT ( .MILLI., .METRE. ) );
#3962 = UNCERTAINTY_MEASURE_WITH_UNIT (LENGTH_MEASURE( 1.000000000000000082E-05 ), #1142, 'distance_accuracy_value', 'NONE');
#3963 = ORIENTED_EDGE ( 'NONE', *, *, #217, .F. ) ;
#3964 = CARTESIAN_POINT ( 'NONE',  ( -0.2550000000000000044, -2.915884028769855951E-16, 8.881000000000014438 ) ) ;
#3965 = COLOUR_RGB ( '',0.6666666666666666297, 0.6980392156862744724, 0.7686274509803920907 ) ;
#3966 = VERTEX_POINT ( 'NONE', #3158 ) ;
#3967 = PRESENTATION_STYLE_ASSIGNMENT (( #2121 ) ) ;
#3968 =( NAMED_UNIT ( * ) SI_UNIT ( $, .STERADIAN. ) SOLID_ANGLE_UNIT ( ) );
#3969 = ORIENTED_EDGE ( 'NONE', *, *, #3077, .T. ) ;
#3970 = DIRECTION ( 'NONE',  ( 0.000000000000000000, 0.000000000000000000, 1.000000000000000000 ) ) ;
#3971 = CARTESIAN_POINT ( 'NONE',  ( -3.000000000000000000, -2.749374551879700590, -14.85470053837925342 ) ) ;
#3972 = DIRECTION ( 'NONE',  ( 0.000000000000000000, 0.000000000000000000, -1.000000000000000000 ) ) ;
#3973 = CARTESIAN_POINT ( 'NONE',  ( -7.000000000000000000, -3.850625448120298611, -14.85470053837925342 ) ) ;
#3974 = ORIENTED_EDGE ( 'NONE', *, *, #2301, .T. ) ;
#3975 = DIRECTION ( 'NONE',  ( -1.334402673828313093E-16, -0.000000000000000000, -1.000000000000000000 ) ) ;
#3976 = SURFACE_SIDE_STYLE ('',( #742 ) ) ;
#3977 = DIRECTION ( 'NONE',  ( 0.000000000000000000, 0.000000000000000000, -1.000000000000000000 ) ) ;
#3978 =( NAMED_UNIT ( * ) PLANE_ANGLE_UNIT ( ) SI_UNIT ( $, .RADIAN. ) );
#3979 = ORIENTED_EDGE ( 'NONE', *, *, #1566, .T. ) ;
#3980 = ADVANCED_FACE ( 'NONE', ( #836 ), #4107, .F. ) ;
#3981 = DIRECTION ( 'NONE',  ( 0.000000000000000000, 0.4999999999999996669, -0.8660254037844388186 ) ) ;
#3982 = SURFACE_STYLE_FILL_AREA ( #2746 ) ;
#3983 = EDGE_CURVE ( 'NONE', #1073, #2933, #1136, .T. ) ;
#3984 = EDGE_LOOP ( 'NONE', ( #2433, #3245, #643, #670 ) ) ;
#3985 = DIRECTION ( 'NONE',  ( 0.000000000000000000, 1.000000000000000000, 0.000000000000000000 ) ) ;
#3986 = DIRECTION ( 'NONE',  ( 0.000000000000000000, -0.7071067811865489050, 0.7071067811865461294 ) ) ;
#3987 = FILL_AREA_STYLE_COLOUR ( '', #2451 ) ;
#3988 = LINE ( 'NONE', #3089, #1574 ) ;
#3989 = CARTESIAN_POINT ( 'NONE',  ( -7.000000000000000000, -2.749374551879700590, -14.85470053837925342 ) ) ;
#3990 = PLANE ( 'NONE',  #1089 ) ;
#3991 = ORIENTED_EDGE ( 'NONE', *, *, #1354, .T. ) ;
#3992 = AXIS2_PLACEMENT_3D ( 'NONE', #835, #1135, #2744 ) ;
#3993 = PRESENTATION_LAYER_ASSIGNMENT (  '', '', ( #1009 ) ) ;
#3994 = AXIS2_PLACEMENT_3D ( 'NONE', #1722, #2411, #3310 ) ;
#3995 = CARTESIAN_POINT ( 'NONE',  ( -5.000000000000000888, 0.000000000000000000, -6.500000000000000000 ) ) ;
#3996 = VERTEX_POINT ( 'NONE', #3115 ) ;
#3997 = FILL_AREA_STYLE_COLOUR ( '', #2953 ) ;
#3998 = STYLED_ITEM ( 'NONE', ( #2721 ), #1191 ) ;
#3999 = ORIENTED_EDGE ( 'NONE', *, *, #3544, .F. ) ;
#4000 = EDGE_CURVE ( 'NONE', #2428, #90, #182, .T. ) ;
#4001 =( NAMED_UNIT ( * ) PLANE_ANGLE_UNIT ( ) SI_UNIT ( $, .RADIAN. ) );
#4002 = CARTESIAN_POINT ( 'NONE',  ( 3.000000000000000444, -0.5506254481202986772, 2.100000000000000089 ) ) ;
#4003 = VECTOR ( 'NONE', #1015, 1000.000000000000000 ) ;
#4004 = ORIENTED_EDGE ( 'NONE', *, *, #27, .T. ) ;
#4005 = AXIS2_PLACEMENT_3D ( 'NONE', #1467, #190, #1144 ) ;
#4006 = AXIS2_PLACEMENT_3D ( 'NONE', #1279, #3250, #662 ) ;
#4007 = CARTESIAN_POINT ( 'NONE',  ( 3.000000000000000444, -0.5506254481202986772, -10.06269330410536078 ) ) ;
#4008 = CARTESIAN_POINT ( 'NONE',  ( -3.000626588136170891, 2.990000000000000213, 5.090417679675883988 ) ) ;
#4009 = CARTESIAN_POINT ( 'NONE',  ( 0.000000000000000000, -3.500000000000000000, 0.000000000000000000 ) ) ;
#4010 = VECTOR ( 'NONE', #2060, 1000.000000000000000 ) ;
#4011 =( GEOMETRIC_REPRESENTATION_CONTEXT ( 3 ) GLOBAL_UNCERTAINTY_ASSIGNED_CONTEXT ( ( #873 ) ) GLOBAL_UNIT_ASSIGNED_CONTEXT ( ( #3847, #1925, #3221 ) ) REPRESENTATION_CONTEXT ( 'NONE', 'WORKASPACE' ) );
#4012 = ADVANCED_FACE ( 'NONE', ( #1496 ), #4040, .F. ) ;
#4013 = CARTESIAN_POINT ( 'NONE',  ( 1.645000000000000018, -2.915884028769855951E-16, 8.881000000000014438 ) ) ;
#4014 = MECHANICAL_DESIGN_GEOMETRIC_PRESENTATION_REPRESENTATION (  '', ( #2405 ), #4154 ) ;
#4015 = DIRECTION ( 'NONE',  ( 0.000000000000000000, -0.7071067811865489050, 0.7071067811865461294 ) ) ;
#4016 = VERTEX_POINT ( 'NONE', #2806 ) ;
#4017 = COLOUR_RGB ( '',0.6666666666666666297, 0.6980392156862744724, 0.7686274509803920907 ) ;
#4018 = LINE ( 'NONE', #770, #3614 ) ;
#4019 = ORIENTED_EDGE ( 'NONE', *, *, #2777, .F. ) ;
#4020 =( GEOMETRIC_REPRESENTATION_CONTEXT ( 3 ) GLOBAL_UNCERTAINTY_ASSIGNED_CONTEXT ( ( #1703 ) ) GLOBAL_UNIT_ASSIGNED_CONTEXT ( ( #188, #1465, #1503 ) ) REPRESENTATION_CONTEXT ( 'NONE', 'WORKASPACE' ) );
#4021 = STYLED_ITEM ( 'NONE', ( #3836 ), #151 ) ;
#4022 = STYLED_ITEM ( 'NONE', ( #2493 ), #3707 ) ;
#4023 = FACE_OUTER_BOUND ( 'NONE', #2787, .T. ) ;
#4024 = LINE ( 'NONE', #1407, #3404 ) ;
#4025 = PRESENTATION_LAYER_ASSIGNMENT (  '', '', ( #1587 ) ) ;
#4026 = ORIENTED_EDGE ( 'NONE', *, *, #1541, .T. ) ;
#4027 = CARTESIAN_POINT ( 'NONE',  ( 3.000000000000000000, -2.749374551879701478, -16.10000000000000142 ) ) ;
#4028 = FACE_OUTER_BOUND ( 'NONE', #3015, .T. ) ;
#4029 = LINE ( 'NONE', #2772, #3391 ) ;
#4030 = DIRECTION ( 'NONE',  ( -1.000000000000000000, 0.000000000000000000, 0.000000000000000000 ) ) ;
#4031 =( NAMED_UNIT ( * ) PLANE_ANGLE_UNIT ( ) SI_UNIT ( $, .RADIAN. ) );
#4032 = ADVANCED_FACE ( 'NONE', ( #2200 ), #1133, .T. ) ;
#4033 = FILL_AREA_STYLE_COLOUR ( '', #2671 ) ;
#4034 = PRODUCT_DEFINITION_SHAPE ( 'NONE', 'NONE',  #2278 ) ;
#4035 = CARTESIAN_POINT ( 'NONE',  ( -4.999999999999999112, 3.500000000000000000, 6.193789677659267134 ) ) ;
#4036 = ORIENTED_EDGE ( 'NONE', *, *, #1784, .F. ) ;
#4037 = EDGE_CURVE ( 'NONE', #1057, #1073, #850, .T. ) ;
#4038 = FILL_AREA_STYLE ('',( #140 ) ) ;
#4039 = ORIENTED_EDGE ( 'NONE', *, *, #1847, .T. ) ;
#4040 = PLANE ( 'NONE',  #481 ) ;
#4041 = ORIENTED_EDGE ( 'NONE', *, *, #4117, .F. ) ;
#4042 = PLANE ( 'NONE',  #1218 ) ;
#4043 = DIRECTION ( 'NONE',  ( 1.000000000000000000, 0.000000000000000000, 0.000000000000000000 ) ) ;
#4044 = DIRECTION ( 'NONE',  ( 0.000000000000000000, -1.224646799147350249E-16, 1.000000000000000000 ) ) ;
#4045 = SURFACE_SIDE_STYLE ('',( #3982 ) ) ;
#4046 = EDGE_LOOP ( 'NONE', ( #3328, #1292, #3084, #3770 ) ) ;
#4047 = CARTESIAN_POINT ( 'NONE',  ( 0.2550000000000002265, -0.2694076836320744017, 8.611592316367937983 ) ) ;
#4048 = CARTESIAN_POINT ( 'NONE',  ( -2.154999999999999805, 0.000000000000000000, 6.500000000000001776 ) ) ;
#4049 = PRESENTATION_STYLE_ASSIGNMENT (( #156 ) ) ;
#4050 = DIRECTION ( 'NONE',  ( 0.000000000000000000, -0.8660254037844388186, -0.4999999999999996669 ) ) ;
#4051 = EDGE_CURVE ( 'NONE', #3117, #3528, #1220, .T. ) ;
#4052 = DIRECTION ( 'NONE',  ( -0.000000000000000000, 1.000000000000000000, 1.141265444721583757E-16 ) ) ;
#4053 = ORIENTED_EDGE ( 'NONE', *, *, #1960, .F. ) ;
#4054 = EDGE_CURVE ( 'NONE', #34, #2315, #1876, .T. ) ;
#4055 =( NAMED_UNIT ( * ) SI_UNIT ( $, .STERADIAN. ) SOLID_ANGLE_UNIT ( ) );
#4056 = CARTESIAN_POINT ( 'NONE',  ( -3.000000000000000000, -1.224687275939856823, -13.13762514150104899 ) ) ;
#4057 = EDGE_LOOP ( 'NONE', ( #290, #3634, #3056, #3665 ) ) ;
#4058 = DIRECTION ( 'NONE',  ( 1.000000000000000000, 0.000000000000000000, 0.000000000000000000 ) ) ;
#4059 = PRESENTATION_LAYER_ASSIGNMENT (  '', '', ( #4200 ) ) ;
#4060 = CARTESIAN_POINT ( 'NONE',  ( -6.204300430580679482, 0.5506254481202986772, 2.100000000000000089 ) ) ;
#4061 = DIRECTION ( 'NONE',  ( 0.000000000000000000, 0.000000000000000000, 1.000000000000000000 ) ) ;
#4062 = PRESENTATION_STYLE_ASSIGNMENT (( #810 ) ) ;
#4063 = STYLED_ITEM ( 'NONE', ( #4062 ), #1209 ) ;
#4064 = ORIENTED_EDGE ( 'NONE', *, *, #2074, .T. ) ;
#4065 = CARTESIAN_POINT ( 'NONE',  ( -3.000000000000000000, -1.224687275939857267, -13.13762514150104899 ) ) ;
#4066 = VECTOR ( 'NONE', #166, 1000.000000000000000 ) ;
#4067 = CARTESIAN_POINT ( 'NONE',  ( -5.000000000000000888, 0.000000000000000000, -6.500000000000000000 ) ) ;
#4068 = LINE ( 'NONE', #905, #825 ) ;
#4069 = PRESENTATION_STYLE_ASSIGNMENT (( #462 ) ) ;
#4070 =( GEOMETRIC_REPRESENTATION_CONTEXT ( 3 ) GLOBAL_UNCERTAINTY_ASSIGNED_CONTEXT ( ( #3191 ) ) GLOBAL_UNIT_ASSIGNED_CONTEXT ( ( #4199, #908, #3837 ) ) REPRESENTATION_CONTEXT ( 'NONE', 'WORKASPACE' ) );
#4071 = AXIS2_PLACEMENT_3D ( 'NONE', #421, #779, #3046 ) ;
#4072 = DIRECTION ( 'NONE',  ( 0.000000000000000000, -1.000000000000000000, 0.000000000000000000 ) ) ;
#4073 = PRESENTATION_LAYER_ASSIGNMENT (  '', '', ( #2119 ) ) ;
#4074 = LINE ( 'NONE', #3382, #139 ) ;
#4075 = EDGE_LOOP ( 'NONE', ( #1920, #1350, #1008, #419 ) ) ;
#4076 = COLOUR_RGB ( '',0.6666666666666666297, 0.6980392156862744724, 0.7686274509803920907 ) ;
#4077 = MECHANICAL_DESIGN_GEOMETRIC_PRESENTATION_REPRESENTATION (  '', ( #2464 ), #2946 ) ;
#4078 = VECTOR ( 'NONE', #1551, 1000.000000000000000 ) ;
#4079 = CIRCLE ( 'NONE', #3685, 0.4999999999999995559 ) ;
#4080 = FILL_AREA_STYLE_COLOUR ( '', #3343 ) ;
#4081 = EDGE_LOOP ( 'NONE', ( #916, #2704, #3442, #3910 ) ) ;
#4082 = AXIS2_PLACEMENT_3D ( 'NONE', #718, #2374, #2306 ) ;
#4083 = MECHANICAL_DESIGN_GEOMETRIC_PRESENTATION_REPRESENTATION (  '', ( #537 ), #3017 ) ;
#4084 = EDGE_CURVE ( 'NONE', #43, #3790, #3136, .T. ) ;
#4085 = DIRECTION ( 'NONE',  ( 0.000000000000000000, 0.000000000000000000, -1.000000000000000000 ) ) ;
#4086 = MECHANICAL_DESIGN_GEOMETRIC_PRESENTATION_REPRESENTATION (  '', ( #3818 ), #3285 ) ;
#4087 = DIRECTION ( 'NONE',  ( 1.000000000000000000, 0.000000000000000000, 0.000000000000000000 ) ) ;
#4088 = DIRECTION ( 'NONE',  ( 1.000000000000000000, 3.938075060594117859E-16, 0.000000000000000000 ) ) ;
#4089 = CARTESIAN_POINT ( 'NONE',  ( 1.645000000000000018, -3.700000000000000622, 16.00000000000000000 ) ) ;
#4090 = MECHANICAL_DESIGN_GEOMETRIC_PRESENTATION_REPRESENTATION (  '', ( #1513 ), #2819 ) ;
#4091 = MECHANICAL_DESIGN_GEOMETRIC_PRESENTATION_REPRESENTATION (  '', ( #3023 ), #1928 ) ;
#4092 = PRESENTATION_LAYER_ASSIGNMENT (  '', '', ( #618 ) ) ;
#4093 = ORIENTED_EDGE ( 'NONE', *, *, #3983, .T. ) ;
#4094 = CARTESIAN_POINT ( 'NONE',  ( -3.000626588136170891, 2.990000000000000213, 4.590417679675883988 ) ) ;
#4095 = VECTOR ( 'NONE', #2308, 1000.000000000000000 ) ;
#4096 = CARTESIAN_POINT ( 'NONE',  ( 7.000000000000000888, 0.5506254481202986772, 2.100000000000000089 ) ) ;
#4097 = FILL_AREA_STYLE_COLOUR ( '', #1581 ) ;
#4098 = CARTESIAN_POINT ( 'NONE',  ( -2.154999999999999805, -3.700000000000000622, 16.00000000000000000 ) ) ;
#4099 = VERTEX_POINT ( 'NONE', #3174 ) ;
#4100 = FILL_AREA_STYLE_COLOUR ( '', #1505 ) ;
#4101 = ORIENTED_EDGE ( 'NONE', *, *, #2169, .F. ) ;
#4102 = FILL_AREA_STYLE_COLOUR ( '', #3087 ) ;
#4103 = DIRECTION ( 'NONE',  ( -1.000000000000000000, 0.000000000000000000, 0.000000000000000000 ) ) ;
#4104 =( NAMED_UNIT ( * ) SI_UNIT ( $, .STERADIAN. ) SOLID_ANGLE_UNIT ( ) );
#4105 = LINE ( 'NONE', #3870, #2656 ) ;
#4106 = EDGE_CURVE ( 'NONE', #3581, #3455, #1203, .T. ) ;
#4107 = PLANE ( 'NONE',  #2552 ) ;
#4108 = CARTESIAN_POINT ( 'NONE',  ( -7.000000000000000000, -2.024687275939846653, -13.59950535685274353 ) ) ;
#4109 = UNCERTAINTY_MEASURE_WITH_UNIT (LENGTH_MEASURE( 1.000000000000000082E-05 ), #4180, 'distance_accuracy_value', 'NONE');
#4110 = EDGE_CURVE ( 'NONE', #3730, #1862, #3437, .T. ) ;
#4111 = ORIENTED_EDGE ( 'NONE', *, *, #3704, .F. ) ;
#4112 = DIRECTION ( 'NONE',  ( -0.08682659386424780579, -0.9924325091389669673, -0.08682659386424779191 ) ) ;
#4113 = DIRECTION ( 'NONE',  ( -0.000000000000000000, 1.000000000000000000, -0.000000000000000000 ) ) ;
#4114 = PRESENTATION_STYLE_ASSIGNMENT (( #2837 ) ) ;
#4115 =( NAMED_UNIT ( * ) SI_UNIT ( $, .STERADIAN. ) SOLID_ANGLE_UNIT ( ) );
#4116 = SURFACE_STYLE_USAGE ( .BOTH. , #2185 ) ;
#4117 = EDGE_CURVE ( 'NONE', #3127, #285, #1808, .T. ) ;
#4118 = LINE ( 'NONE', #2254, #3422 ) ;
#4119 = SURFACE_SIDE_STYLE ('',( #2839 ) ) ;
#4120 = CARTESIAN_POINT ( 'NONE',  ( 3.000000000000000000, -1.300000000000000044, -14.85470053837925342 ) ) ;
#4121 = DIRECTION ( 'NONE',  ( 1.000000000000000000, 0.000000000000000000, 0.000000000000000000 ) ) ;
#4122 = ORIENTED_EDGE ( 'NONE', *, *, #939, .F. ) ;
#4123 = LINE ( 'NONE', #3805, #3013 ) ;
#4124 = ORIENTED_EDGE ( 'NONE', *, *, #97, .T. ) ;
#4125 =( LENGTH_UNIT ( ) NAMED_UNIT ( * ) SI_UNIT ( .MILLI., .METRE. ) );
#4126 = DIRECTION ( 'NONE',  ( 0.000000000000000000, 0.08715574274765836016, -0.9961946980917455452 ) ) ;
#4127 = SURFACE_SIDE_STYLE ('',( #2462 ) ) ;
#4128 =( NAMED_UNIT ( * ) SI_UNIT ( $, .STERADIAN. ) SOLID_ANGLE_UNIT ( ) );
#4129 =( NAMED_UNIT ( * ) SI_UNIT ( $, .STERADIAN. ) SOLID_ANGLE_UNIT ( ) );
#4130 = COLOUR_RGB ( '',0.6666666666666666297, 0.6980392156862744724, 0.7686274509803920907 ) ;
#4131 = ADVANCED_FACE ( 'NONE', ( #1159 ), #219, .T. ) ;
#4132 = VERTEX_POINT ( 'NONE', #238 ) ;
#4133 = CARTESIAN_POINT ( 'NONE',  ( -7.000000000000000000, -2.749374551879701478, -16.10000000000000142 ) ) ;
#4134 = DIRECTION ( 'NONE',  ( -1.000000000000000000, 0.000000000000000000, 0.000000000000000000 ) ) ;
#4135 = CARTESIAN_POINT ( 'NONE',  ( 1.645000000000000018, 0.000000000000000000, 6.500000000000001776 ) ) ;
#4136 = VECTOR ( 'NONE', #1978, 1000.000000000000000 ) ;
#4137 =( NAMED_UNIT ( * ) PLANE_ANGLE_UNIT ( ) SI_UNIT ( $, .RADIAN. ) );
#4138 = MECHANICAL_DESIGN_GEOMETRIC_PRESENTATION_REPRESENTATION (  '', ( #3998 ), #184 ) ;
#4139 = DIRECTION ( 'NONE',  ( 0.000000000000000000, -1.224646799147350249E-16, 1.000000000000000000 ) ) ;
#4140 = DIRECTION ( 'NONE',  ( -1.000000000000000000, 0.000000000000000000, -0.000000000000000000 ) ) ;
#4141 = DIRECTION ( 'NONE',  ( 0.000000000000000000, -1.141265444721583757E-16, 1.000000000000000000 ) ) ;
#4142 = ORIENTED_EDGE ( 'NONE', *, *, #1852, .F. ) ;
#4143 = AXIS2_PLACEMENT_3D ( 'NONE', #2488, #3775, #2157 ) ;
#4144 = ADVANCED_FACE ( 'NONE', ( #807 ), #180, .T. ) ;
#4145 = COLOUR_RGB ( '',0.6666666666666666297, 0.6980392156862744724, 0.7686274509803920907 ) ;
#4146 = CARTESIAN_POINT ( 'NONE',  ( 1.645000000000000018, -0.3810000000000000053, 6.500000000000001776 ) ) ;
#4147 = EDGE_LOOP ( 'NONE', ( #1041, #2633, #1666, #2947 ) ) ;
#4148 = VECTOR ( 'NONE', #2100, 1000.000000000000000 ) ;
#4149 =( NAMED_UNIT ( * ) PLANE_ANGLE_UNIT ( ) SI_UNIT ( $, .RADIAN. ) );
#4150 = FILL_AREA_STYLE ('',( #2869 ) ) ;
#4151 = CARTESIAN_POINT ( 'NONE',  ( -7.000000000000000000, 0.5506254481202986772, -10.06269330410536078 ) ) ;
#4152 = VECTOR ( 'NONE', #2427, 1000.000000000000000 ) ;
#4153 = MECHANICAL_DESIGN_GEOMETRIC_PRESENTATION_REPRESENTATION (  '', ( #618 ), #887 ) ;
#4154 =( GEOMETRIC_REPRESENTATION_CONTEXT ( 3 ) GLOBAL_UNCERTAINTY_ASSIGNED_CONTEXT ( ( #926 ) ) GLOBAL_UNIT_ASSIGNED_CONTEXT ( ( #3344, #3956, #2396 ) ) REPRESENTATION_CONTEXT ( 'NONE', 'WORKASPACE' ) );
#4155 = ORIENTED_EDGE ( 'NONE', *, *, #3178, .F. ) ;
#4156 = VECTOR ( 'NONE', #416, 1000.000000000000000 ) ;
#4157 = SURFACE_STYLE_FILL_AREA ( #2182 ) ;
#4158 = FILL_AREA_STYLE ('',( #1528 ) ) ;
#4159 =( NAMED_UNIT ( * ) PLANE_ANGLE_UNIT ( ) SI_UNIT ( $, .RADIAN. ) );
#4160 = LINE ( 'NONE', #2161, #2889 ) ;
#4161 =( LENGTH_UNIT ( ) NAMED_UNIT ( * ) SI_UNIT ( .MILLI., .METRE. ) );
#4162 =( NAMED_UNIT ( * ) PLANE_ANGLE_UNIT ( ) SI_UNIT ( $, .RADIAN. ) );
#4163 = SURFACE_STYLE_FILL_AREA ( #256 ) ;
#4164 = ORIENTED_EDGE ( 'NONE', *, *, #1185, .T. ) ;
#4165 = EDGE_CURVE ( 'NONE', #364, #2223, #2893, .T. ) ;
#4166 = STYLED_ITEM ( 'NONE', ( #514 ), #3980 ) ;
#4167 = EDGE_CURVE ( 'NONE', #1435, #147, #322, .T. ) ;
#4168 = LINE ( 'NONE', #1872, #1376 ) ;
#4169 = EDGE_LOOP ( 'NONE', ( #2318, #108, #874, #726, #4122, #4124, #788, #2851, #1552, #1027, #1442 ) ) ;
#4170 = EDGE_CURVE ( 'NONE', #3297, #3694, #2309, .T. ) ;
#4171 = CARTESIAN_POINT ( 'NONE',  ( -5.000000000000000888, 0.5506254481202986772, -6.451826515440592047 ) ) ;
#4172 = FILL_AREA_STYLE_COLOUR ( '', #677 ) ;
#4173 = DIRECTION ( 'NONE',  ( 0.000000000000000000, -1.141265444721583757E-16, 1.000000000000000000 ) ) ;
#4174 = ORIENTED_EDGE ( 'NONE', *, *, #2777, .T. ) ;
#4175 = CARTESIAN_POINT ( 'NONE',  ( 1.645000000000000018, -3.319000000000000838, 16.00000000000000000 ) ) ;
#4176 = FILL_AREA_STYLE_COLOUR ( '', #3330 ) ;
#4177 = DIRECTION ( 'NONE',  ( 0.000000000000000000, -1.141265444721583757E-16, 1.000000000000000000 ) ) ;
#4178 = PRESENTATION_STYLE_ASSIGNMENT (( #3798 ) ) ;
#4179 = LINE ( 'NONE', #988, #2798 ) ;
#4180 =( LENGTH_UNIT ( ) NAMED_UNIT ( * ) SI_UNIT ( .MILLI., .METRE. ) );
#4181 = CARTESIAN_POINT ( 'NONE',  ( 1.645000000000000018, -3.319000000000000394, 12.20000000000000107 ) ) ;
#4182 = SURFACE_SIDE_STYLE ('',( #4163 ) ) ;
#4183 = VERTEX_POINT ( 'NONE', #3197 ) ;
#4184 = EDGE_CURVE ( 'NONE', #1862, #994, #1396, .T. ) ;
#4185 = UNCERTAINTY_MEASURE_WITH_UNIT (LENGTH_MEASURE( 1.000000000000000082E-05 ), #3941, 'distance_accuracy_value', 'NONE');
#4186 = LINE ( 'NONE', #2908, #3543 ) ;
#4187 = ORIENTED_EDGE ( 'NONE', *, *, #51, .T. ) ;
#4188 = EDGE_CURVE ( 'NONE', #4099, #1153, #2926, .T. ) ;
#4189 =( NAMED_UNIT ( * ) SI_UNIT ( $, .STERADIAN. ) SOLID_ANGLE_UNIT ( ) );
#4190 = DIRECTION ( 'NONE',  ( -0.000000000000000000, 0.000000000000000000, 1.000000000000000000 ) ) ;
#4191 = LINE ( 'NONE', #1675, #3599 ) ;
#4192 = VERTEX_POINT ( 'NONE', #1947 ) ;
#4193 = DIRECTION ( 'NONE',  ( 1.000000000000000000, 0.000000000000000000, 0.000000000000000000 ) ) ;
#4194 = SURFACE_STYLE_FILL_AREA ( #2275 ) ;
#4195 = SURFACE_STYLE_USAGE ( .BOTH. , #2938 ) ;
#4196 =( NAMED_UNIT ( * ) SI_UNIT ( $, .STERADIAN. ) SOLID_ANGLE_UNIT ( ) );
#4197 = VECTOR ( 'NONE', #2202, 1000.000000000000227 ) ;
#4198 = ORIENTED_EDGE ( 'NONE', *, *, #1912, .F. ) ;
#4199 =( LENGTH_UNIT ( ) NAMED_UNIT ( * ) SI_UNIT ( .MILLI., .METRE. ) );
#4200 = STYLED_ITEM ( 'NONE', ( #548 ), #1125 ) ;
#4201 = DIRECTION ( 'NONE',  ( -0.000000000000000000, 0.7071067811865461294, 0.7071067811865489050 ) ) ;
#4202 = DIRECTION ( 'NONE',  ( 1.000000000000000000, 0.000000000000000000, 0.000000000000000000 ) ) ;
#4203 = SURFACE_STYLE_FILL_AREA ( #2919 ) ;
#4204 = FACE_OUTER_BOUND ( 'NONE', #3249, .T. ) ;
#4205 = EDGE_LOOP ( 'NONE', ( #2034, #2313, #931, #3782 ) ) ;
#4206 = STYLED_ITEM ( 'NONE', ( #4114 ), #1129 ) ;
#4207 = PRESENTATION_LAYER_ASSIGNMENT (  '', '', ( #1702 ) ) ;
#4208 = DIRECTION ( 'NONE',  ( 1.334402673828313093E-16, -0.000000000000000000, 1.000000000000000000 ) ) ;
#4209 = ORIENTED_EDGE ( 'NONE', *, *, #1658, .T. ) ;
#4210 =( LENGTH_UNIT ( ) NAMED_UNIT ( * ) SI_UNIT ( .MILLI., .METRE. ) );
#4211 = FILL_AREA_STYLE ('',( #1253 ) ) ;
#4212 = STYLED_ITEM ( 'NONE', ( #3949 ), #2596 ) ;
#4213 = EDGE_CURVE ( 'NONE', #3659, #1413, #3845, .T. ) ;
#4214 = ORIENTED_EDGE ( 'NONE', *, *, #2335, .T. ) ;
#4215 = STYLED_ITEM ( 'NONE', ( #1495 ), #2113 ) ;
#4216 =( GEOMETRIC_REPRESENTATION_CONTEXT ( 3 ) GLOBAL_UNCERTAINTY_ASSIGNED_CONTEXT ( ( #271 ) ) GLOBAL_UNIT_ASSIGNED_CONTEXT ( ( #1182, #161, #2442 ) ) REPRESENTATION_CONTEXT ( 'NONE', 'WORKASPACE' ) );
#4217 = FILL_AREA_STYLE_COLOUR ( '', #2875 ) ;
ENDSEC;
END-ISO-10303-21;
