ISO-10303-21;
HEADER;
/* Generated by software containing ST-Developer
 * from STEP Tools, Inc. (www.steptools.com) 
 */
/* OPTION: strings as raw bytes, not using required /X/ escapes */

FILE_DESCRIPTION(
/* description */ ('Unknown'),
/* implementation_level */ '2;1');

FILE_NAME(
/* name */ 'RIC11-31S15D7-GSMT',
/* time_stamp */ '2025-02-17T15:19:48+02:00',
/* author */ ('Unknown'),
/* organization */ ('Unknown'),
/* preprocessor_version */ 'ST-DEVELOPER v18.102',
/* originating_system */ 'Solid Edge',
/* authorisation */ 'Unknown');

FILE_SCHEMA (('AUTOMOTIVE_DESIGN {1 0 10303 214 3 1 1}'));
ENDSEC;

DATA;
#10=PROPERTY_DEFINITION_REPRESENTATION(#14,#12);
#11=PROPERTY_DEFINITION_REPRESENTATION(#15,#13);
#12=REPRESENTATION('',(#16),#12705);
#13=REPRESENTATION('',(#17),#12705);
#14=PROPERTY_DEFINITION('pmi validation property','',#12710);
#15=PROPERTY_DEFINITION('pmi validation property','',#12710);
#16=VALUE_REPRESENTATION_ITEM('number of annotations',COUNT_MEASURE(0.));
#17=VALUE_REPRESENTATION_ITEM('number of views',COUNT_MEASURE(0.));
#18=CONICAL_SURFACE('',#8634,3.,0.78539816339745);
#19=CONICAL_SURFACE('',#8655,3.5,0.78539816339745);
#20=CONICAL_SURFACE('',#8675,3.5,0.78539816339745);
#21=CONICAL_SURFACE('',#8677,3.,0.78539816339745);
#22=CONICAL_SURFACE('',#8678,3.,0.78539816339745);
#23=B_SPLINE_CURVE_WITH_KNOTS('',3,(#12585,#12586,#12587,#12588),
 .UNSPECIFIED.,.F.,.F.,(4,4),(0.,1.),.UNSPECIFIED.);
#24=B_SPLINE_CURVE_WITH_KNOTS('',3,(#12593,#12594,#12595,#12596),
 .UNSPECIFIED.,.F.,.F.,(4,4),(0.,1.),.UNSPECIFIED.);
#25=SHAPE_REPRESENTATION_RELATIONSHIP('','',#8093,#26);
#26=ADVANCED_BREP_SHAPE_REPRESENTATION('',(#8083,#8084,#8085,#8086,#8087,
#8088,#8089,#8090,#8091),#12705);
#27=PLANE('',#8101);
#28=PLANE('',#8106);
#29=PLANE('',#8111);
#30=PLANE('',#8113);
#31=PLANE('',#8115);
#32=PLANE('',#8116);
#33=PLANE('',#8117);
#34=PLANE('',#8118);
#35=PLANE('',#8119);
#36=PLANE('',#8122);
#37=PLANE('',#8123);
#38=PLANE('',#8126);
#39=PLANE('',#8129);
#40=PLANE('',#8132);
#41=PLANE('',#8134);
#42=PLANE('',#8136);
#43=PLANE('',#8137);
#44=PLANE('',#8138);
#45=PLANE('',#8140);
#46=PLANE('',#8142);
#47=PLANE('',#8144);
#48=PLANE('',#8152);
#49=PLANE('',#8157);
#50=PLANE('',#8162);
#51=PLANE('',#8164);
#52=PLANE('',#8166);
#53=PLANE('',#8167);
#54=PLANE('',#8168);
#55=PLANE('',#8169);
#56=PLANE('',#8170);
#57=PLANE('',#8173);
#58=PLANE('',#8174);
#59=PLANE('',#8177);
#60=PLANE('',#8180);
#61=PLANE('',#8183);
#62=PLANE('',#8185);
#63=PLANE('',#8187);
#64=PLANE('',#8188);
#65=PLANE('',#8189);
#66=PLANE('',#8191);
#67=PLANE('',#8193);
#68=PLANE('',#8195);
#69=PLANE('',#8203);
#70=PLANE('',#8208);
#71=PLANE('',#8213);
#72=PLANE('',#8215);
#73=PLANE('',#8217);
#74=PLANE('',#8218);
#75=PLANE('',#8219);
#76=PLANE('',#8220);
#77=PLANE('',#8221);
#78=PLANE('',#8224);
#79=PLANE('',#8225);
#80=PLANE('',#8228);
#81=PLANE('',#8231);
#82=PLANE('',#8234);
#83=PLANE('',#8236);
#84=PLANE('',#8238);
#85=PLANE('',#8239);
#86=PLANE('',#8240);
#87=PLANE('',#8242);
#88=PLANE('',#8244);
#89=PLANE('',#8246);
#90=PLANE('',#8254);
#91=PLANE('',#8259);
#92=PLANE('',#8264);
#93=PLANE('',#8266);
#94=PLANE('',#8268);
#95=PLANE('',#8269);
#96=PLANE('',#8270);
#97=PLANE('',#8271);
#98=PLANE('',#8272);
#99=PLANE('',#8275);
#100=PLANE('',#8276);
#101=PLANE('',#8279);
#102=PLANE('',#8282);
#103=PLANE('',#8285);
#104=PLANE('',#8287);
#105=PLANE('',#8289);
#106=PLANE('',#8290);
#107=PLANE('',#8291);
#108=PLANE('',#8293);
#109=PLANE('',#8295);
#110=PLANE('',#8297);
#111=PLANE('',#8305);
#112=PLANE('',#8310);
#113=PLANE('',#8315);
#114=PLANE('',#8317);
#115=PLANE('',#8319);
#116=PLANE('',#8320);
#117=PLANE('',#8321);
#118=PLANE('',#8322);
#119=PLANE('',#8323);
#120=PLANE('',#8326);
#121=PLANE('',#8327);
#122=PLANE('',#8330);
#123=PLANE('',#8333);
#124=PLANE('',#8336);
#125=PLANE('',#8338);
#126=PLANE('',#8340);
#127=PLANE('',#8341);
#128=PLANE('',#8342);
#129=PLANE('',#8344);
#130=PLANE('',#8346);
#131=PLANE('',#8348);
#132=PLANE('',#8350);
#133=PLANE('',#8351);
#134=PLANE('',#8352);
#135=PLANE('',#8353);
#136=PLANE('',#8354);
#137=PLANE('',#8355);
#138=PLANE('',#8356);
#139=PLANE('',#8357);
#140=PLANE('',#8358);
#141=PLANE('',#8359);
#142=PLANE('',#8360);
#143=PLANE('',#8361);
#144=PLANE('',#8366);
#145=PLANE('',#8367);
#146=PLANE('',#8368);
#147=PLANE('',#8371);
#148=PLANE('',#8374);
#149=PLANE('',#8379);
#150=PLANE('',#8380);
#151=PLANE('',#8381);
#152=PLANE('',#8382);
#153=PLANE('',#8383);
#154=PLANE('',#8384);
#155=PLANE('',#8385);
#156=PLANE('',#8386);
#157=PLANE('',#8387);
#158=PLANE('',#8388);
#159=PLANE('',#8389);
#160=PLANE('',#8390);
#161=PLANE('',#8391);
#162=PLANE('',#8392);
#163=PLANE('',#8393);
#164=PLANE('',#8394);
#165=PLANE('',#8395);
#166=PLANE('',#8396);
#167=PLANE('',#8397);
#168=PLANE('',#8398);
#169=PLANE('',#8399);
#170=PLANE('',#8400);
#171=PLANE('',#8401);
#172=PLANE('',#8402);
#173=PLANE('',#8403);
#174=PLANE('',#8404);
#175=PLANE('',#8405);
#176=PLANE('',#8406);
#177=PLANE('',#8407);
#178=PLANE('',#8408);
#179=PLANE('',#8409);
#180=PLANE('',#8410);
#181=PLANE('',#8411);
#182=PLANE('',#8412);
#183=PLANE('',#8413);
#184=PLANE('',#8414);
#185=PLANE('',#8415);
#186=PLANE('',#8422);
#187=PLANE('',#8424);
#188=PLANE('',#8426);
#189=PLANE('',#8427);
#190=PLANE('',#8428);
#191=PLANE('',#8429);
#192=PLANE('',#8436);
#193=PLANE('',#8438);
#194=PLANE('',#8446);
#195=PLANE('',#8448);
#196=PLANE('',#8450);
#197=PLANE('',#8457);
#198=PLANE('',#8459);
#199=PLANE('',#8461);
#200=PLANE('',#8462);
#201=PLANE('',#8463);
#202=PLANE('',#8465);
#203=PLANE('',#8466);
#204=PLANE('',#8467);
#205=PLANE('',#8469);
#206=PLANE('',#8470);
#207=PLANE('',#8471);
#208=PLANE('',#8472);
#209=PLANE('',#8473);
#210=PLANE('',#8480);
#211=PLANE('',#8481);
#212=PLANE('',#8482);
#213=PLANE('',#8483);
#214=PLANE('',#8484);
#215=PLANE('',#8485);
#216=PLANE('',#8486);
#217=PLANE('',#8495);
#218=PLANE('',#8496);
#219=PLANE('',#8497);
#220=PLANE('',#8501);
#221=PLANE('',#8505);
#222=PLANE('',#8506);
#223=PLANE('',#8507);
#224=PLANE('',#8508);
#225=PLANE('',#8512);
#226=PLANE('',#8516);
#227=PLANE('',#8517);
#228=PLANE('',#8518);
#229=PLANE('',#8519);
#230=PLANE('',#8520);
#231=PLANE('',#8527);
#232=PLANE('',#8528);
#233=PLANE('',#8529);
#234=PLANE('',#8530);
#235=PLANE('',#8537);
#236=PLANE('',#8538);
#237=PLANE('',#8539);
#238=PLANE('',#8540);
#239=PLANE('',#8541);
#240=PLANE('',#8542);
#241=PLANE('',#8543);
#242=PLANE('',#8544);
#243=PLANE('',#8545);
#244=PLANE('',#8546);
#245=PLANE('',#8547);
#246=PLANE('',#8548);
#247=PLANE('',#8549);
#248=PLANE('',#8550);
#249=PLANE('',#8551);
#250=PLANE('',#8552);
#251=PLANE('',#8553);
#252=PLANE('',#8554);
#253=PLANE('',#8555);
#254=PLANE('',#8556);
#255=PLANE('',#8557);
#256=PLANE('',#8558);
#257=PLANE('',#8559);
#258=PLANE('',#8560);
#259=PLANE('',#8561);
#260=PLANE('',#8562);
#261=PLANE('',#8563);
#262=PLANE('',#8564);
#263=PLANE('',#8565);
#264=PLANE('',#8566);
#265=PLANE('',#8571);
#266=PLANE('',#8572);
#267=PLANE('',#8573);
#268=PLANE('',#8574);
#269=PLANE('',#8575);
#270=PLANE('',#8576);
#271=PLANE('',#8577);
#272=PLANE('',#8578);
#273=PLANE('',#8579);
#274=PLANE('',#8580);
#275=PLANE('',#8581);
#276=PLANE('',#8582);
#277=PLANE('',#8583);
#278=PLANE('',#8584);
#279=PLANE('',#8585);
#280=PLANE('',#8586);
#281=PLANE('',#8593);
#282=PLANE('',#8596);
#283=PLANE('',#8597);
#284=PLANE('',#8600);
#285=PLANE('',#8601);
#286=PLANE('',#8602);
#287=PLANE('',#8603);
#288=PLANE('',#8604);
#289=PLANE('',#8609);
#290=PLANE('',#8610);
#291=PLANE('',#8611);
#292=PLANE('',#8612);
#293=PLANE('',#8613);
#294=PLANE('',#8614);
#295=PLANE('',#8615);
#296=PLANE('',#8616);
#297=PLANE('',#8617);
#298=PLANE('',#8618);
#299=PLANE('',#8619);
#300=PLANE('',#8620);
#301=PLANE('',#8621);
#302=PLANE('',#8624);
#303=PLANE('',#8627);
#304=PLANE('',#8631);
#305=PLANE('',#8632);
#306=PLANE('',#8637);
#307=PLANE('',#8640);
#308=PLANE('',#8646);
#309=PLANE('',#8650);
#310=PLANE('',#8667);
#311=PLANE('',#8669);
#312=PLANE('',#8670);
#313=PLANE('',#8671);
#314=PLANE('',#8672);
#315=LINE('',#10665,#1120);
#316=LINE('',#10669,#1121);
#317=LINE('',#10671,#1122);
#318=LINE('',#10677,#1123);
#319=LINE('',#10680,#1124);
#320=LINE('',#10684,#1125);
#321=LINE('',#10688,#1126);
#322=LINE('',#10690,#1127);
#323=LINE('',#10692,#1128);
#324=LINE('',#10696,#1129);
#325=LINE('',#10700,#1130);
#326=LINE('',#10702,#1131);
#327=LINE('',#10705,#1132);
#328=LINE('',#10709,#1133);
#329=LINE('',#10713,#1134);
#330=LINE('',#10715,#1135);
#331=LINE('',#10717,#1136);
#332=LINE('',#10721,#1137);
#333=LINE('',#10725,#1138);
#334=LINE('',#10727,#1139);
#335=LINE('',#10728,#1140);
#336=LINE('',#10730,#1141);
#337=LINE('',#10732,#1142);
#338=LINE('',#10734,#1143);
#339=LINE('',#10736,#1144);
#340=LINE('',#10738,#1145);
#341=LINE('',#10740,#1146);
#342=LINE('',#10742,#1147);
#343=LINE('',#10745,#1148);
#344=LINE('',#10747,#1149);
#345=LINE('',#10749,#1150);
#346=LINE('',#10751,#1151);
#347=LINE('',#10753,#1152);
#348=LINE('',#10758,#1153);
#349=LINE('',#10761,#1154);
#350=LINE('',#10763,#1155);
#351=LINE('',#10765,#1156);
#352=LINE('',#10767,#1157);
#353=LINE('',#10769,#1158);
#354=LINE('',#10774,#1159);
#355=LINE('',#10776,#1160);
#356=LINE('',#10780,#1161);
#357=LINE('',#10782,#1162);
#358=LINE('',#10784,#1163);
#359=LINE('',#10788,#1164);
#360=LINE('',#10792,#1165);
#361=LINE('',#10794,#1166);
#362=LINE('',#10796,#1167);
#363=LINE('',#10800,#1168);
#364=LINE('',#10802,#1169);
#365=LINE('',#10803,#1170);
#366=LINE('',#10805,#1171);
#367=LINE('',#10807,#1172);
#368=LINE('',#10809,#1173);
#369=LINE('',#10811,#1174);
#370=LINE('',#10812,#1175);
#371=LINE('',#10814,#1176);
#372=LINE('',#10816,#1177);
#373=LINE('',#10818,#1178);
#374=LINE('',#10820,#1179);
#375=LINE('',#10822,#1180);
#376=LINE('',#10825,#1181);
#377=LINE('',#10827,#1182);
#378=LINE('',#10833,#1183);
#379=LINE('',#10837,#1184);
#380=LINE('',#10839,#1185);
#381=LINE('',#10845,#1186);
#382=LINE('',#10848,#1187);
#383=LINE('',#10852,#1188);
#384=LINE('',#10856,#1189);
#385=LINE('',#10858,#1190);
#386=LINE('',#10860,#1191);
#387=LINE('',#10864,#1192);
#388=LINE('',#10868,#1193);
#389=LINE('',#10870,#1194);
#390=LINE('',#10873,#1195);
#391=LINE('',#10877,#1196);
#392=LINE('',#10881,#1197);
#393=LINE('',#10883,#1198);
#394=LINE('',#10885,#1199);
#395=LINE('',#10889,#1200);
#396=LINE('',#10893,#1201);
#397=LINE('',#10895,#1202);
#398=LINE('',#10896,#1203);
#399=LINE('',#10898,#1204);
#400=LINE('',#10900,#1205);
#401=LINE('',#10902,#1206);
#402=LINE('',#10904,#1207);
#403=LINE('',#10906,#1208);
#404=LINE('',#10908,#1209);
#405=LINE('',#10910,#1210);
#406=LINE('',#10913,#1211);
#407=LINE('',#10915,#1212);
#408=LINE('',#10917,#1213);
#409=LINE('',#10919,#1214);
#410=LINE('',#10921,#1215);
#411=LINE('',#10926,#1216);
#412=LINE('',#10929,#1217);
#413=LINE('',#10931,#1218);
#414=LINE('',#10933,#1219);
#415=LINE('',#10935,#1220);
#416=LINE('',#10937,#1221);
#417=LINE('',#10942,#1222);
#418=LINE('',#10944,#1223);
#419=LINE('',#10948,#1224);
#420=LINE('',#10950,#1225);
#421=LINE('',#10952,#1226);
#422=LINE('',#10956,#1227);
#423=LINE('',#10960,#1228);
#424=LINE('',#10962,#1229);
#425=LINE('',#10964,#1230);
#426=LINE('',#10968,#1231);
#427=LINE('',#10970,#1232);
#428=LINE('',#10971,#1233);
#429=LINE('',#10973,#1234);
#430=LINE('',#10975,#1235);
#431=LINE('',#10977,#1236);
#432=LINE('',#10979,#1237);
#433=LINE('',#10980,#1238);
#434=LINE('',#10982,#1239);
#435=LINE('',#10984,#1240);
#436=LINE('',#10986,#1241);
#437=LINE('',#10988,#1242);
#438=LINE('',#10990,#1243);
#439=LINE('',#10993,#1244);
#440=LINE('',#10995,#1245);
#441=LINE('',#11001,#1246);
#442=LINE('',#11005,#1247);
#443=LINE('',#11007,#1248);
#444=LINE('',#11013,#1249);
#445=LINE('',#11016,#1250);
#446=LINE('',#11020,#1251);
#447=LINE('',#11024,#1252);
#448=LINE('',#11026,#1253);
#449=LINE('',#11028,#1254);
#450=LINE('',#11032,#1255);
#451=LINE('',#11036,#1256);
#452=LINE('',#11038,#1257);
#453=LINE('',#11041,#1258);
#454=LINE('',#11045,#1259);
#455=LINE('',#11049,#1260);
#456=LINE('',#11051,#1261);
#457=LINE('',#11053,#1262);
#458=LINE('',#11057,#1263);
#459=LINE('',#11061,#1264);
#460=LINE('',#11063,#1265);
#461=LINE('',#11064,#1266);
#462=LINE('',#11066,#1267);
#463=LINE('',#11068,#1268);
#464=LINE('',#11070,#1269);
#465=LINE('',#11072,#1270);
#466=LINE('',#11074,#1271);
#467=LINE('',#11076,#1272);
#468=LINE('',#11078,#1273);
#469=LINE('',#11081,#1274);
#470=LINE('',#11083,#1275);
#471=LINE('',#11085,#1276);
#472=LINE('',#11087,#1277);
#473=LINE('',#11089,#1278);
#474=LINE('',#11094,#1279);
#475=LINE('',#11097,#1280);
#476=LINE('',#11099,#1281);
#477=LINE('',#11101,#1282);
#478=LINE('',#11103,#1283);
#479=LINE('',#11105,#1284);
#480=LINE('',#11110,#1285);
#481=LINE('',#11112,#1286);
#482=LINE('',#11116,#1287);
#483=LINE('',#11118,#1288);
#484=LINE('',#11120,#1289);
#485=LINE('',#11124,#1290);
#486=LINE('',#11128,#1291);
#487=LINE('',#11130,#1292);
#488=LINE('',#11132,#1293);
#489=LINE('',#11136,#1294);
#490=LINE('',#11138,#1295);
#491=LINE('',#11139,#1296);
#492=LINE('',#11141,#1297);
#493=LINE('',#11143,#1298);
#494=LINE('',#11145,#1299);
#495=LINE('',#11147,#1300);
#496=LINE('',#11148,#1301);
#497=LINE('',#11150,#1302);
#498=LINE('',#11152,#1303);
#499=LINE('',#11154,#1304);
#500=LINE('',#11156,#1305);
#501=LINE('',#11158,#1306);
#502=LINE('',#11161,#1307);
#503=LINE('',#11163,#1308);
#504=LINE('',#11169,#1309);
#505=LINE('',#11173,#1310);
#506=LINE('',#11175,#1311);
#507=LINE('',#11181,#1312);
#508=LINE('',#11184,#1313);
#509=LINE('',#11188,#1314);
#510=LINE('',#11192,#1315);
#511=LINE('',#11194,#1316);
#512=LINE('',#11196,#1317);
#513=LINE('',#11200,#1318);
#514=LINE('',#11204,#1319);
#515=LINE('',#11206,#1320);
#516=LINE('',#11209,#1321);
#517=LINE('',#11213,#1322);
#518=LINE('',#11217,#1323);
#519=LINE('',#11219,#1324);
#520=LINE('',#11221,#1325);
#521=LINE('',#11225,#1326);
#522=LINE('',#11229,#1327);
#523=LINE('',#11231,#1328);
#524=LINE('',#11232,#1329);
#525=LINE('',#11234,#1330);
#526=LINE('',#11236,#1331);
#527=LINE('',#11238,#1332);
#528=LINE('',#11240,#1333);
#529=LINE('',#11242,#1334);
#530=LINE('',#11244,#1335);
#531=LINE('',#11246,#1336);
#532=LINE('',#11249,#1337);
#533=LINE('',#11251,#1338);
#534=LINE('',#11253,#1339);
#535=LINE('',#11255,#1340);
#536=LINE('',#11260,#1341);
#537=LINE('',#11262,#1342);
#538=LINE('',#11265,#1343);
#539=LINE('',#11267,#1344);
#540=LINE('',#11269,#1345);
#541=LINE('',#11271,#1346);
#542=LINE('',#11276,#1347);
#543=LINE('',#11278,#1348);
#544=LINE('',#11282,#1349);
#545=LINE('',#11284,#1350);
#546=LINE('',#11286,#1351);
#547=LINE('',#11290,#1352);
#548=LINE('',#11292,#1353);
#549=LINE('',#11296,#1354);
#550=LINE('',#11298,#1355);
#551=LINE('',#11300,#1356);
#552=LINE('',#11304,#1357);
#553=LINE('',#11306,#1358);
#554=LINE('',#11307,#1359);
#555=LINE('',#11309,#1360);
#556=LINE('',#11311,#1361);
#557=LINE('',#11313,#1362);
#558=LINE('',#11315,#1363);
#559=LINE('',#11316,#1364);
#560=LINE('',#11318,#1365);
#561=LINE('',#11320,#1366);
#562=LINE('',#11322,#1367);
#563=LINE('',#11324,#1368);
#564=LINE('',#11326,#1369);
#565=LINE('',#11329,#1370);
#566=LINE('',#11331,#1371);
#567=LINE('',#11337,#1372);
#568=LINE('',#11341,#1373);
#569=LINE('',#11343,#1374);
#570=LINE('',#11349,#1375);
#571=LINE('',#11352,#1376);
#572=LINE('',#11356,#1377);
#573=LINE('',#11360,#1378);
#574=LINE('',#11362,#1379);
#575=LINE('',#11364,#1380);
#576=LINE('',#11368,#1381);
#577=LINE('',#11372,#1382);
#578=LINE('',#11374,#1383);
#579=LINE('',#11377,#1384);
#580=LINE('',#11381,#1385);
#581=LINE('',#11385,#1386);
#582=LINE('',#11387,#1387);
#583=LINE('',#11389,#1388);
#584=LINE('',#11393,#1389);
#585=LINE('',#11397,#1390);
#586=LINE('',#11399,#1391);
#587=LINE('',#11400,#1392);
#588=LINE('',#11402,#1393);
#589=LINE('',#11404,#1394);
#590=LINE('',#11406,#1395);
#591=LINE('',#11408,#1396);
#592=LINE('',#11410,#1397);
#593=LINE('',#11412,#1398);
#594=LINE('',#11414,#1399);
#595=LINE('',#11417,#1400);
#596=LINE('',#11419,#1401);
#597=LINE('',#11421,#1402);
#598=LINE('',#11423,#1403);
#599=LINE('',#11428,#1404);
#600=LINE('',#11430,#1405);
#601=LINE('',#11433,#1406);
#602=LINE('',#11435,#1407);
#603=LINE('',#11437,#1408);
#604=LINE('',#11439,#1409);
#605=LINE('',#11444,#1410);
#606=LINE('',#11446,#1411);
#607=LINE('',#11450,#1412);
#608=LINE('',#11452,#1413);
#609=LINE('',#11454,#1414);
#610=LINE('',#11458,#1415);
#611=LINE('',#11460,#1416);
#612=LINE('',#11464,#1417);
#613=LINE('',#11466,#1418);
#614=LINE('',#11468,#1419);
#615=LINE('',#11472,#1420);
#616=LINE('',#11474,#1421);
#617=LINE('',#11475,#1422);
#618=LINE('',#11477,#1423);
#619=LINE('',#11479,#1424);
#620=LINE('',#11481,#1425);
#621=LINE('',#11483,#1426);
#622=LINE('',#11484,#1427);
#623=LINE('',#11486,#1428);
#624=LINE('',#11488,#1429);
#625=LINE('',#11490,#1430);
#626=LINE('',#11492,#1431);
#627=LINE('',#11494,#1432);
#628=LINE('',#11497,#1433);
#629=LINE('',#11499,#1434);
#630=LINE('',#11502,#1435);
#631=LINE('',#11505,#1436);
#632=LINE('',#11507,#1437);
#633=LINE('',#11509,#1438);
#634=LINE('',#11511,#1439);
#635=LINE('',#11514,#1440);
#636=LINE('',#11516,#1441);
#637=LINE('',#11518,#1442);
#638=LINE('',#11520,#1443);
#639=LINE('',#11522,#1444);
#640=LINE('',#11524,#1445);
#641=LINE('',#11526,#1446);
#642=LINE('',#11527,#1447);
#643=LINE('',#11529,#1448);
#644=LINE('',#11531,#1449);
#645=LINE('',#11533,#1450);
#646=LINE('',#11535,#1451);
#647=LINE('',#11537,#1452);
#648=LINE('',#11539,#1453);
#649=LINE('',#11541,#1454);
#650=LINE('',#11543,#1455);
#651=LINE('',#11545,#1456);
#652=LINE('',#11548,#1457);
#653=LINE('',#11550,#1458);
#654=LINE('',#11552,#1459);
#655=LINE('',#11554,#1460);
#656=LINE('',#11556,#1461);
#657=LINE('',#11558,#1462);
#658=LINE('',#11560,#1463);
#659=LINE('',#11563,#1464);
#660=LINE('',#11565,#1465);
#661=LINE('',#11567,#1466);
#662=LINE('',#11569,#1467);
#663=LINE('',#11570,#1468);
#664=LINE('',#11572,#1469);
#665=LINE('',#11574,#1470);
#666=LINE('',#11576,#1471);
#667=LINE('',#11578,#1472);
#668=LINE('',#11580,#1473);
#669=LINE('',#11582,#1474);
#670=LINE('',#11584,#1475);
#671=LINE('',#11586,#1476);
#672=LINE('',#11589,#1477);
#673=LINE('',#11591,#1478);
#674=LINE('',#11593,#1479);
#675=LINE('',#11595,#1480);
#676=LINE('',#11597,#1481);
#677=LINE('',#11599,#1482);
#678=LINE('',#11601,#1483);
#679=LINE('',#11606,#1484);
#680=LINE('',#11610,#1485);
#681=LINE('',#11614,#1486);
#682=LINE('',#11618,#1487);
#683=LINE('',#11620,#1488);
#684=LINE('',#11622,#1489);
#685=LINE('',#11624,#1490);
#686=LINE('',#11625,#1491);
#687=LINE('',#11626,#1492);
#688=LINE('',#11628,#1493);
#689=LINE('',#11629,#1494);
#690=LINE('',#11631,#1495);
#691=LINE('',#11633,#1496);
#692=LINE('',#11635,#1497);
#693=LINE('',#11637,#1498);
#694=LINE('',#11641,#1499);
#695=LINE('',#11643,#1500);
#696=LINE('',#11645,#1501);
#697=LINE('',#11646,#1502);
#698=LINE('',#11648,#1503);
#699=LINE('',#11649,#1504);
#700=LINE('',#11651,#1505);
#701=LINE('',#11655,#1506);
#702=LINE('',#11657,#1507);
#703=LINE('',#11659,#1508);
#704=LINE('',#11665,#1509);
#705=LINE('',#11666,#1510);
#706=LINE('',#11668,#1511);
#707=LINE('',#11670,#1512);
#708=LINE('',#11671,#1513);
#709=LINE('',#11674,#1514);
#710=LINE('',#11677,#1515);
#711=LINE('',#11679,#1516);
#712=LINE('',#11684,#1517);
#713=LINE('',#11687,#1518);
#714=LINE('',#11689,#1519);
#715=LINE('',#11691,#1520);
#716=LINE('',#11693,#1521);
#717=LINE('',#11695,#1522);
#718=LINE('',#11697,#1523);
#719=LINE('',#11699,#1524);
#720=LINE('',#11702,#1525);
#721=LINE('',#11704,#1526);
#722=LINE('',#11706,#1527);
#723=LINE('',#11708,#1528);
#724=LINE('',#11711,#1529);
#725=LINE('',#11712,#1530);
#726=LINE('',#11714,#1531);
#727=LINE('',#11717,#1532);
#728=LINE('',#11719,#1533);
#729=LINE('',#11721,#1534);
#730=LINE('',#11723,#1535);
#731=LINE('',#11725,#1536);
#732=LINE('',#11727,#1537);
#733=LINE('',#11729,#1538);
#734=LINE('',#11732,#1539);
#735=LINE('',#11734,#1540);
#736=LINE('',#11736,#1541);
#737=LINE('',#11738,#1542);
#738=LINE('',#11740,#1543);
#739=LINE('',#11742,#1544);
#740=LINE('',#11744,#1545);
#741=LINE('',#11747,#1546);
#742=LINE('',#11748,#1547);
#743=LINE('',#11750,#1548);
#744=LINE('',#11753,#1549);
#745=LINE('',#11755,#1550);
#746=LINE('',#11757,#1551);
#747=LINE('',#11759,#1552);
#748=LINE('',#11761,#1553);
#749=LINE('',#11763,#1554);
#750=LINE('',#11765,#1555);
#751=LINE('',#11768,#1556);
#752=LINE('',#11769,#1557);
#753=LINE('',#11771,#1558);
#754=LINE('',#11774,#1559);
#755=LINE('',#11776,#1560);
#756=LINE('',#11778,#1561);
#757=LINE('',#11780,#1562);
#758=LINE('',#11782,#1563);
#759=LINE('',#11784,#1564);
#760=LINE('',#11786,#1565);
#761=LINE('',#11788,#1566);
#762=LINE('',#11790,#1567);
#763=LINE('',#11792,#1568);
#764=LINE('',#11795,#1569);
#765=LINE('',#11797,#1570);
#766=LINE('',#11799,#1571);
#767=LINE('',#11801,#1572);
#768=LINE('',#11803,#1573);
#769=LINE('',#11805,#1574);
#770=LINE('',#11807,#1575);
#771=LINE('',#11809,#1576);
#772=LINE('',#11811,#1577);
#773=LINE('',#11813,#1578);
#774=LINE('',#11816,#1579);
#775=LINE('',#11818,#1580);
#776=LINE('',#11820,#1581);
#777=LINE('',#11822,#1582);
#778=LINE('',#11825,#1583);
#779=LINE('',#11827,#1584);
#780=LINE('',#11829,#1585);
#781=LINE('',#11831,#1586);
#782=LINE('',#11834,#1587);
#783=LINE('',#11836,#1588);
#784=LINE('',#11838,#1589);
#785=LINE('',#11840,#1590);
#786=LINE('',#11843,#1591);
#787=LINE('',#11845,#1592);
#788=LINE('',#11847,#1593);
#789=LINE('',#11849,#1594);
#790=LINE('',#11851,#1595);
#791=LINE('',#11853,#1596);
#792=LINE('',#11855,#1597);
#793=LINE('',#11857,#1598);
#794=LINE('',#11859,#1599);
#795=LINE('',#11861,#1600);
#796=LINE('',#11863,#1601);
#797=LINE('',#11865,#1602);
#798=LINE('',#11873,#1603);
#799=LINE('',#11877,#1604);
#800=LINE('',#11881,#1605);
#801=LINE('',#11883,#1606);
#802=LINE('',#11885,#1607);
#803=LINE('',#11887,#1608);
#804=LINE('',#11889,#1609);
#805=LINE('',#11891,#1610);
#806=LINE('',#11893,#1611);
#807=LINE('',#11895,#1612);
#808=LINE('',#11897,#1613);
#809=LINE('',#11899,#1614);
#810=LINE('',#11907,#1615);
#811=LINE('',#11911,#1616);
#812=LINE('',#11915,#1617);
#813=LINE('',#11917,#1618);
#814=LINE('',#11922,#1619);
#815=LINE('',#11928,#1620);
#816=LINE('',#11934,#1621);
#817=LINE('',#11935,#1622);
#818=LINE('',#11937,#1623);
#819=LINE('',#11938,#1624);
#820=LINE('',#11942,#1625);
#821=LINE('',#11944,#1626);
#822=LINE('',#11946,#1627);
#823=LINE('',#11948,#1628);
#824=LINE('',#11953,#1629);
#825=LINE('',#11957,#1630);
#826=LINE('',#11963,#1631);
#827=LINE('',#11965,#1632);
#828=LINE('',#11966,#1633);
#829=LINE('',#11970,#1634);
#830=LINE('',#11973,#1635);
#831=LINE('',#11975,#1636);
#832=LINE('',#11977,#1637);
#833=LINE('',#11979,#1638);
#834=LINE('',#11982,#1639);
#835=LINE('',#11984,#1640);
#836=LINE('',#11986,#1641);
#837=LINE('',#11990,#1642);
#838=LINE('',#11992,#1643);
#839=LINE('',#11994,#1644);
#840=LINE('',#11996,#1645);
#841=LINE('',#11998,#1646);
#842=LINE('',#12000,#1647);
#843=LINE('',#12002,#1648);
#844=LINE('',#12004,#1649);
#845=LINE('',#12007,#1650);
#846=LINE('',#12009,#1651);
#847=LINE('',#12011,#1652);
#848=LINE('',#12014,#1653);
#849=LINE('',#12016,#1654);
#850=LINE('',#12018,#1655);
#851=LINE('',#12020,#1656);
#852=LINE('',#12023,#1657);
#853=LINE('',#12025,#1658);
#854=LINE('',#12027,#1659);
#855=LINE('',#12029,#1660);
#856=LINE('',#12031,#1661);
#857=LINE('',#12033,#1662);
#858=LINE('',#12035,#1663);
#859=LINE('',#12038,#1664);
#860=LINE('',#12039,#1665);
#861=LINE('',#12041,#1666);
#862=LINE('',#12043,#1667);
#863=LINE('',#12045,#1668);
#864=LINE('',#12054,#1669);
#865=LINE('',#12057,#1670);
#866=LINE('',#12059,#1671);
#867=LINE('',#12061,#1672);
#868=LINE('',#12063,#1673);
#869=LINE('',#12065,#1674);
#870=LINE('',#12067,#1675);
#871=LINE('',#12069,#1676);
#872=LINE('',#12072,#1677);
#873=LINE('',#12073,#1678);
#874=LINE('',#12075,#1679);
#875=LINE('',#12077,#1680);
#876=LINE('',#12079,#1681);
#877=LINE('',#12085,#1682);
#878=LINE('',#12093,#1683);
#879=LINE('',#12096,#1684);
#880=LINE('',#12098,#1685);
#881=LINE('',#12100,#1686);
#882=LINE('',#12104,#1687);
#883=LINE('',#12108,#1688);
#884=LINE('',#12110,#1689);
#885=LINE('',#12112,#1690);
#886=LINE('',#12117,#1691);
#887=LINE('',#12119,#1692);
#888=LINE('',#12121,#1693);
#889=LINE('',#12123,#1694);
#890=LINE('',#12125,#1695);
#891=LINE('',#12127,#1696);
#892=LINE('',#12129,#1697);
#893=LINE('',#12131,#1698);
#894=LINE('',#12132,#1699);
#895=LINE('',#12134,#1700);
#896=LINE('',#12137,#1701);
#897=LINE('',#12139,#1702);
#898=LINE('',#12141,#1703);
#899=LINE('',#12145,#1704);
#900=LINE('',#12149,#1705);
#901=LINE('',#12151,#1706);
#902=LINE('',#12153,#1707);
#903=LINE('',#12158,#1708);
#904=LINE('',#12160,#1709);
#905=LINE('',#12162,#1710);
#906=LINE('',#12164,#1711);
#907=LINE('',#12166,#1712);
#908=LINE('',#12167,#1713);
#909=LINE('',#12169,#1714);
#910=LINE('',#12171,#1715);
#911=LINE('',#12173,#1716);
#912=LINE('',#12175,#1717);
#913=LINE('',#12177,#1718);
#914=LINE('',#12179,#1719);
#915=LINE('',#12181,#1720);
#916=LINE('',#12183,#1721);
#917=LINE('',#12185,#1722);
#918=LINE('',#12187,#1723);
#919=LINE('',#12189,#1724);
#920=LINE('',#12191,#1725);
#921=LINE('',#12195,#1726);
#922=LINE('',#12198,#1727);
#923=LINE('',#12202,#1728);
#924=LINE('',#12205,#1729);
#925=LINE('',#12207,#1730);
#926=LINE('',#12209,#1731);
#927=LINE('',#12212,#1732);
#928=LINE('',#12214,#1733);
#929=LINE('',#12216,#1734);
#930=LINE('',#12218,#1735);
#931=LINE('',#12221,#1736);
#932=LINE('',#12223,#1737);
#933=LINE('',#12225,#1738);
#934=LINE('',#12227,#1739);
#935=LINE('',#12231,#1740);
#936=LINE('',#12234,#1741);
#937=LINE('',#12238,#1742);
#938=LINE('',#12241,#1743);
#939=LINE('',#12243,#1744);
#940=LINE('',#12245,#1745);
#941=LINE('',#12248,#1746);
#942=LINE('',#12250,#1747);
#943=LINE('',#12252,#1748);
#944=LINE('',#12254,#1749);
#945=LINE('',#12256,#1750);
#946=LINE('',#12258,#1751);
#947=LINE('',#12260,#1752);
#948=LINE('',#12262,#1753);
#949=LINE('',#12264,#1754);
#950=LINE('',#12266,#1755);
#951=LINE('',#12269,#1756);
#952=LINE('',#12271,#1757);
#953=LINE('',#12273,#1758);
#954=LINE('',#12275,#1759);
#955=LINE('',#12277,#1760);
#956=LINE('',#12279,#1761);
#957=LINE('',#12281,#1762);
#958=LINE('',#12283,#1763);
#959=LINE('',#12285,#1764);
#960=LINE('',#12287,#1765);
#961=LINE('',#12288,#1766);
#962=LINE('',#12290,#1767);
#963=LINE('',#12291,#1768);
#964=LINE('',#12293,#1769);
#965=LINE('',#12294,#1770);
#966=LINE('',#12296,#1771);
#967=LINE('',#12297,#1772);
#968=LINE('',#12301,#1773);
#969=LINE('',#12302,#1774);
#970=LINE('',#12304,#1775);
#971=LINE('',#12305,#1776);
#972=LINE('',#12307,#1777);
#973=LINE('',#12308,#1778);
#974=LINE('',#12310,#1779);
#975=LINE('',#12312,#1780);
#976=LINE('',#12314,#1781);
#977=LINE('',#12316,#1782);
#978=LINE('',#12317,#1783);
#979=LINE('',#12318,#1784);
#980=LINE('',#12320,#1785);
#981=LINE('',#12322,#1786);
#982=LINE('',#12323,#1787);
#983=LINE('',#12325,#1788);
#984=LINE('',#12326,#1789);
#985=LINE('',#12327,#1790);
#986=LINE('',#12329,#1791);
#987=LINE('',#12330,#1792);
#988=LINE('',#12332,#1793);
#989=LINE('',#12333,#1794);
#990=LINE('',#12334,#1795);
#991=LINE('',#12335,#1796);
#992=LINE('',#12338,#1797);
#993=LINE('',#12340,#1798);
#994=LINE('',#12344,#1799);
#995=LINE('',#12345,#1800);
#996=LINE('',#12347,#1801);
#997=LINE('',#12348,#1802);
#998=LINE('',#12352,#1803);
#999=LINE('',#12354,#1804);
#1000=LINE('',#12363,#1805);
#1001=LINE('',#12365,#1806);
#1002=LINE('',#12370,#1807);
#1003=LINE('',#12373,#1808);
#1004=LINE('',#12375,#1809);
#1005=LINE('',#12377,#1810);
#1006=LINE('',#12379,#1811);
#1007=LINE('',#12382,#1812);
#1008=LINE('',#12384,#1813);
#1009=LINE('',#12386,#1814);
#1010=LINE('',#12388,#1815);
#1011=LINE('',#12390,#1816);
#1012=LINE('',#12392,#1817);
#1013=LINE('',#12394,#1818);
#1014=LINE('',#12397,#1819);
#1015=LINE('',#12399,#1820);
#1016=LINE('',#12401,#1821);
#1017=LINE('',#12403,#1822);
#1018=LINE('',#12405,#1823);
#1019=LINE('',#12407,#1824);
#1020=LINE('',#12409,#1825);
#1021=LINE('',#12412,#1826);
#1022=LINE('',#12414,#1827);
#1023=LINE('',#12416,#1828);
#1024=LINE('',#12418,#1829);
#1025=LINE('',#12421,#1830);
#1026=LINE('',#12423,#1831);
#1027=LINE('',#12425,#1832);
#1028=LINE('',#12427,#1833);
#1029=LINE('',#12429,#1834);
#1030=LINE('',#12431,#1835);
#1031=LINE('',#12437,#1836);
#1032=LINE('',#12439,#1837);
#1033=LINE('',#12441,#1838);
#1034=LINE('',#12443,#1839);
#1035=LINE('',#12445,#1840);
#1036=LINE('',#12447,#1841);
#1037=LINE('',#12449,#1842);
#1038=LINE('',#12452,#1843);
#1039=LINE('',#12455,#1844);
#1040=LINE('',#12457,#1845);
#1041=LINE('',#12459,#1846);
#1042=LINE('',#12460,#1847);
#1043=LINE('',#12462,#1848);
#1044=LINE('',#12464,#1849);
#1045=LINE('',#12467,#1850);
#1046=LINE('',#12471,#1851);
#1047=LINE('',#12473,#1852);
#1048=LINE('',#12475,#1853);
#1049=LINE('',#12477,#1854);
#1050=LINE('',#12479,#1855);
#1051=LINE('',#12482,#1856);
#1052=LINE('',#12486,#1857);
#1053=LINE('',#12488,#1858);
#1054=LINE('',#12490,#1859);
#1055=LINE('',#12492,#1860);
#1056=LINE('',#12494,#1861);
#1057=LINE('',#12497,#1862);
#1058=LINE('',#12499,#1863);
#1059=LINE('',#12501,#1864);
#1060=LINE('',#12503,#1865);
#1061=LINE('',#12504,#1866);
#1062=LINE('',#12506,#1867);
#1063=LINE('',#12508,#1868);
#1064=LINE('',#12510,#1869);
#1065=LINE('',#12512,#1870);
#1066=LINE('',#12514,#1871);
#1067=LINE('',#12516,#1872);
#1068=LINE('',#12520,#1873);
#1069=LINE('',#12523,#1874);
#1070=LINE('',#12525,#1875);
#1071=LINE('',#12527,#1876);
#1072=LINE('',#12529,#1877);
#1073=LINE('',#12531,#1878);
#1074=LINE('',#12533,#1879);
#1075=LINE('',#12535,#1880);
#1076=LINE('',#12537,#1881);
#1077=LINE('',#12539,#1882);
#1078=LINE('',#12541,#1883);
#1079=LINE('',#12543,#1884);
#1080=LINE('',#12545,#1885);
#1081=LINE('',#12547,#1886);
#1082=LINE('',#12549,#1887);
#1083=LINE('',#12552,#1888);
#1084=LINE('',#12553,#1889);
#1085=LINE('',#12554,#1890);
#1086=LINE('',#12555,#1891);
#1087=LINE('',#12556,#1892);
#1088=LINE('',#12558,#1893);
#1089=LINE('',#12563,#1894);
#1090=LINE('',#12576,#1895);
#1091=LINE('',#12581,#1896);
#1092=LINE('',#12591,#1897);
#1093=LINE('',#12598,#1898);
#1094=LINE('',#12600,#1899);
#1095=LINE('',#12602,#1900);
#1096=LINE('',#12606,#1901);
#1097=LINE('',#12621,#1902);
#1098=LINE('',#12623,#1903);
#1099=LINE('',#12636,#1904);
#1100=LINE('',#12640,#1905);
#1101=LINE('',#12644,#1906);
#1102=LINE('',#12648,#1907);
#1103=LINE('',#12650,#1908);
#1104=LINE('',#12652,#1909);
#1105=LINE('',#12656,#1910);
#1106=LINE('',#12658,#1911);
#1107=LINE('',#12662,#1912);
#1108=LINE('',#12666,#1913);
#1109=LINE('',#12668,#1914);
#1110=LINE('',#12672,#1915);
#1111=LINE('',#12674,#1916);
#1112=LINE('',#12678,#1917);
#1113=LINE('',#12680,#1918);
#1114=LINE('',#12684,#1919);
#1115=LINE('',#12686,#1920);
#1116=LINE('',#12687,#1921);
#1117=LINE('',#12688,#1922);
#1118=LINE('',#12689,#1923);
#1119=LINE('',#12700,#1924);
#1120=VECTOR('',#8687,1000.);
#1121=VECTOR('',#8690,1000.);
#1122=VECTOR('',#8693,1000.);
#1123=VECTOR('',#8700,1000.);
#1124=VECTOR('',#8701,1000.);
#1125=VECTOR('',#8704,1000.);
#1126=VECTOR('',#8707,1000.);
#1127=VECTOR('',#8708,1000.);
#1128=VECTOR('',#8709,1000.);
#1129=VECTOR('',#8712,1000.);
#1130=VECTOR('',#8715,1000.);
#1131=VECTOR('',#8718,1000.);
#1132=VECTOR('',#8719,1000.);
#1133=VECTOR('',#8722,1000.);
#1134=VECTOR('',#8725,1000.);
#1135=VECTOR('',#8726,1000.);
#1136=VECTOR('',#8727,1000.);
#1137=VECTOR('',#8730,1000.);
#1138=VECTOR('',#8733,1000.);
#1139=VECTOR('',#8736,1000.);
#1140=VECTOR('',#8737,1000.);
#1141=VECTOR('',#8740,1000.);
#1142=VECTOR('',#8743,1000.);
#1143=VECTOR('',#8746,1000.);
#1144=VECTOR('',#8749,1000.);
#1145=VECTOR('',#8752,1000.);
#1146=VECTOR('',#8755,1000.);
#1147=VECTOR('',#8758,1000.);
#1148=VECTOR('',#8759,1000.);
#1149=VECTOR('',#8760,1000.);
#1150=VECTOR('',#8761,1000.);
#1151=VECTOR('',#8764,1000.);
#1152=VECTOR('',#8765,1000.);
#1153=VECTOR('',#8772,1000.);
#1154=VECTOR('',#8773,1000.);
#1155=VECTOR('',#8774,1000.);
#1156=VECTOR('',#8775,1000.);
#1157=VECTOR('',#8778,1000.);
#1158=VECTOR('',#8779,1000.);
#1159=VECTOR('',#8786,1000.);
#1160=VECTOR('',#8787,1000.);
#1161=VECTOR('',#8790,1000.);
#1162=VECTOR('',#8791,1000.);
#1163=VECTOR('',#8792,1000.);
#1164=VECTOR('',#8797,1000.);
#1165=VECTOR('',#8800,1000.);
#1166=VECTOR('',#8801,1000.);
#1167=VECTOR('',#8802,1000.);
#1168=VECTOR('',#8805,1000.);
#1169=VECTOR('',#8808,1000.);
#1170=VECTOR('',#8809,1000.);
#1171=VECTOR('',#8812,1000.);
#1172=VECTOR('',#8815,1000.);
#1173=VECTOR('',#8818,1000.);
#1174=VECTOR('',#8821,1000.);
#1175=VECTOR('',#8822,1000.);
#1176=VECTOR('',#8825,1000.);
#1177=VECTOR('',#8828,1000.);
#1178=VECTOR('',#8831,1000.);
#1179=VECTOR('',#8834,1000.);
#1180=VECTOR('',#8837,1000.);
#1181=VECTOR('',#8842,1000.);
#1182=VECTOR('',#8845,1000.);
#1183=VECTOR('',#8852,1000.);
#1184=VECTOR('',#8855,1000.);
#1185=VECTOR('',#8858,1000.);
#1186=VECTOR('',#8865,1000.);
#1187=VECTOR('',#8866,1000.);
#1188=VECTOR('',#8869,1000.);
#1189=VECTOR('',#8872,1000.);
#1190=VECTOR('',#8873,1000.);
#1191=VECTOR('',#8874,1000.);
#1192=VECTOR('',#8877,1000.);
#1193=VECTOR('',#8880,1000.);
#1194=VECTOR('',#8883,1000.);
#1195=VECTOR('',#8884,1000.);
#1196=VECTOR('',#8887,1000.);
#1197=VECTOR('',#8890,1000.);
#1198=VECTOR('',#8891,1000.);
#1199=VECTOR('',#8892,1000.);
#1200=VECTOR('',#8895,1000.);
#1201=VECTOR('',#8898,1000.);
#1202=VECTOR('',#8901,1000.);
#1203=VECTOR('',#8902,1000.);
#1204=VECTOR('',#8905,1000.);
#1205=VECTOR('',#8908,1000.);
#1206=VECTOR('',#8911,1000.);
#1207=VECTOR('',#8914,1000.);
#1208=VECTOR('',#8917,1000.);
#1209=VECTOR('',#8920,1000.);
#1210=VECTOR('',#8923,1000.);
#1211=VECTOR('',#8924,1000.);
#1212=VECTOR('',#8925,1000.);
#1213=VECTOR('',#8926,1000.);
#1214=VECTOR('',#8929,1000.);
#1215=VECTOR('',#8930,1000.);
#1216=VECTOR('',#8937,1000.);
#1217=VECTOR('',#8938,1000.);
#1218=VECTOR('',#8939,1000.);
#1219=VECTOR('',#8940,1000.);
#1220=VECTOR('',#8943,1000.);
#1221=VECTOR('',#8944,1000.);
#1222=VECTOR('',#8951,1000.);
#1223=VECTOR('',#8952,1000.);
#1224=VECTOR('',#8955,1000.);
#1225=VECTOR('',#8956,1000.);
#1226=VECTOR('',#8957,1000.);
#1227=VECTOR('',#8962,1000.);
#1228=VECTOR('',#8965,1000.);
#1229=VECTOR('',#8966,1000.);
#1230=VECTOR('',#8967,1000.);
#1231=VECTOR('',#8970,1000.);
#1232=VECTOR('',#8973,1000.);
#1233=VECTOR('',#8974,1000.);
#1234=VECTOR('',#8977,1000.);
#1235=VECTOR('',#8980,1000.);
#1236=VECTOR('',#8983,1000.);
#1237=VECTOR('',#8986,1000.);
#1238=VECTOR('',#8987,1000.);
#1239=VECTOR('',#8990,1000.);
#1240=VECTOR('',#8993,1000.);
#1241=VECTOR('',#8996,1000.);
#1242=VECTOR('',#8999,1000.);
#1243=VECTOR('',#9002,1000.);
#1244=VECTOR('',#9007,1000.);
#1245=VECTOR('',#9010,1000.);
#1246=VECTOR('',#9017,1000.);
#1247=VECTOR('',#9020,1000.);
#1248=VECTOR('',#9023,1000.);
#1249=VECTOR('',#9030,1000.);
#1250=VECTOR('',#9031,1000.);
#1251=VECTOR('',#9034,1000.);
#1252=VECTOR('',#9037,1000.);
#1253=VECTOR('',#9038,1000.);
#1254=VECTOR('',#9039,1000.);
#1255=VECTOR('',#9042,1000.);
#1256=VECTOR('',#9045,1000.);
#1257=VECTOR('',#9048,1000.);
#1258=VECTOR('',#9049,1000.);
#1259=VECTOR('',#9052,1000.);
#1260=VECTOR('',#9055,1000.);
#1261=VECTOR('',#9056,1000.);
#1262=VECTOR('',#9057,1000.);
#1263=VECTOR('',#9060,1000.);
#1264=VECTOR('',#9063,1000.);
#1265=VECTOR('',#9066,1000.);
#1266=VECTOR('',#9067,1000.);
#1267=VECTOR('',#9070,1000.);
#1268=VECTOR('',#9073,1000.);
#1269=VECTOR('',#9076,1000.);
#1270=VECTOR('',#9079,1000.);
#1271=VECTOR('',#9082,1000.);
#1272=VECTOR('',#9085,1000.);
#1273=VECTOR('',#9088,1000.);
#1274=VECTOR('',#9089,1000.);
#1275=VECTOR('',#9090,1000.);
#1276=VECTOR('',#9091,1000.);
#1277=VECTOR('',#9094,1000.);
#1278=VECTOR('',#9095,1000.);
#1279=VECTOR('',#9102,1000.);
#1280=VECTOR('',#9103,1000.);
#1281=VECTOR('',#9104,1000.);
#1282=VECTOR('',#9105,1000.);
#1283=VECTOR('',#9108,1000.);
#1284=VECTOR('',#9109,1000.);
#1285=VECTOR('',#9116,1000.);
#1286=VECTOR('',#9117,1000.);
#1287=VECTOR('',#9120,1000.);
#1288=VECTOR('',#9121,1000.);
#1289=VECTOR('',#9122,1000.);
#1290=VECTOR('',#9127,1000.);
#1291=VECTOR('',#9130,1000.);
#1292=VECTOR('',#9131,1000.);
#1293=VECTOR('',#9132,1000.);
#1294=VECTOR('',#9135,1000.);
#1295=VECTOR('',#9138,1000.);
#1296=VECTOR('',#9139,1000.);
#1297=VECTOR('',#9142,1000.);
#1298=VECTOR('',#9145,1000.);
#1299=VECTOR('',#9148,1000.);
#1300=VECTOR('',#9151,1000.);
#1301=VECTOR('',#9152,1000.);
#1302=VECTOR('',#9155,1000.);
#1303=VECTOR('',#9158,1000.);
#1304=VECTOR('',#9161,1000.);
#1305=VECTOR('',#9164,1000.);
#1306=VECTOR('',#9167,1000.);
#1307=VECTOR('',#9172,1000.);
#1308=VECTOR('',#9175,1000.);
#1309=VECTOR('',#9182,1000.);
#1310=VECTOR('',#9185,1000.);
#1311=VECTOR('',#9188,1000.);
#1312=VECTOR('',#9195,1000.);
#1313=VECTOR('',#9196,1000.);
#1314=VECTOR('',#9199,1000.);
#1315=VECTOR('',#9202,1000.);
#1316=VECTOR('',#9203,1000.);
#1317=VECTOR('',#9204,1000.);
#1318=VECTOR('',#9207,1000.);
#1319=VECTOR('',#9210,1000.);
#1320=VECTOR('',#9213,1000.);
#1321=VECTOR('',#9214,1000.);
#1322=VECTOR('',#9217,1000.);
#1323=VECTOR('',#9220,1000.);
#1324=VECTOR('',#9221,1000.);
#1325=VECTOR('',#9222,1000.);
#1326=VECTOR('',#9225,1000.);
#1327=VECTOR('',#9228,1000.);
#1328=VECTOR('',#9231,1000.);
#1329=VECTOR('',#9232,1000.);
#1330=VECTOR('',#9235,1000.);
#1331=VECTOR('',#9238,1000.);
#1332=VECTOR('',#9241,1000.);
#1333=VECTOR('',#9244,1000.);
#1334=VECTOR('',#9247,1000.);
#1335=VECTOR('',#9250,1000.);
#1336=VECTOR('',#9253,1000.);
#1337=VECTOR('',#9254,1000.);
#1338=VECTOR('',#9255,1000.);
#1339=VECTOR('',#9256,1000.);
#1340=VECTOR('',#9259,1000.);
#1341=VECTOR('',#9264,1000.);
#1342=VECTOR('',#9267,1000.);
#1343=VECTOR('',#9268,1000.);
#1344=VECTOR('',#9269,1000.);
#1345=VECTOR('',#9270,1000.);
#1346=VECTOR('',#9273,1000.);
#1347=VECTOR('',#9278,1000.);
#1348=VECTOR('',#9281,1000.);
#1349=VECTOR('',#9284,1000.);
#1350=VECTOR('',#9285,1000.);
#1351=VECTOR('',#9286,1000.);
#1352=VECTOR('',#9289,1000.);
#1353=VECTOR('',#9292,1000.);
#1354=VECTOR('',#9295,1000.);
#1355=VECTOR('',#9296,1000.);
#1356=VECTOR('',#9297,1000.);
#1357=VECTOR('',#9300,1000.);
#1358=VECTOR('',#9303,1000.);
#1359=VECTOR('',#9304,1000.);
#1360=VECTOR('',#9307,1000.);
#1361=VECTOR('',#9310,1000.);
#1362=VECTOR('',#9313,1000.);
#1363=VECTOR('',#9316,1000.);
#1364=VECTOR('',#9317,1000.);
#1365=VECTOR('',#9320,1000.);
#1366=VECTOR('',#9323,1000.);
#1367=VECTOR('',#9326,1000.);
#1368=VECTOR('',#9329,1000.);
#1369=VECTOR('',#9332,1000.);
#1370=VECTOR('',#9337,1000.);
#1371=VECTOR('',#9340,1000.);
#1372=VECTOR('',#9347,1000.);
#1373=VECTOR('',#9350,1000.);
#1374=VECTOR('',#9353,1000.);
#1375=VECTOR('',#9360,1000.);
#1376=VECTOR('',#9361,1000.);
#1377=VECTOR('',#9364,1000.);
#1378=VECTOR('',#9367,1000.);
#1379=VECTOR('',#9368,1000.);
#1380=VECTOR('',#9369,1000.);
#1381=VECTOR('',#9372,1000.);
#1382=VECTOR('',#9375,1000.);
#1383=VECTOR('',#9378,1000.);
#1384=VECTOR('',#9379,1000.);
#1385=VECTOR('',#9382,1000.);
#1386=VECTOR('',#9385,1000.);
#1387=VECTOR('',#9386,1000.);
#1388=VECTOR('',#9387,1000.);
#1389=VECTOR('',#9390,1000.);
#1390=VECTOR('',#9393,1000.);
#1391=VECTOR('',#9396,1000.);
#1392=VECTOR('',#9397,1000.);
#1393=VECTOR('',#9400,1000.);
#1394=VECTOR('',#9403,1000.);
#1395=VECTOR('',#9406,1000.);
#1396=VECTOR('',#9409,1000.);
#1397=VECTOR('',#9412,1000.);
#1398=VECTOR('',#9415,1000.);
#1399=VECTOR('',#9418,1000.);
#1400=VECTOR('',#9419,1000.);
#1401=VECTOR('',#9420,1000.);
#1402=VECTOR('',#9421,1000.);
#1403=VECTOR('',#9424,1000.);
#1404=VECTOR('',#9429,1000.);
#1405=VECTOR('',#9432,1000.);
#1406=VECTOR('',#9433,1000.);
#1407=VECTOR('',#9434,1000.);
#1408=VECTOR('',#9435,1000.);
#1409=VECTOR('',#9438,1000.);
#1410=VECTOR('',#9443,1000.);
#1411=VECTOR('',#9446,1000.);
#1412=VECTOR('',#9449,1000.);
#1413=VECTOR('',#9450,1000.);
#1414=VECTOR('',#9451,1000.);
#1415=VECTOR('',#9454,1000.);
#1416=VECTOR('',#9457,1000.);
#1417=VECTOR('',#9460,1000.);
#1418=VECTOR('',#9461,1000.);
#1419=VECTOR('',#9462,1000.);
#1420=VECTOR('',#9465,1000.);
#1421=VECTOR('',#9468,1000.);
#1422=VECTOR('',#9469,1000.);
#1423=VECTOR('',#9472,1000.);
#1424=VECTOR('',#9475,1000.);
#1425=VECTOR('',#9478,1000.);
#1426=VECTOR('',#9481,1000.);
#1427=VECTOR('',#9482,1000.);
#1428=VECTOR('',#9485,1000.);
#1429=VECTOR('',#9488,1000.);
#1430=VECTOR('',#9491,1000.);
#1431=VECTOR('',#9494,1000.);
#1432=VECTOR('',#9497,1000.);
#1433=VECTOR('',#9502,1000.);
#1434=VECTOR('',#9505,1000.);
#1435=VECTOR('',#9510,1000.);
#1436=VECTOR('',#9511,1000.);
#1437=VECTOR('',#9512,1000.);
#1438=VECTOR('',#9513,1000.);
#1439=VECTOR('',#9516,1000.);
#1440=VECTOR('',#9517,1000.);
#1441=VECTOR('',#9518,1000.);
#1442=VECTOR('',#9519,1000.);
#1443=VECTOR('',#9520,1000.);
#1444=VECTOR('',#9521,1000.);
#1445=VECTOR('',#9522,1000.);
#1446=VECTOR('',#9523,1000.);
#1447=VECTOR('',#9524,1000.);
#1448=VECTOR('',#9525,1000.);
#1449=VECTOR('',#9526,1000.);
#1450=VECTOR('',#9529,1000.);
#1451=VECTOR('',#9530,1000.);
#1452=VECTOR('',#9531,1000.);
#1453=VECTOR('',#9534,1000.);
#1454=VECTOR('',#9535,1000.);
#1455=VECTOR('',#9536,1000.);
#1456=VECTOR('',#9539,1000.);
#1457=VECTOR('',#9540,1000.);
#1458=VECTOR('',#9541,1000.);
#1459=VECTOR('',#9542,1000.);
#1460=VECTOR('',#9545,1000.);
#1461=VECTOR('',#9546,1000.);
#1462=VECTOR('',#9547,1000.);
#1463=VECTOR('',#9550,1000.);
#1464=VECTOR('',#9551,1000.);
#1465=VECTOR('',#9552,1000.);
#1466=VECTOR('',#9553,1000.);
#1467=VECTOR('',#9556,1000.);
#1468=VECTOR('',#9557,1000.);
#1469=VECTOR('',#9558,1000.);
#1470=VECTOR('',#9559,1000.);
#1471=VECTOR('',#9560,1000.);
#1472=VECTOR('',#9561,1000.);
#1473=VECTOR('',#9564,1000.);
#1474=VECTOR('',#9565,1000.);
#1475=VECTOR('',#9566,1000.);
#1476=VECTOR('',#9569,1000.);
#1477=VECTOR('',#9570,1000.);
#1478=VECTOR('',#9571,1000.);
#1479=VECTOR('',#9572,1000.);
#1480=VECTOR('',#9575,1000.);
#1481=VECTOR('',#9576,1000.);
#1482=VECTOR('',#9577,1000.);
#1483=VECTOR('',#9580,1000.);
#1484=VECTOR('',#9583,1000.);
#1485=VECTOR('',#9586,1000.);
#1486=VECTOR('',#9589,1000.);
#1487=VECTOR('',#9594,1000.);
#1488=VECTOR('',#9595,1000.);
#1489=VECTOR('',#9596,1000.);
#1490=VECTOR('',#9599,1000.);
#1491=VECTOR('',#9600,1000.);
#1492=VECTOR('',#9601,1000.);
#1493=VECTOR('',#9602,1000.);
#1494=VECTOR('',#9603,1000.);
#1495=VECTOR('',#9604,1000.);
#1496=VECTOR('',#9607,1000.);
#1497=VECTOR('',#9608,1000.);
#1498=VECTOR('',#9609,1000.);
#1499=VECTOR('',#9616,1000.);
#1500=VECTOR('',#9617,1000.);
#1501=VECTOR('',#9618,1000.);
#1502=VECTOR('',#9619,1000.);
#1503=VECTOR('',#9620,1000.);
#1504=VECTOR('',#9621,1000.);
#1505=VECTOR('',#9622,1000.);
#1506=VECTOR('',#9629,1000.);
#1507=VECTOR('',#9630,1000.);
#1508=VECTOR('',#9631,1000.);
#1509=VECTOR('',#9642,1000.);
#1510=VECTOR('',#9643,1000.);
#1511=VECTOR('',#9646,1000.);
#1512=VECTOR('',#9649,1000.);
#1513=VECTOR('',#9650,1000.);
#1514=VECTOR('',#9655,1000.);
#1515=VECTOR('',#9660,1000.);
#1516=VECTOR('',#9663,1000.);
#1517=VECTOR('',#9672,1000.);
#1518=VECTOR('',#9673,1000.);
#1519=VECTOR('',#9674,1000.);
#1520=VECTOR('',#9675,1000.);
#1521=VECTOR('',#9678,1000.);
#1522=VECTOR('',#9679,1000.);
#1523=VECTOR('',#9680,1000.);
#1524=VECTOR('',#9683,1000.);
#1525=VECTOR('',#9684,1000.);
#1526=VECTOR('',#9685,1000.);
#1527=VECTOR('',#9686,1000.);
#1528=VECTOR('',#9689,1000.);
#1529=VECTOR('',#9690,1000.);
#1530=VECTOR('',#9691,1000.);
#1531=VECTOR('',#9694,1000.);
#1532=VECTOR('',#9695,1000.);
#1533=VECTOR('',#9696,1000.);
#1534=VECTOR('',#9697,1000.);
#1535=VECTOR('',#9700,1000.);
#1536=VECTOR('',#9701,1000.);
#1537=VECTOR('',#9702,1000.);
#1538=VECTOR('',#9705,1000.);
#1539=VECTOR('',#9706,1000.);
#1540=VECTOR('',#9707,1000.);
#1541=VECTOR('',#9708,1000.);
#1542=VECTOR('',#9711,1000.);
#1543=VECTOR('',#9712,1000.);
#1544=VECTOR('',#9713,1000.);
#1545=VECTOR('',#9716,1000.);
#1546=VECTOR('',#9717,1000.);
#1547=VECTOR('',#9718,1000.);
#1548=VECTOR('',#9721,1000.);
#1549=VECTOR('',#9722,1000.);
#1550=VECTOR('',#9723,1000.);
#1551=VECTOR('',#9724,1000.);
#1552=VECTOR('',#9727,1000.);
#1553=VECTOR('',#9728,1000.);
#1554=VECTOR('',#9729,1000.);
#1555=VECTOR('',#9732,1000.);
#1556=VECTOR('',#9733,1000.);
#1557=VECTOR('',#9734,1000.);
#1558=VECTOR('',#9737,1000.);
#1559=VECTOR('',#9738,1000.);
#1560=VECTOR('',#9739,1000.);
#1561=VECTOR('',#9740,1000.);
#1562=VECTOR('',#9743,1000.);
#1563=VECTOR('',#9744,1000.);
#1564=VECTOR('',#9745,1000.);
#1565=VECTOR('',#9748,1000.);
#1566=VECTOR('',#9749,1000.);
#1567=VECTOR('',#9750,1000.);
#1568=VECTOR('',#9753,1000.);
#1569=VECTOR('',#9754,1000.);
#1570=VECTOR('',#9755,1000.);
#1571=VECTOR('',#9756,1000.);
#1572=VECTOR('',#9759,1000.);
#1573=VECTOR('',#9760,1000.);
#1574=VECTOR('',#9761,1000.);
#1575=VECTOR('',#9764,1000.);
#1576=VECTOR('',#9765,1000.);
#1577=VECTOR('',#9766,1000.);
#1578=VECTOR('',#9769,1000.);
#1579=VECTOR('',#9770,1000.);
#1580=VECTOR('',#9771,1000.);
#1581=VECTOR('',#9772,1000.);
#1582=VECTOR('',#9775,1000.);
#1583=VECTOR('',#9776,1000.);
#1584=VECTOR('',#9777,1000.);
#1585=VECTOR('',#9778,1000.);
#1586=VECTOR('',#9781,1000.);
#1587=VECTOR('',#9782,1000.);
#1588=VECTOR('',#9783,1000.);
#1589=VECTOR('',#9784,1000.);
#1590=VECTOR('',#9787,1000.);
#1591=VECTOR('',#9788,1000.);
#1592=VECTOR('',#9789,1000.);
#1593=VECTOR('',#9790,1000.);
#1594=VECTOR('',#9793,1000.);
#1595=VECTOR('',#9794,1000.);
#1596=VECTOR('',#9795,1000.);
#1597=VECTOR('',#9798,1000.);
#1598=VECTOR('',#9799,1000.);
#1599=VECTOR('',#9800,1000.);
#1600=VECTOR('',#9803,1000.);
#1601=VECTOR('',#9806,1000.);
#1602=VECTOR('',#9809,1000.);
#1603=VECTOR('',#9818,1000.);
#1604=VECTOR('',#9823,1000.);
#1605=VECTOR('',#9830,1000.);
#1606=VECTOR('',#9833,1000.);
#1607=VECTOR('',#9834,1000.);
#1608=VECTOR('',#9835,1000.);
#1609=VECTOR('',#9838,1000.);
#1610=VECTOR('',#9839,1000.);
#1611=VECTOR('',#9840,1000.);
#1612=VECTOR('',#9843,1000.);
#1613=VECTOR('',#9846,1000.);
#1614=VECTOR('',#9849,1000.);
#1615=VECTOR('',#9858,1000.);
#1616=VECTOR('',#9863,1000.);
#1617=VECTOR('',#9870,1000.);
#1618=VECTOR('',#9873,1000.);
#1619=VECTOR('',#9876,1000.);
#1620=VECTOR('',#9883,1000.);
#1621=VECTOR('',#9890,1000.);
#1622=VECTOR('',#9891,1000.);
#1623=VECTOR('',#9894,1000.);
#1624=VECTOR('',#9895,1000.);
#1625=VECTOR('',#9900,1000.);
#1626=VECTOR('',#9901,1000.);
#1627=VECTOR('',#9902,1000.);
#1628=VECTOR('',#9905,1000.);
#1629=VECTOR('',#9908,1000.);
#1630=VECTOR('',#9915,1000.);
#1631=VECTOR('',#9922,1000.);
#1632=VECTOR('',#9925,1000.);
#1633=VECTOR('',#9926,1000.);
#1634=VECTOR('',#9931,1000.);
#1635=VECTOR('',#9932,1000.);
#1636=VECTOR('',#9933,1000.);
#1637=VECTOR('',#9934,1000.);
#1638=VECTOR('',#9937,1000.);
#1639=VECTOR('',#9938,1000.);
#1640=VECTOR('',#9939,1000.);
#1641=VECTOR('',#9940,1000.);
#1642=VECTOR('',#9945,1000.);
#1643=VECTOR('',#9946,1000.);
#1644=VECTOR('',#9947,1000.);
#1645=VECTOR('',#9948,1000.);
#1646=VECTOR('',#9951,1000.);
#1647=VECTOR('',#9952,1000.);
#1648=VECTOR('',#9953,1000.);
#1649=VECTOR('',#9956,1000.);
#1650=VECTOR('',#9957,1000.);
#1651=VECTOR('',#9958,1000.);
#1652=VECTOR('',#9959,1000.);
#1653=VECTOR('',#9964,1000.);
#1654=VECTOR('',#9965,1000.);
#1655=VECTOR('',#9966,1000.);
#1656=VECTOR('',#9969,1000.);
#1657=VECTOR('',#9970,1000.);
#1658=VECTOR('',#9971,1000.);
#1659=VECTOR('',#9972,1000.);
#1660=VECTOR('',#9975,1000.);
#1661=VECTOR('',#9976,1000.);
#1662=VECTOR('',#9977,1000.);
#1663=VECTOR('',#9980,1000.);
#1664=VECTOR('',#9981,1000.);
#1665=VECTOR('',#9982,1000.);
#1666=VECTOR('',#9985,1000.);
#1667=VECTOR('',#9988,1000.);
#1668=VECTOR('',#9991,1000.);
#1669=VECTOR('',#10008,1000.);
#1670=VECTOR('',#10009,1000.);
#1671=VECTOR('',#10010,1000.);
#1672=VECTOR('',#10011,1000.);
#1673=VECTOR('',#10014,1000.);
#1674=VECTOR('',#10015,1000.);
#1675=VECTOR('',#10016,1000.);
#1676=VECTOR('',#10019,1000.);
#1677=VECTOR('',#10020,1000.);
#1678=VECTOR('',#10021,1000.);
#1679=VECTOR('',#10024,1000.);
#1680=VECTOR('',#10027,1000.);
#1681=VECTOR('',#10030,1000.);
#1682=VECTOR('',#10039,1000.);
#1683=VECTOR('',#10052,1000.);
#1684=VECTOR('',#10053,1000.);
#1685=VECTOR('',#10054,1000.);
#1686=VECTOR('',#10055,1000.);
#1687=VECTOR('',#10060,1000.);
#1688=VECTOR('',#10065,1000.);
#1689=VECTOR('',#10066,1000.);
#1690=VECTOR('',#10067,1000.);
#1691=VECTOR('',#10076,1000.);
#1692=VECTOR('',#10077,1000.);
#1693=VECTOR('',#10078,1000.);
#1694=VECTOR('',#10081,1000.);
#1695=VECTOR('',#10082,1000.);
#1696=VECTOR('',#10083,1000.);
#1697=VECTOR('',#10084,1000.);
#1698=VECTOR('',#10087,1000.);
#1699=VECTOR('',#10088,1000.);
#1700=VECTOR('',#10091,1000.);
#1701=VECTOR('',#10092,1000.);
#1702=VECTOR('',#10093,1000.);
#1703=VECTOR('',#10094,1000.);
#1704=VECTOR('',#10099,1000.);
#1705=VECTOR('',#10104,1000.);
#1706=VECTOR('',#10105,1000.);
#1707=VECTOR('',#10106,1000.);
#1708=VECTOR('',#10115,1000.);
#1709=VECTOR('',#10116,1000.);
#1710=VECTOR('',#10117,1000.);
#1711=VECTOR('',#10120,1000.);
#1712=VECTOR('',#10121,1000.);
#1713=VECTOR('',#10122,1000.);
#1714=VECTOR('',#10125,1000.);
#1715=VECTOR('',#10126,1000.);
#1716=VECTOR('',#10127,1000.);
#1717=VECTOR('',#10130,1000.);
#1718=VECTOR('',#10131,1000.);
#1719=VECTOR('',#10132,1000.);
#1720=VECTOR('',#10133,1000.);
#1721=VECTOR('',#10136,1000.);
#1722=VECTOR('',#10137,1000.);
#1723=VECTOR('',#10138,1000.);
#1724=VECTOR('',#10139,1000.);
#1725=VECTOR('',#10142,1000.);
#1726=VECTOR('',#10145,1000.);
#1727=VECTOR('',#10150,1000.);
#1728=VECTOR('',#10153,1000.);
#1729=VECTOR('',#10158,1000.);
#1730=VECTOR('',#10161,1000.);
#1731=VECTOR('',#10164,1000.);
#1732=VECTOR('',#10165,1000.);
#1733=VECTOR('',#10166,1000.);
#1734=VECTOR('',#10167,1000.);
#1735=VECTOR('',#10170,1000.);
#1736=VECTOR('',#10171,1000.);
#1737=VECTOR('',#10172,1000.);
#1738=VECTOR('',#10173,1000.);
#1739=VECTOR('',#10176,1000.);
#1740=VECTOR('',#10179,1000.);
#1741=VECTOR('',#10184,1000.);
#1742=VECTOR('',#10187,1000.);
#1743=VECTOR('',#10192,1000.);
#1744=VECTOR('',#10195,1000.);
#1745=VECTOR('',#10198,1000.);
#1746=VECTOR('',#10199,1000.);
#1747=VECTOR('',#10200,1000.);
#1748=VECTOR('',#10201,1000.);
#1749=VECTOR('',#10204,1000.);
#1750=VECTOR('',#10205,1000.);
#1751=VECTOR('',#10206,1000.);
#1752=VECTOR('',#10209,1000.);
#1753=VECTOR('',#10210,1000.);
#1754=VECTOR('',#10211,1000.);
#1755=VECTOR('',#10214,1000.);
#1756=VECTOR('',#10215,1000.);
#1757=VECTOR('',#10216,1000.);
#1758=VECTOR('',#10217,1000.);
#1759=VECTOR('',#10220,1000.);
#1760=VECTOR('',#10221,1000.);
#1761=VECTOR('',#10222,1000.);
#1762=VECTOR('',#10225,1000.);
#1763=VECTOR('',#10226,1000.);
#1764=VECTOR('',#10227,1000.);
#1765=VECTOR('',#10230,1000.);
#1766=VECTOR('',#10231,1000.);
#1767=VECTOR('',#10234,1000.);
#1768=VECTOR('',#10235,1000.);
#1769=VECTOR('',#10238,1000.);
#1770=VECTOR('',#10239,1000.);
#1771=VECTOR('',#10242,1000.);
#1772=VECTOR('',#10243,1000.);
#1773=VECTOR('',#10250,1000.);
#1774=VECTOR('',#10251,1000.);
#1775=VECTOR('',#10252,1000.);
#1776=VECTOR('',#10253,1000.);
#1777=VECTOR('',#10254,1000.);
#1778=VECTOR('',#10255,1000.);
#1779=VECTOR('',#10256,1000.);
#1780=VECTOR('',#10257,1000.);
#1781=VECTOR('',#10260,1000.);
#1782=VECTOR('',#10261,1000.);
#1783=VECTOR('',#10262,1000.);
#1784=VECTOR('',#10263,1000.);
#1785=VECTOR('',#10264,1000.);
#1786=VECTOR('',#10265,1000.);
#1787=VECTOR('',#10266,1000.);
#1788=VECTOR('',#10267,1000.);
#1789=VECTOR('',#10268,1000.);
#1790=VECTOR('',#10269,1000.);
#1791=VECTOR('',#10272,1000.);
#1792=VECTOR('',#10273,1000.);
#1793=VECTOR('',#10276,1000.);
#1794=VECTOR('',#10277,1000.);
#1795=VECTOR('',#10278,1000.);
#1796=VECTOR('',#10279,1000.);
#1797=VECTOR('',#10284,1000.);
#1798=VECTOR('',#10287,1000.);
#1799=VECTOR('',#10294,1000.);
#1800=VECTOR('',#10295,1000.);
#1801=VECTOR('',#10298,1000.);
#1802=VECTOR('',#10299,1000.);
#1803=VECTOR('',#10306,1000.);
#1804=VECTOR('',#10309,1000.);
#1805=VECTOR('',#10326,1000.);
#1806=VECTOR('',#10329,1000.);
#1807=VECTOR('',#10338,1000.);
#1808=VECTOR('',#10339,1000.);
#1809=VECTOR('',#10340,1000.);
#1810=VECTOR('',#10341,1000.);
#1811=VECTOR('',#10344,1000.);
#1812=VECTOR('',#10345,1000.);
#1813=VECTOR('',#10346,1000.);
#1814=VECTOR('',#10347,1000.);
#1815=VECTOR('',#10350,1000.);
#1816=VECTOR('',#10351,1000.);
#1817=VECTOR('',#10352,1000.);
#1818=VECTOR('',#10355,1000.);
#1819=VECTOR('',#10356,1000.);
#1820=VECTOR('',#10357,1000.);
#1821=VECTOR('',#10358,1000.);
#1822=VECTOR('',#10361,1000.);
#1823=VECTOR('',#10362,1000.);
#1824=VECTOR('',#10363,1000.);
#1825=VECTOR('',#10366,1000.);
#1826=VECTOR('',#10367,1000.);
#1827=VECTOR('',#10368,1000.);
#1828=VECTOR('',#10369,1000.);
#1829=VECTOR('',#10372,1000.);
#1830=VECTOR('',#10373,1000.);
#1831=VECTOR('',#10374,1000.);
#1832=VECTOR('',#10375,1000.);
#1833=VECTOR('',#10378,1000.);
#1834=VECTOR('',#10379,1000.);
#1835=VECTOR('',#10380,1000.);
#1836=VECTOR('',#10387,1000.);
#1837=VECTOR('',#10388,1000.);
#1838=VECTOR('',#10389,1000.);
#1839=VECTOR('',#10390,1000.);
#1840=VECTOR('',#10391,1000.);
#1841=VECTOR('',#10392,1000.);
#1842=VECTOR('',#10393,1000.);
#1843=VECTOR('',#10396,1000.);
#1844=VECTOR('',#10399,1000.);
#1845=VECTOR('',#10400,1000.);
#1846=VECTOR('',#10401,1000.);
#1847=VECTOR('',#10402,1000.);
#1848=VECTOR('',#10403,1000.);
#1849=VECTOR('',#10404,1000.);
#1850=VECTOR('',#10407,1000.);
#1851=VECTOR('',#10412,1000.);
#1852=VECTOR('',#10413,1000.);
#1853=VECTOR('',#10414,1000.);
#1854=VECTOR('',#10415,1000.);
#1855=VECTOR('',#10416,1000.);
#1856=VECTOR('',#10419,1000.);
#1857=VECTOR('',#10424,1000.);
#1858=VECTOR('',#10427,1000.);
#1859=VECTOR('',#10430,1000.);
#1860=VECTOR('',#10433,1000.);
#1861=VECTOR('',#10436,1000.);
#1862=VECTOR('',#10437,1000.);
#1863=VECTOR('',#10438,1000.);
#1864=VECTOR('',#10439,1000.);
#1865=VECTOR('',#10442,1000.);
#1866=VECTOR('',#10443,1000.);
#1867=VECTOR('',#10446,1000.);
#1868=VECTOR('',#10447,1000.);
#1869=VECTOR('',#10448,1000.);
#1870=VECTOR('',#10451,1000.);
#1871=VECTOR('',#10452,1000.);
#1872=VECTOR('',#10453,1000.);
#1873=VECTOR('',#10458,1000.);
#1874=VECTOR('',#10461,1000.);
#1875=VECTOR('',#10464,1000.);
#1876=VECTOR('',#10467,1000.);
#1877=VECTOR('',#10470,1000.);
#1878=VECTOR('',#10471,1000.);
#1879=VECTOR('',#10472,1000.);
#1880=VECTOR('',#10475,1000.);
#1881=VECTOR('',#10476,1000.);
#1882=VECTOR('',#10477,1000.);
#1883=VECTOR('',#10480,1000.);
#1884=VECTOR('',#10481,1000.);
#1885=VECTOR('',#10482,1000.);
#1886=VECTOR('',#10485,1000.);
#1887=VECTOR('',#10488,1000.);
#1888=VECTOR('',#10489,1000.);
#1889=VECTOR('',#10490,1000.);
#1890=VECTOR('',#10491,1000.);
#1891=VECTOR('',#10492,1000.);
#1892=VECTOR('',#10493,1000.);
#1893=VECTOR('',#10496,1000.);
#1894=VECTOR('',#10505,1000.);
#1895=VECTOR('',#10526,1000.);
#1896=VECTOR('',#10529,1000.);
#1897=VECTOR('',#10534,1000.);
#1898=VECTOR('',#10535,1000.);
#1899=VECTOR('',#10536,1000.);
#1900=VECTOR('',#10537,1000.);
#1901=VECTOR('',#10544,1000.);
#1902=VECTOR('',#10565,1000.);
#1903=VECTOR('',#10566,1000.);
#1904=VECTOR('',#10581,1000.);
#1905=VECTOR('',#10584,1000.);
#1906=VECTOR('',#10587,1000.);
#1907=VECTOR('',#10590,1000.);
#1908=VECTOR('',#10593,1000.);
#1909=VECTOR('',#10594,1000.);
#1910=VECTOR('',#10599,1000.);
#1911=VECTOR('',#10600,1000.);
#1912=VECTOR('',#10605,1000.);
#1913=VECTOR('',#10608,1000.);
#1914=VECTOR('',#10611,1000.);
#1915=VECTOR('',#10614,1000.);
#1916=VECTOR('',#10617,1000.);
#1917=VECTOR('',#10620,1000.);
#1918=VECTOR('',#10623,1000.);
#1919=VECTOR('',#10626,1000.);
#1920=VECTOR('',#10629,1000.);
#1921=VECTOR('',#10630,1000.);
#1922=VECTOR('',#10631,1000.);
#1923=VECTOR('',#10632,1000.);
#1924=VECTOR('',#10653,1000.);
#1925=ORIENTED_EDGE('',*,*,#3937,.F.);
#1926=ORIENTED_EDGE('',*,*,#3938,.F.);
#1927=ORIENTED_EDGE('',*,*,#3939,.F.);
#1928=ORIENTED_EDGE('',*,*,#3940,.T.);
#1929=ORIENTED_EDGE('',*,*,#3941,.F.);
#1930=ORIENTED_EDGE('',*,*,#3942,.F.);
#1931=ORIENTED_EDGE('',*,*,#3940,.F.);
#1932=ORIENTED_EDGE('',*,*,#3943,.F.);
#1933=ORIENTED_EDGE('',*,*,#3944,.F.);
#1934=ORIENTED_EDGE('',*,*,#3945,.F.);
#1935=ORIENTED_EDGE('',*,*,#3946,.F.);
#1936=ORIENTED_EDGE('',*,*,#3947,.F.);
#1937=ORIENTED_EDGE('',*,*,#3948,.F.);
#1938=ORIENTED_EDGE('',*,*,#3949,.F.);
#1939=ORIENTED_EDGE('',*,*,#3950,.F.);
#1940=ORIENTED_EDGE('',*,*,#3951,.F.);
#1941=ORIENTED_EDGE('',*,*,#3952,.F.);
#1942=ORIENTED_EDGE('',*,*,#3953,.F.);
#1943=ORIENTED_EDGE('',*,*,#3954,.F.);
#1944=ORIENTED_EDGE('',*,*,#3955,.F.);
#1945=ORIENTED_EDGE('',*,*,#3956,.T.);
#1946=ORIENTED_EDGE('',*,*,#3957,.T.);
#1947=ORIENTED_EDGE('',*,*,#3958,.T.);
#1948=ORIENTED_EDGE('',*,*,#3959,.T.);
#1949=ORIENTED_EDGE('',*,*,#3960,.T.);
#1950=ORIENTED_EDGE('',*,*,#3961,.T.);
#1951=ORIENTED_EDGE('',*,*,#3962,.T.);
#1952=ORIENTED_EDGE('',*,*,#3963,.T.);
#1953=ORIENTED_EDGE('',*,*,#3964,.T.);
#1954=ORIENTED_EDGE('',*,*,#3965,.T.);
#1955=ORIENTED_EDGE('',*,*,#3966,.T.);
#1956=ORIENTED_EDGE('',*,*,#3967,.T.);
#1957=ORIENTED_EDGE('',*,*,#3945,.T.);
#1958=ORIENTED_EDGE('',*,*,#3968,.F.);
#1959=ORIENTED_EDGE('',*,*,#3967,.F.);
#1960=ORIENTED_EDGE('',*,*,#3969,.T.);
#1961=ORIENTED_EDGE('',*,*,#3946,.T.);
#1962=ORIENTED_EDGE('',*,*,#3969,.F.);
#1963=ORIENTED_EDGE('',*,*,#3966,.F.);
#1964=ORIENTED_EDGE('',*,*,#3970,.T.);
#1965=ORIENTED_EDGE('',*,*,#3947,.T.);
#1966=ORIENTED_EDGE('',*,*,#3970,.F.);
#1967=ORIENTED_EDGE('',*,*,#3965,.F.);
#1968=ORIENTED_EDGE('',*,*,#3971,.T.);
#1969=ORIENTED_EDGE('',*,*,#3948,.T.);
#1970=ORIENTED_EDGE('',*,*,#3971,.F.);
#1971=ORIENTED_EDGE('',*,*,#3964,.F.);
#1972=ORIENTED_EDGE('',*,*,#3972,.T.);
#1973=ORIENTED_EDGE('',*,*,#3949,.T.);
#1974=ORIENTED_EDGE('',*,*,#3972,.F.);
#1975=ORIENTED_EDGE('',*,*,#3963,.F.);
#1976=ORIENTED_EDGE('',*,*,#3973,.T.);
#1977=ORIENTED_EDGE('',*,*,#3950,.T.);
#1978=ORIENTED_EDGE('',*,*,#3973,.F.);
#1979=ORIENTED_EDGE('',*,*,#3962,.F.);
#1980=ORIENTED_EDGE('',*,*,#3974,.T.);
#1981=ORIENTED_EDGE('',*,*,#3944,.T.);
#1982=ORIENTED_EDGE('',*,*,#3975,.F.);
#1983=ORIENTED_EDGE('',*,*,#3956,.F.);
#1984=ORIENTED_EDGE('',*,*,#3968,.T.);
#1985=ORIENTED_EDGE('',*,*,#3976,.T.);
#1986=ORIENTED_EDGE('',*,*,#3977,.F.);
#1987=ORIENTED_EDGE('',*,*,#3978,.T.);
#1988=ORIENTED_EDGE('',*,*,#3979,.T.);
#1989=ORIENTED_EDGE('',*,*,#3980,.F.);
#1990=ORIENTED_EDGE('',*,*,#3941,.T.);
#1991=ORIENTED_EDGE('',*,*,#3981,.T.);
#1992=ORIENTED_EDGE('',*,*,#3982,.F.);
#1993=ORIENTED_EDGE('',*,*,#3976,.F.);
#1994=ORIENTED_EDGE('',*,*,#3983,.F.);
#1995=ORIENTED_EDGE('',*,*,#3984,.F.);
#1996=ORIENTED_EDGE('',*,*,#3985,.T.);
#1997=ORIENTED_EDGE('',*,*,#3986,.T.);
#1998=ORIENTED_EDGE('',*,*,#3987,.F.);
#1999=ORIENTED_EDGE('',*,*,#3988,.T.);
#2000=ORIENTED_EDGE('',*,*,#3938,.T.);
#2001=ORIENTED_EDGE('',*,*,#3989,.F.);
#2002=ORIENTED_EDGE('',*,*,#3990,.F.);
#2003=ORIENTED_EDGE('',*,*,#3986,.F.);
#2004=ORIENTED_EDGE('',*,*,#3991,.F.);
#2005=ORIENTED_EDGE('',*,*,#3992,.F.);
#2006=ORIENTED_EDGE('',*,*,#3984,.T.);
#2007=ORIENTED_EDGE('',*,*,#3993,.F.);
#2008=ORIENTED_EDGE('',*,*,#3994,.F.);
#2009=ORIENTED_EDGE('',*,*,#3995,.F.);
#2010=ORIENTED_EDGE('',*,*,#3996,.F.);
#2011=ORIENTED_EDGE('',*,*,#3997,.F.);
#2012=ORIENTED_EDGE('',*,*,#3998,.F.);
#2013=ORIENTED_EDGE('',*,*,#3978,.F.);
#2014=ORIENTED_EDGE('',*,*,#3999,.T.);
#2015=ORIENTED_EDGE('',*,*,#4000,.T.);
#2016=ORIENTED_EDGE('',*,*,#4001,.T.);
#2017=ORIENTED_EDGE('',*,*,#4002,.T.);
#2018=ORIENTED_EDGE('',*,*,#4003,.T.);
#2019=ORIENTED_EDGE('',*,*,#4004,.T.);
#2020=ORIENTED_EDGE('',*,*,#4005,.T.);
#2021=ORIENTED_EDGE('',*,*,#3989,.T.);
#2022=ORIENTED_EDGE('',*,*,#3937,.T.);
#2023=ORIENTED_EDGE('',*,*,#3942,.T.);
#2024=ORIENTED_EDGE('',*,*,#3980,.T.);
#2025=ORIENTED_EDGE('',*,*,#4006,.T.);
#2026=ORIENTED_EDGE('',*,*,#3957,.F.);
#2027=ORIENTED_EDGE('',*,*,#3975,.T.);
#2028=ORIENTED_EDGE('',*,*,#3955,.T.);
#2029=ORIENTED_EDGE('',*,*,#4007,.T.);
#2030=ORIENTED_EDGE('',*,*,#4008,.T.);
#2031=ORIENTED_EDGE('',*,*,#3958,.F.);
#2032=ORIENTED_EDGE('',*,*,#4006,.F.);
#2033=ORIENTED_EDGE('',*,*,#3983,.T.);
#2034=ORIENTED_EDGE('',*,*,#4009,.T.);
#2035=ORIENTED_EDGE('',*,*,#3959,.F.);
#2036=ORIENTED_EDGE('',*,*,#4008,.F.);
#2037=ORIENTED_EDGE('',*,*,#3979,.F.);
#2038=ORIENTED_EDGE('',*,*,#4005,.F.);
#2039=ORIENTED_EDGE('',*,*,#4010,.T.);
#2040=ORIENTED_EDGE('',*,*,#3960,.F.);
#2041=ORIENTED_EDGE('',*,*,#4009,.F.);
#2042=ORIENTED_EDGE('',*,*,#4004,.F.);
#2043=ORIENTED_EDGE('',*,*,#3974,.F.);
#2044=ORIENTED_EDGE('',*,*,#3961,.F.);
#2045=ORIENTED_EDGE('',*,*,#4010,.F.);
#2046=ORIENTED_EDGE('',*,*,#4003,.F.);
#2047=ORIENTED_EDGE('',*,*,#4011,.T.);
#2048=ORIENTED_EDGE('',*,*,#3995,.T.);
#2049=ORIENTED_EDGE('',*,*,#4012,.F.);
#2050=ORIENTED_EDGE('',*,*,#3951,.T.);
#2051=ORIENTED_EDGE('',*,*,#3996,.T.);
#2052=ORIENTED_EDGE('',*,*,#4011,.F.);
#2053=ORIENTED_EDGE('',*,*,#4002,.F.);
#2054=ORIENTED_EDGE('',*,*,#4013,.T.);
#2055=ORIENTED_EDGE('',*,*,#3997,.T.);
#2056=ORIENTED_EDGE('',*,*,#4013,.F.);
#2057=ORIENTED_EDGE('',*,*,#4001,.F.);
#2058=ORIENTED_EDGE('',*,*,#4014,.T.);
#2059=ORIENTED_EDGE('',*,*,#3998,.T.);
#2060=ORIENTED_EDGE('',*,*,#4014,.F.);
#2061=ORIENTED_EDGE('',*,*,#4000,.F.);
#2062=ORIENTED_EDGE('',*,*,#4015,.T.);
#2063=ORIENTED_EDGE('',*,*,#3992,.T.);
#2064=ORIENTED_EDGE('',*,*,#4015,.F.);
#2065=ORIENTED_EDGE('',*,*,#3999,.F.);
#2066=ORIENTED_EDGE('',*,*,#3977,.T.);
#2067=ORIENTED_EDGE('',*,*,#4016,.T.);
#2068=ORIENTED_EDGE('',*,*,#3985,.F.);
#2069=ORIENTED_EDGE('',*,*,#4016,.F.);
#2070=ORIENTED_EDGE('',*,*,#3982,.T.);
#2071=ORIENTED_EDGE('',*,*,#4017,.T.);
#2072=ORIENTED_EDGE('',*,*,#3991,.T.);
#2073=ORIENTED_EDGE('',*,*,#3943,.T.);
#2074=ORIENTED_EDGE('',*,*,#3939,.T.);
#2075=ORIENTED_EDGE('',*,*,#3988,.F.);
#2076=ORIENTED_EDGE('',*,*,#4017,.F.);
#2077=ORIENTED_EDGE('',*,*,#3981,.F.);
#2078=ORIENTED_EDGE('',*,*,#3954,.T.);
#2079=ORIENTED_EDGE('',*,*,#4018,.T.);
#2080=ORIENTED_EDGE('',*,*,#3990,.T.);
#2081=ORIENTED_EDGE('',*,*,#4007,.F.);
#2082=ORIENTED_EDGE('',*,*,#3953,.T.);
#2083=ORIENTED_EDGE('',*,*,#4019,.T.);
#2084=ORIENTED_EDGE('',*,*,#3993,.T.);
#2085=ORIENTED_EDGE('',*,*,#3987,.T.);
#2086=ORIENTED_EDGE('',*,*,#4018,.F.);
#2087=ORIENTED_EDGE('',*,*,#3952,.T.);
#2088=ORIENTED_EDGE('',*,*,#4012,.T.);
#2089=ORIENTED_EDGE('',*,*,#3994,.T.);
#2090=ORIENTED_EDGE('',*,*,#4019,.F.);
#2091=ORIENTED_EDGE('',*,*,#4020,.F.);
#2092=ORIENTED_EDGE('',*,*,#4021,.F.);
#2093=ORIENTED_EDGE('',*,*,#4022,.F.);
#2094=ORIENTED_EDGE('',*,*,#4023,.T.);
#2095=ORIENTED_EDGE('',*,*,#4024,.F.);
#2096=ORIENTED_EDGE('',*,*,#4025,.F.);
#2097=ORIENTED_EDGE('',*,*,#4023,.F.);
#2098=ORIENTED_EDGE('',*,*,#4026,.F.);
#2099=ORIENTED_EDGE('',*,*,#4027,.F.);
#2100=ORIENTED_EDGE('',*,*,#4028,.F.);
#2101=ORIENTED_EDGE('',*,*,#4029,.F.);
#2102=ORIENTED_EDGE('',*,*,#4030,.F.);
#2103=ORIENTED_EDGE('',*,*,#4031,.F.);
#2104=ORIENTED_EDGE('',*,*,#4032,.F.);
#2105=ORIENTED_EDGE('',*,*,#4033,.F.);
#2106=ORIENTED_EDGE('',*,*,#4034,.F.);
#2107=ORIENTED_EDGE('',*,*,#4035,.F.);
#2108=ORIENTED_EDGE('',*,*,#4036,.F.);
#2109=ORIENTED_EDGE('',*,*,#4037,.F.);
#2110=ORIENTED_EDGE('',*,*,#4038,.F.);
#2111=ORIENTED_EDGE('',*,*,#4039,.T.);
#2112=ORIENTED_EDGE('',*,*,#4040,.T.);
#2113=ORIENTED_EDGE('',*,*,#4041,.T.);
#2114=ORIENTED_EDGE('',*,*,#4042,.T.);
#2115=ORIENTED_EDGE('',*,*,#4043,.T.);
#2116=ORIENTED_EDGE('',*,*,#4044,.T.);
#2117=ORIENTED_EDGE('',*,*,#4045,.T.);
#2118=ORIENTED_EDGE('',*,*,#4046,.T.);
#2119=ORIENTED_EDGE('',*,*,#4047,.T.);
#2120=ORIENTED_EDGE('',*,*,#4048,.T.);
#2121=ORIENTED_EDGE('',*,*,#4049,.T.);
#2122=ORIENTED_EDGE('',*,*,#4050,.T.);
#2123=ORIENTED_EDGE('',*,*,#4028,.T.);
#2124=ORIENTED_EDGE('',*,*,#4051,.F.);
#2125=ORIENTED_EDGE('',*,*,#4050,.F.);
#2126=ORIENTED_EDGE('',*,*,#4052,.T.);
#2127=ORIENTED_EDGE('',*,*,#4029,.T.);
#2128=ORIENTED_EDGE('',*,*,#4052,.F.);
#2129=ORIENTED_EDGE('',*,*,#4049,.F.);
#2130=ORIENTED_EDGE('',*,*,#4053,.T.);
#2131=ORIENTED_EDGE('',*,*,#4030,.T.);
#2132=ORIENTED_EDGE('',*,*,#4053,.F.);
#2133=ORIENTED_EDGE('',*,*,#4048,.F.);
#2134=ORIENTED_EDGE('',*,*,#4054,.T.);
#2135=ORIENTED_EDGE('',*,*,#4031,.T.);
#2136=ORIENTED_EDGE('',*,*,#4054,.F.);
#2137=ORIENTED_EDGE('',*,*,#4047,.F.);
#2138=ORIENTED_EDGE('',*,*,#4055,.T.);
#2139=ORIENTED_EDGE('',*,*,#4032,.T.);
#2140=ORIENTED_EDGE('',*,*,#4055,.F.);
#2141=ORIENTED_EDGE('',*,*,#4046,.F.);
#2142=ORIENTED_EDGE('',*,*,#4056,.T.);
#2143=ORIENTED_EDGE('',*,*,#4033,.T.);
#2144=ORIENTED_EDGE('',*,*,#4056,.F.);
#2145=ORIENTED_EDGE('',*,*,#4045,.F.);
#2146=ORIENTED_EDGE('',*,*,#4057,.T.);
#2147=ORIENTED_EDGE('',*,*,#4027,.T.);
#2148=ORIENTED_EDGE('',*,*,#4058,.F.);
#2149=ORIENTED_EDGE('',*,*,#4039,.F.);
#2150=ORIENTED_EDGE('',*,*,#4051,.T.);
#2151=ORIENTED_EDGE('',*,*,#4059,.T.);
#2152=ORIENTED_EDGE('',*,*,#4060,.F.);
#2153=ORIENTED_EDGE('',*,*,#4061,.T.);
#2154=ORIENTED_EDGE('',*,*,#4062,.T.);
#2155=ORIENTED_EDGE('',*,*,#4063,.F.);
#2156=ORIENTED_EDGE('',*,*,#4024,.T.);
#2157=ORIENTED_EDGE('',*,*,#4064,.T.);
#2158=ORIENTED_EDGE('',*,*,#4065,.F.);
#2159=ORIENTED_EDGE('',*,*,#4059,.F.);
#2160=ORIENTED_EDGE('',*,*,#4066,.F.);
#2161=ORIENTED_EDGE('',*,*,#4067,.F.);
#2162=ORIENTED_EDGE('',*,*,#4068,.T.);
#2163=ORIENTED_EDGE('',*,*,#4069,.T.);
#2164=ORIENTED_EDGE('',*,*,#4070,.F.);
#2165=ORIENTED_EDGE('',*,*,#4071,.T.);
#2166=ORIENTED_EDGE('',*,*,#4021,.T.);
#2167=ORIENTED_EDGE('',*,*,#4072,.F.);
#2168=ORIENTED_EDGE('',*,*,#4073,.F.);
#2169=ORIENTED_EDGE('',*,*,#4069,.F.);
#2170=ORIENTED_EDGE('',*,*,#4074,.F.);
#2171=ORIENTED_EDGE('',*,*,#4075,.F.);
#2172=ORIENTED_EDGE('',*,*,#4067,.T.);
#2173=ORIENTED_EDGE('',*,*,#4076,.F.);
#2174=ORIENTED_EDGE('',*,*,#4077,.F.);
#2175=ORIENTED_EDGE('',*,*,#4078,.F.);
#2176=ORIENTED_EDGE('',*,*,#4079,.F.);
#2177=ORIENTED_EDGE('',*,*,#4080,.F.);
#2178=ORIENTED_EDGE('',*,*,#4081,.F.);
#2179=ORIENTED_EDGE('',*,*,#4061,.F.);
#2180=ORIENTED_EDGE('',*,*,#4082,.T.);
#2181=ORIENTED_EDGE('',*,*,#4083,.T.);
#2182=ORIENTED_EDGE('',*,*,#4084,.T.);
#2183=ORIENTED_EDGE('',*,*,#4085,.T.);
#2184=ORIENTED_EDGE('',*,*,#4086,.T.);
#2185=ORIENTED_EDGE('',*,*,#4087,.T.);
#2186=ORIENTED_EDGE('',*,*,#4088,.T.);
#2187=ORIENTED_EDGE('',*,*,#4072,.T.);
#2188=ORIENTED_EDGE('',*,*,#4020,.T.);
#2189=ORIENTED_EDGE('',*,*,#4025,.T.);
#2190=ORIENTED_EDGE('',*,*,#4063,.T.);
#2191=ORIENTED_EDGE('',*,*,#4089,.T.);
#2192=ORIENTED_EDGE('',*,*,#4040,.F.);
#2193=ORIENTED_EDGE('',*,*,#4058,.T.);
#2194=ORIENTED_EDGE('',*,*,#4038,.T.);
#2195=ORIENTED_EDGE('',*,*,#4090,.T.);
#2196=ORIENTED_EDGE('',*,*,#4091,.T.);
#2197=ORIENTED_EDGE('',*,*,#4041,.F.);
#2198=ORIENTED_EDGE('',*,*,#4089,.F.);
#2199=ORIENTED_EDGE('',*,*,#4066,.T.);
#2200=ORIENTED_EDGE('',*,*,#4092,.T.);
#2201=ORIENTED_EDGE('',*,*,#4042,.F.);
#2202=ORIENTED_EDGE('',*,*,#4091,.F.);
#2203=ORIENTED_EDGE('',*,*,#4062,.F.);
#2204=ORIENTED_EDGE('',*,*,#4088,.F.);
#2205=ORIENTED_EDGE('',*,*,#4093,.T.);
#2206=ORIENTED_EDGE('',*,*,#4043,.F.);
#2207=ORIENTED_EDGE('',*,*,#4092,.F.);
#2208=ORIENTED_EDGE('',*,*,#4087,.F.);
#2209=ORIENTED_EDGE('',*,*,#4057,.F.);
#2210=ORIENTED_EDGE('',*,*,#4044,.F.);
#2211=ORIENTED_EDGE('',*,*,#4093,.F.);
#2212=ORIENTED_EDGE('',*,*,#4086,.F.);
#2213=ORIENTED_EDGE('',*,*,#4094,.T.);
#2214=ORIENTED_EDGE('',*,*,#4078,.T.);
#2215=ORIENTED_EDGE('',*,*,#4095,.F.);
#2216=ORIENTED_EDGE('',*,*,#4034,.T.);
#2217=ORIENTED_EDGE('',*,*,#4079,.T.);
#2218=ORIENTED_EDGE('',*,*,#4094,.F.);
#2219=ORIENTED_EDGE('',*,*,#4085,.F.);
#2220=ORIENTED_EDGE('',*,*,#4096,.T.);
#2221=ORIENTED_EDGE('',*,*,#4080,.T.);
#2222=ORIENTED_EDGE('',*,*,#4096,.F.);
#2223=ORIENTED_EDGE('',*,*,#4084,.F.);
#2224=ORIENTED_EDGE('',*,*,#4097,.T.);
#2225=ORIENTED_EDGE('',*,*,#4081,.T.);
#2226=ORIENTED_EDGE('',*,*,#4097,.F.);
#2227=ORIENTED_EDGE('',*,*,#4083,.F.);
#2228=ORIENTED_EDGE('',*,*,#4098,.T.);
#2229=ORIENTED_EDGE('',*,*,#4075,.T.);
#2230=ORIENTED_EDGE('',*,*,#4098,.F.);
#2231=ORIENTED_EDGE('',*,*,#4082,.F.);
#2232=ORIENTED_EDGE('',*,*,#4060,.T.);
#2233=ORIENTED_EDGE('',*,*,#4099,.T.);
#2234=ORIENTED_EDGE('',*,*,#4068,.F.);
#2235=ORIENTED_EDGE('',*,*,#4099,.F.);
#2236=ORIENTED_EDGE('',*,*,#4065,.T.);
#2237=ORIENTED_EDGE('',*,*,#4100,.T.);
#2238=ORIENTED_EDGE('',*,*,#4074,.T.);
#2239=ORIENTED_EDGE('',*,*,#4026,.T.);
#2240=ORIENTED_EDGE('',*,*,#4022,.T.);
#2241=ORIENTED_EDGE('',*,*,#4071,.F.);
#2242=ORIENTED_EDGE('',*,*,#4100,.F.);
#2243=ORIENTED_EDGE('',*,*,#4064,.F.);
#2244=ORIENTED_EDGE('',*,*,#4037,.T.);
#2245=ORIENTED_EDGE('',*,*,#4101,.T.);
#2246=ORIENTED_EDGE('',*,*,#4073,.T.);
#2247=ORIENTED_EDGE('',*,*,#4090,.F.);
#2248=ORIENTED_EDGE('',*,*,#4036,.T.);
#2249=ORIENTED_EDGE('',*,*,#4102,.T.);
#2250=ORIENTED_EDGE('',*,*,#4076,.T.);
#2251=ORIENTED_EDGE('',*,*,#4070,.T.);
#2252=ORIENTED_EDGE('',*,*,#4101,.F.);
#2253=ORIENTED_EDGE('',*,*,#4035,.T.);
#2254=ORIENTED_EDGE('',*,*,#4095,.T.);
#2255=ORIENTED_EDGE('',*,*,#4077,.T.);
#2256=ORIENTED_EDGE('',*,*,#4102,.F.);
#2257=ORIENTED_EDGE('',*,*,#4103,.F.);
#2258=ORIENTED_EDGE('',*,*,#4104,.F.);
#2259=ORIENTED_EDGE('',*,*,#4105,.F.);
#2260=ORIENTED_EDGE('',*,*,#4106,.T.);
#2261=ORIENTED_EDGE('',*,*,#4107,.F.);
#2262=ORIENTED_EDGE('',*,*,#4108,.F.);
#2263=ORIENTED_EDGE('',*,*,#4106,.F.);
#2264=ORIENTED_EDGE('',*,*,#4109,.F.);
#2265=ORIENTED_EDGE('',*,*,#4110,.F.);
#2266=ORIENTED_EDGE('',*,*,#4111,.F.);
#2267=ORIENTED_EDGE('',*,*,#4112,.F.);
#2268=ORIENTED_EDGE('',*,*,#4113,.F.);
#2269=ORIENTED_EDGE('',*,*,#4114,.F.);
#2270=ORIENTED_EDGE('',*,*,#4115,.F.);
#2271=ORIENTED_EDGE('',*,*,#4116,.F.);
#2272=ORIENTED_EDGE('',*,*,#4117,.F.);
#2273=ORIENTED_EDGE('',*,*,#4118,.F.);
#2274=ORIENTED_EDGE('',*,*,#4119,.F.);
#2275=ORIENTED_EDGE('',*,*,#4120,.F.);
#2276=ORIENTED_EDGE('',*,*,#4121,.F.);
#2277=ORIENTED_EDGE('',*,*,#4122,.T.);
#2278=ORIENTED_EDGE('',*,*,#4123,.T.);
#2279=ORIENTED_EDGE('',*,*,#4124,.T.);
#2280=ORIENTED_EDGE('',*,*,#4125,.T.);
#2281=ORIENTED_EDGE('',*,*,#4126,.T.);
#2282=ORIENTED_EDGE('',*,*,#4127,.T.);
#2283=ORIENTED_EDGE('',*,*,#4128,.T.);
#2284=ORIENTED_EDGE('',*,*,#4129,.T.);
#2285=ORIENTED_EDGE('',*,*,#4130,.T.);
#2286=ORIENTED_EDGE('',*,*,#4131,.T.);
#2287=ORIENTED_EDGE('',*,*,#4132,.T.);
#2288=ORIENTED_EDGE('',*,*,#4133,.T.);
#2289=ORIENTED_EDGE('',*,*,#4111,.T.);
#2290=ORIENTED_EDGE('',*,*,#4134,.F.);
#2291=ORIENTED_EDGE('',*,*,#4133,.F.);
#2292=ORIENTED_EDGE('',*,*,#4135,.T.);
#2293=ORIENTED_EDGE('',*,*,#4112,.T.);
#2294=ORIENTED_EDGE('',*,*,#4135,.F.);
#2295=ORIENTED_EDGE('',*,*,#4132,.F.);
#2296=ORIENTED_EDGE('',*,*,#4136,.T.);
#2297=ORIENTED_EDGE('',*,*,#4113,.T.);
#2298=ORIENTED_EDGE('',*,*,#4136,.F.);
#2299=ORIENTED_EDGE('',*,*,#4131,.F.);
#2300=ORIENTED_EDGE('',*,*,#4137,.T.);
#2301=ORIENTED_EDGE('',*,*,#4114,.T.);
#2302=ORIENTED_EDGE('',*,*,#4137,.F.);
#2303=ORIENTED_EDGE('',*,*,#4130,.F.);
#2304=ORIENTED_EDGE('',*,*,#4138,.T.);
#2305=ORIENTED_EDGE('',*,*,#4115,.T.);
#2306=ORIENTED_EDGE('',*,*,#4138,.F.);
#2307=ORIENTED_EDGE('',*,*,#4129,.F.);
#2308=ORIENTED_EDGE('',*,*,#4139,.T.);
#2309=ORIENTED_EDGE('',*,*,#4116,.T.);
#2310=ORIENTED_EDGE('',*,*,#4139,.F.);
#2311=ORIENTED_EDGE('',*,*,#4128,.F.);
#2312=ORIENTED_EDGE('',*,*,#4140,.T.);
#2313=ORIENTED_EDGE('',*,*,#4110,.T.);
#2314=ORIENTED_EDGE('',*,*,#4141,.F.);
#2315=ORIENTED_EDGE('',*,*,#4122,.F.);
#2316=ORIENTED_EDGE('',*,*,#4134,.T.);
#2317=ORIENTED_EDGE('',*,*,#4142,.T.);
#2318=ORIENTED_EDGE('',*,*,#4143,.F.);
#2319=ORIENTED_EDGE('',*,*,#4144,.T.);
#2320=ORIENTED_EDGE('',*,*,#4145,.T.);
#2321=ORIENTED_EDGE('',*,*,#4146,.F.);
#2322=ORIENTED_EDGE('',*,*,#4107,.T.);
#2323=ORIENTED_EDGE('',*,*,#4147,.T.);
#2324=ORIENTED_EDGE('',*,*,#4148,.F.);
#2325=ORIENTED_EDGE('',*,*,#4142,.F.);
#2326=ORIENTED_EDGE('',*,*,#4149,.F.);
#2327=ORIENTED_EDGE('',*,*,#4150,.F.);
#2328=ORIENTED_EDGE('',*,*,#4151,.T.);
#2329=ORIENTED_EDGE('',*,*,#4152,.T.);
#2330=ORIENTED_EDGE('',*,*,#4153,.F.);
#2331=ORIENTED_EDGE('',*,*,#4154,.T.);
#2332=ORIENTED_EDGE('',*,*,#4104,.T.);
#2333=ORIENTED_EDGE('',*,*,#4155,.F.);
#2334=ORIENTED_EDGE('',*,*,#4156,.F.);
#2335=ORIENTED_EDGE('',*,*,#4152,.F.);
#2336=ORIENTED_EDGE('',*,*,#4157,.F.);
#2337=ORIENTED_EDGE('',*,*,#4158,.F.);
#2338=ORIENTED_EDGE('',*,*,#4150,.T.);
#2339=ORIENTED_EDGE('',*,*,#4159,.F.);
#2340=ORIENTED_EDGE('',*,*,#4160,.F.);
#2341=ORIENTED_EDGE('',*,*,#4161,.F.);
#2342=ORIENTED_EDGE('',*,*,#4162,.F.);
#2343=ORIENTED_EDGE('',*,*,#4163,.F.);
#2344=ORIENTED_EDGE('',*,*,#4164,.F.);
#2345=ORIENTED_EDGE('',*,*,#4144,.F.);
#2346=ORIENTED_EDGE('',*,*,#4165,.T.);
#2347=ORIENTED_EDGE('',*,*,#4166,.T.);
#2348=ORIENTED_EDGE('',*,*,#4167,.T.);
#2349=ORIENTED_EDGE('',*,*,#4168,.T.);
#2350=ORIENTED_EDGE('',*,*,#4169,.T.);
#2351=ORIENTED_EDGE('',*,*,#4170,.T.);
#2352=ORIENTED_EDGE('',*,*,#4171,.T.);
#2353=ORIENTED_EDGE('',*,*,#4155,.T.);
#2354=ORIENTED_EDGE('',*,*,#4103,.T.);
#2355=ORIENTED_EDGE('',*,*,#4108,.T.);
#2356=ORIENTED_EDGE('',*,*,#4146,.T.);
#2357=ORIENTED_EDGE('',*,*,#4172,.T.);
#2358=ORIENTED_EDGE('',*,*,#4123,.F.);
#2359=ORIENTED_EDGE('',*,*,#4141,.T.);
#2360=ORIENTED_EDGE('',*,*,#4121,.T.);
#2361=ORIENTED_EDGE('',*,*,#4173,.T.);
#2362=ORIENTED_EDGE('',*,*,#4174,.T.);
#2363=ORIENTED_EDGE('',*,*,#4124,.F.);
#2364=ORIENTED_EDGE('',*,*,#4172,.F.);
#2365=ORIENTED_EDGE('',*,*,#4149,.T.);
#2366=ORIENTED_EDGE('',*,*,#4175,.T.);
#2367=ORIENTED_EDGE('',*,*,#4125,.F.);
#2368=ORIENTED_EDGE('',*,*,#4174,.F.);
#2369=ORIENTED_EDGE('',*,*,#4145,.F.);
#2370=ORIENTED_EDGE('',*,*,#4171,.F.);
#2371=ORIENTED_EDGE('',*,*,#4176,.T.);
#2372=ORIENTED_EDGE('',*,*,#4126,.F.);
#2373=ORIENTED_EDGE('',*,*,#4175,.F.);
#2374=ORIENTED_EDGE('',*,*,#4170,.F.);
#2375=ORIENTED_EDGE('',*,*,#4140,.F.);
#2376=ORIENTED_EDGE('',*,*,#4127,.F.);
#2377=ORIENTED_EDGE('',*,*,#4176,.F.);
#2378=ORIENTED_EDGE('',*,*,#4169,.F.);
#2379=ORIENTED_EDGE('',*,*,#4177,.T.);
#2380=ORIENTED_EDGE('',*,*,#4161,.T.);
#2381=ORIENTED_EDGE('',*,*,#4178,.F.);
#2382=ORIENTED_EDGE('',*,*,#4117,.T.);
#2383=ORIENTED_EDGE('',*,*,#4162,.T.);
#2384=ORIENTED_EDGE('',*,*,#4177,.F.);
#2385=ORIENTED_EDGE('',*,*,#4168,.F.);
#2386=ORIENTED_EDGE('',*,*,#4179,.T.);
#2387=ORIENTED_EDGE('',*,*,#4163,.T.);
#2388=ORIENTED_EDGE('',*,*,#4179,.F.);
#2389=ORIENTED_EDGE('',*,*,#4167,.F.);
#2390=ORIENTED_EDGE('',*,*,#4180,.T.);
#2391=ORIENTED_EDGE('',*,*,#4164,.T.);
#2392=ORIENTED_EDGE('',*,*,#4180,.F.);
#2393=ORIENTED_EDGE('',*,*,#4166,.F.);
#2394=ORIENTED_EDGE('',*,*,#4181,.T.);
#2395=ORIENTED_EDGE('',*,*,#4158,.T.);
#2396=ORIENTED_EDGE('',*,*,#4181,.F.);
#2397=ORIENTED_EDGE('',*,*,#4165,.F.);
#2398=ORIENTED_EDGE('',*,*,#4143,.T.);
#2399=ORIENTED_EDGE('',*,*,#4182,.T.);
#2400=ORIENTED_EDGE('',*,*,#4151,.F.);
#2401=ORIENTED_EDGE('',*,*,#4182,.F.);
#2402=ORIENTED_EDGE('',*,*,#4148,.T.);
#2403=ORIENTED_EDGE('',*,*,#4183,.T.);
#2404=ORIENTED_EDGE('',*,*,#4157,.T.);
#2405=ORIENTED_EDGE('',*,*,#4109,.T.);
#2406=ORIENTED_EDGE('',*,*,#4105,.T.);
#2407=ORIENTED_EDGE('',*,*,#4154,.F.);
#2408=ORIENTED_EDGE('',*,*,#4183,.F.);
#2409=ORIENTED_EDGE('',*,*,#4147,.F.);
#2410=ORIENTED_EDGE('',*,*,#4120,.T.);
#2411=ORIENTED_EDGE('',*,*,#4184,.T.);
#2412=ORIENTED_EDGE('',*,*,#4156,.T.);
#2413=ORIENTED_EDGE('',*,*,#4173,.F.);
#2414=ORIENTED_EDGE('',*,*,#4119,.T.);
#2415=ORIENTED_EDGE('',*,*,#4185,.T.);
#2416=ORIENTED_EDGE('',*,*,#4159,.T.);
#2417=ORIENTED_EDGE('',*,*,#4153,.T.);
#2418=ORIENTED_EDGE('',*,*,#4184,.F.);
#2419=ORIENTED_EDGE('',*,*,#4118,.T.);
#2420=ORIENTED_EDGE('',*,*,#4178,.T.);
#2421=ORIENTED_EDGE('',*,*,#4160,.T.);
#2422=ORIENTED_EDGE('',*,*,#4185,.F.);
#2423=ORIENTED_EDGE('',*,*,#4186,.T.);
#2424=ORIENTED_EDGE('',*,*,#4187,.F.);
#2425=ORIENTED_EDGE('',*,*,#4188,.T.);
#2426=ORIENTED_EDGE('',*,*,#4189,.T.);
#2427=ORIENTED_EDGE('',*,*,#4190,.T.);
#2428=ORIENTED_EDGE('',*,*,#4191,.T.);
#2429=ORIENTED_EDGE('',*,*,#4187,.T.);
#2430=ORIENTED_EDGE('',*,*,#4192,.T.);
#2431=ORIENTED_EDGE('',*,*,#4193,.T.);
#2432=ORIENTED_EDGE('',*,*,#4194,.T.);
#2433=ORIENTED_EDGE('',*,*,#4195,.T.);
#2434=ORIENTED_EDGE('',*,*,#4196,.T.);
#2435=ORIENTED_EDGE('',*,*,#4197,.T.);
#2436=ORIENTED_EDGE('',*,*,#4198,.T.);
#2437=ORIENTED_EDGE('',*,*,#4199,.T.);
#2438=ORIENTED_EDGE('',*,*,#4200,.T.);
#2439=ORIENTED_EDGE('',*,*,#4201,.T.);
#2440=ORIENTED_EDGE('',*,*,#4202,.T.);
#2441=ORIENTED_EDGE('',*,*,#4203,.T.);
#2442=ORIENTED_EDGE('',*,*,#4204,.T.);
#2443=ORIENTED_EDGE('',*,*,#4205,.F.);
#2444=ORIENTED_EDGE('',*,*,#4206,.F.);
#2445=ORIENTED_EDGE('',*,*,#4207,.F.);
#2446=ORIENTED_EDGE('',*,*,#4208,.F.);
#2447=ORIENTED_EDGE('',*,*,#4209,.F.);
#2448=ORIENTED_EDGE('',*,*,#4210,.F.);
#2449=ORIENTED_EDGE('',*,*,#4211,.F.);
#2450=ORIENTED_EDGE('',*,*,#4212,.F.);
#2451=ORIENTED_EDGE('',*,*,#4213,.F.);
#2452=ORIENTED_EDGE('',*,*,#4214,.F.);
#2453=ORIENTED_EDGE('',*,*,#4215,.F.);
#2454=ORIENTED_EDGE('',*,*,#4216,.F.);
#2455=ORIENTED_EDGE('',*,*,#4204,.F.);
#2456=ORIENTED_EDGE('',*,*,#4217,.F.);
#2457=ORIENTED_EDGE('',*,*,#4206,.T.);
#2458=ORIENTED_EDGE('',*,*,#4218,.T.);
#2459=ORIENTED_EDGE('',*,*,#4203,.F.);
#2460=ORIENTED_EDGE('',*,*,#4219,.F.);
#2461=ORIENTED_EDGE('',*,*,#4207,.T.);
#2462=ORIENTED_EDGE('',*,*,#4217,.T.);
#2463=ORIENTED_EDGE('',*,*,#4202,.F.);
#2464=ORIENTED_EDGE('',*,*,#4220,.F.);
#2465=ORIENTED_EDGE('',*,*,#4208,.T.);
#2466=ORIENTED_EDGE('',*,*,#4219,.T.);
#2467=ORIENTED_EDGE('',*,*,#4201,.F.);
#2468=ORIENTED_EDGE('',*,*,#4221,.F.);
#2469=ORIENTED_EDGE('',*,*,#4209,.T.);
#2470=ORIENTED_EDGE('',*,*,#4220,.T.);
#2471=ORIENTED_EDGE('',*,*,#4200,.F.);
#2472=ORIENTED_EDGE('',*,*,#4222,.F.);
#2473=ORIENTED_EDGE('',*,*,#4210,.T.);
#2474=ORIENTED_EDGE('',*,*,#4221,.T.);
#2475=ORIENTED_EDGE('',*,*,#4199,.F.);
#2476=ORIENTED_EDGE('',*,*,#4223,.F.);
#2477=ORIENTED_EDGE('',*,*,#4211,.T.);
#2478=ORIENTED_EDGE('',*,*,#4222,.T.);
#2479=ORIENTED_EDGE('',*,*,#4193,.F.);
#2480=ORIENTED_EDGE('',*,*,#4218,.F.);
#2481=ORIENTED_EDGE('',*,*,#4205,.T.);
#2482=ORIENTED_EDGE('',*,*,#4224,.T.);
#2483=ORIENTED_EDGE('',*,*,#4225,.F.);
#2484=ORIENTED_EDGE('',*,*,#4226,.F.);
#2485=ORIENTED_EDGE('',*,*,#4227,.F.);
#2486=ORIENTED_EDGE('',*,*,#4228,.T.);
#2487=ORIENTED_EDGE('',*,*,#4229,.T.);
#2488=ORIENTED_EDGE('',*,*,#4230,.T.);
#2489=ORIENTED_EDGE('',*,*,#4225,.T.);
#2490=ORIENTED_EDGE('',*,*,#4231,.T.);
#2491=ORIENTED_EDGE('',*,*,#4232,.F.);
#2492=ORIENTED_EDGE('',*,*,#4190,.F.);
#2493=ORIENTED_EDGE('',*,*,#4233,.T.);
#2494=ORIENTED_EDGE('',*,*,#4234,.T.);
#2495=ORIENTED_EDGE('',*,*,#4235,.F.);
#2496=ORIENTED_EDGE('',*,*,#4236,.F.);
#2497=ORIENTED_EDGE('',*,*,#4237,.F.);
#2498=ORIENTED_EDGE('',*,*,#4238,.T.);
#2499=ORIENTED_EDGE('',*,*,#4235,.T.);
#2500=ORIENTED_EDGE('',*,*,#4239,.T.);
#2501=ORIENTED_EDGE('',*,*,#4240,.T.);
#2502=ORIENTED_EDGE('',*,*,#4189,.F.);
#2503=ORIENTED_EDGE('',*,*,#4241,.T.);
#2504=ORIENTED_EDGE('',*,*,#4242,.T.);
#2505=ORIENTED_EDGE('',*,*,#4243,.T.);
#2506=ORIENTED_EDGE('',*,*,#4244,.T.);
#2507=ORIENTED_EDGE('',*,*,#4245,.T.);
#2508=ORIENTED_EDGE('',*,*,#4246,.T.);
#2509=ORIENTED_EDGE('',*,*,#4247,.T.);
#2510=ORIENTED_EDGE('',*,*,#4233,.F.);
#2511=ORIENTED_EDGE('',*,*,#4227,.T.);
#2512=ORIENTED_EDGE('',*,*,#4248,.F.);
#2513=ORIENTED_EDGE('',*,*,#4249,.F.);
#2514=ORIENTED_EDGE('',*,*,#4250,.F.);
#2515=ORIENTED_EDGE('',*,*,#4251,.F.);
#2516=ORIENTED_EDGE('',*,*,#4252,.F.);
#2517=ORIENTED_EDGE('',*,*,#4253,.F.);
#2518=ORIENTED_EDGE('',*,*,#4254,.F.);
#2519=ORIENTED_EDGE('',*,*,#4240,.F.);
#2520=ORIENTED_EDGE('',*,*,#4255,.F.);
#2521=ORIENTED_EDGE('',*,*,#4194,.F.);
#2522=ORIENTED_EDGE('',*,*,#4224,.F.);
#2523=ORIENTED_EDGE('',*,*,#4216,.T.);
#2524=ORIENTED_EDGE('',*,*,#4256,.F.);
#2525=ORIENTED_EDGE('',*,*,#4229,.F.);
#2526=ORIENTED_EDGE('',*,*,#4192,.F.);
#2527=ORIENTED_EDGE('',*,*,#4186,.F.);
#2528=ORIENTED_EDGE('',*,*,#4257,.F.);
#2529=ORIENTED_EDGE('',*,*,#4230,.F.);
#2530=ORIENTED_EDGE('',*,*,#4256,.T.);
#2531=ORIENTED_EDGE('',*,*,#4215,.T.);
#2532=ORIENTED_EDGE('',*,*,#4258,.F.);
#2533=ORIENTED_EDGE('',*,*,#4248,.T.);
#2534=ORIENTED_EDGE('',*,*,#4226,.T.);
#2535=ORIENTED_EDGE('',*,*,#4257,.T.);
#2536=ORIENTED_EDGE('',*,*,#4214,.T.);
#2537=ORIENTED_EDGE('',*,*,#4259,.F.);
#2538=ORIENTED_EDGE('',*,*,#4249,.T.);
#2539=ORIENTED_EDGE('',*,*,#4258,.T.);
#2540=ORIENTED_EDGE('',*,*,#4213,.T.);
#2541=ORIENTED_EDGE('',*,*,#4223,.T.);
#2542=ORIENTED_EDGE('',*,*,#4198,.F.);
#2543=ORIENTED_EDGE('',*,*,#4260,.T.);
#2544=ORIENTED_EDGE('',*,*,#4245,.F.);
#2545=ORIENTED_EDGE('',*,*,#4261,.F.);
#2546=ORIENTED_EDGE('',*,*,#4250,.T.);
#2547=ORIENTED_EDGE('',*,*,#4259,.T.);
#2548=ORIENTED_EDGE('',*,*,#4212,.T.);
#2549=ORIENTED_EDGE('',*,*,#4244,.F.);
#2550=ORIENTED_EDGE('',*,*,#4262,.F.);
#2551=ORIENTED_EDGE('',*,*,#4251,.T.);
#2552=ORIENTED_EDGE('',*,*,#4261,.T.);
#2553=ORIENTED_EDGE('',*,*,#4243,.F.);
#2554=ORIENTED_EDGE('',*,*,#4263,.F.);
#2555=ORIENTED_EDGE('',*,*,#4252,.T.);
#2556=ORIENTED_EDGE('',*,*,#4262,.T.);
#2557=ORIENTED_EDGE('',*,*,#4242,.F.);
#2558=ORIENTED_EDGE('',*,*,#4264,.F.);
#2559=ORIENTED_EDGE('',*,*,#4253,.T.);
#2560=ORIENTED_EDGE('',*,*,#4263,.T.);
#2561=ORIENTED_EDGE('',*,*,#4241,.F.);
#2562=ORIENTED_EDGE('',*,*,#4236,.T.);
#2563=ORIENTED_EDGE('',*,*,#4265,.F.);
#2564=ORIENTED_EDGE('',*,*,#4228,.F.);
#2565=ORIENTED_EDGE('',*,*,#4254,.T.);
#2566=ORIENTED_EDGE('',*,*,#4264,.T.);
#2567=ORIENTED_EDGE('',*,*,#4265,.T.);
#2568=ORIENTED_EDGE('',*,*,#4238,.F.);
#2569=ORIENTED_EDGE('',*,*,#4266,.F.);
#2570=ORIENTED_EDGE('',*,*,#4231,.F.);
#2571=ORIENTED_EDGE('',*,*,#4191,.F.);
#2572=ORIENTED_EDGE('',*,*,#4232,.T.);
#2573=ORIENTED_EDGE('',*,*,#4266,.T.);
#2574=ORIENTED_EDGE('',*,*,#4237,.T.);
#2575=ORIENTED_EDGE('',*,*,#4188,.F.);
#2576=ORIENTED_EDGE('',*,*,#4195,.F.);
#2577=ORIENTED_EDGE('',*,*,#4255,.T.);
#2578=ORIENTED_EDGE('',*,*,#4239,.F.);
#2579=ORIENTED_EDGE('',*,*,#4267,.F.);
#2580=ORIENTED_EDGE('',*,*,#4196,.F.);
#2581=ORIENTED_EDGE('',*,*,#4267,.T.);
#2582=ORIENTED_EDGE('',*,*,#4234,.F.);
#2583=ORIENTED_EDGE('',*,*,#4247,.F.);
#2584=ORIENTED_EDGE('',*,*,#4268,.F.);
#2585=ORIENTED_EDGE('',*,*,#4197,.F.);
#2586=ORIENTED_EDGE('',*,*,#4268,.T.);
#2587=ORIENTED_EDGE('',*,*,#4246,.F.);
#2588=ORIENTED_EDGE('',*,*,#4260,.F.);
#2589=ORIENTED_EDGE('',*,*,#4269,.T.);
#2590=ORIENTED_EDGE('',*,*,#4270,.F.);
#2591=ORIENTED_EDGE('',*,*,#4271,.T.);
#2592=ORIENTED_EDGE('',*,*,#4272,.T.);
#2593=ORIENTED_EDGE('',*,*,#4273,.T.);
#2594=ORIENTED_EDGE('',*,*,#4274,.T.);
#2595=ORIENTED_EDGE('',*,*,#4270,.T.);
#2596=ORIENTED_EDGE('',*,*,#4275,.T.);
#2597=ORIENTED_EDGE('',*,*,#4276,.T.);
#2598=ORIENTED_EDGE('',*,*,#4277,.T.);
#2599=ORIENTED_EDGE('',*,*,#4278,.T.);
#2600=ORIENTED_EDGE('',*,*,#4279,.T.);
#2601=ORIENTED_EDGE('',*,*,#4280,.T.);
#2602=ORIENTED_EDGE('',*,*,#4281,.T.);
#2603=ORIENTED_EDGE('',*,*,#4282,.T.);
#2604=ORIENTED_EDGE('',*,*,#4283,.T.);
#2605=ORIENTED_EDGE('',*,*,#4284,.T.);
#2606=ORIENTED_EDGE('',*,*,#4285,.T.);
#2607=ORIENTED_EDGE('',*,*,#4286,.T.);
#2608=ORIENTED_EDGE('',*,*,#4287,.T.);
#2609=ORIENTED_EDGE('',*,*,#4288,.F.);
#2610=ORIENTED_EDGE('',*,*,#4289,.F.);
#2611=ORIENTED_EDGE('',*,*,#4290,.F.);
#2612=ORIENTED_EDGE('',*,*,#4291,.F.);
#2613=ORIENTED_EDGE('',*,*,#4292,.F.);
#2614=ORIENTED_EDGE('',*,*,#4293,.F.);
#2615=ORIENTED_EDGE('',*,*,#4294,.F.);
#2616=ORIENTED_EDGE('',*,*,#4295,.F.);
#2617=ORIENTED_EDGE('',*,*,#4296,.F.);
#2618=ORIENTED_EDGE('',*,*,#4297,.F.);
#2619=ORIENTED_EDGE('',*,*,#4298,.F.);
#2620=ORIENTED_EDGE('',*,*,#4299,.F.);
#2621=ORIENTED_EDGE('',*,*,#4287,.F.);
#2622=ORIENTED_EDGE('',*,*,#4300,.F.);
#2623=ORIENTED_EDGE('',*,*,#4289,.T.);
#2624=ORIENTED_EDGE('',*,*,#4301,.T.);
#2625=ORIENTED_EDGE('',*,*,#4286,.F.);
#2626=ORIENTED_EDGE('',*,*,#4302,.F.);
#2627=ORIENTED_EDGE('',*,*,#4290,.T.);
#2628=ORIENTED_EDGE('',*,*,#4300,.T.);
#2629=ORIENTED_EDGE('',*,*,#4285,.F.);
#2630=ORIENTED_EDGE('',*,*,#4303,.F.);
#2631=ORIENTED_EDGE('',*,*,#4291,.T.);
#2632=ORIENTED_EDGE('',*,*,#4302,.T.);
#2633=ORIENTED_EDGE('',*,*,#4284,.F.);
#2634=ORIENTED_EDGE('',*,*,#4304,.F.);
#2635=ORIENTED_EDGE('',*,*,#4292,.T.);
#2636=ORIENTED_EDGE('',*,*,#4303,.T.);
#2637=ORIENTED_EDGE('',*,*,#4283,.F.);
#2638=ORIENTED_EDGE('',*,*,#4305,.F.);
#2639=ORIENTED_EDGE('',*,*,#4293,.T.);
#2640=ORIENTED_EDGE('',*,*,#4304,.T.);
#2641=ORIENTED_EDGE('',*,*,#4282,.F.);
#2642=ORIENTED_EDGE('',*,*,#4306,.F.);
#2643=ORIENTED_EDGE('',*,*,#4294,.T.);
#2644=ORIENTED_EDGE('',*,*,#4305,.T.);
#2645=ORIENTED_EDGE('',*,*,#4276,.F.);
#2646=ORIENTED_EDGE('',*,*,#4301,.F.);
#2647=ORIENTED_EDGE('',*,*,#4288,.T.);
#2648=ORIENTED_EDGE('',*,*,#4307,.T.);
#2649=ORIENTED_EDGE('',*,*,#4308,.F.);
#2650=ORIENTED_EDGE('',*,*,#4309,.F.);
#2651=ORIENTED_EDGE('',*,*,#4310,.F.);
#2652=ORIENTED_EDGE('',*,*,#4311,.T.);
#2653=ORIENTED_EDGE('',*,*,#4312,.T.);
#2654=ORIENTED_EDGE('',*,*,#4313,.T.);
#2655=ORIENTED_EDGE('',*,*,#4308,.T.);
#2656=ORIENTED_EDGE('',*,*,#4314,.T.);
#2657=ORIENTED_EDGE('',*,*,#4315,.F.);
#2658=ORIENTED_EDGE('',*,*,#4273,.F.);
#2659=ORIENTED_EDGE('',*,*,#4316,.T.);
#2660=ORIENTED_EDGE('',*,*,#4317,.T.);
#2661=ORIENTED_EDGE('',*,*,#4318,.F.);
#2662=ORIENTED_EDGE('',*,*,#4319,.F.);
#2663=ORIENTED_EDGE('',*,*,#4320,.F.);
#2664=ORIENTED_EDGE('',*,*,#4321,.T.);
#2665=ORIENTED_EDGE('',*,*,#4318,.T.);
#2666=ORIENTED_EDGE('',*,*,#4322,.T.);
#2667=ORIENTED_EDGE('',*,*,#4323,.T.);
#2668=ORIENTED_EDGE('',*,*,#4272,.F.);
#2669=ORIENTED_EDGE('',*,*,#4324,.T.);
#2670=ORIENTED_EDGE('',*,*,#4325,.T.);
#2671=ORIENTED_EDGE('',*,*,#4326,.T.);
#2672=ORIENTED_EDGE('',*,*,#4327,.T.);
#2673=ORIENTED_EDGE('',*,*,#4328,.T.);
#2674=ORIENTED_EDGE('',*,*,#4329,.T.);
#2675=ORIENTED_EDGE('',*,*,#4330,.T.);
#2676=ORIENTED_EDGE('',*,*,#4316,.F.);
#2677=ORIENTED_EDGE('',*,*,#4310,.T.);
#2678=ORIENTED_EDGE('',*,*,#4331,.F.);
#2679=ORIENTED_EDGE('',*,*,#4332,.F.);
#2680=ORIENTED_EDGE('',*,*,#4333,.F.);
#2681=ORIENTED_EDGE('',*,*,#4334,.F.);
#2682=ORIENTED_EDGE('',*,*,#4335,.F.);
#2683=ORIENTED_EDGE('',*,*,#4336,.F.);
#2684=ORIENTED_EDGE('',*,*,#4337,.F.);
#2685=ORIENTED_EDGE('',*,*,#4323,.F.);
#2686=ORIENTED_EDGE('',*,*,#4338,.F.);
#2687=ORIENTED_EDGE('',*,*,#4277,.F.);
#2688=ORIENTED_EDGE('',*,*,#4307,.F.);
#2689=ORIENTED_EDGE('',*,*,#4299,.T.);
#2690=ORIENTED_EDGE('',*,*,#4339,.F.);
#2691=ORIENTED_EDGE('',*,*,#4312,.F.);
#2692=ORIENTED_EDGE('',*,*,#4275,.F.);
#2693=ORIENTED_EDGE('',*,*,#4269,.F.);
#2694=ORIENTED_EDGE('',*,*,#4340,.F.);
#2695=ORIENTED_EDGE('',*,*,#4313,.F.);
#2696=ORIENTED_EDGE('',*,*,#4339,.T.);
#2697=ORIENTED_EDGE('',*,*,#4298,.T.);
#2698=ORIENTED_EDGE('',*,*,#4341,.F.);
#2699=ORIENTED_EDGE('',*,*,#4331,.T.);
#2700=ORIENTED_EDGE('',*,*,#4309,.T.);
#2701=ORIENTED_EDGE('',*,*,#4340,.T.);
#2702=ORIENTED_EDGE('',*,*,#4297,.T.);
#2703=ORIENTED_EDGE('',*,*,#4342,.F.);
#2704=ORIENTED_EDGE('',*,*,#4332,.T.);
#2705=ORIENTED_EDGE('',*,*,#4341,.T.);
#2706=ORIENTED_EDGE('',*,*,#4296,.T.);
#2707=ORIENTED_EDGE('',*,*,#4306,.T.);
#2708=ORIENTED_EDGE('',*,*,#4281,.F.);
#2709=ORIENTED_EDGE('',*,*,#4343,.T.);
#2710=ORIENTED_EDGE('',*,*,#4328,.F.);
#2711=ORIENTED_EDGE('',*,*,#4344,.F.);
#2712=ORIENTED_EDGE('',*,*,#4333,.T.);
#2713=ORIENTED_EDGE('',*,*,#4342,.T.);
#2714=ORIENTED_EDGE('',*,*,#4295,.T.);
#2715=ORIENTED_EDGE('',*,*,#4327,.F.);
#2716=ORIENTED_EDGE('',*,*,#4345,.F.);
#2717=ORIENTED_EDGE('',*,*,#4334,.T.);
#2718=ORIENTED_EDGE('',*,*,#4344,.T.);
#2719=ORIENTED_EDGE('',*,*,#4326,.F.);
#2720=ORIENTED_EDGE('',*,*,#4346,.F.);
#2721=ORIENTED_EDGE('',*,*,#4335,.T.);
#2722=ORIENTED_EDGE('',*,*,#4345,.T.);
#2723=ORIENTED_EDGE('',*,*,#4325,.F.);
#2724=ORIENTED_EDGE('',*,*,#4347,.F.);
#2725=ORIENTED_EDGE('',*,*,#4336,.T.);
#2726=ORIENTED_EDGE('',*,*,#4346,.T.);
#2727=ORIENTED_EDGE('',*,*,#4324,.F.);
#2728=ORIENTED_EDGE('',*,*,#4319,.T.);
#2729=ORIENTED_EDGE('',*,*,#4348,.F.);
#2730=ORIENTED_EDGE('',*,*,#4311,.F.);
#2731=ORIENTED_EDGE('',*,*,#4337,.T.);
#2732=ORIENTED_EDGE('',*,*,#4347,.T.);
#2733=ORIENTED_EDGE('',*,*,#4348,.T.);
#2734=ORIENTED_EDGE('',*,*,#4321,.F.);
#2735=ORIENTED_EDGE('',*,*,#4349,.F.);
#2736=ORIENTED_EDGE('',*,*,#4314,.F.);
#2737=ORIENTED_EDGE('',*,*,#4274,.F.);
#2738=ORIENTED_EDGE('',*,*,#4315,.T.);
#2739=ORIENTED_EDGE('',*,*,#4349,.T.);
#2740=ORIENTED_EDGE('',*,*,#4320,.T.);
#2741=ORIENTED_EDGE('',*,*,#4271,.F.);
#2742=ORIENTED_EDGE('',*,*,#4278,.F.);
#2743=ORIENTED_EDGE('',*,*,#4338,.T.);
#2744=ORIENTED_EDGE('',*,*,#4322,.F.);
#2745=ORIENTED_EDGE('',*,*,#4350,.F.);
#2746=ORIENTED_EDGE('',*,*,#4279,.F.);
#2747=ORIENTED_EDGE('',*,*,#4350,.T.);
#2748=ORIENTED_EDGE('',*,*,#4317,.F.);
#2749=ORIENTED_EDGE('',*,*,#4330,.F.);
#2750=ORIENTED_EDGE('',*,*,#4351,.F.);
#2751=ORIENTED_EDGE('',*,*,#4280,.F.);
#2752=ORIENTED_EDGE('',*,*,#4351,.T.);
#2753=ORIENTED_EDGE('',*,*,#4329,.F.);
#2754=ORIENTED_EDGE('',*,*,#4343,.F.);
#2755=ORIENTED_EDGE('',*,*,#4352,.T.);
#2756=ORIENTED_EDGE('',*,*,#4353,.F.);
#2757=ORIENTED_EDGE('',*,*,#4354,.T.);
#2758=ORIENTED_EDGE('',*,*,#4355,.T.);
#2759=ORIENTED_EDGE('',*,*,#4356,.T.);
#2760=ORIENTED_EDGE('',*,*,#4357,.T.);
#2761=ORIENTED_EDGE('',*,*,#4358,.T.);
#2762=ORIENTED_EDGE('',*,*,#4359,.T.);
#2763=ORIENTED_EDGE('',*,*,#4360,.T.);
#2764=ORIENTED_EDGE('',*,*,#4361,.T.);
#2765=ORIENTED_EDGE('',*,*,#4362,.T.);
#2766=ORIENTED_EDGE('',*,*,#4363,.T.);
#2767=ORIENTED_EDGE('',*,*,#4354,.F.);
#2768=ORIENTED_EDGE('',*,*,#4364,.T.);
#2769=ORIENTED_EDGE('',*,*,#4365,.T.);
#2770=ORIENTED_EDGE('',*,*,#4366,.F.);
#2771=ORIENTED_EDGE('',*,*,#4367,.T.);
#2772=ORIENTED_EDGE('',*,*,#4366,.T.);
#2773=ORIENTED_EDGE('',*,*,#4368,.T.);
#2774=ORIENTED_EDGE('',*,*,#4369,.T.);
#2775=ORIENTED_EDGE('',*,*,#4370,.F.);
#2776=ORIENTED_EDGE('',*,*,#4358,.F.);
#2777=ORIENTED_EDGE('',*,*,#4371,.T.);
#2778=ORIENTED_EDGE('',*,*,#4372,.F.);
#2779=ORIENTED_EDGE('',*,*,#4373,.T.);
#2780=ORIENTED_EDGE('',*,*,#4374,.T.);
#2781=ORIENTED_EDGE('',*,*,#4375,.T.);
#2782=ORIENTED_EDGE('',*,*,#4376,.T.);
#2783=ORIENTED_EDGE('',*,*,#4377,.T.);
#2784=ORIENTED_EDGE('',*,*,#4378,.F.);
#2785=ORIENTED_EDGE('',*,*,#4379,.F.);
#2786=ORIENTED_EDGE('',*,*,#4374,.F.);
#2787=ORIENTED_EDGE('',*,*,#4380,.T.);
#2788=ORIENTED_EDGE('',*,*,#4381,.T.);
#2789=ORIENTED_EDGE('',*,*,#4382,.T.);
#2790=ORIENTED_EDGE('',*,*,#4383,.F.);
#2791=ORIENTED_EDGE('',*,*,#4384,.T.);
#2792=ORIENTED_EDGE('',*,*,#4361,.F.);
#2793=ORIENTED_EDGE('',*,*,#4385,.F.);
#2794=ORIENTED_EDGE('',*,*,#4386,.F.);
#2795=ORIENTED_EDGE('',*,*,#4387,.T.);
#2796=ORIENTED_EDGE('',*,*,#4388,.F.);
#2797=ORIENTED_EDGE('',*,*,#4389,.T.);
#2798=ORIENTED_EDGE('',*,*,#4382,.F.);
#2799=ORIENTED_EDGE('',*,*,#4386,.T.);
#2800=ORIENTED_EDGE('',*,*,#4390,.T.);
#2801=ORIENTED_EDGE('',*,*,#4391,.T.);
#2802=ORIENTED_EDGE('',*,*,#4392,.F.);
#2803=ORIENTED_EDGE('',*,*,#4393,.T.);
#2804=ORIENTED_EDGE('',*,*,#4394,.T.);
#2805=ORIENTED_EDGE('',*,*,#4395,.T.);
#2806=ORIENTED_EDGE('',*,*,#4396,.T.);
#2807=ORIENTED_EDGE('',*,*,#4397,.T.);
#2808=ORIENTED_EDGE('',*,*,#4396,.F.);
#2809=ORIENTED_EDGE('',*,*,#4398,.T.);
#2810=ORIENTED_EDGE('',*,*,#4399,.F.);
#2811=ORIENTED_EDGE('',*,*,#4400,.T.);
#2812=ORIENTED_EDGE('',*,*,#4401,.F.);
#2813=ORIENTED_EDGE('',*,*,#4402,.F.);
#2814=ORIENTED_EDGE('',*,*,#4403,.F.);
#2815=ORIENTED_EDGE('',*,*,#4404,.F.);
#2816=ORIENTED_EDGE('',*,*,#4405,.F.);
#2817=ORIENTED_EDGE('',*,*,#4406,.T.);
#2818=ORIENTED_EDGE('',*,*,#4407,.F.);
#2819=ORIENTED_EDGE('',*,*,#4408,.T.);
#2820=ORIENTED_EDGE('',*,*,#4372,.T.);
#2821=ORIENTED_EDGE('',*,*,#4409,.T.);
#2822=ORIENTED_EDGE('',*,*,#4410,.F.);
#2823=ORIENTED_EDGE('',*,*,#4387,.F.);
#2824=ORIENTED_EDGE('',*,*,#4392,.T.);
#2825=ORIENTED_EDGE('',*,*,#4411,.F.);
#2826=ORIENTED_EDGE('',*,*,#4410,.T.);
#2827=ORIENTED_EDGE('',*,*,#4412,.F.);
#2828=ORIENTED_EDGE('',*,*,#4393,.F.);
#2829=ORIENTED_EDGE('',*,*,#4397,.F.);
#2830=ORIENTED_EDGE('',*,*,#4413,.T.);
#2831=ORIENTED_EDGE('',*,*,#4414,.T.);
#2832=ORIENTED_EDGE('',*,*,#4400,.F.);
#2833=ORIENTED_EDGE('',*,*,#4415,.T.);
#2834=ORIENTED_EDGE('',*,*,#4416,.T.);
#2835=ORIENTED_EDGE('',*,*,#4417,.T.);
#2836=ORIENTED_EDGE('',*,*,#4406,.F.);
#2837=ORIENTED_EDGE('',*,*,#4418,.T.);
#2838=ORIENTED_EDGE('',*,*,#4419,.T.);
#2839=ORIENTED_EDGE('',*,*,#4415,.F.);
#2840=ORIENTED_EDGE('',*,*,#4407,.T.);
#2841=ORIENTED_EDGE('',*,*,#4417,.F.);
#2842=ORIENTED_EDGE('',*,*,#4420,.F.);
#2843=ORIENTED_EDGE('',*,*,#4421,.F.);
#2844=ORIENTED_EDGE('',*,*,#4422,.F.);
#2845=ORIENTED_EDGE('',*,*,#4423,.F.);
#2846=ORIENTED_EDGE('',*,*,#4383,.T.);
#2847=ORIENTED_EDGE('',*,*,#4389,.F.);
#2848=ORIENTED_EDGE('',*,*,#4424,.F.);
#2849=ORIENTED_EDGE('',*,*,#4425,.T.);
#2850=ORIENTED_EDGE('',*,*,#4404,.T.);
#2851=ORIENTED_EDGE('',*,*,#4426,.T.);
#2852=ORIENTED_EDGE('',*,*,#4427,.F.);
#2853=ORIENTED_EDGE('',*,*,#4377,.F.);
#2854=ORIENTED_EDGE('',*,*,#4373,.F.);
#2855=ORIENTED_EDGE('',*,*,#4418,.F.);
#2856=ORIENTED_EDGE('',*,*,#4405,.T.);
#2857=ORIENTED_EDGE('',*,*,#4425,.F.);
#2858=ORIENTED_EDGE('',*,*,#4428,.F.);
#2859=ORIENTED_EDGE('',*,*,#4429,.T.);
#2860=ORIENTED_EDGE('',*,*,#4402,.T.);
#2861=ORIENTED_EDGE('',*,*,#4430,.T.);
#2862=ORIENTED_EDGE('',*,*,#4431,.F.);
#2863=ORIENTED_EDGE('',*,*,#4426,.F.);
#2864=ORIENTED_EDGE('',*,*,#4403,.T.);
#2865=ORIENTED_EDGE('',*,*,#4429,.F.);
#2866=ORIENTED_EDGE('',*,*,#4432,.F.);
#2867=ORIENTED_EDGE('',*,*,#4430,.F.);
#2868=ORIENTED_EDGE('',*,*,#4401,.T.);
#2869=ORIENTED_EDGE('',*,*,#4414,.F.);
#2870=ORIENTED_EDGE('',*,*,#4433,.F.);
#2871=ORIENTED_EDGE('',*,*,#4364,.F.);
#2872=ORIENTED_EDGE('',*,*,#4353,.T.);
#2873=ORIENTED_EDGE('',*,*,#4434,.F.);
#2874=ORIENTED_EDGE('',*,*,#4421,.T.);
#2875=ORIENTED_EDGE('',*,*,#4376,.F.);
#2876=ORIENTED_EDGE('',*,*,#4435,.T.);
#2877=ORIENTED_EDGE('',*,*,#4368,.F.);
#2878=ORIENTED_EDGE('',*,*,#4365,.F.);
#2879=ORIENTED_EDGE('',*,*,#4435,.F.);
#2880=ORIENTED_EDGE('',*,*,#4375,.F.);
#2881=ORIENTED_EDGE('',*,*,#4379,.T.);
#2882=ORIENTED_EDGE('',*,*,#4436,.F.);
#2883=ORIENTED_EDGE('',*,*,#4363,.F.);
#2884=ORIENTED_EDGE('',*,*,#4437,.F.);
#2885=ORIENTED_EDGE('',*,*,#4380,.F.);
#2886=ORIENTED_EDGE('',*,*,#4423,.T.);
#2887=ORIENTED_EDGE('',*,*,#4438,.F.);
#2888=ORIENTED_EDGE('',*,*,#4355,.F.);
#2889=ORIENTED_EDGE('',*,*,#4362,.F.);
#2890=ORIENTED_EDGE('',*,*,#4384,.F.);
#2891=ORIENTED_EDGE('',*,*,#4381,.F.);
#2892=ORIENTED_EDGE('',*,*,#4437,.T.);
#2893=ORIENTED_EDGE('',*,*,#4359,.F.);
#2894=ORIENTED_EDGE('',*,*,#4370,.T.);
#2895=ORIENTED_EDGE('',*,*,#4408,.F.);
#2896=ORIENTED_EDGE('',*,*,#4411,.T.);
#2897=ORIENTED_EDGE('',*,*,#4391,.F.);
#2898=ORIENTED_EDGE('',*,*,#4439,.T.);
#2899=ORIENTED_EDGE('',*,*,#4360,.F.);
#2900=ORIENTED_EDGE('',*,*,#4439,.F.);
#2901=ORIENTED_EDGE('',*,*,#4390,.F.);
#2902=ORIENTED_EDGE('',*,*,#4385,.T.);
#2903=ORIENTED_EDGE('',*,*,#4357,.F.);
#2904=ORIENTED_EDGE('',*,*,#4440,.F.);
#2905=ORIENTED_EDGE('',*,*,#4394,.F.);
#2906=ORIENTED_EDGE('',*,*,#4412,.T.);
#2907=ORIENTED_EDGE('',*,*,#4409,.F.);
#2908=ORIENTED_EDGE('',*,*,#4371,.F.);
#2909=ORIENTED_EDGE('',*,*,#4367,.F.);
#2910=ORIENTED_EDGE('',*,*,#4441,.F.);
#2911=ORIENTED_EDGE('',*,*,#4398,.F.);
#2912=ORIENTED_EDGE('',*,*,#4395,.F.);
#2913=ORIENTED_EDGE('',*,*,#4440,.T.);
#2914=ORIENTED_EDGE('',*,*,#4356,.F.);
#2915=ORIENTED_EDGE('',*,*,#4424,.T.);
#2916=ORIENTED_EDGE('',*,*,#4388,.T.);
#2917=ORIENTED_EDGE('',*,*,#4416,.F.);
#2918=ORIENTED_EDGE('',*,*,#4420,.T.);
#2919=ORIENTED_EDGE('',*,*,#4419,.F.);
#2920=ORIENTED_EDGE('',*,*,#4428,.T.);
#2921=ORIENTED_EDGE('',*,*,#4352,.F.);
#2922=ORIENTED_EDGE('',*,*,#4438,.T.);
#2923=ORIENTED_EDGE('',*,*,#4422,.T.);
#2924=ORIENTED_EDGE('',*,*,#4434,.T.);
#2925=ORIENTED_EDGE('',*,*,#4369,.F.);
#2926=ORIENTED_EDGE('',*,*,#4436,.T.);
#2927=ORIENTED_EDGE('',*,*,#4378,.T.);
#2928=ORIENTED_EDGE('',*,*,#4427,.T.);
#2929=ORIENTED_EDGE('',*,*,#4432,.T.);
#2930=ORIENTED_EDGE('',*,*,#4431,.T.);
#2931=ORIENTED_EDGE('',*,*,#4433,.T.);
#2932=ORIENTED_EDGE('',*,*,#4413,.F.);
#2933=ORIENTED_EDGE('',*,*,#4399,.T.);
#2934=ORIENTED_EDGE('',*,*,#4441,.T.);
#2935=ORIENTED_EDGE('',*,*,#4442,.T.);
#2936=ORIENTED_EDGE('',*,*,#4443,.F.);
#2937=ORIENTED_EDGE('',*,*,#4444,.F.);
#2938=ORIENTED_EDGE('',*,*,#4445,.F.);
#2939=ORIENTED_EDGE('',*,*,#4444,.T.);
#2940=ORIENTED_EDGE('',*,*,#4446,.F.);
#2941=ORIENTED_EDGE('',*,*,#4447,.T.);
#2942=ORIENTED_EDGE('',*,*,#4448,.F.);
#2943=ORIENTED_EDGE('',*,*,#4449,.F.);
#2944=ORIENTED_EDGE('',*,*,#4450,.T.);
#2945=ORIENTED_EDGE('',*,*,#4451,.T.);
#2946=ORIENTED_EDGE('',*,*,#4452,.F.);
#2947=ORIENTED_EDGE('',*,*,#4453,.T.);
#2948=ORIENTED_EDGE('',*,*,#4454,.F.);
#2949=ORIENTED_EDGE('',*,*,#4449,.T.);
#2950=ORIENTED_EDGE('',*,*,#4455,.F.);
#2951=ORIENTED_EDGE('',*,*,#4456,.T.);
#2952=ORIENTED_EDGE('',*,*,#4457,.F.);
#2953=ORIENTED_EDGE('',*,*,#4458,.F.);
#2954=ORIENTED_EDGE('',*,*,#4459,.F.);
#2955=ORIENTED_EDGE('',*,*,#4458,.T.);
#2956=ORIENTED_EDGE('',*,*,#4460,.F.);
#2957=ORIENTED_EDGE('',*,*,#4461,.T.);
#2958=ORIENTED_EDGE('',*,*,#4462,.F.);
#2959=ORIENTED_EDGE('',*,*,#4463,.T.);
#2960=ORIENTED_EDGE('',*,*,#4464,.F.);
#2961=ORIENTED_EDGE('',*,*,#4465,.T.);
#2962=ORIENTED_EDGE('',*,*,#4466,.T.);
#2963=ORIENTED_EDGE('',*,*,#4467,.T.);
#2964=ORIENTED_EDGE('',*,*,#4466,.F.);
#2965=ORIENTED_EDGE('',*,*,#4468,.T.);
#2966=ORIENTED_EDGE('',*,*,#4469,.T.);
#2967=ORIENTED_EDGE('',*,*,#4470,.F.);
#2968=ORIENTED_EDGE('',*,*,#4471,.F.);
#2969=ORIENTED_EDGE('',*,*,#4464,.T.);
#2970=ORIENTED_EDGE('',*,*,#4472,.F.);
#2971=ORIENTED_EDGE('',*,*,#4473,.T.);
#2972=ORIENTED_EDGE('',*,*,#4474,.F.);
#2973=ORIENTED_EDGE('',*,*,#4475,.T.);
#2974=ORIENTED_EDGE('',*,*,#4476,.T.);
#2975=ORIENTED_EDGE('',*,*,#4477,.T.);
#2976=ORIENTED_EDGE('',*,*,#4476,.F.);
#2977=ORIENTED_EDGE('',*,*,#4478,.T.);
#2978=ORIENTED_EDGE('',*,*,#4479,.T.);
#2979=ORIENTED_EDGE('',*,*,#4480,.F.);
#2980=ORIENTED_EDGE('',*,*,#4481,.F.);
#2981=ORIENTED_EDGE('',*,*,#4474,.T.);
#2982=ORIENTED_EDGE('',*,*,#4482,.F.);
#2983=ORIENTED_EDGE('',*,*,#4483,.T.);
#2984=ORIENTED_EDGE('',*,*,#4484,.T.);
#2985=ORIENTED_EDGE('',*,*,#4485,.T.);
#2986=ORIENTED_EDGE('',*,*,#4486,.F.);
#2987=ORIENTED_EDGE('',*,*,#4486,.T.);
#2988=ORIENTED_EDGE('',*,*,#4487,.F.);
#2989=ORIENTED_EDGE('',*,*,#4488,.F.);
#2990=ORIENTED_EDGE('',*,*,#4489,.F.);
#2991=ORIENTED_EDGE('',*,*,#4490,.T.);
#2992=ORIENTED_EDGE('',*,*,#4491,.T.);
#2993=ORIENTED_EDGE('',*,*,#4492,.T.);
#2994=ORIENTED_EDGE('',*,*,#4484,.F.);
#2995=ORIENTED_EDGE('',*,*,#4493,.T.);
#2996=ORIENTED_EDGE('',*,*,#4494,.T.);
#2997=ORIENTED_EDGE('',*,*,#4495,.T.);
#2998=ORIENTED_EDGE('',*,*,#4496,.F.);
#2999=ORIENTED_EDGE('',*,*,#4496,.T.);
#3000=ORIENTED_EDGE('',*,*,#4497,.F.);
#3001=ORIENTED_EDGE('',*,*,#4498,.F.);
#3002=ORIENTED_EDGE('',*,*,#4499,.F.);
#3003=ORIENTED_EDGE('',*,*,#4500,.T.);
#3004=ORIENTED_EDGE('',*,*,#4501,.T.);
#3005=ORIENTED_EDGE('',*,*,#4502,.T.);
#3006=ORIENTED_EDGE('',*,*,#4494,.F.);
#3007=ORIENTED_EDGE('',*,*,#4503,.F.);
#3008=ORIENTED_EDGE('',*,*,#4504,.T.);
#3009=ORIENTED_EDGE('',*,*,#4505,.T.);
#3010=ORIENTED_EDGE('',*,*,#4506,.F.);
#3011=ORIENTED_EDGE('',*,*,#4507,.F.);
#3012=ORIENTED_EDGE('',*,*,#4508,.F.);
#3013=ORIENTED_EDGE('',*,*,#4509,.T.);
#3014=ORIENTED_EDGE('',*,*,#4510,.F.);
#3015=ORIENTED_EDGE('',*,*,#4511,.T.);
#3016=ORIENTED_EDGE('',*,*,#4512,.F.);
#3017=ORIENTED_EDGE('',*,*,#4513,.F.);
#3018=ORIENTED_EDGE('',*,*,#4514,.T.);
#3019=ORIENTED_EDGE('',*,*,#4515,.T.);
#3020=ORIENTED_EDGE('',*,*,#4516,.T.);
#3021=ORIENTED_EDGE('',*,*,#4517,.T.);
#3022=ORIENTED_EDGE('',*,*,#4518,.F.);
#3023=ORIENTED_EDGE('',*,*,#4518,.T.);
#3024=ORIENTED_EDGE('',*,*,#4519,.T.);
#3025=ORIENTED_EDGE('',*,*,#4520,.F.);
#3026=ORIENTED_EDGE('',*,*,#4521,.T.);
#3027=ORIENTED_EDGE('',*,*,#4522,.F.);
#3028=ORIENTED_EDGE('',*,*,#4516,.F.);
#3029=ORIENTED_EDGE('',*,*,#4523,.F.);
#3030=ORIENTED_EDGE('',*,*,#4524,.F.);
#3031=ORIENTED_EDGE('',*,*,#4517,.F.);
#3032=ORIENTED_EDGE('',*,*,#4522,.T.);
#3033=ORIENTED_EDGE('',*,*,#4525,.F.);
#3034=ORIENTED_EDGE('',*,*,#4519,.F.);
#3035=ORIENTED_EDGE('',*,*,#4515,.F.);
#3036=ORIENTED_EDGE('',*,*,#4521,.F.);
#3037=ORIENTED_EDGE('',*,*,#4526,.T.);
#3038=ORIENTED_EDGE('',*,*,#4523,.T.);
#3039=ORIENTED_EDGE('',*,*,#4527,.T.);
#3040=ORIENTED_EDGE('',*,*,#4528,.T.);
#3041=ORIENTED_EDGE('',*,*,#4520,.T.);
#3042=ORIENTED_EDGE('',*,*,#4529,.T.);
#3043=ORIENTED_EDGE('',*,*,#4501,.F.);
#3044=ORIENTED_EDGE('',*,*,#4530,.F.);
#3045=ORIENTED_EDGE('',*,*,#4531,.F.);
#3046=ORIENTED_EDGE('',*,*,#4532,.F.);
#3047=ORIENTED_EDGE('',*,*,#4502,.F.);
#3048=ORIENTED_EDGE('',*,*,#4532,.T.);
#3049=ORIENTED_EDGE('',*,*,#4533,.F.);
#3050=ORIENTED_EDGE('',*,*,#4529,.F.);
#3051=ORIENTED_EDGE('',*,*,#4525,.T.);
#3052=ORIENTED_EDGE('',*,*,#4534,.T.);
#3053=ORIENTED_EDGE('',*,*,#4497,.T.);
#3054=ORIENTED_EDGE('',*,*,#4495,.F.);
#3055=ORIENTED_EDGE('',*,*,#4500,.F.);
#3056=ORIENTED_EDGE('',*,*,#4493,.F.);
#3057=ORIENTED_EDGE('',*,*,#4499,.T.);
#3058=ORIENTED_EDGE('',*,*,#4535,.T.);
#3059=ORIENTED_EDGE('',*,*,#4526,.F.);
#3060=ORIENTED_EDGE('',*,*,#4528,.F.);
#3061=ORIENTED_EDGE('',*,*,#4536,.T.);
#3062=ORIENTED_EDGE('',*,*,#4530,.T.);
#3063=ORIENTED_EDGE('',*,*,#4512,.T.);
#3064=ORIENTED_EDGE('',*,*,#4537,.T.);
#3065=ORIENTED_EDGE('',*,*,#4538,.F.);
#3066=ORIENTED_EDGE('',*,*,#4539,.T.);
#3067=ORIENTED_EDGE('',*,*,#4540,.F.);
#3068=ORIENTED_EDGE('',*,*,#4514,.F.);
#3069=ORIENTED_EDGE('',*,*,#4541,.F.);
#3070=ORIENTED_EDGE('',*,*,#4542,.F.);
#3071=ORIENTED_EDGE('',*,*,#4511,.F.);
#3072=ORIENTED_EDGE('',*,*,#4540,.T.);
#3073=ORIENTED_EDGE('',*,*,#4543,.F.);
#3074=ORIENTED_EDGE('',*,*,#4537,.F.);
#3075=ORIENTED_EDGE('',*,*,#4539,.F.);
#3076=ORIENTED_EDGE('',*,*,#4544,.T.);
#3077=ORIENTED_EDGE('',*,*,#4541,.T.);
#3078=ORIENTED_EDGE('',*,*,#4513,.T.);
#3079=ORIENTED_EDGE('',*,*,#4545,.T.);
#3080=ORIENTED_EDGE('',*,*,#4546,.T.);
#3081=ORIENTED_EDGE('',*,*,#4538,.T.);
#3082=ORIENTED_EDGE('',*,*,#4547,.T.);
#3083=ORIENTED_EDGE('',*,*,#4491,.F.);
#3084=ORIENTED_EDGE('',*,*,#4548,.F.);
#3085=ORIENTED_EDGE('',*,*,#4549,.F.);
#3086=ORIENTED_EDGE('',*,*,#4550,.F.);
#3087=ORIENTED_EDGE('',*,*,#4492,.F.);
#3088=ORIENTED_EDGE('',*,*,#4550,.T.);
#3089=ORIENTED_EDGE('',*,*,#4551,.F.);
#3090=ORIENTED_EDGE('',*,*,#4547,.F.);
#3091=ORIENTED_EDGE('',*,*,#4543,.T.);
#3092=ORIENTED_EDGE('',*,*,#4552,.T.);
#3093=ORIENTED_EDGE('',*,*,#4487,.T.);
#3094=ORIENTED_EDGE('',*,*,#4485,.F.);
#3095=ORIENTED_EDGE('',*,*,#4490,.F.);
#3096=ORIENTED_EDGE('',*,*,#4483,.F.);
#3097=ORIENTED_EDGE('',*,*,#4489,.T.);
#3098=ORIENTED_EDGE('',*,*,#4553,.T.);
#3099=ORIENTED_EDGE('',*,*,#4544,.F.);
#3100=ORIENTED_EDGE('',*,*,#4546,.F.);
#3101=ORIENTED_EDGE('',*,*,#4554,.T.);
#3102=ORIENTED_EDGE('',*,*,#4548,.T.);
#3103=ORIENTED_EDGE('',*,*,#4555,.T.);
#3104=ORIENTED_EDGE('',*,*,#4556,.T.);
#3105=ORIENTED_EDGE('',*,*,#4557,.T.);
#3106=ORIENTED_EDGE('',*,*,#4558,.T.);
#3107=ORIENTED_EDGE('',*,*,#4479,.F.);
#3108=ORIENTED_EDGE('',*,*,#4559,.F.);
#3109=ORIENTED_EDGE('',*,*,#4560,.T.);
#3110=ORIENTED_EDGE('',*,*,#4561,.F.);
#3111=ORIENTED_EDGE('',*,*,#4478,.F.);
#3112=ORIENTED_EDGE('',*,*,#4475,.F.);
#3113=ORIENTED_EDGE('',*,*,#4481,.T.);
#3114=ORIENTED_EDGE('',*,*,#4562,.T.);
#3115=ORIENTED_EDGE('',*,*,#4563,.F.);
#3116=ORIENTED_EDGE('',*,*,#4558,.F.);
#3117=ORIENTED_EDGE('',*,*,#4564,.T.);
#3118=ORIENTED_EDGE('',*,*,#4559,.T.);
#3119=ORIENTED_EDGE('',*,*,#4477,.F.);
#3120=ORIENTED_EDGE('',*,*,#4561,.T.);
#3121=ORIENTED_EDGE('',*,*,#4565,.F.);
#3122=ORIENTED_EDGE('',*,*,#4556,.F.);
#3123=ORIENTED_EDGE('',*,*,#4566,.T.);
#3124=ORIENTED_EDGE('',*,*,#4567,.T.);
#3125=ORIENTED_EDGE('',*,*,#4482,.T.);
#3126=ORIENTED_EDGE('',*,*,#4473,.F.);
#3127=ORIENTED_EDGE('',*,*,#4568,.T.);
#3128=ORIENTED_EDGE('',*,*,#4569,.F.);
#3129=ORIENTED_EDGE('',*,*,#4570,.F.);
#3130=ORIENTED_EDGE('',*,*,#4504,.F.);
#3131=ORIENTED_EDGE('',*,*,#4571,.T.);
#3132=ORIENTED_EDGE('',*,*,#4572,.T.);
#3133=ORIENTED_EDGE('',*,*,#4573,.T.);
#3134=ORIENTED_EDGE('',*,*,#4574,.T.);
#3135=ORIENTED_EDGE('',*,*,#4469,.F.);
#3136=ORIENTED_EDGE('',*,*,#4575,.F.);
#3137=ORIENTED_EDGE('',*,*,#4576,.F.);
#3138=ORIENTED_EDGE('',*,*,#4577,.F.);
#3139=ORIENTED_EDGE('',*,*,#4468,.F.);
#3140=ORIENTED_EDGE('',*,*,#4465,.F.);
#3141=ORIENTED_EDGE('',*,*,#4471,.T.);
#3142=ORIENTED_EDGE('',*,*,#4578,.T.);
#3143=ORIENTED_EDGE('',*,*,#4579,.F.);
#3144=ORIENTED_EDGE('',*,*,#4574,.F.);
#3145=ORIENTED_EDGE('',*,*,#4569,.T.);
#3146=ORIENTED_EDGE('',*,*,#4575,.T.);
#3147=ORIENTED_EDGE('',*,*,#4467,.F.);
#3148=ORIENTED_EDGE('',*,*,#4577,.T.);
#3149=ORIENTED_EDGE('',*,*,#4580,.F.);
#3150=ORIENTED_EDGE('',*,*,#4572,.F.);
#3151=ORIENTED_EDGE('',*,*,#4581,.T.);
#3152=ORIENTED_EDGE('',*,*,#4582,.T.);
#3153=ORIENTED_EDGE('',*,*,#4472,.T.);
#3154=ORIENTED_EDGE('',*,*,#4463,.F.);
#3155=ORIENTED_EDGE('',*,*,#4583,.T.);
#3156=ORIENTED_EDGE('',*,*,#4584,.T.);
#3157=ORIENTED_EDGE('',*,*,#4585,.F.);
#3158=ORIENTED_EDGE('',*,*,#4586,.T.);
#3159=ORIENTED_EDGE('',*,*,#4587,.T.);
#3160=ORIENTED_EDGE('',*,*,#4588,.F.);
#3161=ORIENTED_EDGE('',*,*,#4589,.F.);
#3162=ORIENTED_EDGE('',*,*,#4590,.T.);
#3163=ORIENTED_EDGE('',*,*,#4460,.T.);
#3164=ORIENTED_EDGE('',*,*,#4457,.T.);
#3165=ORIENTED_EDGE('',*,*,#4591,.T.);
#3166=ORIENTED_EDGE('',*,*,#4592,.F.);
#3167=ORIENTED_EDGE('',*,*,#4593,.F.);
#3168=ORIENTED_EDGE('',*,*,#4594,.F.);
#3169=ORIENTED_EDGE('',*,*,#4595,.T.);
#3170=ORIENTED_EDGE('',*,*,#4596,.T.);
#3171=ORIENTED_EDGE('',*,*,#4597,.T.);
#3172=ORIENTED_EDGE('',*,*,#4598,.F.);
#3173=ORIENTED_EDGE('',*,*,#4592,.T.);
#3174=ORIENTED_EDGE('',*,*,#4599,.T.);
#3175=ORIENTED_EDGE('',*,*,#4600,.F.);
#3176=ORIENTED_EDGE('',*,*,#4601,.F.);
#3177=ORIENTED_EDGE('',*,*,#4602,.T.);
#3178=ORIENTED_EDGE('',*,*,#4603,.T.);
#3179=ORIENTED_EDGE('',*,*,#4459,.T.);
#3180=ORIENTED_EDGE('',*,*,#4462,.T.);
#3181=ORIENTED_EDGE('',*,*,#4604,.T.);
#3182=ORIENTED_EDGE('',*,*,#4605,.F.);
#3183=ORIENTED_EDGE('',*,*,#4606,.T.);
#3184=ORIENTED_EDGE('',*,*,#4600,.T.);
#3185=ORIENTED_EDGE('',*,*,#4607,.T.);
#3186=ORIENTED_EDGE('',*,*,#4608,.F.);
#3187=ORIENTED_EDGE('',*,*,#4609,.F.);
#3188=ORIENTED_EDGE('',*,*,#4610,.T.);
#3189=ORIENTED_EDGE('',*,*,#4611,.F.);
#3190=ORIENTED_EDGE('',*,*,#4612,.F.);
#3191=ORIENTED_EDGE('',*,*,#4613,.F.);
#3192=ORIENTED_EDGE('',*,*,#4607,.F.);
#3193=ORIENTED_EDGE('',*,*,#4614,.F.);
#3194=ORIENTED_EDGE('',*,*,#4615,.T.);
#3195=ORIENTED_EDGE('',*,*,#4609,.T.);
#3196=ORIENTED_EDGE('',*,*,#4616,.T.);
#3197=ORIENTED_EDGE('',*,*,#4617,.T.);
#3198=ORIENTED_EDGE('',*,*,#4616,.F.);
#3199=ORIENTED_EDGE('',*,*,#4608,.T.);
#3200=ORIENTED_EDGE('',*,*,#4613,.T.);
#3201=ORIENTED_EDGE('',*,*,#4618,.F.);
#3202=ORIENTED_EDGE('',*,*,#4611,.T.);
#3203=ORIENTED_EDGE('',*,*,#4610,.F.);
#3204=ORIENTED_EDGE('',*,*,#4615,.F.);
#3205=ORIENTED_EDGE('',*,*,#4601,.T.);
#3206=ORIENTED_EDGE('',*,*,#4619,.T.);
#3207=ORIENTED_EDGE('',*,*,#4598,.T.);
#3208=ORIENTED_EDGE('',*,*,#4620,.T.);
#3209=ORIENTED_EDGE('',*,*,#4612,.T.);
#3210=ORIENTED_EDGE('',*,*,#4621,.T.);
#3211=ORIENTED_EDGE('',*,*,#4456,.F.);
#3212=ORIENTED_EDGE('',*,*,#4603,.F.);
#3213=ORIENTED_EDGE('',*,*,#4599,.F.);
#3214=ORIENTED_EDGE('',*,*,#4622,.F.);
#3215=ORIENTED_EDGE('',*,*,#4614,.T.);
#3216=ORIENTED_EDGE('',*,*,#4623,.F.);
#3217=ORIENTED_EDGE('',*,*,#4596,.F.);
#3218=ORIENTED_EDGE('',*,*,#4591,.F.);
#3219=ORIENTED_EDGE('',*,*,#4602,.F.);
#3220=ORIENTED_EDGE('',*,*,#4621,.F.);
#3221=ORIENTED_EDGE('',*,*,#4618,.T.);
#3222=ORIENTED_EDGE('',*,*,#4622,.T.);
#3223=ORIENTED_EDGE('',*,*,#4597,.F.);
#3224=ORIENTED_EDGE('',*,*,#4623,.T.);
#3225=ORIENTED_EDGE('',*,*,#4617,.F.);
#3226=ORIENTED_EDGE('',*,*,#4620,.F.);
#3227=ORIENTED_EDGE('',*,*,#4624,.T.);
#3228=ORIENTED_EDGE('',*,*,#4625,.F.);
#3229=ORIENTED_EDGE('',*,*,#4626,.F.);
#3230=ORIENTED_EDGE('',*,*,#4627,.T.);
#3231=ORIENTED_EDGE('',*,*,#4628,.F.);
#3232=ORIENTED_EDGE('',*,*,#4629,.F.);
#3233=ORIENTED_EDGE('',*,*,#4630,.F.);
#3234=ORIENTED_EDGE('',*,*,#4624,.F.);
#3235=ORIENTED_EDGE('',*,*,#4631,.F.);
#3236=ORIENTED_EDGE('',*,*,#4632,.T.);
#3237=ORIENTED_EDGE('',*,*,#4626,.T.);
#3238=ORIENTED_EDGE('',*,*,#4633,.T.);
#3239=ORIENTED_EDGE('',*,*,#4634,.T.);
#3240=ORIENTED_EDGE('',*,*,#4633,.F.);
#3241=ORIENTED_EDGE('',*,*,#4625,.T.);
#3242=ORIENTED_EDGE('',*,*,#4630,.T.);
#3243=ORIENTED_EDGE('',*,*,#4635,.F.);
#3244=ORIENTED_EDGE('',*,*,#4628,.T.);
#3245=ORIENTED_EDGE('',*,*,#4627,.F.);
#3246=ORIENTED_EDGE('',*,*,#4632,.F.);
#3247=ORIENTED_EDGE('',*,*,#4589,.T.);
#3248=ORIENTED_EDGE('',*,*,#4636,.T.);
#3249=ORIENTED_EDGE('',*,*,#4585,.T.);
#3250=ORIENTED_EDGE('',*,*,#4637,.T.);
#3251=ORIENTED_EDGE('',*,*,#4629,.T.);
#3252=ORIENTED_EDGE('',*,*,#4638,.T.);
#3253=ORIENTED_EDGE('',*,*,#4583,.F.);
#3254=ORIENTED_EDGE('',*,*,#4639,.F.);
#3255=ORIENTED_EDGE('',*,*,#4640,.F.);
#3256=ORIENTED_EDGE('',*,*,#4641,.F.);
#3257=ORIENTED_EDGE('',*,*,#4587,.F.);
#3258=ORIENTED_EDGE('',*,*,#4642,.F.);
#3259=ORIENTED_EDGE('',*,*,#4631,.T.);
#3260=ORIENTED_EDGE('',*,*,#4643,.F.);
#3261=ORIENTED_EDGE('',*,*,#4590,.F.);
#3262=ORIENTED_EDGE('',*,*,#4638,.F.);
#3263=ORIENTED_EDGE('',*,*,#4635,.T.);
#3264=ORIENTED_EDGE('',*,*,#4642,.T.);
#3265=ORIENTED_EDGE('',*,*,#4584,.F.);
#3266=ORIENTED_EDGE('',*,*,#4643,.T.);
#3267=ORIENTED_EDGE('',*,*,#4634,.F.);
#3268=ORIENTED_EDGE('',*,*,#4637,.F.);
#3269=ORIENTED_EDGE('',*,*,#4644,.T.);
#3270=ORIENTED_EDGE('',*,*,#4645,.F.);
#3271=ORIENTED_EDGE('',*,*,#4646,.F.);
#3272=ORIENTED_EDGE('',*,*,#4647,.T.);
#3273=ORIENTED_EDGE('',*,*,#4648,.T.);
#3274=ORIENTED_EDGE('',*,*,#4649,.F.);
#3275=ORIENTED_EDGE('',*,*,#4650,.F.);
#3276=ORIENTED_EDGE('',*,*,#4645,.T.);
#3277=ORIENTED_EDGE('',*,*,#4651,.T.);
#3278=ORIENTED_EDGE('',*,*,#4652,.F.);
#3279=ORIENTED_EDGE('',*,*,#4653,.F.);
#3280=ORIENTED_EDGE('',*,*,#4649,.T.);
#3281=ORIENTED_EDGE('',*,*,#4654,.T.);
#3282=ORIENTED_EDGE('',*,*,#4647,.F.);
#3283=ORIENTED_EDGE('',*,*,#4655,.F.);
#3284=ORIENTED_EDGE('',*,*,#4652,.T.);
#3285=ORIENTED_EDGE('',*,*,#4656,.F.);
#3286=ORIENTED_EDGE('',*,*,#4533,.T.);
#3287=ORIENTED_EDGE('',*,*,#4657,.T.);
#3288=ORIENTED_EDGE('',*,*,#4658,.F.);
#3289=ORIENTED_EDGE('',*,*,#4455,.T.);
#3290=ORIENTED_EDGE('',*,*,#4452,.T.);
#3291=ORIENTED_EDGE('',*,*,#4659,.T.);
#3292=ORIENTED_EDGE('',*,*,#4660,.T.);
#3293=ORIENTED_EDGE('',*,*,#4661,.F.);
#3294=ORIENTED_EDGE('',*,*,#4662,.F.);
#3295=ORIENTED_EDGE('',*,*,#4663,.F.);
#3296=ORIENTED_EDGE('',*,*,#4551,.T.);
#3297=ORIENTED_EDGE('',*,*,#4664,.T.);
#3298=ORIENTED_EDGE('',*,*,#4605,.T.);
#3299=ORIENTED_EDGE('',*,*,#4665,.T.);
#3300=ORIENTED_EDGE('',*,*,#4666,.F.);
#3301=ORIENTED_EDGE('',*,*,#4667,.F.);
#3302=ORIENTED_EDGE('',*,*,#4668,.T.);
#3303=ORIENTED_EDGE('',*,*,#4669,.T.);
#3304=ORIENTED_EDGE('',*,*,#4670,.F.);
#3305=ORIENTED_EDGE('',*,*,#4671,.F.);
#3306=ORIENTED_EDGE('',*,*,#4666,.T.);
#3307=ORIENTED_EDGE('',*,*,#4672,.T.);
#3308=ORIENTED_EDGE('',*,*,#4673,.F.);
#3309=ORIENTED_EDGE('',*,*,#4674,.F.);
#3310=ORIENTED_EDGE('',*,*,#4670,.T.);
#3311=ORIENTED_EDGE('',*,*,#4675,.T.);
#3312=ORIENTED_EDGE('',*,*,#4668,.F.);
#3313=ORIENTED_EDGE('',*,*,#4676,.F.);
#3314=ORIENTED_EDGE('',*,*,#4673,.T.);
#3315=ORIENTED_EDGE('',*,*,#4677,.F.);
#3316=ORIENTED_EDGE('',*,*,#4579,.T.);
#3317=ORIENTED_EDGE('',*,*,#4678,.T.);
#3318=ORIENTED_EDGE('',*,*,#4679,.F.);
#3319=ORIENTED_EDGE('',*,*,#4680,.F.);
#3320=ORIENTED_EDGE('',*,*,#4445,.T.);
#3321=ORIENTED_EDGE('',*,*,#4448,.T.);
#3322=ORIENTED_EDGE('',*,*,#4681,.F.);
#3323=ORIENTED_EDGE('',*,*,#4658,.T.);
#3324=ORIENTED_EDGE('',*,*,#4682,.T.);
#3325=ORIENTED_EDGE('',*,*,#4683,.F.);
#3326=ORIENTED_EDGE('',*,*,#4563,.T.);
#3327=ORIENTED_EDGE('',*,*,#4684,.T.);
#3328=ORIENTED_EDGE('',*,*,#4685,.T.);
#3329=ORIENTED_EDGE('',*,*,#4443,.T.);
#3330=ORIENTED_EDGE('',*,*,#4686,.F.);
#3331=ORIENTED_EDGE('',*,*,#4687,.T.);
#3332=ORIENTED_EDGE('',*,*,#4688,.F.);
#3333=ORIENTED_EDGE('',*,*,#4689,.F.);
#3334=ORIENTED_EDGE('',*,*,#4446,.T.);
#3335=ORIENTED_EDGE('',*,*,#4450,.F.);
#3336=ORIENTED_EDGE('',*,*,#4454,.T.);
#3337=ORIENTED_EDGE('',*,*,#4690,.F.);
#3338=ORIENTED_EDGE('',*,*,#4691,.T.);
#3339=ORIENTED_EDGE('',*,*,#4692,.T.);
#3340=ORIENTED_EDGE('',*,*,#4693,.T.);
#3341=ORIENTED_EDGE('',*,*,#4694,.T.);
#3342=ORIENTED_EDGE('',*,*,#4695,.T.);
#3343=ORIENTED_EDGE('',*,*,#4696,.T.);
#3344=ORIENTED_EDGE('',*,*,#4697,.T.);
#3345=ORIENTED_EDGE('',*,*,#4698,.F.);
#3346=ORIENTED_EDGE('',*,*,#4699,.F.);
#3347=ORIENTED_EDGE('',*,*,#4700,.T.);
#3348=ORIENTED_EDGE('',*,*,#4701,.F.);
#3349=ORIENTED_EDGE('',*,*,#4697,.F.);
#3350=ORIENTED_EDGE('',*,*,#4688,.T.);
#3351=ORIENTED_EDGE('',*,*,#4699,.T.);
#3352=ORIENTED_EDGE('',*,*,#4702,.F.);
#3353=ORIENTED_EDGE('',*,*,#4691,.F.);
#3354=ORIENTED_EDGE('',*,*,#4695,.F.);
#3355=ORIENTED_EDGE('',*,*,#4703,.T.);
#3356=ORIENTED_EDGE('',*,*,#4701,.T.);
#3357=ORIENTED_EDGE('',*,*,#4704,.F.);
#3358=ORIENTED_EDGE('',*,*,#4705,.T.);
#3359=ORIENTED_EDGE('',*,*,#4706,.T.);
#3360=ORIENTED_EDGE('',*,*,#4707,.T.);
#3361=ORIENTED_EDGE('',*,*,#4708,.T.);
#3362=ORIENTED_EDGE('',*,*,#4709,.F.);
#3363=ORIENTED_EDGE('',*,*,#4710,.F.);
#3364=ORIENTED_EDGE('',*,*,#4711,.F.);
#3365=ORIENTED_EDGE('',*,*,#4712,.T.);
#3366=ORIENTED_EDGE('',*,*,#4713,.T.);
#3367=ORIENTED_EDGE('',*,*,#4714,.T.);
#3368=ORIENTED_EDGE('',*,*,#4715,.T.);
#3369=ORIENTED_EDGE('',*,*,#4716,.F.);
#3370=ORIENTED_EDGE('',*,*,#4717,.F.);
#3371=ORIENTED_EDGE('',*,*,#4718,.F.);
#3372=ORIENTED_EDGE('',*,*,#4719,.F.);
#3373=ORIENTED_EDGE('',*,*,#4715,.F.);
#3374=ORIENTED_EDGE('',*,*,#4709,.T.);
#3375=ORIENTED_EDGE('',*,*,#4717,.T.);
#3376=ORIENTED_EDGE('',*,*,#4720,.F.);
#3377=ORIENTED_EDGE('',*,*,#4705,.F.);
#3378=ORIENTED_EDGE('',*,*,#4713,.F.);
#3379=ORIENTED_EDGE('',*,*,#4721,.T.);
#3380=ORIENTED_EDGE('',*,*,#4719,.T.);
#3381=ORIENTED_EDGE('',*,*,#4722,.T.);
#3382=ORIENTED_EDGE('',*,*,#4723,.F.);
#3383=ORIENTED_EDGE('',*,*,#4724,.F.);
#3384=ORIENTED_EDGE('',*,*,#4725,.T.);
#3385=ORIENTED_EDGE('',*,*,#4726,.T.);
#3386=ORIENTED_EDGE('',*,*,#4725,.F.);
#3387=ORIENTED_EDGE('',*,*,#4727,.F.);
#3388=ORIENTED_EDGE('',*,*,#4728,.T.);
#3389=ORIENTED_EDGE('',*,*,#4729,.T.);
#3390=ORIENTED_EDGE('',*,*,#4728,.F.);
#3391=ORIENTED_EDGE('',*,*,#4730,.F.);
#3392=ORIENTED_EDGE('',*,*,#4731,.T.);
#3393=ORIENTED_EDGE('',*,*,#4732,.T.);
#3394=ORIENTED_EDGE('',*,*,#4733,.F.);
#3395=ORIENTED_EDGE('',*,*,#4734,.F.);
#3396=ORIENTED_EDGE('',*,*,#4735,.T.);
#3397=ORIENTED_EDGE('',*,*,#4736,.T.);
#3398=ORIENTED_EDGE('',*,*,#4735,.F.);
#3399=ORIENTED_EDGE('',*,*,#4737,.F.);
#3400=ORIENTED_EDGE('',*,*,#4738,.T.);
#3401=ORIENTED_EDGE('',*,*,#4739,.T.);
#3402=ORIENTED_EDGE('',*,*,#4738,.F.);
#3403=ORIENTED_EDGE('',*,*,#4740,.F.);
#3404=ORIENTED_EDGE('',*,*,#4741,.T.);
#3405=ORIENTED_EDGE('',*,*,#4720,.T.);
#3406=ORIENTED_EDGE('',*,*,#4742,.F.);
#3407=ORIENTED_EDGE('',*,*,#4723,.T.);
#3408=ORIENTED_EDGE('',*,*,#4743,.T.);
#3409=ORIENTED_EDGE('',*,*,#4721,.F.);
#3410=ORIENTED_EDGE('',*,*,#4744,.T.);
#3411=ORIENTED_EDGE('',*,*,#4741,.F.);
#3412=ORIENTED_EDGE('',*,*,#4745,.F.);
#3413=ORIENTED_EDGE('',*,*,#4703,.F.);
#3414=ORIENTED_EDGE('',*,*,#4746,.T.);
#3415=ORIENTED_EDGE('',*,*,#4731,.F.);
#3416=ORIENTED_EDGE('',*,*,#4747,.F.);
#3417=ORIENTED_EDGE('',*,*,#4702,.T.);
#3418=ORIENTED_EDGE('',*,*,#4748,.F.);
#3419=ORIENTED_EDGE('',*,*,#4733,.T.);
#3420=ORIENTED_EDGE('',*,*,#4749,.T.);
#3421=ORIENTED_EDGE('',*,*,#4746,.F.);
#3422=ORIENTED_EDGE('',*,*,#4694,.F.);
#3423=ORIENTED_EDGE('',*,*,#4749,.F.);
#3424=ORIENTED_EDGE('',*,*,#4732,.F.);
#3425=ORIENTED_EDGE('',*,*,#4736,.F.);
#3426=ORIENTED_EDGE('',*,*,#4739,.F.);
#3427=ORIENTED_EDGE('',*,*,#4744,.F.);
#3428=ORIENTED_EDGE('',*,*,#4712,.F.);
#3429=ORIENTED_EDGE('',*,*,#4743,.F.);
#3430=ORIENTED_EDGE('',*,*,#4722,.F.);
#3431=ORIENTED_EDGE('',*,*,#4726,.F.);
#3432=ORIENTED_EDGE('',*,*,#4729,.F.);
#3433=ORIENTED_EDGE('',*,*,#4698,.T.);
#3434=ORIENTED_EDGE('',*,*,#4747,.T.);
#3435=ORIENTED_EDGE('',*,*,#4730,.T.);
#3436=ORIENTED_EDGE('',*,*,#4727,.T.);
#3437=ORIENTED_EDGE('',*,*,#4724,.T.);
#3438=ORIENTED_EDGE('',*,*,#4742,.T.);
#3439=ORIENTED_EDGE('',*,*,#4716,.T.);
#3440=ORIENTED_EDGE('',*,*,#4745,.T.);
#3441=ORIENTED_EDGE('',*,*,#4740,.T.);
#3442=ORIENTED_EDGE('',*,*,#4737,.T.);
#3443=ORIENTED_EDGE('',*,*,#4734,.T.);
#3444=ORIENTED_EDGE('',*,*,#4748,.T.);
#3445=ORIENTED_EDGE('',*,*,#4674,.T.);
#3446=ORIENTED_EDGE('',*,*,#4676,.T.);
#3447=ORIENTED_EDGE('',*,*,#4667,.T.);
#3448=ORIENTED_EDGE('',*,*,#4671,.T.);
#3449=ORIENTED_EDGE('',*,*,#4750,.T.);
#3450=ORIENTED_EDGE('',*,*,#4640,.T.);
#3451=ORIENTED_EDGE('',*,*,#4751,.T.);
#3452=ORIENTED_EDGE('',*,*,#4752,.T.);
#3453=ORIENTED_EDGE('',*,*,#4571,.F.);
#3454=ORIENTED_EDGE('',*,*,#4677,.T.);
#3455=ORIENTED_EDGE('',*,*,#4753,.T.);
#3456=ORIENTED_EDGE('',*,*,#4754,.F.);
#3457=ORIENTED_EDGE('',*,*,#4710,.T.);
#3458=ORIENTED_EDGE('',*,*,#4714,.F.);
#3459=ORIENTED_EDGE('',*,*,#4704,.T.);
#3460=ORIENTED_EDGE('',*,*,#4755,.F.);
#3461=ORIENTED_EDGE('',*,*,#4756,.T.);
#3462=ORIENTED_EDGE('',*,*,#4757,.T.);
#3463=ORIENTED_EDGE('',*,*,#4555,.F.);
#3464=ORIENTED_EDGE('',*,*,#4683,.T.);
#3465=ORIENTED_EDGE('',*,*,#4675,.F.);
#3466=ORIENTED_EDGE('',*,*,#4672,.F.);
#3467=ORIENTED_EDGE('',*,*,#4669,.F.);
#3468=ORIENTED_EDGE('',*,*,#4665,.F.);
#3469=ORIENTED_EDGE('',*,*,#4758,.T.);
#3470=ORIENTED_EDGE('',*,*,#4636,.F.);
#3471=ORIENTED_EDGE('',*,*,#4759,.F.);
#3472=ORIENTED_EDGE('',*,*,#4684,.F.);
#3473=ORIENTED_EDGE('',*,*,#4760,.T.);
#3474=ORIENTED_EDGE('',*,*,#4761,.F.);
#3475=ORIENTED_EDGE('',*,*,#4762,.F.);
#3476=ORIENTED_EDGE('',*,*,#4763,.F.);
#3477=ORIENTED_EDGE('',*,*,#4706,.F.);
#3478=ORIENTED_EDGE('',*,*,#4718,.T.);
#3479=ORIENTED_EDGE('',*,*,#4708,.F.);
#3480=ORIENTED_EDGE('',*,*,#4764,.F.);
#3481=ORIENTED_EDGE('',*,*,#4765,.F.);
#3482=ORIENTED_EDGE('',*,*,#4678,.F.);
#3483=ORIENTED_EDGE('',*,*,#4766,.T.);
#3484=ORIENTED_EDGE('',*,*,#4767,.F.);
#3485=ORIENTED_EDGE('',*,*,#4655,.T.);
#3486=ORIENTED_EDGE('',*,*,#4646,.T.);
#3487=ORIENTED_EDGE('',*,*,#4650,.T.);
#3488=ORIENTED_EDGE('',*,*,#4653,.T.);
#3489=ORIENTED_EDGE('',*,*,#4595,.F.);
#3490=ORIENTED_EDGE('',*,*,#4768,.T.);
#3491=ORIENTED_EDGE('',*,*,#4527,.F.);
#3492=ORIENTED_EDGE('',*,*,#4656,.T.);
#3493=ORIENTED_EDGE('',*,*,#4681,.T.);
#3494=ORIENTED_EDGE('',*,*,#4447,.F.);
#3495=ORIENTED_EDGE('',*,*,#4689,.T.);
#3496=ORIENTED_EDGE('',*,*,#4696,.F.);
#3497=ORIENTED_EDGE('',*,*,#4690,.T.);
#3498=ORIENTED_EDGE('',*,*,#4453,.F.);
#3499=ORIENTED_EDGE('',*,*,#4662,.T.);
#3500=ORIENTED_EDGE('',*,*,#4769,.T.);
#3501=ORIENTED_EDGE('',*,*,#4545,.F.);
#3502=ORIENTED_EDGE('',*,*,#4663,.T.);
#3503=ORIENTED_EDGE('',*,*,#4604,.F.);
#3504=ORIENTED_EDGE('',*,*,#4461,.F.);
#3505=ORIENTED_EDGE('',*,*,#4770,.F.);
#3506=ORIENTED_EDGE('',*,*,#4593,.T.);
#3507=ORIENTED_EDGE('',*,*,#4619,.F.);
#3508=ORIENTED_EDGE('',*,*,#4606,.F.);
#3509=ORIENTED_EDGE('',*,*,#4664,.F.);
#3510=ORIENTED_EDGE('',*,*,#4549,.T.);
#3511=ORIENTED_EDGE('',*,*,#4771,.F.);
#3512=ORIENTED_EDGE('',*,*,#4660,.F.);
#3513=ORIENTED_EDGE('',*,*,#4772,.F.);
#3514=ORIENTED_EDGE('',*,*,#4692,.F.);
#3515=ORIENTED_EDGE('',*,*,#4700,.F.);
#3516=ORIENTED_EDGE('',*,*,#4687,.F.);
#3517=ORIENTED_EDGE('',*,*,#4773,.F.);
#3518=ORIENTED_EDGE('',*,*,#4682,.F.);
#3519=ORIENTED_EDGE('',*,*,#4657,.F.);
#3520=ORIENTED_EDGE('',*,*,#4531,.T.);
#3521=ORIENTED_EDGE('',*,*,#4644,.F.);
#3522=ORIENTED_EDGE('',*,*,#4654,.F.);
#3523=ORIENTED_EDGE('',*,*,#4651,.F.);
#3524=ORIENTED_EDGE('',*,*,#4648,.F.);
#3525=ORIENTED_EDGE('',*,*,#4442,.F.);
#3526=ORIENTED_EDGE('',*,*,#4680,.T.);
#3527=ORIENTED_EDGE('',*,*,#4773,.T.);
#3528=ORIENTED_EDGE('',*,*,#4686,.T.);
#3529=ORIENTED_EDGE('',*,*,#4581,.F.);
#3530=ORIENTED_EDGE('',*,*,#4752,.F.);
#3531=ORIENTED_EDGE('',*,*,#4774,.T.);
#3532=ORIENTED_EDGE('',*,*,#4767,.T.);
#3533=ORIENTED_EDGE('',*,*,#4566,.F.);
#3534=ORIENTED_EDGE('',*,*,#4757,.F.);
#3535=ORIENTED_EDGE('',*,*,#4775,.T.);
#3536=ORIENTED_EDGE('',*,*,#4761,.T.);
#3537=ORIENTED_EDGE('',*,*,#4554,.F.);
#3538=ORIENTED_EDGE('',*,*,#4769,.F.);
#3539=ORIENTED_EDGE('',*,*,#4661,.T.);
#3540=ORIENTED_EDGE('',*,*,#4771,.T.);
#3541=ORIENTED_EDGE('',*,*,#4536,.F.);
#3542=ORIENTED_EDGE('',*,*,#4768,.F.);
#3543=ORIENTED_EDGE('',*,*,#4594,.T.);
#3544=ORIENTED_EDGE('',*,*,#4770,.T.);
#3545=ORIENTED_EDGE('',*,*,#4776,.T.);
#3546=ORIENTED_EDGE('',*,*,#4509,.F.);
#3547=ORIENTED_EDGE('',*,*,#4777,.T.);
#3548=ORIENTED_EDGE('',*,*,#4557,.F.);
#3549=ORIENTED_EDGE('',*,*,#4507,.T.);
#3550=ORIENTED_EDGE('',*,*,#4778,.F.);
#3551=ORIENTED_EDGE('',*,*,#4560,.F.);
#3552=ORIENTED_EDGE('',*,*,#4779,.F.);
#3553=ORIENTED_EDGE('',*,*,#4777,.F.);
#3554=ORIENTED_EDGE('',*,*,#4508,.T.);
#3555=ORIENTED_EDGE('',*,*,#4779,.T.);
#3556=ORIENTED_EDGE('',*,*,#4564,.F.);
#3557=ORIENTED_EDGE('',*,*,#4778,.T.);
#3558=ORIENTED_EDGE('',*,*,#4510,.T.);
#3559=ORIENTED_EDGE('',*,*,#4776,.F.);
#3560=ORIENTED_EDGE('',*,*,#4565,.T.);
#3561=ORIENTED_EDGE('',*,*,#4505,.F.);
#3562=ORIENTED_EDGE('',*,*,#4570,.T.);
#3563=ORIENTED_EDGE('',*,*,#4573,.F.);
#3564=ORIENTED_EDGE('',*,*,#4780,.T.);
#3565=ORIENTED_EDGE('',*,*,#4568,.F.);
#3566=ORIENTED_EDGE('',*,*,#4503,.T.);
#3567=ORIENTED_EDGE('',*,*,#4781,.F.);
#3568=ORIENTED_EDGE('',*,*,#4576,.T.);
#3569=ORIENTED_EDGE('',*,*,#4781,.T.);
#3570=ORIENTED_EDGE('',*,*,#4506,.T.);
#3571=ORIENTED_EDGE('',*,*,#4780,.F.);
#3572=ORIENTED_EDGE('',*,*,#4580,.T.);
#3573=ORIENTED_EDGE('',*,*,#4535,.F.);
#3574=ORIENTED_EDGE('',*,*,#4498,.T.);
#3575=ORIENTED_EDGE('',*,*,#4534,.F.);
#3576=ORIENTED_EDGE('',*,*,#4524,.T.);
#3577=ORIENTED_EDGE('',*,*,#4553,.F.);
#3578=ORIENTED_EDGE('',*,*,#4488,.T.);
#3579=ORIENTED_EDGE('',*,*,#4552,.F.);
#3580=ORIENTED_EDGE('',*,*,#4542,.T.);
#3581=ORIENTED_EDGE('',*,*,#4562,.F.);
#3582=ORIENTED_EDGE('',*,*,#4480,.T.);
#3583=ORIENTED_EDGE('',*,*,#4567,.F.);
#3584=ORIENTED_EDGE('',*,*,#4760,.F.);
#3585=ORIENTED_EDGE('',*,*,#4578,.F.);
#3586=ORIENTED_EDGE('',*,*,#4470,.T.);
#3587=ORIENTED_EDGE('',*,*,#4582,.F.);
#3588=ORIENTED_EDGE('',*,*,#4766,.F.);
#3589=ORIENTED_EDGE('',*,*,#4751,.F.);
#3590=ORIENTED_EDGE('',*,*,#4639,.T.);
#3591=ORIENTED_EDGE('',*,*,#4586,.F.);
#3592=ORIENTED_EDGE('',*,*,#4758,.F.);
#3593=ORIENTED_EDGE('',*,*,#4774,.F.);
#3594=ORIENTED_EDGE('',*,*,#4641,.T.);
#3595=ORIENTED_EDGE('',*,*,#4750,.F.);
#3596=ORIENTED_EDGE('',*,*,#4685,.F.);
#3597=ORIENTED_EDGE('',*,*,#4759,.T.);
#3598=ORIENTED_EDGE('',*,*,#4588,.T.);
#3599=ORIENTED_EDGE('',*,*,#4782,.F.);
#3600=ORIENTED_EDGE('',*,*,#4753,.F.);
#3601=ORIENTED_EDGE('',*,*,#4679,.T.);
#3602=ORIENTED_EDGE('',*,*,#4765,.T.);
#3603=ORIENTED_EDGE('',*,*,#4756,.F.);
#3604=ORIENTED_EDGE('',*,*,#4783,.T.);
#3605=ORIENTED_EDGE('',*,*,#4762,.T.);
#3606=ORIENTED_EDGE('',*,*,#4775,.F.);
#3607=ORIENTED_EDGE('',*,*,#4783,.F.);
#3608=ORIENTED_EDGE('',*,*,#4755,.T.);
#3609=ORIENTED_EDGE('',*,*,#4707,.F.);
#3610=ORIENTED_EDGE('',*,*,#4763,.T.);
#3611=ORIENTED_EDGE('',*,*,#4711,.T.);
#3612=ORIENTED_EDGE('',*,*,#4754,.T.);
#3613=ORIENTED_EDGE('',*,*,#4782,.T.);
#3614=ORIENTED_EDGE('',*,*,#4764,.T.);
#3615=ORIENTED_EDGE('',*,*,#4451,.F.);
#3616=ORIENTED_EDGE('',*,*,#4693,.F.);
#3617=ORIENTED_EDGE('',*,*,#4772,.T.);
#3618=ORIENTED_EDGE('',*,*,#4659,.F.);
#3619=ORIENTED_EDGE('',*,*,#4784,.T.);
#3620=ORIENTED_EDGE('',*,*,#4785,.F.);
#3621=ORIENTED_EDGE('',*,*,#4786,.T.);
#3622=ORIENTED_EDGE('',*,*,#4787,.F.);
#3623=ORIENTED_EDGE('',*,*,#4788,.F.);
#3624=ORIENTED_EDGE('',*,*,#4789,.T.);
#3625=ORIENTED_EDGE('',*,*,#4790,.T.);
#3626=ORIENTED_EDGE('',*,*,#4791,.T.);
#3627=ORIENTED_EDGE('',*,*,#4792,.T.);
#3628=ORIENTED_EDGE('',*,*,#4791,.F.);
#3629=ORIENTED_EDGE('',*,*,#4793,.F.);
#3630=ORIENTED_EDGE('',*,*,#4794,.F.);
#3631=ORIENTED_EDGE('',*,*,#4795,.F.);
#3632=ORIENTED_EDGE('',*,*,#4796,.F.);
#3633=ORIENTED_EDGE('',*,*,#4797,.T.);
#3634=ORIENTED_EDGE('',*,*,#4798,.T.);
#3635=ORIENTED_EDGE('',*,*,#4799,.F.);
#3636=ORIENTED_EDGE('',*,*,#4796,.T.);
#3637=ORIENTED_EDGE('',*,*,#4800,.T.);
#3638=ORIENTED_EDGE('',*,*,#4801,.F.);
#3639=ORIENTED_EDGE('',*,*,#4802,.T.);
#3640=ORIENTED_EDGE('',*,*,#4803,.F.);
#3641=ORIENTED_EDGE('',*,*,#4804,.T.);
#3642=ORIENTED_EDGE('',*,*,#4805,.F.);
#3643=ORIENTED_EDGE('',*,*,#4806,.F.);
#3644=ORIENTED_EDGE('',*,*,#4807,.F.);
#3645=ORIENTED_EDGE('',*,*,#4808,.T.);
#3646=ORIENTED_EDGE('',*,*,#4809,.F.);
#3647=ORIENTED_EDGE('',*,*,#4806,.T.);
#3648=ORIENTED_EDGE('',*,*,#4810,.F.);
#3649=ORIENTED_EDGE('',*,*,#4811,.T.);
#3650=ORIENTED_EDGE('',*,*,#4812,.F.);
#3651=ORIENTED_EDGE('',*,*,#4813,.F.);
#3652=ORIENTED_EDGE('',*,*,#4814,.T.);
#3653=ORIENTED_EDGE('',*,*,#4803,.T.);
#3654=ORIENTED_EDGE('',*,*,#4815,.F.);
#3655=ORIENTED_EDGE('',*,*,#4816,.F.);
#3656=ORIENTED_EDGE('',*,*,#4817,.F.);
#3657=ORIENTED_EDGE('',*,*,#4818,.F.);
#3658=ORIENTED_EDGE('',*,*,#4819,.F.);
#3659=ORIENTED_EDGE('',*,*,#4820,.F.);
#3660=ORIENTED_EDGE('',*,*,#4821,.T.);
#3661=ORIENTED_EDGE('',*,*,#4787,.T.);
#3662=ORIENTED_EDGE('',*,*,#4822,.T.);
#3663=ORIENTED_EDGE('',*,*,#4823,.F.);
#3664=ORIENTED_EDGE('',*,*,#4824,.T.);
#3665=ORIENTED_EDGE('',*,*,#4788,.T.);
#3666=ORIENTED_EDGE('',*,*,#4792,.F.);
#3667=ORIENTED_EDGE('',*,*,#4825,.F.);
#3668=ORIENTED_EDGE('',*,*,#4826,.F.);
#3669=ORIENTED_EDGE('',*,*,#4827,.F.);
#3670=ORIENTED_EDGE('',*,*,#4808,.F.);
#3671=ORIENTED_EDGE('',*,*,#4828,.F.);
#3672=ORIENTED_EDGE('',*,*,#4829,.F.);
#3673=ORIENTED_EDGE('',*,*,#4830,.T.);
#3674=ORIENTED_EDGE('',*,*,#4800,.F.);
#3675=ORIENTED_EDGE('',*,*,#4795,.T.);
#3676=ORIENTED_EDGE('',*,*,#4831,.T.);
#3677=ORIENTED_EDGE('',*,*,#4832,.F.);
#3678=ORIENTED_EDGE('',*,*,#4833,.T.);
#3679=ORIENTED_EDGE('',*,*,#4799,.T.);
#3680=ORIENTED_EDGE('',*,*,#4834,.F.);
#3681=ORIENTED_EDGE('',*,*,#4835,.F.);
#3682=ORIENTED_EDGE('',*,*,#4836,.T.);
#3683=ORIENTED_EDGE('',*,*,#4837,.F.);
#3684=ORIENTED_EDGE('',*,*,#4838,.F.);
#3685=ORIENTED_EDGE('',*,*,#4805,.T.);
#3686=ORIENTED_EDGE('',*,*,#4839,.F.);
#3687=ORIENTED_EDGE('',*,*,#4840,.F.);
#3688=ORIENTED_EDGE('',*,*,#4841,.F.);
#3689=ORIENTED_EDGE('',*,*,#4797,.F.);
#3690=ORIENTED_EDGE('',*,*,#4834,.T.);
#3691=ORIENTED_EDGE('',*,*,#4801,.T.);
#3692=ORIENTED_EDGE('',*,*,#4830,.F.);
#3693=ORIENTED_EDGE('',*,*,#4842,.F.);
#3694=ORIENTED_EDGE('',*,*,#4802,.F.);
#3695=ORIENTED_EDGE('',*,*,#4838,.T.);
#3696=ORIENTED_EDGE('',*,*,#4843,.T.);
#3697=ORIENTED_EDGE('',*,*,#4815,.T.);
#3698=ORIENTED_EDGE('',*,*,#4844,.F.);
#3699=ORIENTED_EDGE('',*,*,#4839,.T.);
#3700=ORIENTED_EDGE('',*,*,#4804,.F.);
#3701=ORIENTED_EDGE('',*,*,#4814,.F.);
#3702=ORIENTED_EDGE('',*,*,#4798,.F.);
#3703=ORIENTED_EDGE('',*,*,#4841,.T.);
#3704=ORIENTED_EDGE('',*,*,#4845,.F.);
#3705=ORIENTED_EDGE('',*,*,#4831,.F.);
#3706=ORIENTED_EDGE('',*,*,#4846,.F.);
#3707=ORIENTED_EDGE('',*,*,#4847,.F.);
#3708=ORIENTED_EDGE('',*,*,#4848,.T.);
#3709=ORIENTED_EDGE('',*,*,#4849,.F.);
#3710=ORIENTED_EDGE('',*,*,#4850,.F.);
#3711=ORIENTED_EDGE('',*,*,#4818,.T.);
#3712=ORIENTED_EDGE('',*,*,#4851,.F.);
#3713=ORIENTED_EDGE('',*,*,#4848,.F.);
#3714=ORIENTED_EDGE('',*,*,#4850,.T.);
#3715=ORIENTED_EDGE('',*,*,#4847,.T.);
#3716=ORIENTED_EDGE('',*,*,#4852,.T.);
#3717=ORIENTED_EDGE('',*,*,#4853,.T.);
#3718=ORIENTED_EDGE('',*,*,#4854,.T.);
#3719=ORIENTED_EDGE('',*,*,#4819,.T.);
#3720=ORIENTED_EDGE('',*,*,#4849,.T.);
#3721=ORIENTED_EDGE('',*,*,#4851,.T.);
#3722=ORIENTED_EDGE('',*,*,#4817,.T.);
#3723=ORIENTED_EDGE('',*,*,#4855,.F.);
#3724=ORIENTED_EDGE('',*,*,#4856,.T.);
#3725=ORIENTED_EDGE('',*,*,#4857,.F.);
#3726=ORIENTED_EDGE('',*,*,#4793,.T.);
#3727=ORIENTED_EDGE('',*,*,#4790,.F.);
#3728=ORIENTED_EDGE('',*,*,#4858,.F.);
#3729=ORIENTED_EDGE('',*,*,#4859,.T.);
#3730=ORIENTED_EDGE('',*,*,#4860,.F.);
#3731=ORIENTED_EDGE('',*,*,#4785,.T.);
#3732=ORIENTED_EDGE('',*,*,#4861,.F.);
#3733=ORIENTED_EDGE('',*,*,#4862,.F.);
#3734=ORIENTED_EDGE('',*,*,#4858,.T.);
#3735=ORIENTED_EDGE('',*,*,#4789,.F.);
#3736=ORIENTED_EDGE('',*,*,#4824,.F.);
#3737=ORIENTED_EDGE('',*,*,#4786,.F.);
#3738=ORIENTED_EDGE('',*,*,#4860,.T.);
#3739=ORIENTED_EDGE('',*,*,#4863,.F.);
#3740=ORIENTED_EDGE('',*,*,#4822,.F.);
#3741=ORIENTED_EDGE('',*,*,#4784,.F.);
#3742=ORIENTED_EDGE('',*,*,#4821,.F.);
#3743=ORIENTED_EDGE('',*,*,#4864,.F.);
#3744=ORIENTED_EDGE('',*,*,#4865,.T.);
#3745=ORIENTED_EDGE('',*,*,#4866,.T.);
#3746=ORIENTED_EDGE('',*,*,#4825,.T.);
#3747=ORIENTED_EDGE('',*,*,#4794,.T.);
#3748=ORIENTED_EDGE('',*,*,#4861,.T.);
#3749=ORIENTED_EDGE('',*,*,#4810,.T.);
#3750=ORIENTED_EDGE('',*,*,#4809,.T.);
#3751=ORIENTED_EDGE('',*,*,#4827,.T.);
#3752=ORIENTED_EDGE('',*,*,#4867,.F.);
#3753=ORIENTED_EDGE('',*,*,#4868,.T.);
#3754=ORIENTED_EDGE('',*,*,#4869,.F.);
#3755=ORIENTED_EDGE('',*,*,#4828,.T.);
#3756=ORIENTED_EDGE('',*,*,#4807,.T.);
#3757=ORIENTED_EDGE('',*,*,#4812,.T.);
#3758=ORIENTED_EDGE('',*,*,#4870,.T.);
#3759=ORIENTED_EDGE('',*,*,#4871,.T.);
#3760=ORIENTED_EDGE('',*,*,#4872,.T.);
#3761=ORIENTED_EDGE('',*,*,#4869,.T.);
#3762=ORIENTED_EDGE('',*,*,#4873,.F.);
#3763=ORIENTED_EDGE('',*,*,#4870,.F.);
#3764=ORIENTED_EDGE('',*,*,#4811,.F.);
#3765=ORIENTED_EDGE('',*,*,#4874,.T.);
#3766=ORIENTED_EDGE('',*,*,#4875,.F.);
#3767=ORIENTED_EDGE('',*,*,#4871,.F.);
#3768=ORIENTED_EDGE('',*,*,#4873,.T.);
#3769=ORIENTED_EDGE('',*,*,#4868,.F.);
#3770=ORIENTED_EDGE('',*,*,#4876,.F.);
#3771=ORIENTED_EDGE('',*,*,#4865,.F.);
#3772=ORIENTED_EDGE('',*,*,#4877,.F.);
#3773=ORIENTED_EDGE('',*,*,#4853,.F.);
#3774=ORIENTED_EDGE('',*,*,#4878,.F.);
#3775=ORIENTED_EDGE('',*,*,#4856,.F.);
#3776=ORIENTED_EDGE('',*,*,#4879,.F.);
#3777=ORIENTED_EDGE('',*,*,#4872,.F.);
#3778=ORIENTED_EDGE('',*,*,#4875,.T.);
#3779=ORIENTED_EDGE('',*,*,#4880,.F.);
#3780=ORIENTED_EDGE('',*,*,#4835,.T.);
#3781=ORIENTED_EDGE('',*,*,#4842,.T.);
#3782=ORIENTED_EDGE('',*,*,#4829,.T.);
#3783=ORIENTED_EDGE('',*,*,#4866,.F.);
#3784=ORIENTED_EDGE('',*,*,#4876,.T.);
#3785=ORIENTED_EDGE('',*,*,#4867,.T.);
#3786=ORIENTED_EDGE('',*,*,#4826,.T.);
#3787=ORIENTED_EDGE('',*,*,#4846,.T.);
#3788=ORIENTED_EDGE('',*,*,#4857,.T.);
#3789=ORIENTED_EDGE('',*,*,#4878,.T.);
#3790=ORIENTED_EDGE('',*,*,#4852,.F.);
#3791=ORIENTED_EDGE('',*,*,#4854,.F.);
#3792=ORIENTED_EDGE('',*,*,#4877,.T.);
#3793=ORIENTED_EDGE('',*,*,#4864,.T.);
#3794=ORIENTED_EDGE('',*,*,#4820,.T.);
#3795=ORIENTED_EDGE('',*,*,#4881,.F.);
#3796=ORIENTED_EDGE('',*,*,#4879,.T.);
#3797=ORIENTED_EDGE('',*,*,#4855,.T.);
#3798=ORIENTED_EDGE('',*,*,#4816,.T.);
#3799=ORIENTED_EDGE('',*,*,#4843,.F.);
#3800=ORIENTED_EDGE('',*,*,#4837,.T.);
#3801=ORIENTED_EDGE('',*,*,#4863,.T.);
#3802=ORIENTED_EDGE('',*,*,#4859,.F.);
#3803=ORIENTED_EDGE('',*,*,#4862,.T.);
#3804=ORIENTED_EDGE('',*,*,#4823,.T.);
#3805=ORIENTED_EDGE('',*,*,#4845,.T.);
#3806=ORIENTED_EDGE('',*,*,#4840,.T.);
#3807=ORIENTED_EDGE('',*,*,#4844,.T.);
#3808=ORIENTED_EDGE('',*,*,#4832,.T.);
#3809=ORIENTED_EDGE('',*,*,#4881,.T.);
#3810=ORIENTED_EDGE('',*,*,#4836,.F.);
#3811=ORIENTED_EDGE('',*,*,#4880,.T.);
#3812=ORIENTED_EDGE('',*,*,#4874,.F.);
#3813=ORIENTED_EDGE('',*,*,#4882,.F.);
#3814=ORIENTED_EDGE('',*,*,#4833,.F.);
#3815=ORIENTED_EDGE('',*,*,#4882,.T.);
#3816=ORIENTED_EDGE('',*,*,#4813,.T.);
#3817=ORIENTED_EDGE('',*,*,#4883,.T.);
#3818=ORIENTED_EDGE('',*,*,#4883,.F.);
#3819=ORIENTED_EDGE('',*,*,#4884,.F.);
#3820=ORIENTED_EDGE('',*,*,#4885,.T.);
#3821=ORIENTED_EDGE('',*,*,#4886,.T.);
#3822=ORIENTED_EDGE('',*,*,#4887,.F.);
#3823=ORIENTED_EDGE('',*,*,#4888,.T.);
#3824=ORIENTED_EDGE('',*,*,#4889,.T.);
#3825=ORIENTED_EDGE('',*,*,#4890,.T.);
#3826=ORIENTED_EDGE('',*,*,#4891,.F.);
#3827=ORIENTED_EDGE('',*,*,#4892,.F.);
#3828=ORIENTED_EDGE('',*,*,#4893,.T.);
#3829=ORIENTED_EDGE('',*,*,#4894,.T.);
#3830=ORIENTED_EDGE('',*,*,#4892,.T.);
#3831=ORIENTED_EDGE('',*,*,#4895,.F.);
#3832=ORIENTED_EDGE('',*,*,#4896,.F.);
#3833=ORIENTED_EDGE('',*,*,#4888,.F.);
#3834=ORIENTED_EDGE('',*,*,#4897,.F.);
#3835=ORIENTED_EDGE('',*,*,#4889,.F.);
#3836=ORIENTED_EDGE('',*,*,#4896,.T.);
#3837=ORIENTED_EDGE('',*,*,#4898,.T.);
#3838=ORIENTED_EDGE('',*,*,#4899,.T.);
#3839=ORIENTED_EDGE('',*,*,#4900,.F.);
#3840=ORIENTED_EDGE('',*,*,#4901,.F.);
#3841=ORIENTED_EDGE('',*,*,#4902,.T.);
#3842=ORIENTED_EDGE('',*,*,#4887,.T.);
#3843=ORIENTED_EDGE('',*,*,#4903,.F.);
#3844=ORIENTED_EDGE('',*,*,#4901,.T.);
#3845=ORIENTED_EDGE('',*,*,#4904,.T.);
#3846=ORIENTED_EDGE('',*,*,#4905,.F.);
#3847=ORIENTED_EDGE('',*,*,#4906,.F.);
#3848=ORIENTED_EDGE('',*,*,#4907,.F.);
#3849=ORIENTED_EDGE('',*,*,#4908,.T.);
#3850=ORIENTED_EDGE('',*,*,#4905,.T.);
#3851=ORIENTED_EDGE('',*,*,#4909,.T.);
#3852=ORIENTED_EDGE('',*,*,#4910,.F.);
#3853=ORIENTED_EDGE('',*,*,#4911,.T.);
#3854=ORIENTED_EDGE('',*,*,#4912,.T.);
#3855=ORIENTED_EDGE('',*,*,#4913,.T.);
#3856=ORIENTED_EDGE('',*,*,#4914,.T.);
#3857=ORIENTED_EDGE('',*,*,#4915,.T.);
#3858=ORIENTED_EDGE('',*,*,#4916,.F.);
#3859=ORIENTED_EDGE('',*,*,#4917,.F.);
#3860=ORIENTED_EDGE('',*,*,#4907,.T.);
#3861=ORIENTED_EDGE('',*,*,#4918,.T.);
#3862=ORIENTED_EDGE('',*,*,#4919,.F.);
#3863=ORIENTED_EDGE('',*,*,#4920,.F.);
#3864=ORIENTED_EDGE('',*,*,#4919,.T.);
#3865=ORIENTED_EDGE('',*,*,#4921,.T.);
#3866=ORIENTED_EDGE('',*,*,#4922,.F.);
#3867=ORIENTED_EDGE('',*,*,#4913,.F.);
#3868=ORIENTED_EDGE('',*,*,#4923,.F.);
#3869=ORIENTED_EDGE('',*,*,#4924,.F.);
#3870=ORIENTED_EDGE('',*,*,#4925,.F.);
#3871=ORIENTED_EDGE('',*,*,#4915,.F.);
#3872=ORIENTED_EDGE('',*,*,#4926,.F.);
#3873=ORIENTED_EDGE('',*,*,#4927,.F.);
#3874=ORIENTED_EDGE('',*,*,#4928,.F.);
#3875=ORIENTED_EDGE('',*,*,#4911,.F.);
#3876=ORIENTED_EDGE('',*,*,#4929,.F.);
#3877=ORIENTED_EDGE('',*,*,#4930,.F.);
#3878=ORIENTED_EDGE('',*,*,#4931,.F.);
#3879=ORIENTED_EDGE('',*,*,#4909,.F.);
#3880=ORIENTED_EDGE('',*,*,#4932,.F.);
#3881=ORIENTED_EDGE('',*,*,#4933,.F.);
#3882=ORIENTED_EDGE('',*,*,#4934,.F.);
#3883=ORIENTED_EDGE('',*,*,#4935,.T.);
#3884=ORIENTED_EDGE('',*,*,#4933,.T.);
#3885=ORIENTED_EDGE('',*,*,#4936,.T.);
#3886=ORIENTED_EDGE('',*,*,#4927,.T.);
#3887=ORIENTED_EDGE('',*,*,#4937,.T.);
#3888=ORIENTED_EDGE('',*,*,#4924,.T.);
#3889=ORIENTED_EDGE('',*,*,#4938,.T.);
#3890=ORIENTED_EDGE('',*,*,#4930,.T.);
#3891=ORIENTED_EDGE('',*,*,#4939,.T.);
#3892=ORIENTED_EDGE('',*,*,#4922,.T.);
#3893=ORIENTED_EDGE('',*,*,#4914,.F.);
#3894=ORIENTED_EDGE('',*,*,#4925,.T.);
#3895=ORIENTED_EDGE('',*,*,#4937,.F.);
#3896=ORIENTED_EDGE('',*,*,#4926,.T.);
#3897=ORIENTED_EDGE('',*,*,#4912,.F.);
#3898=ORIENTED_EDGE('',*,*,#4931,.T.);
#3899=ORIENTED_EDGE('',*,*,#4938,.F.);
#3900=ORIENTED_EDGE('',*,*,#4923,.T.);
#3901=ORIENTED_EDGE('',*,*,#4910,.T.);
#3902=ORIENTED_EDGE('',*,*,#4934,.T.);
#3903=ORIENTED_EDGE('',*,*,#4935,.F.);
#3904=ORIENTED_EDGE('',*,*,#4929,.T.);
#3905=ORIENTED_EDGE('',*,*,#4916,.T.);
#3906=ORIENTED_EDGE('',*,*,#4928,.T.);
#3907=ORIENTED_EDGE('',*,*,#4936,.F.);
#3908=ORIENTED_EDGE('',*,*,#4932,.T.);
#3909=ORIENTED_EDGE('',*,*,#4940,.T.);
#3910=ORIENTED_EDGE('',*,*,#4920,.T.);
#3911=ORIENTED_EDGE('',*,*,#4939,.F.);
#3912=ORIENTED_EDGE('',*,*,#4921,.F.);
#3913=ORIENTED_EDGE('',*,*,#4906,.T.);
#3914=ORIENTED_EDGE('',*,*,#4917,.T.);
#3915=ORIENTED_EDGE('',*,*,#4940,.F.);
#3916=ORIENTED_EDGE('',*,*,#4918,.F.);
#3917=ORIENTED_EDGE('',*,*,#4900,.T.);
#3918=ORIENTED_EDGE('',*,*,#4903,.T.);
#3919=ORIENTED_EDGE('',*,*,#4908,.F.);
#3920=ORIENTED_EDGE('',*,*,#4904,.F.);
#3921=ORIENTED_EDGE('',*,*,#4941,.F.);
#3922=ORIENTED_EDGE('',*,*,#4898,.F.);
#3923=ORIENTED_EDGE('',*,*,#4895,.T.);
#3924=ORIENTED_EDGE('',*,*,#4885,.F.);
#3925=ORIENTED_EDGE('',*,*,#4899,.F.);
#3926=ORIENTED_EDGE('',*,*,#4941,.T.);
#3927=ORIENTED_EDGE('',*,*,#4942,.F.);
#3928=ORIENTED_EDGE('',*,*,#4890,.F.);
#3929=ORIENTED_EDGE('',*,*,#4942,.T.);
#3930=ORIENTED_EDGE('',*,*,#4884,.T.);
#3931=ORIENTED_EDGE('',*,*,#4902,.F.);
#3932=ORIENTED_EDGE('',*,*,#4886,.F.);
#3933=ORIENTED_EDGE('',*,*,#4897,.T.);
#3934=ORIENTED_EDGE('',*,*,#4893,.F.);
#3935=ORIENTED_EDGE('',*,*,#4894,.F.);
#3936=ORIENTED_EDGE('',*,*,#4891,.T.);
#3937=EDGE_CURVE('',#4943,#4944,#5587,.T.);
#3938=EDGE_CURVE('',#4945,#4943,#315,.T.);
#3939=EDGE_CURVE('',#4946,#4945,#5588,.T.);
#3940=EDGE_CURVE('',#4946,#4944,#316,.T.);
#3941=EDGE_CURVE('',#4947,#4948,#317,.T.);
#3942=EDGE_CURVE('',#4944,#4947,#5589,.T.);
#3943=EDGE_CURVE('',#4948,#4946,#5590,.T.);
#3944=EDGE_CURVE('',#4949,#4950,#318,.T.);
#3945=EDGE_CURVE('',#4951,#4949,#319,.T.);
#3946=EDGE_CURVE('',#4952,#4951,#5591,.T.);
#3947=EDGE_CURVE('',#4953,#4952,#320,.T.);
#3948=EDGE_CURVE('',#4954,#4953,#5592,.T.);
#3949=EDGE_CURVE('',#4955,#4954,#321,.T.);
#3950=EDGE_CURVE('',#4956,#4955,#322,.T.);
#3951=EDGE_CURVE('',#4957,#4956,#323,.T.);
#3952=EDGE_CURVE('',#4958,#4957,#5593,.T.);
#3953=EDGE_CURVE('',#4959,#4958,#324,.T.);
#3954=EDGE_CURVE('',#4960,#4959,#5594,.T.);
#3955=EDGE_CURVE('',#4950,#4960,#325,.T.);
#3956=EDGE_CURVE('',#4961,#4962,#326,.T.);
#3957=EDGE_CURVE('',#4962,#4963,#327,.T.);
#3958=EDGE_CURVE('',#4963,#4964,#5595,.T.);
#3959=EDGE_CURVE('',#4964,#4965,#328,.T.);
#3960=EDGE_CURVE('',#4965,#4966,#5596,.T.);
#3961=EDGE_CURVE('',#4966,#4967,#329,.T.);
#3962=EDGE_CURVE('',#4967,#4968,#330,.T.);
#3963=EDGE_CURVE('',#4968,#4969,#331,.T.);
#3964=EDGE_CURVE('',#4969,#4970,#5597,.T.);
#3965=EDGE_CURVE('',#4970,#4971,#332,.T.);
#3966=EDGE_CURVE('',#4971,#4972,#5598,.T.);
#3967=EDGE_CURVE('',#4972,#4961,#333,.T.);
#3968=EDGE_CURVE('',#4961,#4949,#334,.T.);
#3969=EDGE_CURVE('',#4972,#4951,#335,.T.);
#3970=EDGE_CURVE('',#4971,#4952,#336,.T.);
#3971=EDGE_CURVE('',#4970,#4953,#337,.T.);
#3972=EDGE_CURVE('',#4969,#4954,#338,.T.);
#3973=EDGE_CURVE('',#4968,#4955,#339,.T.);
#3974=EDGE_CURVE('',#4967,#4956,#340,.T.);
#3975=EDGE_CURVE('',#4962,#4950,#341,.T.);
#3976=EDGE_CURVE('',#4973,#4974,#342,.T.);
#3977=EDGE_CURVE('',#4975,#4974,#343,.T.);
#3978=EDGE_CURVE('',#4975,#4976,#344,.T.);
#3979=EDGE_CURVE('',#4976,#4973,#345,.T.);
#3980=EDGE_CURVE('',#4947,#4977,#346,.T.);
#3981=EDGE_CURVE('',#4948,#4978,#347,.T.);
#3982=EDGE_CURVE('',#4974,#4978,#5599,.T.);
#3983=EDGE_CURVE('',#4977,#4973,#5600,.T.);
#3984=EDGE_CURVE('',#4979,#4980,#348,.T.);
#3985=EDGE_CURVE('',#4979,#4981,#349,.T.);
#3986=EDGE_CURVE('',#4981,#4982,#350,.T.);
#3987=EDGE_CURVE('',#4980,#4982,#351,.T.);
#3988=EDGE_CURVE('',#4983,#4945,#352,.T.);
#3989=EDGE_CURVE('',#4984,#4943,#353,.T.);
#3990=EDGE_CURVE('',#4982,#4984,#5601,.T.);
#3991=EDGE_CURVE('',#4983,#4981,#5602,.T.);
#3992=EDGE_CURVE('',#4979,#4985,#354,.T.);
#3993=EDGE_CURVE('',#4986,#4980,#355,.T.);
#3994=EDGE_CURVE('',#4987,#4986,#5603,.T.);
#3995=EDGE_CURVE('',#4988,#4987,#356,.T.);
#3996=EDGE_CURVE('',#4989,#4988,#357,.T.);
#3997=EDGE_CURVE('',#4990,#4989,#358,.T.);
#3998=EDGE_CURVE('',#4985,#4990,#5604,.T.);
#3999=EDGE_CURVE('',#4975,#4991,#359,.T.);
#4000=EDGE_CURVE('',#4991,#4992,#5605,.T.);
#4001=EDGE_CURVE('',#4992,#4993,#360,.T.);
#4002=EDGE_CURVE('',#4993,#4994,#361,.T.);
#4003=EDGE_CURVE('',#4994,#4995,#362,.T.);
#4004=EDGE_CURVE('',#4995,#4996,#5606,.T.);
#4005=EDGE_CURVE('',#4996,#4976,#363,.T.);
#4006=EDGE_CURVE('',#4977,#4963,#364,.T.);
#4007=EDGE_CURVE('',#4960,#4984,#365,.T.);
#4008=EDGE_CURVE('',#4973,#4964,#366,.T.);
#4009=EDGE_CURVE('',#4996,#4965,#367,.T.);
#4010=EDGE_CURVE('',#4995,#4966,#368,.T.);
#4011=EDGE_CURVE('',#4994,#4988,#369,.T.);
#4012=EDGE_CURVE('',#4957,#4987,#370,.T.);
#4013=EDGE_CURVE('',#4993,#4989,#371,.T.);
#4014=EDGE_CURVE('',#4992,#4990,#372,.T.);
#4015=EDGE_CURVE('',#4991,#4985,#373,.T.);
#4016=EDGE_CURVE('',#4974,#4981,#374,.T.);
#4017=EDGE_CURVE('',#4978,#4983,#375,.T.);
#4018=EDGE_CURVE('',#4959,#4982,#376,.T.);
#4019=EDGE_CURVE('',#4958,#4986,#377,.T.);
#4020=EDGE_CURVE('',#4997,#4998,#5607,.T.);
#4021=EDGE_CURVE('',#4999,#4997,#378,.T.);
#4022=EDGE_CURVE('',#5000,#4999,#5608,.T.);
#4023=EDGE_CURVE('',#5000,#4998,#379,.T.);
#4024=EDGE_CURVE('',#5001,#5002,#380,.T.);
#4025=EDGE_CURVE('',#4998,#5001,#5609,.T.);
#4026=EDGE_CURVE('',#5002,#5000,#5610,.T.);
#4027=EDGE_CURVE('',#5003,#5004,#381,.T.);
#4028=EDGE_CURVE('',#5005,#5003,#382,.T.);
#4029=EDGE_CURVE('',#5006,#5005,#5611,.T.);
#4030=EDGE_CURVE('',#5007,#5006,#383,.T.);
#4031=EDGE_CURVE('',#5008,#5007,#5612,.T.);
#4032=EDGE_CURVE('',#5009,#5008,#384,.T.);
#4033=EDGE_CURVE('',#5010,#5009,#385,.T.);
#4034=EDGE_CURVE('',#5011,#5010,#386,.T.);
#4035=EDGE_CURVE('',#5012,#5011,#5613,.T.);
#4036=EDGE_CURVE('',#5013,#5012,#387,.T.);
#4037=EDGE_CURVE('',#5014,#5013,#5614,.T.);
#4038=EDGE_CURVE('',#5004,#5014,#388,.T.);
#4039=EDGE_CURVE('',#5015,#5016,#389,.T.);
#4040=EDGE_CURVE('',#5016,#5017,#390,.T.);
#4041=EDGE_CURVE('',#5017,#5018,#5615,.T.);
#4042=EDGE_CURVE('',#5018,#5019,#391,.T.);
#4043=EDGE_CURVE('',#5019,#5020,#5616,.T.);
#4044=EDGE_CURVE('',#5020,#5021,#392,.T.);
#4045=EDGE_CURVE('',#5021,#5022,#393,.T.);
#4046=EDGE_CURVE('',#5022,#5023,#394,.T.);
#4047=EDGE_CURVE('',#5023,#5024,#5617,.T.);
#4048=EDGE_CURVE('',#5024,#5025,#395,.T.);
#4049=EDGE_CURVE('',#5025,#5026,#5618,.T.);
#4050=EDGE_CURVE('',#5026,#5015,#396,.T.);
#4051=EDGE_CURVE('',#5015,#5003,#397,.T.);
#4052=EDGE_CURVE('',#5026,#5005,#398,.T.);
#4053=EDGE_CURVE('',#5025,#5006,#399,.T.);
#4054=EDGE_CURVE('',#5024,#5007,#400,.T.);
#4055=EDGE_CURVE('',#5023,#5008,#401,.T.);
#4056=EDGE_CURVE('',#5022,#5009,#402,.T.);
#4057=EDGE_CURVE('',#5021,#5010,#403,.T.);
#4058=EDGE_CURVE('',#5016,#5004,#404,.T.);
#4059=EDGE_CURVE('',#5027,#5028,#405,.T.);
#4060=EDGE_CURVE('',#5029,#5028,#406,.T.);
#4061=EDGE_CURVE('',#5029,#5030,#407,.T.);
#4062=EDGE_CURVE('',#5030,#5027,#408,.T.);
#4063=EDGE_CURVE('',#5001,#5031,#409,.T.);
#4064=EDGE_CURVE('',#5002,#5032,#410,.T.);
#4065=EDGE_CURVE('',#5028,#5032,#5619,.T.);
#4066=EDGE_CURVE('',#5031,#5027,#5620,.T.);
#4067=EDGE_CURVE('',#5033,#5034,#411,.T.);
#4068=EDGE_CURVE('',#5033,#5035,#412,.T.);
#4069=EDGE_CURVE('',#5035,#5036,#413,.T.);
#4070=EDGE_CURVE('',#5034,#5036,#414,.T.);
#4071=EDGE_CURVE('',#5037,#4999,#415,.T.);
#4072=EDGE_CURVE('',#5038,#4997,#416,.T.);
#4073=EDGE_CURVE('',#5036,#5038,#5621,.T.);
#4074=EDGE_CURVE('',#5037,#5035,#5622,.T.);
#4075=EDGE_CURVE('',#5033,#5039,#417,.T.);
#4076=EDGE_CURVE('',#5040,#5034,#418,.T.);
#4077=EDGE_CURVE('',#5041,#5040,#5623,.T.);
#4078=EDGE_CURVE('',#5042,#5041,#419,.T.);
#4079=EDGE_CURVE('',#5043,#5042,#420,.T.);
#4080=EDGE_CURVE('',#5044,#5043,#421,.T.);
#4081=EDGE_CURVE('',#5039,#5044,#5624,.T.);
#4082=EDGE_CURVE('',#5029,#5045,#422,.T.);
#4083=EDGE_CURVE('',#5045,#5046,#5625,.T.);
#4084=EDGE_CURVE('',#5046,#5047,#423,.T.);
#4085=EDGE_CURVE('',#5047,#5048,#424,.T.);
#4086=EDGE_CURVE('',#5048,#5049,#425,.T.);
#4087=EDGE_CURVE('',#5049,#5050,#5626,.T.);
#4088=EDGE_CURVE('',#5050,#5030,#426,.T.);
#4089=EDGE_CURVE('',#5031,#5017,#427,.T.);
#4090=EDGE_CURVE('',#5014,#5038,#428,.T.);
#4091=EDGE_CURVE('',#5027,#5018,#429,.T.);
#4092=EDGE_CURVE('',#5050,#5019,#430,.T.);
#4093=EDGE_CURVE('',#5049,#5020,#431,.T.);
#4094=EDGE_CURVE('',#5048,#5042,#432,.T.);
#4095=EDGE_CURVE('',#5011,#5041,#433,.T.);
#4096=EDGE_CURVE('',#5047,#5043,#434,.T.);
#4097=EDGE_CURVE('',#5046,#5044,#435,.T.);
#4098=EDGE_CURVE('',#5045,#5039,#436,.T.);
#4099=EDGE_CURVE('',#5028,#5035,#437,.T.);
#4100=EDGE_CURVE('',#5032,#5037,#438,.T.);
#4101=EDGE_CURVE('',#5013,#5036,#439,.T.);
#4102=EDGE_CURVE('',#5012,#5040,#440,.T.);
#4103=EDGE_CURVE('',#5051,#5052,#5627,.T.);
#4104=EDGE_CURVE('',#5053,#5051,#441,.T.);
#4105=EDGE_CURVE('',#5054,#5053,#5628,.T.);
#4106=EDGE_CURVE('',#5054,#5052,#442,.T.);
#4107=EDGE_CURVE('',#5055,#5056,#443,.T.);
#4108=EDGE_CURVE('',#5052,#5055,#5629,.T.);
#4109=EDGE_CURVE('',#5056,#5054,#5630,.T.);
#4110=EDGE_CURVE('',#5057,#5058,#444,.T.);
#4111=EDGE_CURVE('',#5059,#5057,#445,.T.);
#4112=EDGE_CURVE('',#5060,#5059,#5631,.T.);
#4113=EDGE_CURVE('',#5061,#5060,#446,.T.);
#4114=EDGE_CURVE('',#5062,#5061,#5632,.T.);
#4115=EDGE_CURVE('',#5063,#5062,#447,.T.);
#4116=EDGE_CURVE('',#5064,#5063,#448,.T.);
#4117=EDGE_CURVE('',#5065,#5064,#449,.T.);
#4118=EDGE_CURVE('',#5066,#5065,#5633,.T.);
#4119=EDGE_CURVE('',#5067,#5066,#450,.T.);
#4120=EDGE_CURVE('',#5068,#5067,#5634,.T.);
#4121=EDGE_CURVE('',#5058,#5068,#451,.T.);
#4122=EDGE_CURVE('',#5069,#5070,#452,.T.);
#4123=EDGE_CURVE('',#5070,#5071,#453,.T.);
#4124=EDGE_CURVE('',#5071,#5072,#5635,.T.);
#4125=EDGE_CURVE('',#5072,#5073,#454,.T.);
#4126=EDGE_CURVE('',#5073,#5074,#5636,.T.);
#4127=EDGE_CURVE('',#5074,#5075,#455,.T.);
#4128=EDGE_CURVE('',#5075,#5076,#456,.T.);
#4129=EDGE_CURVE('',#5076,#5077,#457,.T.);
#4130=EDGE_CURVE('',#5077,#5078,#5637,.T.);
#4131=EDGE_CURVE('',#5078,#5079,#458,.T.);
#4132=EDGE_CURVE('',#5079,#5080,#5638,.T.);
#4133=EDGE_CURVE('',#5080,#5069,#459,.T.);
#4134=EDGE_CURVE('',#5069,#5057,#460,.T.);
#4135=EDGE_CURVE('',#5080,#5059,#461,.T.);
#4136=EDGE_CURVE('',#5079,#5060,#462,.T.);
#4137=EDGE_CURVE('',#5078,#5061,#463,.T.);
#4138=EDGE_CURVE('',#5077,#5062,#464,.T.);
#4139=EDGE_CURVE('',#5076,#5063,#465,.T.);
#4140=EDGE_CURVE('',#5075,#5064,#466,.T.);
#4141=EDGE_CURVE('',#5070,#5058,#467,.T.);
#4142=EDGE_CURVE('',#5081,#5082,#468,.T.);
#4143=EDGE_CURVE('',#5083,#5082,#469,.T.);
#4144=EDGE_CURVE('',#5083,#5084,#470,.T.);
#4145=EDGE_CURVE('',#5084,#5081,#471,.T.);
#4146=EDGE_CURVE('',#5055,#5085,#472,.T.);
#4147=EDGE_CURVE('',#5056,#5086,#473,.T.);
#4148=EDGE_CURVE('',#5082,#5086,#5639,.T.);
#4149=EDGE_CURVE('',#5085,#5081,#5640,.T.);
#4150=EDGE_CURVE('',#5087,#5088,#474,.T.);
#4151=EDGE_CURVE('',#5087,#5089,#475,.T.);
#4152=EDGE_CURVE('',#5089,#5090,#476,.T.);
#4153=EDGE_CURVE('',#5088,#5090,#477,.T.);
#4154=EDGE_CURVE('',#5091,#5053,#478,.T.);
#4155=EDGE_CURVE('',#5092,#5051,#479,.T.);
#4156=EDGE_CURVE('',#5090,#5092,#5641,.T.);
#4157=EDGE_CURVE('',#5091,#5089,#5642,.T.);
#4158=EDGE_CURVE('',#5087,#5093,#480,.T.);
#4159=EDGE_CURVE('',#5094,#5088,#481,.T.);
#4160=EDGE_CURVE('',#5095,#5094,#5643,.T.);
#4161=EDGE_CURVE('',#5096,#5095,#482,.T.);
#4162=EDGE_CURVE('',#5097,#5096,#483,.T.);
#4163=EDGE_CURVE('',#5098,#5097,#484,.T.);
#4164=EDGE_CURVE('',#5093,#5098,#5644,.T.);
#4165=EDGE_CURVE('',#5083,#5099,#485,.T.);
#4166=EDGE_CURVE('',#5099,#5100,#5645,.T.);
#4167=EDGE_CURVE('',#5100,#5101,#486,.T.);
#4168=EDGE_CURVE('',#5101,#5102,#487,.T.);
#4169=EDGE_CURVE('',#5102,#5103,#488,.T.);
#4170=EDGE_CURVE('',#5103,#5104,#5646,.T.);
#4171=EDGE_CURVE('',#5104,#5084,#489,.T.);
#4172=EDGE_CURVE('',#5085,#5071,#490,.T.);
#4173=EDGE_CURVE('',#5068,#5092,#491,.T.);
#4174=EDGE_CURVE('',#5081,#5072,#492,.T.);
#4175=EDGE_CURVE('',#5104,#5073,#493,.T.);
#4176=EDGE_CURVE('',#5103,#5074,#494,.T.);
#4177=EDGE_CURVE('',#5102,#5096,#495,.T.);
#4178=EDGE_CURVE('',#5065,#5095,#496,.T.);
#4179=EDGE_CURVE('',#5101,#5097,#497,.T.);
#4180=EDGE_CURVE('',#5100,#5098,#498,.T.);
#4181=EDGE_CURVE('',#5099,#5093,#499,.T.);
#4182=EDGE_CURVE('',#5082,#5089,#500,.T.);
#4183=EDGE_CURVE('',#5086,#5091,#501,.T.);
#4184=EDGE_CURVE('',#5067,#5090,#502,.T.);
#4185=EDGE_CURVE('',#5066,#5094,#503,.T.);
#4186=EDGE_CURVE('',#5105,#5106,#5647,.T.);
#4187=EDGE_CURVE('',#5107,#5106,#504,.T.);
#4188=EDGE_CURVE('',#5107,#5108,#5648,.T.);
#4189=EDGE_CURVE('',#5108,#5105,#505,.T.);
#4190=EDGE_CURVE('',#5109,#5110,#506,.T.);
#4191=EDGE_CURVE('',#5110,#5107,#5649,.T.);
#4192=EDGE_CURVE('',#5106,#5109,#5650,.T.);
#4193=EDGE_CURVE('',#5111,#5112,#507,.T.);
#4194=EDGE_CURVE('',#5112,#5113,#508,.T.);
#4195=EDGE_CURVE('',#5113,#5114,#5651,.T.);
#4196=EDGE_CURVE('',#5114,#5115,#509,.T.);
#4197=EDGE_CURVE('',#5115,#5116,#5652,.T.);
#4198=EDGE_CURVE('',#5116,#5117,#510,.T.);
#4199=EDGE_CURVE('',#5117,#5118,#511,.T.);
#4200=EDGE_CURVE('',#5118,#5119,#512,.T.);
#4201=EDGE_CURVE('',#5119,#5120,#5653,.T.);
#4202=EDGE_CURVE('',#5120,#5121,#513,.T.);
#4203=EDGE_CURVE('',#5121,#5122,#5654,.T.);
#4204=EDGE_CURVE('',#5122,#5111,#514,.T.);
#4205=EDGE_CURVE('',#5123,#5124,#515,.T.);
#4206=EDGE_CURVE('',#5125,#5123,#516,.T.);
#4207=EDGE_CURVE('',#5126,#5125,#5655,.T.);
#4208=EDGE_CURVE('',#5127,#5126,#517,.T.);
#4209=EDGE_CURVE('',#5128,#5127,#5656,.T.);
#4210=EDGE_CURVE('',#5129,#5128,#518,.T.);
#4211=EDGE_CURVE('',#5130,#5129,#519,.T.);
#4212=EDGE_CURVE('',#5131,#5130,#520,.T.);
#4213=EDGE_CURVE('',#5132,#5131,#5657,.T.);
#4214=EDGE_CURVE('',#5133,#5132,#521,.T.);
#4215=EDGE_CURVE('',#5134,#5133,#5658,.T.);
#4216=EDGE_CURVE('',#5124,#5134,#522,.T.);
#4217=EDGE_CURVE('',#5125,#5122,#523,.T.);
#4218=EDGE_CURVE('',#5123,#5111,#524,.T.);
#4219=EDGE_CURVE('',#5126,#5121,#525,.T.);
#4220=EDGE_CURVE('',#5127,#5120,#526,.T.);
#4221=EDGE_CURVE('',#5128,#5119,#527,.T.);
#4222=EDGE_CURVE('',#5129,#5118,#528,.T.);
#4223=EDGE_CURVE('',#5130,#5117,#529,.T.);
#4224=EDGE_CURVE('',#5124,#5112,#530,.T.);
#4225=EDGE_CURVE('',#5135,#5136,#531,.T.);
#4226=EDGE_CURVE('',#5137,#5135,#532,.T.);
#4227=EDGE_CURVE('',#5138,#5137,#533,.T.);
#4228=EDGE_CURVE('',#5138,#5136,#534,.T.);
#4229=EDGE_CURVE('',#5109,#5139,#535,.T.);
#4230=EDGE_CURVE('',#5139,#5135,#5659,.T.);
#4231=EDGE_CURVE('',#5136,#5140,#5660,.T.);
#4232=EDGE_CURVE('',#5110,#5140,#536,.T.);
#4233=EDGE_CURVE('',#5141,#5142,#537,.T.);
#4234=EDGE_CURVE('',#5142,#5143,#538,.T.);
#4235=EDGE_CURVE('',#5144,#5143,#539,.T.);
#4236=EDGE_CURVE('',#5141,#5144,#540,.T.);
#4237=EDGE_CURVE('',#5145,#5108,#541,.T.);
#4238=EDGE_CURVE('',#5145,#5144,#5661,.T.);
#4239=EDGE_CURVE('',#5143,#5146,#5662,.T.);
#4240=EDGE_CURVE('',#5146,#5105,#542,.T.);
#4241=EDGE_CURVE('',#5141,#5147,#543,.T.);
#4242=EDGE_CURVE('',#5147,#5148,#5663,.T.);
#4243=EDGE_CURVE('',#5148,#5149,#544,.T.);
#4244=EDGE_CURVE('',#5149,#5150,#545,.T.);
#4245=EDGE_CURVE('',#5150,#5151,#546,.T.);
#4246=EDGE_CURVE('',#5151,#5152,#5664,.T.);
#4247=EDGE_CURVE('',#5152,#5142,#547,.T.);
#4248=EDGE_CURVE('',#5153,#5137,#548,.T.);
#4249=EDGE_CURVE('',#5154,#5153,#5665,.T.);
#4250=EDGE_CURVE('',#5155,#5154,#549,.T.);
#4251=EDGE_CURVE('',#5156,#5155,#550,.T.);
#4252=EDGE_CURVE('',#5157,#5156,#551,.T.);
#4253=EDGE_CURVE('',#5158,#5157,#5666,.T.);
#4254=EDGE_CURVE('',#5138,#5158,#552,.T.);
#4255=EDGE_CURVE('',#5113,#5146,#553,.T.);
#4256=EDGE_CURVE('',#5139,#5134,#554,.T.);
#4257=EDGE_CURVE('',#5135,#5133,#555,.T.);
#4258=EDGE_CURVE('',#5153,#5132,#556,.T.);
#4259=EDGE_CURVE('',#5154,#5131,#557,.T.);
#4260=EDGE_CURVE('',#5116,#5151,#558,.T.);
#4261=EDGE_CURVE('',#5155,#5150,#559,.T.);
#4262=EDGE_CURVE('',#5156,#5149,#560,.T.);
#4263=EDGE_CURVE('',#5157,#5148,#561,.T.);
#4264=EDGE_CURVE('',#5158,#5147,#562,.T.);
#4265=EDGE_CURVE('',#5136,#5144,#563,.T.);
#4266=EDGE_CURVE('',#5140,#5145,#564,.T.);
#4267=EDGE_CURVE('',#5114,#5143,#565,.T.);
#4268=EDGE_CURVE('',#5115,#5152,#566,.T.);
#4269=EDGE_CURVE('',#5159,#5160,#5667,.T.);
#4270=EDGE_CURVE('',#5161,#5160,#567,.T.);
#4271=EDGE_CURVE('',#5161,#5162,#5668,.T.);
#4272=EDGE_CURVE('',#5162,#5159,#568,.T.);
#4273=EDGE_CURVE('',#5163,#5164,#569,.T.);
#4274=EDGE_CURVE('',#5164,#5161,#5669,.T.);
#4275=EDGE_CURVE('',#5160,#5163,#5670,.T.);
#4276=EDGE_CURVE('',#5165,#5166,#570,.T.);
#4277=EDGE_CURVE('',#5166,#5167,#571,.T.);
#4278=EDGE_CURVE('',#5167,#5168,#5671,.T.);
#4279=EDGE_CURVE('',#5168,#5169,#572,.T.);
#4280=EDGE_CURVE('',#5169,#5170,#5672,.T.);
#4281=EDGE_CURVE('',#5170,#5171,#573,.T.);
#4282=EDGE_CURVE('',#5171,#5172,#574,.T.);
#4283=EDGE_CURVE('',#5172,#5173,#575,.T.);
#4284=EDGE_CURVE('',#5173,#5174,#5673,.T.);
#4285=EDGE_CURVE('',#5174,#5175,#576,.T.);
#4286=EDGE_CURVE('',#5175,#5176,#5674,.T.);
#4287=EDGE_CURVE('',#5176,#5165,#577,.T.);
#4288=EDGE_CURVE('',#5177,#5178,#578,.T.);
#4289=EDGE_CURVE('',#5179,#5177,#579,.T.);
#4290=EDGE_CURVE('',#5180,#5179,#5675,.T.);
#4291=EDGE_CURVE('',#5181,#5180,#580,.T.);
#4292=EDGE_CURVE('',#5182,#5181,#5676,.T.);
#4293=EDGE_CURVE('',#5183,#5182,#581,.T.);
#4294=EDGE_CURVE('',#5184,#5183,#582,.T.);
#4295=EDGE_CURVE('',#5185,#5184,#583,.T.);
#4296=EDGE_CURVE('',#5186,#5185,#5677,.T.);
#4297=EDGE_CURVE('',#5187,#5186,#584,.T.);
#4298=EDGE_CURVE('',#5188,#5187,#5678,.T.);
#4299=EDGE_CURVE('',#5178,#5188,#585,.T.);
#4300=EDGE_CURVE('',#5179,#5176,#586,.T.);
#4301=EDGE_CURVE('',#5177,#5165,#587,.T.);
#4302=EDGE_CURVE('',#5180,#5175,#588,.T.);
#4303=EDGE_CURVE('',#5181,#5174,#589,.T.);
#4304=EDGE_CURVE('',#5182,#5173,#590,.T.);
#4305=EDGE_CURVE('',#5183,#5172,#591,.T.);
#4306=EDGE_CURVE('',#5184,#5171,#592,.T.);
#4307=EDGE_CURVE('',#5178,#5166,#593,.T.);
#4308=EDGE_CURVE('',#5189,#5190,#594,.T.);
#4309=EDGE_CURVE('',#5191,#5189,#595,.T.);
#4310=EDGE_CURVE('',#5192,#5191,#596,.T.);
#4311=EDGE_CURVE('',#5192,#5190,#597,.T.);
#4312=EDGE_CURVE('',#5163,#5193,#598,.T.);
#4313=EDGE_CURVE('',#5193,#5189,#5679,.T.);
#4314=EDGE_CURVE('',#5190,#5194,#5680,.T.);
#4315=EDGE_CURVE('',#5164,#5194,#599,.T.);
#4316=EDGE_CURVE('',#5195,#5196,#600,.T.);
#4317=EDGE_CURVE('',#5196,#5197,#601,.T.);
#4318=EDGE_CURVE('',#5198,#5197,#602,.T.);
#4319=EDGE_CURVE('',#5195,#5198,#603,.T.);
#4320=EDGE_CURVE('',#5199,#5162,#604,.T.);
#4321=EDGE_CURVE('',#5199,#5198,#5681,.T.);
#4322=EDGE_CURVE('',#5197,#5200,#5682,.T.);
#4323=EDGE_CURVE('',#5200,#5159,#605,.T.);
#4324=EDGE_CURVE('',#5195,#5201,#606,.T.);
#4325=EDGE_CURVE('',#5201,#5202,#5683,.T.);
#4326=EDGE_CURVE('',#5202,#5203,#607,.T.);
#4327=EDGE_CURVE('',#5203,#5204,#608,.T.);
#4328=EDGE_CURVE('',#5204,#5205,#609,.T.);
#4329=EDGE_CURVE('',#5205,#5206,#5684,.T.);
#4330=EDGE_CURVE('',#5206,#5196,#610,.T.);
#4331=EDGE_CURVE('',#5207,#5191,#611,.T.);
#4332=EDGE_CURVE('',#5208,#5207,#5685,.T.);
#4333=EDGE_CURVE('',#5209,#5208,#612,.T.);
#4334=EDGE_CURVE('',#5210,#5209,#613,.T.);
#4335=EDGE_CURVE('',#5211,#5210,#614,.T.);
#4336=EDGE_CURVE('',#5212,#5211,#5686,.T.);
#4337=EDGE_CURVE('',#5192,#5212,#615,.T.);
#4338=EDGE_CURVE('',#5167,#5200,#616,.T.);
#4339=EDGE_CURVE('',#5193,#5188,#617,.T.);
#4340=EDGE_CURVE('',#5189,#5187,#618,.T.);
#4341=EDGE_CURVE('',#5207,#5186,#619,.T.);
#4342=EDGE_CURVE('',#5208,#5185,#620,.T.);
#4343=EDGE_CURVE('',#5170,#5205,#621,.T.);
#4344=EDGE_CURVE('',#5209,#5204,#622,.T.);
#4345=EDGE_CURVE('',#5210,#5203,#623,.T.);
#4346=EDGE_CURVE('',#5211,#5202,#624,.T.);
#4347=EDGE_CURVE('',#5212,#5201,#625,.T.);
#4348=EDGE_CURVE('',#5190,#5198,#626,.T.);
#4349=EDGE_CURVE('',#5194,#5199,#627,.T.);
#4350=EDGE_CURVE('',#5168,#5197,#628,.T.);
#4351=EDGE_CURVE('',#5169,#5206,#629,.T.);
#4352=EDGE_CURVE('',#5213,#5214,#630,.T.);
#4353=EDGE_CURVE('',#5215,#5214,#631,.T.);
#4354=EDGE_CURVE('',#5215,#5216,#632,.T.);
#4355=EDGE_CURVE('',#5216,#5213,#633,.T.);
#4356=EDGE_CURVE('',#5217,#5218,#634,.T.);
#4357=EDGE_CURVE('',#5218,#5219,#635,.T.);
#4358=EDGE_CURVE('',#5219,#5220,#636,.T.);
#4359=EDGE_CURVE('',#5220,#5221,#637,.T.);
#4360=EDGE_CURVE('',#5221,#5222,#638,.T.);
#4361=EDGE_CURVE('',#5222,#5223,#639,.T.);
#4362=EDGE_CURVE('',#5223,#5224,#640,.T.);
#4363=EDGE_CURVE('',#5224,#5216,#641,.T.);
#4364=EDGE_CURVE('',#5215,#5225,#642,.T.);
#4365=EDGE_CURVE('',#5225,#5226,#643,.T.);
#4366=EDGE_CURVE('',#5217,#5226,#644,.T.);
#4367=EDGE_CURVE('',#5227,#5217,#645,.T.);
#4368=EDGE_CURVE('',#5226,#5228,#646,.T.);
#4369=EDGE_CURVE('',#5228,#5227,#647,.T.);
#4370=EDGE_CURVE('',#5220,#5229,#648,.T.);
#4371=EDGE_CURVE('',#5219,#5230,#649,.T.);
#4372=EDGE_CURVE('',#5229,#5230,#650,.T.);
#4373=EDGE_CURVE('',#5231,#5232,#651,.T.);
#4374=EDGE_CURVE('',#5232,#5233,#652,.T.);
#4375=EDGE_CURVE('',#5233,#5234,#653,.T.);
#4376=EDGE_CURVE('',#5234,#5231,#654,.T.);
#4377=EDGE_CURVE('',#5232,#5235,#655,.T.);
#4378=EDGE_CURVE('',#5236,#5235,#656,.T.);
#4379=EDGE_CURVE('',#5233,#5236,#657,.T.);
#4380=EDGE_CURVE('',#5237,#5238,#658,.T.);
#4381=EDGE_CURVE('',#5238,#5239,#659,.T.);
#4382=EDGE_CURVE('',#5239,#5240,#660,.T.);
#4383=EDGE_CURVE('',#5237,#5240,#661,.T.);
#4384=EDGE_CURVE('',#5239,#5223,#662,.T.);
#4385=EDGE_CURVE('',#5241,#5222,#663,.T.);
#4386=EDGE_CURVE('',#5242,#5241,#664,.T.);
#4387=EDGE_CURVE('',#5242,#5243,#665,.T.);
#4388=EDGE_CURVE('',#5244,#5243,#666,.T.);
#4389=EDGE_CURVE('',#5244,#5240,#667,.T.);
#4390=EDGE_CURVE('',#5241,#5245,#668,.T.);
#4391=EDGE_CURVE('',#5245,#5246,#669,.T.);
#4392=EDGE_CURVE('',#5242,#5246,#670,.T.);
#4393=EDGE_CURVE('',#5247,#5248,#671,.T.);
#4394=EDGE_CURVE('',#5248,#5249,#672,.T.);
#4395=EDGE_CURVE('',#5249,#5250,#673,.T.);
#4396=EDGE_CURVE('',#5250,#5247,#674,.T.);
#4397=EDGE_CURVE('',#5251,#5247,#675,.T.);
#4398=EDGE_CURVE('',#5250,#5252,#676,.T.);
#4399=EDGE_CURVE('',#5251,#5252,#677,.T.);
#4400=EDGE_CURVE('',#5253,#5254,#678,.T.);
#4401=EDGE_CURVE('',#5255,#5254,#5687,.T.);
#4402=EDGE_CURVE('',#5256,#5255,#679,.T.);
#4403=EDGE_CURVE('',#5257,#5256,#5688,.T.);
#4404=EDGE_CURVE('',#5258,#5257,#680,.T.);
#4405=EDGE_CURVE('',#5259,#5258,#5689,.T.);
#4406=EDGE_CURVE('',#5259,#5260,#681,.T.);
#4407=EDGE_CURVE('',#5253,#5260,#5690,.T.);
#4408=EDGE_CURVE('',#5261,#5229,#682,.T.);
#4409=EDGE_CURVE('',#5230,#5262,#683,.T.);
#4410=EDGE_CURVE('',#5261,#5262,#684,.T.);
#4411=EDGE_CURVE('',#5261,#5246,#685,.T.);
#4412=EDGE_CURVE('',#5248,#5262,#686,.T.);
#4413=EDGE_CURVE('',#5251,#5263,#687,.T.);
#4414=EDGE_CURVE('',#5263,#5254,#688,.T.);
#4415=EDGE_CURVE('',#5253,#5264,#689,.T.);
#4416=EDGE_CURVE('',#5264,#5243,#690,.T.);
#4417=EDGE_CURVE('',#5265,#5260,#691,.T.);
#4418=EDGE_CURVE('',#5259,#5266,#692,.T.);
#4419=EDGE_CURVE('',#5266,#5265,#693,.T.);
#4420=EDGE_CURVE('',#5264,#5265,#5691,.T.);
#4421=EDGE_CURVE('',#5267,#5231,#694,.T.);
#4422=EDGE_CURVE('',#5268,#5267,#695,.T.);
#4423=EDGE_CURVE('',#5237,#5268,#696,.T.);
#4424=EDGE_CURVE('',#5269,#5244,#697,.T.);
#4425=EDGE_CURVE('',#5269,#5258,#698,.T.);
#4426=EDGE_CURVE('',#5257,#5270,#699,.T.);
#4427=EDGE_CURVE('',#5235,#5270,#700,.T.);
#4428=EDGE_CURVE('',#5266,#5269,#5692,.T.);
#4429=EDGE_CURVE('',#5271,#5256,#701,.T.);
#4430=EDGE_CURVE('',#5255,#5272,#702,.T.);
#4431=EDGE_CURVE('',#5271,#5272,#703,.T.);
#4432=EDGE_CURVE('',#5270,#5271,#5693,.T.);
#4433=EDGE_CURVE('',#5272,#5263,#5694,.T.);
#4434=EDGE_CURVE('',#5267,#5214,#704,.T.);
#4435=EDGE_CURVE('',#5234,#5225,#705,.T.);
#4436=EDGE_CURVE('',#5228,#5236,#706,.T.);
#4437=EDGE_CURVE('',#5238,#5224,#707,.T.);
#4438=EDGE_CURVE('',#5213,#5268,#708,.T.);
#4439=EDGE_CURVE('',#5245,#5221,#709,.T.);
#4440=EDGE_CURVE('',#5249,#5218,#710,.T.);
#4441=EDGE_CURVE('',#5252,#5227,#711,.T.);
#4442=EDGE_CURVE('',#5273,#5274,#712,.T.);
#4443=EDGE_CURVE('',#5275,#5274,#713,.T.);
#4444=EDGE_CURVE('',#5276,#5275,#714,.T.);
#4445=EDGE_CURVE('',#5273,#5276,#715,.T.);
#4446=EDGE_CURVE('',#5277,#5275,#716,.T.);
#4447=EDGE_CURVE('',#5277,#5278,#717,.T.);
#4448=EDGE_CURVE('',#5276,#5278,#718,.T.);
#4449=EDGE_CURVE('',#5279,#5280,#719,.T.);
#4450=EDGE_CURVE('',#5279,#5281,#720,.T.);
#4451=EDGE_CURVE('',#5281,#5282,#721,.T.);
#4452=EDGE_CURVE('',#5280,#5282,#722,.T.);
#4453=EDGE_CURVE('',#5283,#5284,#723,.T.);
#4454=EDGE_CURVE('',#5279,#5284,#724,.T.);
#4455=EDGE_CURVE('',#5283,#5280,#725,.T.);
#4456=EDGE_CURVE('',#5285,#5286,#726,.T.);
#4457=EDGE_CURVE('',#5287,#5286,#727,.T.);
#4458=EDGE_CURVE('',#5288,#5287,#728,.T.);
#4459=EDGE_CURVE('',#5285,#5288,#729,.T.);
#4460=EDGE_CURVE('',#5289,#5287,#730,.T.);
#4461=EDGE_CURVE('',#5289,#5290,#731,.T.);
#4462=EDGE_CURVE('',#5288,#5290,#732,.T.);
#4463=EDGE_CURVE('',#5291,#5292,#733,.T.);
#4464=EDGE_CURVE('',#5293,#5292,#734,.T.);
#4465=EDGE_CURVE('',#5293,#5294,#735,.T.);
#4466=EDGE_CURVE('',#5294,#5291,#736,.T.);
#4467=EDGE_CURVE('',#5295,#5291,#737,.T.);
#4468=EDGE_CURVE('',#5294,#5296,#738,.T.);
#4469=EDGE_CURVE('',#5296,#5295,#739,.T.);
#4470=EDGE_CURVE('',#5297,#5298,#740,.T.);
#4471=EDGE_CURVE('',#5293,#5297,#741,.T.);
#4472=EDGE_CURVE('',#5298,#5292,#742,.T.);
#4473=EDGE_CURVE('',#5299,#5300,#743,.T.);
#4474=EDGE_CURVE('',#5301,#5300,#744,.T.);
#4475=EDGE_CURVE('',#5301,#5302,#745,.T.);
#4476=EDGE_CURVE('',#5302,#5299,#746,.T.);
#4477=EDGE_CURVE('',#5303,#5299,#747,.T.);
#4478=EDGE_CURVE('',#5302,#5304,#748,.T.);
#4479=EDGE_CURVE('',#5304,#5303,#749,.T.);
#4480=EDGE_CURVE('',#5305,#5306,#750,.T.);
#4481=EDGE_CURVE('',#5301,#5305,#751,.T.);
#4482=EDGE_CURVE('',#5306,#5300,#752,.T.);
#4483=EDGE_CURVE('',#5307,#5308,#753,.T.);
#4484=EDGE_CURVE('',#5308,#5309,#754,.T.);
#4485=EDGE_CURVE('',#5309,#5310,#755,.T.);
#4486=EDGE_CURVE('',#5307,#5310,#756,.T.);
#4487=EDGE_CURVE('',#5311,#5310,#757,.T.);
#4488=EDGE_CURVE('',#5312,#5311,#758,.T.);
#4489=EDGE_CURVE('',#5307,#5312,#759,.T.);
#4490=EDGE_CURVE('',#5308,#5313,#760,.T.);
#4491=EDGE_CURVE('',#5313,#5314,#761,.T.);
#4492=EDGE_CURVE('',#5314,#5309,#762,.T.);
#4493=EDGE_CURVE('',#5315,#5316,#763,.T.);
#4494=EDGE_CURVE('',#5316,#5317,#764,.T.);
#4495=EDGE_CURVE('',#5317,#5318,#765,.T.);
#4496=EDGE_CURVE('',#5315,#5318,#766,.T.);
#4497=EDGE_CURVE('',#5319,#5318,#767,.T.);
#4498=EDGE_CURVE('',#5320,#5319,#768,.T.);
#4499=EDGE_CURVE('',#5315,#5320,#769,.T.);
#4500=EDGE_CURVE('',#5316,#5321,#770,.T.);
#4501=EDGE_CURVE('',#5321,#5322,#771,.T.);
#4502=EDGE_CURVE('',#5322,#5317,#772,.T.);
#4503=EDGE_CURVE('',#5323,#5324,#773,.T.);
#4504=EDGE_CURVE('',#5323,#5325,#774,.T.);
#4505=EDGE_CURVE('',#5325,#5326,#775,.T.);
#4506=EDGE_CURVE('',#5324,#5326,#776,.T.);
#4507=EDGE_CURVE('',#5327,#5328,#777,.T.);
#4508=EDGE_CURVE('',#5329,#5327,#778,.T.);
#4509=EDGE_CURVE('',#5329,#5330,#779,.T.);
#4510=EDGE_CURVE('',#5328,#5330,#780,.T.);
#4511=EDGE_CURVE('',#5331,#5332,#781,.T.);
#4512=EDGE_CURVE('',#5333,#5332,#782,.T.);
#4513=EDGE_CURVE('',#5334,#5333,#783,.T.);
#4514=EDGE_CURVE('',#5334,#5331,#784,.T.);
#4515=EDGE_CURVE('',#5335,#5336,#785,.T.);
#4516=EDGE_CURVE('',#5336,#5337,#786,.T.);
#4517=EDGE_CURVE('',#5337,#5338,#787,.T.);
#4518=EDGE_CURVE('',#5335,#5338,#788,.T.);
#4519=EDGE_CURVE('',#5338,#5339,#789,.T.);
#4520=EDGE_CURVE('',#5340,#5339,#790,.T.);
#4521=EDGE_CURVE('',#5340,#5335,#791,.T.);
#4522=EDGE_CURVE('',#5337,#5341,#792,.T.);
#4523=EDGE_CURVE('',#5342,#5336,#793,.T.);
#4524=EDGE_CURVE('',#5341,#5342,#794,.T.);
#4525=EDGE_CURVE('',#5339,#5341,#795,.T.);
#4526=EDGE_CURVE('',#5340,#5342,#796,.T.);
#4527=EDGE_CURVE('',#5343,#5344,#797,.T.);
#4528=EDGE_CURVE('',#5344,#5340,#5695,.T.);
#4529=EDGE_CURVE('',#5339,#5343,#5696,.T.);
#4530=EDGE_CURVE('',#5345,#5321,#5697,.T.);
#4531=EDGE_CURVE('',#5346,#5345,#798,.T.);
#4532=EDGE_CURVE('',#5322,#5346,#5698,.T.);
#4533=EDGE_CURVE('',#5343,#5346,#799,.T.);
#4534=EDGE_CURVE('',#5341,#5319,#5699,.T.);
#4535=EDGE_CURVE('',#5320,#5342,#5700,.T.);
#4536=EDGE_CURVE('',#5344,#5345,#800,.T.);
#4537=EDGE_CURVE('',#5332,#5347,#801,.T.);
#4538=EDGE_CURVE('',#5348,#5347,#802,.T.);
#4539=EDGE_CURVE('',#5348,#5333,#803,.T.);
#4540=EDGE_CURVE('',#5331,#5349,#804,.T.);
#4541=EDGE_CURVE('',#5350,#5334,#805,.T.);
#4542=EDGE_CURVE('',#5349,#5350,#806,.T.);
#4543=EDGE_CURVE('',#5347,#5349,#807,.T.);
#4544=EDGE_CURVE('',#5348,#5350,#808,.T.);
#4545=EDGE_CURVE('',#5351,#5352,#809,.T.);
#4546=EDGE_CURVE('',#5352,#5348,#5701,.T.);
#4547=EDGE_CURVE('',#5347,#5351,#5702,.T.);
#4548=EDGE_CURVE('',#5353,#5313,#5703,.T.);
#4549=EDGE_CURVE('',#5354,#5353,#810,.T.);
#4550=EDGE_CURVE('',#5314,#5354,#5704,.T.);
#4551=EDGE_CURVE('',#5351,#5354,#811,.T.);
#4552=EDGE_CURVE('',#5349,#5311,#5705,.T.);
#4553=EDGE_CURVE('',#5312,#5350,#5706,.T.);
#4554=EDGE_CURVE('',#5352,#5353,#812,.T.);
#4555=EDGE_CURVE('',#5355,#5356,#813,.T.);
#4556=EDGE_CURVE('',#5356,#5357,#5707,.T.);
#4557=EDGE_CURVE('',#5357,#5358,#814,.T.);
#4558=EDGE_CURVE('',#5358,#5355,#5708,.T.);
#4559=EDGE_CURVE('',#5359,#5304,#5709,.T.);
#4560=EDGE_CURVE('',#5359,#5360,#815,.T.);
#4561=EDGE_CURVE('',#5303,#5360,#5710,.T.);
#4562=EDGE_CURVE('',#5305,#5361,#5711,.T.);
#4563=EDGE_CURVE('',#5355,#5361,#816,.T.);
#4564=EDGE_CURVE('',#5358,#5359,#817,.T.);
#4565=EDGE_CURVE('',#5357,#5360,#818,.T.);
#4566=EDGE_CURVE('',#5356,#5362,#819,.T.);
#4567=EDGE_CURVE('',#5362,#5306,#5712,.T.);
#4568=EDGE_CURVE('',#5323,#5363,#820,.T.);
#4569=EDGE_CURVE('',#5364,#5363,#821,.T.);
#4570=EDGE_CURVE('',#5325,#5364,#822,.T.);
#4571=EDGE_CURVE('',#5365,#5366,#823,.T.);
#4572=EDGE_CURVE('',#5366,#5367,#5713,.T.);
#4573=EDGE_CURVE('',#5367,#5364,#824,.T.);
#4574=EDGE_CURVE('',#5364,#5365,#5714,.T.);
#4575=EDGE_CURVE('',#5363,#5296,#5715,.T.);
#4576=EDGE_CURVE('',#5368,#5363,#825,.T.);
#4577=EDGE_CURVE('',#5295,#5368,#5716,.T.);
#4578=EDGE_CURVE('',#5297,#5369,#5717,.T.);
#4579=EDGE_CURVE('',#5365,#5369,#826,.T.);
#4580=EDGE_CURVE('',#5367,#5368,#827,.T.);
#4581=EDGE_CURVE('',#5366,#5370,#828,.T.);
#4582=EDGE_CURVE('',#5370,#5298,#5718,.T.);
#4583=EDGE_CURVE('',#5371,#5372,#829,.T.);
#4584=EDGE_CURVE('',#5372,#5373,#830,.T.);
#4585=EDGE_CURVE('',#5374,#5373,#831,.T.);
#4586=EDGE_CURVE('',#5374,#5371,#832,.T.);
#4587=EDGE_CURVE('',#5375,#5376,#833,.T.);
#4588=EDGE_CURVE('',#5377,#5376,#834,.T.);
#4589=EDGE_CURVE('',#5378,#5377,#835,.T.);
#4590=EDGE_CURVE('',#5378,#5375,#836,.T.);
#4591=EDGE_CURVE('',#5286,#5379,#5719,.T.);
#4592=EDGE_CURVE('',#5380,#5379,#837,.T.);
#4593=EDGE_CURVE('',#5381,#5380,#838,.T.);
#4594=EDGE_CURVE('',#5382,#5381,#839,.T.);
#4595=EDGE_CURVE('',#5382,#5289,#840,.T.);
#4596=EDGE_CURVE('',#5379,#5383,#841,.T.);
#4597=EDGE_CURVE('',#5383,#5384,#842,.T.);
#4598=EDGE_CURVE('',#5380,#5384,#843,.T.);
#4599=EDGE_CURVE('',#5385,#5386,#844,.T.);
#4600=EDGE_CURVE('',#5387,#5386,#845,.T.);
#4601=EDGE_CURVE('',#5388,#5387,#846,.T.);
#4602=EDGE_CURVE('',#5388,#5385,#847,.T.);
#4603=EDGE_CURVE('',#5386,#5285,#5720,.T.);
#4604=EDGE_CURVE('',#5290,#5389,#848,.T.);
#4605=EDGE_CURVE('',#5390,#5389,#849,.T.);
#4606=EDGE_CURVE('',#5390,#5387,#850,.T.);
#4607=EDGE_CURVE('',#5391,#5392,#851,.T.);
#4608=EDGE_CURVE('',#5393,#5392,#852,.T.);
#4609=EDGE_CURVE('',#5394,#5393,#853,.T.);
#4610=EDGE_CURVE('',#5394,#5391,#854,.T.);
#4611=EDGE_CURVE('',#5395,#5391,#855,.T.);
#4612=EDGE_CURVE('',#5396,#5395,#856,.T.);
#4613=EDGE_CURVE('',#5392,#5396,#857,.T.);
#4614=EDGE_CURVE('',#5397,#5398,#858,.T.);
#4615=EDGE_CURVE('',#5397,#5394,#859,.T.);
#4616=EDGE_CURVE('',#5393,#5398,#860,.T.);
#4617=EDGE_CURVE('',#5396,#5398,#861,.T.);
#4618=EDGE_CURVE('',#5395,#5397,#862,.T.);
#4619=EDGE_CURVE('',#5387,#5380,#863,.T.);
#4620=EDGE_CURVE('',#5384,#5396,#5721,.T.);
#4621=EDGE_CURVE('',#5395,#5388,#5722,.T.);
#4622=EDGE_CURVE('',#5397,#5385,#5723,.T.);
#4623=EDGE_CURVE('',#5383,#5398,#5724,.T.);
#4624=EDGE_CURVE('',#5399,#5400,#864,.T.);
#4625=EDGE_CURVE('',#5401,#5400,#865,.T.);
#4626=EDGE_CURVE('',#5402,#5401,#866,.T.);
#4627=EDGE_CURVE('',#5402,#5399,#867,.T.);
#4628=EDGE_CURVE('',#5403,#5399,#868,.T.);
#4629=EDGE_CURVE('',#5404,#5403,#869,.T.);
#4630=EDGE_CURVE('',#5400,#5404,#870,.T.);
#4631=EDGE_CURVE('',#5405,#5406,#871,.T.);
#4632=EDGE_CURVE('',#5405,#5402,#872,.T.);
#4633=EDGE_CURVE('',#5401,#5406,#873,.T.);
#4634=EDGE_CURVE('',#5404,#5406,#874,.T.);
#4635=EDGE_CURVE('',#5403,#5405,#875,.T.);
#4636=EDGE_CURVE('',#5377,#5374,#876,.T.);
#4637=EDGE_CURVE('',#5373,#5404,#5725,.T.);
#4638=EDGE_CURVE('',#5403,#5378,#5726,.T.);
#4639=EDGE_CURVE('',#5407,#5371,#5727,.T.);
#4640=EDGE_CURVE('',#5408,#5407,#877,.T.);
#4641=EDGE_CURVE('',#5376,#5408,#5728,.T.);
#4642=EDGE_CURVE('',#5405,#5375,#5729,.T.);
#4643=EDGE_CURVE('',#5372,#5406,#5730,.T.);
#4644=EDGE_CURVE('',#5409,#5410,#878,.T.);
#4645=EDGE_CURVE('',#5411,#5410,#879,.T.);
#4646=EDGE_CURVE('',#5412,#5411,#880,.T.);
#4647=EDGE_CURVE('',#5412,#5409,#881,.T.);
#4648=EDGE_CURVE('',#5410,#5413,#5731,.T.);
#4649=EDGE_CURVE('',#5414,#5413,#882,.T.);
#4650=EDGE_CURVE('',#5411,#5414,#5732,.T.);
#4651=EDGE_CURVE('',#5413,#5415,#883,.T.);
#4652=EDGE_CURVE('',#5416,#5415,#884,.T.);
#4653=EDGE_CURVE('',#5414,#5416,#885,.T.);
#4654=EDGE_CURVE('',#5415,#5409,#5733,.T.);
#4655=EDGE_CURVE('',#5416,#5412,#5734,.T.);
#4656=EDGE_CURVE('',#5343,#5417,#886,.T.);
#4657=EDGE_CURVE('',#5346,#5418,#887,.T.);
#4658=EDGE_CURVE('',#5417,#5418,#888,.T.);
#4659=EDGE_CURVE('',#5282,#5419,#889,.T.);
#4660=EDGE_CURVE('',#5419,#5420,#890,.T.);
#4661=EDGE_CURVE('',#5421,#5420,#891,.T.);
#4662=EDGE_CURVE('',#5283,#5421,#892,.T.);
#4663=EDGE_CURVE('',#5351,#5389,#893,.T.);
#4664=EDGE_CURVE('',#5354,#5390,#894,.T.);
#4665=EDGE_CURVE('',#5422,#5423,#895,.T.);
#4666=EDGE_CURVE('',#5424,#5423,#896,.T.);
#4667=EDGE_CURVE('',#5425,#5424,#897,.T.);
#4668=EDGE_CURVE('',#5425,#5422,#898,.T.);
#4669=EDGE_CURVE('',#5423,#5426,#5735,.T.);
#4670=EDGE_CURVE('',#5427,#5426,#899,.T.);
#4671=EDGE_CURVE('',#5424,#5427,#5736,.T.);
#4672=EDGE_CURVE('',#5426,#5428,#900,.T.);
#4673=EDGE_CURVE('',#5429,#5428,#901,.T.);
#4674=EDGE_CURVE('',#5427,#5429,#902,.T.);
#4675=EDGE_CURVE('',#5428,#5422,#5737,.T.);
#4676=EDGE_CURVE('',#5429,#5425,#5738,.T.);
#4677=EDGE_CURVE('',#5365,#5430,#903,.T.);
#4678=EDGE_CURVE('',#5369,#5431,#904,.T.);
#4679=EDGE_CURVE('',#5430,#5431,#905,.T.);
#4680=EDGE_CURVE('',#5273,#5432,#906,.T.);
#4681=EDGE_CURVE('',#5417,#5278,#907,.T.);
#4682=EDGE_CURVE('',#5418,#5432,#908,.T.);
#4683=EDGE_CURVE('',#5355,#5433,#909,.T.);
#4684=EDGE_CURVE('',#5361,#5434,#910,.T.);
#4685=EDGE_CURVE('',#5434,#5433,#911,.T.);
#4686=EDGE_CURVE('',#5435,#5274,#912,.T.);
#4687=EDGE_CURVE('',#5435,#5436,#913,.T.);
#4688=EDGE_CURVE('',#5437,#5436,#914,.T.);
#4689=EDGE_CURVE('',#5277,#5437,#915,.T.);
#4690=EDGE_CURVE('',#5438,#5284,#916,.T.);
#4691=EDGE_CURVE('',#5438,#5439,#917,.T.);
#4692=EDGE_CURVE('',#5439,#5440,#918,.T.);
#4693=EDGE_CURVE('',#5440,#5281,#919,.T.);
#4694=EDGE_CURVE('',#5441,#5442,#920,.T.);
#4695=EDGE_CURVE('',#5442,#5438,#5739,.T.);
#4696=EDGE_CURVE('',#5438,#5437,#921,.T.);
#4697=EDGE_CURVE('',#5437,#5441,#5740,.T.);
#4698=EDGE_CURVE('',#5443,#5444,#922,.T.);
#4699=EDGE_CURVE('',#5436,#5443,#5741,.T.);
#4700=EDGE_CURVE('',#5436,#5439,#923,.T.);
#4701=EDGE_CURVE('',#5444,#5439,#5742,.T.);
#4702=EDGE_CURVE('',#5441,#5443,#924,.T.);
#4703=EDGE_CURVE('',#5442,#5444,#925,.T.);
#4704=EDGE_CURVE('',#5445,#5446,#926,.T.);
#4705=EDGE_CURVE('',#5445,#5447,#927,.T.);
#4706=EDGE_CURVE('',#5447,#5448,#928,.T.);
#4707=EDGE_CURVE('',#5448,#5446,#929,.T.);
#4708=EDGE_CURVE('',#5449,#5450,#930,.T.);
#4709=EDGE_CURVE('',#5451,#5450,#931,.T.);
#4710=EDGE_CURVE('',#5452,#5451,#932,.T.);
#4711=EDGE_CURVE('',#5449,#5452,#933,.T.);
#4712=EDGE_CURVE('',#5453,#5454,#934,.T.);
#4713=EDGE_CURVE('',#5454,#5445,#5743,.T.);
#4714=EDGE_CURVE('',#5445,#5451,#935,.T.);
#4715=EDGE_CURVE('',#5451,#5453,#5744,.T.);
#4716=EDGE_CURVE('',#5455,#5456,#936,.T.);
#4717=EDGE_CURVE('',#5450,#5455,#5745,.T.);
#4718=EDGE_CURVE('',#5447,#5450,#937,.T.);
#4719=EDGE_CURVE('',#5456,#5447,#5746,.T.);
#4720=EDGE_CURVE('',#5453,#5455,#938,.T.);
#4721=EDGE_CURVE('',#5454,#5456,#939,.T.);
#4722=EDGE_CURVE('',#5457,#5458,#940,.T.);
#4723=EDGE_CURVE('',#5459,#5458,#941,.T.);
#4724=EDGE_CURVE('',#5460,#5459,#942,.T.);
#4725=EDGE_CURVE('',#5460,#5457,#943,.T.);
#4726=EDGE_CURVE('',#5461,#5457,#944,.T.);
#4727=EDGE_CURVE('',#5462,#5460,#945,.T.);
#4728=EDGE_CURVE('',#5462,#5461,#946,.T.);
#4729=EDGE_CURVE('',#5463,#5461,#947,.T.);
#4730=EDGE_CURVE('',#5464,#5462,#948,.T.);
#4731=EDGE_CURVE('',#5464,#5463,#949,.T.);
#4732=EDGE_CURVE('',#5465,#5466,#950,.T.);
#4733=EDGE_CURVE('',#5467,#5466,#951,.T.);
#4734=EDGE_CURVE('',#5468,#5467,#952,.T.);
#4735=EDGE_CURVE('',#5468,#5465,#953,.T.);
#4736=EDGE_CURVE('',#5469,#5465,#954,.T.);
#4737=EDGE_CURVE('',#5470,#5468,#955,.T.);
#4738=EDGE_CURVE('',#5470,#5469,#956,.T.);
#4739=EDGE_CURVE('',#5471,#5469,#957,.T.);
#4740=EDGE_CURVE('',#5472,#5470,#958,.T.);
#4741=EDGE_CURVE('',#5472,#5471,#959,.T.);
#4742=EDGE_CURVE('',#5459,#5455,#960,.T.);
#4743=EDGE_CURVE('',#5458,#5453,#961,.T.);
#4744=EDGE_CURVE('',#5454,#5471,#962,.T.);
#4745=EDGE_CURVE('',#5456,#5472,#963,.T.);
#4746=EDGE_CURVE('',#5442,#5463,#964,.T.);
#4747=EDGE_CURVE('',#5444,#5464,#965,.T.);
#4748=EDGE_CURVE('',#5467,#5443,#966,.T.);
#4749=EDGE_CURVE('',#5466,#5441,#967,.T.);
#4750=EDGE_CURVE('',#5433,#5408,#968,.T.);
#4751=EDGE_CURVE('',#5407,#5473,#969,.T.);
#4752=EDGE_CURVE('',#5473,#5366,#970,.T.);
#4753=EDGE_CURVE('',#5430,#5474,#971,.T.);
#4754=EDGE_CURVE('',#5452,#5474,#972,.T.);
#4755=EDGE_CURVE('',#5475,#5446,#973,.T.);
#4756=EDGE_CURVE('',#5475,#5476,#974,.T.);
#4757=EDGE_CURVE('',#5476,#5356,#975,.T.);
#4758=EDGE_CURVE('',#5477,#5374,#976,.T.);
#4759=EDGE_CURVE('',#5434,#5377,#977,.T.);
#4760=EDGE_CURVE('',#5361,#5362,#978,.T.);
#4761=EDGE_CURVE('',#5478,#5362,#979,.T.);
#4762=EDGE_CURVE('',#5479,#5478,#980,.T.);
#4763=EDGE_CURVE('',#5448,#5479,#981,.T.);
#4764=EDGE_CURVE('',#5480,#5449,#982,.T.);
#4765=EDGE_CURVE('',#5431,#5480,#983,.T.);
#4766=EDGE_CURVE('',#5369,#5370,#984,.T.);
#4767=EDGE_CURVE('',#5477,#5370,#985,.T.);
#4768=EDGE_CURVE('',#5382,#5344,#986,.T.);
#4769=EDGE_CURVE('',#5421,#5352,#987,.T.);
#4770=EDGE_CURVE('',#5381,#5345,#988,.T.);
#4771=EDGE_CURVE('',#5420,#5353,#989,.T.);
#4772=EDGE_CURVE('',#5440,#5419,#990,.T.);
#4773=EDGE_CURVE('',#5432,#5435,#991,.T.);
#4774=EDGE_CURVE('',#5473,#5477,#992,.T.);
#4775=EDGE_CURVE('',#5476,#5478,#993,.T.);
#4776=EDGE_CURVE('',#5357,#5330,#994,.T.);
#4777=EDGE_CURVE('',#5329,#5358,#995,.T.);
#4778=EDGE_CURVE('',#5360,#5328,#996,.T.);
#4779=EDGE_CURVE('',#5327,#5359,#997,.T.);
#4780=EDGE_CURVE('',#5367,#5326,#998,.T.);
#4781=EDGE_CURVE('',#5368,#5324,#999,.T.);
#4782=EDGE_CURVE('',#5474,#5480,#1000,.T.);
#4783=EDGE_CURVE('',#5475,#5479,#1001,.T.);
#4784=EDGE_CURVE('',#5481,#5482,#1002,.T.);
#4785=EDGE_CURVE('',#5483,#5482,#1003,.T.);
#4786=EDGE_CURVE('',#5483,#5484,#1004,.T.);
#4787=EDGE_CURVE('',#5481,#5484,#1005,.T.);
#4788=EDGE_CURVE('',#5485,#5486,#1006,.T.);
#4789=EDGE_CURVE('',#5485,#5487,#1007,.T.);
#4790=EDGE_CURVE('',#5487,#5488,#1008,.T.);
#4791=EDGE_CURVE('',#5488,#5486,#1009,.T.);
#4792=EDGE_CURVE('',#5489,#5486,#1010,.T.);
#4793=EDGE_CURVE('',#5490,#5488,#1011,.T.);
#4794=EDGE_CURVE('',#5489,#5490,#1012,.T.);
#4795=EDGE_CURVE('',#5491,#5492,#1013,.T.);
#4796=EDGE_CURVE('',#5493,#5491,#1014,.T.);
#4797=EDGE_CURVE('',#5493,#5494,#1015,.T.);
#4798=EDGE_CURVE('',#5494,#5492,#1016,.T.);
#4799=EDGE_CURVE('',#5493,#5495,#1017,.T.);
#4800=EDGE_CURVE('',#5491,#5496,#1018,.T.);
#4801=EDGE_CURVE('',#5495,#5496,#1019,.T.);
#4802=EDGE_CURVE('',#5497,#5498,#1020,.T.);
#4803=EDGE_CURVE('',#5499,#5498,#1021,.T.);
#4804=EDGE_CURVE('',#5499,#5500,#1022,.T.);
#4805=EDGE_CURVE('',#5497,#5500,#1023,.T.);
#4806=EDGE_CURVE('',#5501,#5502,#1024,.T.);
#4807=EDGE_CURVE('',#5503,#5501,#1025,.T.);
#4808=EDGE_CURVE('',#5503,#5504,#1026,.T.);
#4809=EDGE_CURVE('',#5502,#5504,#1027,.T.);
#4810=EDGE_CURVE('',#5505,#5502,#1028,.T.);
#4811=EDGE_CURVE('',#5505,#5506,#1029,.T.);
#4812=EDGE_CURVE('',#5501,#5506,#1030,.T.);
#4813=EDGE_CURVE('',#5507,#5507,#5747,.T.);
#4814=EDGE_CURVE('',#5508,#5499,#5748,.T.);
#4815=EDGE_CURVE('',#5509,#5498,#1031,.T.);
#4816=EDGE_CURVE('',#5510,#5509,#1032,.T.);
#4817=EDGE_CURVE('',#5511,#5510,#1033,.T.);
#4818=EDGE_CURVE('',#5512,#5511,#1034,.T.);
#4819=EDGE_CURVE('',#5513,#5512,#1035,.T.);
#4820=EDGE_CURVE('',#5514,#5513,#1036,.T.);
#4821=EDGE_CURVE('',#5514,#5481,#1037,.T.);
#4822=EDGE_CURVE('',#5484,#5515,#5749,.T.);
#4823=EDGE_CURVE('',#5516,#5515,#1038,.T.);
#4824=EDGE_CURVE('',#5516,#5485,#5750,.T.);
#4825=EDGE_CURVE('',#5517,#5489,#1039,.T.);
#4826=EDGE_CURVE('',#5518,#5517,#1040,.T.);
#4827=EDGE_CURVE('',#5504,#5518,#1041,.T.);
#4828=EDGE_CURVE('',#5519,#5503,#1042,.T.);
#4829=EDGE_CURVE('',#5520,#5519,#1043,.T.);
#4830=EDGE_CURVE('',#5520,#5496,#1044,.T.);
#4831=EDGE_CURVE('',#5492,#5521,#5751,.T.);
#4832=EDGE_CURVE('',#5508,#5521,#1045,.T.);
#4833=EDGE_CURVE('',#5522,#5522,#5752,.T.);
#4834=EDGE_CURVE('',#5523,#5495,#1046,.T.);
#4835=EDGE_CURVE('',#5524,#5523,#1047,.T.);
#4836=EDGE_CURVE('',#5524,#5525,#1048,.T.);
#4837=EDGE_CURVE('',#5526,#5525,#1049,.T.);
#4838=EDGE_CURVE('',#5497,#5526,#1050,.T.);
#4839=EDGE_CURVE('',#5527,#5500,#5753,.T.);
#4840=EDGE_CURVE('',#5528,#5527,#1051,.T.);
#4841=EDGE_CURVE('',#5494,#5528,#5754,.T.);
#4842=EDGE_CURVE('',#5523,#5520,#1052,.T.);
#4843=EDGE_CURVE('',#5526,#5509,#1053,.T.);
#4844=EDGE_CURVE('',#5527,#5508,#1054,.T.);
#4845=EDGE_CURVE('',#5521,#5528,#1055,.T.);
#4846=EDGE_CURVE('',#5529,#5530,#1056,.T.);
#4847=EDGE_CURVE('',#5531,#5529,#1057,.T.);
#4848=EDGE_CURVE('',#5531,#5532,#1058,.T.);
#4849=EDGE_CURVE('',#5530,#5532,#1059,.T.);
#4850=EDGE_CURVE('',#5512,#5531,#1060,.T.);
#4851=EDGE_CURVE('',#5532,#5511,#1061,.T.);
#4852=EDGE_CURVE('',#5529,#5533,#1062,.T.);
#4853=EDGE_CURVE('',#5533,#5534,#1063,.T.);
#4854=EDGE_CURVE('',#5534,#5513,#1064,.T.);
#4855=EDGE_CURVE('',#5535,#5510,#1065,.T.);
#4856=EDGE_CURVE('',#5535,#5536,#1066,.T.);
#4857=EDGE_CURVE('',#5530,#5536,#1067,.T.);
#4858=EDGE_CURVE('',#5537,#5487,#5755,.T.);
#4859=EDGE_CURVE('',#5537,#5538,#1068,.T.);
#4860=EDGE_CURVE('',#5483,#5538,#5756,.T.);
#4861=EDGE_CURVE('',#5490,#5482,#1069,.T.);
#4862=EDGE_CURVE('',#5537,#5516,#1070,.T.);
#4863=EDGE_CURVE('',#5515,#5538,#1071,.T.);
#4864=EDGE_CURVE('',#5539,#5514,#1072,.T.);
#4865=EDGE_CURVE('',#5539,#5540,#1073,.T.);
#4866=EDGE_CURVE('',#5540,#5517,#1074,.T.);
#4867=EDGE_CURVE('',#5541,#5518,#1075,.T.);
#4868=EDGE_CURVE('',#5541,#5542,#1076,.T.);
#4869=EDGE_CURVE('',#5505,#5542,#1077,.T.);
#4870=EDGE_CURVE('',#5506,#5543,#1078,.T.);
#4871=EDGE_CURVE('',#5543,#5544,#1079,.T.);
#4872=EDGE_CURVE('',#5544,#5519,#1080,.T.);
#4873=EDGE_CURVE('',#5543,#5542,#1081,.T.);
#4874=EDGE_CURVE('',#5545,#5546,#1082,.T.);
#4875=EDGE_CURVE('',#5544,#5546,#1083,.T.);
#4876=EDGE_CURVE('',#5540,#5541,#1084,.T.);
#4877=EDGE_CURVE('',#5534,#5539,#1085,.T.);
#4878=EDGE_CURVE('',#5536,#5533,#1086,.T.);
#4879=EDGE_CURVE('',#5545,#5535,#1087,.T.);
#4880=EDGE_CURVE('',#5524,#5546,#1088,.T.);
#4881=EDGE_CURVE('',#5545,#5525,#1089,.T.);
#4882=EDGE_CURVE('',#5547,#5547,#5757,.T.);
#4883=EDGE_CURVE('',#5548,#5548,#5758,.T.);
#4884=EDGE_CURVE('',#5549,#5550,#1090,.T.);
#4885=EDGE_CURVE('',#5549,#5551,#5759,.T.);
#4886=EDGE_CURVE('',#5551,#5552,#1091,.T.);
#4887=EDGE_CURVE('',#5550,#5552,#5760,.T.);
#4888=EDGE_CURVE('',#5553,#5554,#23,.T.);
#4889=EDGE_CURVE('',#5554,#5555,#1092,.T.);
#4890=EDGE_CURVE('',#5555,#5556,#24,.T.);
#4891=EDGE_CURVE('',#5557,#5556,#1093,.T.);
#4892=EDGE_CURVE('',#5558,#5557,#1094,.T.);
#4893=EDGE_CURVE('',#5558,#5553,#1095,.T.);
#4894=EDGE_CURVE('',#5557,#5558,#5761,.T.);
#4895=EDGE_CURVE('',#5559,#5551,#1096,.T.);
#4896=EDGE_CURVE('',#5554,#5559,#5762,.T.);
#4897=EDGE_CURVE('',#5551,#5553,#5763,.T.);
#4898=EDGE_CURVE('',#5559,#5560,#5764,.T.);
#4899=EDGE_CURVE('',#5560,#5555,#5765,.T.);
#4900=EDGE_CURVE('',#5561,#5562,#5766,.T.);
#4901=EDGE_CURVE('',#5562,#5561,#5767,.T.);
#4902=EDGE_CURVE('',#5552,#5550,#5768,.T.);
#4903=EDGE_CURVE('',#5562,#5563,#1097,.T.);
#4904=EDGE_CURVE('',#5561,#5564,#1098,.T.);
#4905=EDGE_CURVE('',#5563,#5564,#5769,.T.);
#4906=EDGE_CURVE('',#5565,#5566,#5770,.T.);
#4907=EDGE_CURVE('',#5566,#5565,#5771,.T.);
#4908=EDGE_CURVE('',#5564,#5563,#5772,.T.);
#4909=EDGE_CURVE('',#5567,#5568,#5773,.T.);
#4910=EDGE_CURVE('',#5569,#5568,#1099,.T.);
#4911=EDGE_CURVE('',#5569,#5570,#5774,.T.);
#4912=EDGE_CURVE('',#5570,#5571,#1100,.T.);
#4913=EDGE_CURVE('',#5571,#5572,#5775,.T.);
#4914=EDGE_CURVE('',#5572,#5573,#1101,.T.);
#4915=EDGE_CURVE('',#5573,#5574,#5776,.T.);
#4916=EDGE_CURVE('',#5567,#5574,#1102,.T.);
#4917=EDGE_CURVE('',#5566,#5575,#1103,.T.);
#4918=EDGE_CURVE('',#5565,#5576,#1104,.T.);
#4919=EDGE_CURVE('',#5575,#5576,#5777,.T.);
#4920=EDGE_CURVE('',#5575,#5577,#1105,.T.);
#4921=EDGE_CURVE('',#5576,#5578,#1106,.T.);
#4922=EDGE_CURVE('',#5577,#5578,#5778,.T.);
#4923=EDGE_CURVE('',#5579,#5571,#1107,.T.);
#4924=EDGE_CURVE('',#5580,#5579,#5779,.T.);
#4925=EDGE_CURVE('',#5572,#5580,#1108,.T.);
#4926=EDGE_CURVE('',#5581,#5573,#1109,.T.);
#4927=EDGE_CURVE('',#5582,#5581,#5780,.T.);
#4928=EDGE_CURVE('',#5574,#5582,#1110,.T.);
#4929=EDGE_CURVE('',#5583,#5569,#1111,.T.);
#4930=EDGE_CURVE('',#5584,#5583,#5781,.T.);
#4931=EDGE_CURVE('',#5570,#5584,#1112,.T.);
#4932=EDGE_CURVE('',#5585,#5567,#1113,.T.);
#4933=EDGE_CURVE('',#5586,#5585,#5782,.T.);
#4934=EDGE_CURVE('',#5568,#5586,#1114,.T.);
#4935=EDGE_CURVE('',#5583,#5586,#1115,.T.);
#4936=EDGE_CURVE('',#5585,#5582,#1116,.T.);
#4937=EDGE_CURVE('',#5581,#5580,#1117,.T.);
#4938=EDGE_CURVE('',#5579,#5584,#1118,.T.);
#4939=EDGE_CURVE('',#5578,#5577,#5783,.T.);
#4940=EDGE_CURVE('',#5576,#5575,#5784,.T.);
#4941=EDGE_CURVE('',#5560,#5549,#1119,.T.);
#4942=EDGE_CURVE('',#5556,#5549,#5785,.T.);
#4943=VERTEX_POINT('',#10663);
#4944=VERTEX_POINT('',#10664);
#4945=VERTEX_POINT('',#10666);
#4946=VERTEX_POINT('',#10668);
#4947=VERTEX_POINT('',#10672);
#4948=VERTEX_POINT('',#10673);
#4949=VERTEX_POINT('',#10678);
#4950=VERTEX_POINT('',#10679);
#4951=VERTEX_POINT('',#10681);
#4952=VERTEX_POINT('',#10683);
#4953=VERTEX_POINT('',#10685);
#4954=VERTEX_POINT('',#10687);
#4955=VERTEX_POINT('',#10689);
#4956=VERTEX_POINT('',#10691);
#4957=VERTEX_POINT('',#10693);
#4958=VERTEX_POINT('',#10695);
#4959=VERTEX_POINT('',#10697);
#4960=VERTEX_POINT('',#10699);
#4961=VERTEX_POINT('',#10703);
#4962=VERTEX_POINT('',#10704);
#4963=VERTEX_POINT('',#10706);
#4964=VERTEX_POINT('',#10708);
#4965=VERTEX_POINT('',#10710);
#4966=VERTEX_POINT('',#10712);
#4967=VERTEX_POINT('',#10714);
#4968=VERTEX_POINT('',#10716);
#4969=VERTEX_POINT('',#10718);
#4970=VERTEX_POINT('',#10720);
#4971=VERTEX_POINT('',#10722);
#4972=VERTEX_POINT('',#10724);
#4973=VERTEX_POINT('',#10743);
#4974=VERTEX_POINT('',#10744);
#4975=VERTEX_POINT('',#10746);
#4976=VERTEX_POINT('',#10748);
#4977=VERTEX_POINT('',#10752);
#4978=VERTEX_POINT('',#10754);
#4979=VERTEX_POINT('',#10759);
#4980=VERTEX_POINT('',#10760);
#4981=VERTEX_POINT('',#10762);
#4982=VERTEX_POINT('',#10764);
#4983=VERTEX_POINT('',#10768);
#4984=VERTEX_POINT('',#10770);
#4985=VERTEX_POINT('',#10775);
#4986=VERTEX_POINT('',#10777);
#4987=VERTEX_POINT('',#10779);
#4988=VERTEX_POINT('',#10781);
#4989=VERTEX_POINT('',#10783);
#4990=VERTEX_POINT('',#10785);
#4991=VERTEX_POINT('',#10789);
#4992=VERTEX_POINT('',#10791);
#4993=VERTEX_POINT('',#10793);
#4994=VERTEX_POINT('',#10795);
#4995=VERTEX_POINT('',#10797);
#4996=VERTEX_POINT('',#10799);
#4997=VERTEX_POINT('',#10831);
#4998=VERTEX_POINT('',#10832);
#4999=VERTEX_POINT('',#10834);
#5000=VERTEX_POINT('',#10836);
#5001=VERTEX_POINT('',#10840);
#5002=VERTEX_POINT('',#10841);
#5003=VERTEX_POINT('',#10846);
#5004=VERTEX_POINT('',#10847);
#5005=VERTEX_POINT('',#10849);
#5006=VERTEX_POINT('',#10851);
#5007=VERTEX_POINT('',#10853);
#5008=VERTEX_POINT('',#10855);
#5009=VERTEX_POINT('',#10857);
#5010=VERTEX_POINT('',#10859);
#5011=VERTEX_POINT('',#10861);
#5012=VERTEX_POINT('',#10863);
#5013=VERTEX_POINT('',#10865);
#5014=VERTEX_POINT('',#10867);
#5015=VERTEX_POINT('',#10871);
#5016=VERTEX_POINT('',#10872);
#5017=VERTEX_POINT('',#10874);
#5018=VERTEX_POINT('',#10876);
#5019=VERTEX_POINT('',#10878);
#5020=VERTEX_POINT('',#10880);
#5021=VERTEX_POINT('',#10882);
#5022=VERTEX_POINT('',#10884);
#5023=VERTEX_POINT('',#10886);
#5024=VERTEX_POINT('',#10888);
#5025=VERTEX_POINT('',#10890);
#5026=VERTEX_POINT('',#10892);
#5027=VERTEX_POINT('',#10911);
#5028=VERTEX_POINT('',#10912);
#5029=VERTEX_POINT('',#10914);
#5030=VERTEX_POINT('',#10916);
#5031=VERTEX_POINT('',#10920);
#5032=VERTEX_POINT('',#10922);
#5033=VERTEX_POINT('',#10927);
#5034=VERTEX_POINT('',#10928);
#5035=VERTEX_POINT('',#10930);
#5036=VERTEX_POINT('',#10932);
#5037=VERTEX_POINT('',#10936);
#5038=VERTEX_POINT('',#10938);
#5039=VERTEX_POINT('',#10943);
#5040=VERTEX_POINT('',#10945);
#5041=VERTEX_POINT('',#10947);
#5042=VERTEX_POINT('',#10949);
#5043=VERTEX_POINT('',#10951);
#5044=VERTEX_POINT('',#10953);
#5045=VERTEX_POINT('',#10957);
#5046=VERTEX_POINT('',#10959);
#5047=VERTEX_POINT('',#10961);
#5048=VERTEX_POINT('',#10963);
#5049=VERTEX_POINT('',#10965);
#5050=VERTEX_POINT('',#10967);
#5051=VERTEX_POINT('',#10999);
#5052=VERTEX_POINT('',#11000);
#5053=VERTEX_POINT('',#11002);
#5054=VERTEX_POINT('',#11004);
#5055=VERTEX_POINT('',#11008);
#5056=VERTEX_POINT('',#11009);
#5057=VERTEX_POINT('',#11014);
#5058=VERTEX_POINT('',#11015);
#5059=VERTEX_POINT('',#11017);
#5060=VERTEX_POINT('',#11019);
#5061=VERTEX_POINT('',#11021);
#5062=VERTEX_POINT('',#11023);
#5063=VERTEX_POINT('',#11025);
#5064=VERTEX_POINT('',#11027);
#5065=VERTEX_POINT('',#11029);
#5066=VERTEX_POINT('',#11031);
#5067=VERTEX_POINT('',#11033);
#5068=VERTEX_POINT('',#11035);
#5069=VERTEX_POINT('',#11039);
#5070=VERTEX_POINT('',#11040);
#5071=VERTEX_POINT('',#11042);
#5072=VERTEX_POINT('',#11044);
#5073=VERTEX_POINT('',#11046);
#5074=VERTEX_POINT('',#11048);
#5075=VERTEX_POINT('',#11050);
#5076=VERTEX_POINT('',#11052);
#5077=VERTEX_POINT('',#11054);
#5078=VERTEX_POINT('',#11056);
#5079=VERTEX_POINT('',#11058);
#5080=VERTEX_POINT('',#11060);
#5081=VERTEX_POINT('',#11079);
#5082=VERTEX_POINT('',#11080);
#5083=VERTEX_POINT('',#11082);
#5084=VERTEX_POINT('',#11084);
#5085=VERTEX_POINT('',#11088);
#5086=VERTEX_POINT('',#11090);
#5087=VERTEX_POINT('',#11095);
#5088=VERTEX_POINT('',#11096);
#5089=VERTEX_POINT('',#11098);
#5090=VERTEX_POINT('',#11100);
#5091=VERTEX_POINT('',#11104);
#5092=VERTEX_POINT('',#11106);
#5093=VERTEX_POINT('',#11111);
#5094=VERTEX_POINT('',#11113);
#5095=VERTEX_POINT('',#11115);
#5096=VERTEX_POINT('',#11117);
#5097=VERTEX_POINT('',#11119);
#5098=VERTEX_POINT('',#11121);
#5099=VERTEX_POINT('',#11125);
#5100=VERTEX_POINT('',#11127);
#5101=VERTEX_POINT('',#11129);
#5102=VERTEX_POINT('',#11131);
#5103=VERTEX_POINT('',#11133);
#5104=VERTEX_POINT('',#11135);
#5105=VERTEX_POINT('',#11167);
#5106=VERTEX_POINT('',#11168);
#5107=VERTEX_POINT('',#11170);
#5108=VERTEX_POINT('',#11172);
#5109=VERTEX_POINT('',#11176);
#5110=VERTEX_POINT('',#11177);
#5111=VERTEX_POINT('',#11182);
#5112=VERTEX_POINT('',#11183);
#5113=VERTEX_POINT('',#11185);
#5114=VERTEX_POINT('',#11187);
#5115=VERTEX_POINT('',#11189);
#5116=VERTEX_POINT('',#11191);
#5117=VERTEX_POINT('',#11193);
#5118=VERTEX_POINT('',#11195);
#5119=VERTEX_POINT('',#11197);
#5120=VERTEX_POINT('',#11199);
#5121=VERTEX_POINT('',#11201);
#5122=VERTEX_POINT('',#11203);
#5123=VERTEX_POINT('',#11207);
#5124=VERTEX_POINT('',#11208);
#5125=VERTEX_POINT('',#11210);
#5126=VERTEX_POINT('',#11212);
#5127=VERTEX_POINT('',#11214);
#5128=VERTEX_POINT('',#11216);
#5129=VERTEX_POINT('',#11218);
#5130=VERTEX_POINT('',#11220);
#5131=VERTEX_POINT('',#11222);
#5132=VERTEX_POINT('',#11224);
#5133=VERTEX_POINT('',#11226);
#5134=VERTEX_POINT('',#11228);
#5135=VERTEX_POINT('',#11247);
#5136=VERTEX_POINT('',#11248);
#5137=VERTEX_POINT('',#11250);
#5138=VERTEX_POINT('',#11252);
#5139=VERTEX_POINT('',#11256);
#5140=VERTEX_POINT('',#11259);
#5141=VERTEX_POINT('',#11263);
#5142=VERTEX_POINT('',#11264);
#5143=VERTEX_POINT('',#11266);
#5144=VERTEX_POINT('',#11268);
#5145=VERTEX_POINT('',#11272);
#5146=VERTEX_POINT('',#11275);
#5147=VERTEX_POINT('',#11279);
#5148=VERTEX_POINT('',#11281);
#5149=VERTEX_POINT('',#11283);
#5150=VERTEX_POINT('',#11285);
#5151=VERTEX_POINT('',#11287);
#5152=VERTEX_POINT('',#11289);
#5153=VERTEX_POINT('',#11293);
#5154=VERTEX_POINT('',#11295);
#5155=VERTEX_POINT('',#11297);
#5156=VERTEX_POINT('',#11299);
#5157=VERTEX_POINT('',#11301);
#5158=VERTEX_POINT('',#11303);
#5159=VERTEX_POINT('',#11335);
#5160=VERTEX_POINT('',#11336);
#5161=VERTEX_POINT('',#11338);
#5162=VERTEX_POINT('',#11340);
#5163=VERTEX_POINT('',#11344);
#5164=VERTEX_POINT('',#11345);
#5165=VERTEX_POINT('',#11350);
#5166=VERTEX_POINT('',#11351);
#5167=VERTEX_POINT('',#11353);
#5168=VERTEX_POINT('',#11355);
#5169=VERTEX_POINT('',#11357);
#5170=VERTEX_POINT('',#11359);
#5171=VERTEX_POINT('',#11361);
#5172=VERTEX_POINT('',#11363);
#5173=VERTEX_POINT('',#11365);
#5174=VERTEX_POINT('',#11367);
#5175=VERTEX_POINT('',#11369);
#5176=VERTEX_POINT('',#11371);
#5177=VERTEX_POINT('',#11375);
#5178=VERTEX_POINT('',#11376);
#5179=VERTEX_POINT('',#11378);
#5180=VERTEX_POINT('',#11380);
#5181=VERTEX_POINT('',#11382);
#5182=VERTEX_POINT('',#11384);
#5183=VERTEX_POINT('',#11386);
#5184=VERTEX_POINT('',#11388);
#5185=VERTEX_POINT('',#11390);
#5186=VERTEX_POINT('',#11392);
#5187=VERTEX_POINT('',#11394);
#5188=VERTEX_POINT('',#11396);
#5189=VERTEX_POINT('',#11415);
#5190=VERTEX_POINT('',#11416);
#5191=VERTEX_POINT('',#11418);
#5192=VERTEX_POINT('',#11420);
#5193=VERTEX_POINT('',#11424);
#5194=VERTEX_POINT('',#11427);
#5195=VERTEX_POINT('',#11431);
#5196=VERTEX_POINT('',#11432);
#5197=VERTEX_POINT('',#11434);
#5198=VERTEX_POINT('',#11436);
#5199=VERTEX_POINT('',#11440);
#5200=VERTEX_POINT('',#11443);
#5201=VERTEX_POINT('',#11447);
#5202=VERTEX_POINT('',#11449);
#5203=VERTEX_POINT('',#11451);
#5204=VERTEX_POINT('',#11453);
#5205=VERTEX_POINT('',#11455);
#5206=VERTEX_POINT('',#11457);
#5207=VERTEX_POINT('',#11461);
#5208=VERTEX_POINT('',#11463);
#5209=VERTEX_POINT('',#11465);
#5210=VERTEX_POINT('',#11467);
#5211=VERTEX_POINT('',#11469);
#5212=VERTEX_POINT('',#11471);
#5213=VERTEX_POINT('',#11503);
#5214=VERTEX_POINT('',#11504);
#5215=VERTEX_POINT('',#11506);
#5216=VERTEX_POINT('',#11508);
#5217=VERTEX_POINT('',#11512);
#5218=VERTEX_POINT('',#11513);
#5219=VERTEX_POINT('',#11515);
#5220=VERTEX_POINT('',#11517);
#5221=VERTEX_POINT('',#11519);
#5222=VERTEX_POINT('',#11521);
#5223=VERTEX_POINT('',#11523);
#5224=VERTEX_POINT('',#11525);
#5225=VERTEX_POINT('',#11528);
#5226=VERTEX_POINT('',#11530);
#5227=VERTEX_POINT('',#11534);
#5228=VERTEX_POINT('',#11536);
#5229=VERTEX_POINT('',#11540);
#5230=VERTEX_POINT('',#11542);
#5231=VERTEX_POINT('',#11546);
#5232=VERTEX_POINT('',#11547);
#5233=VERTEX_POINT('',#11549);
#5234=VERTEX_POINT('',#11551);
#5235=VERTEX_POINT('',#11555);
#5236=VERTEX_POINT('',#11557);
#5237=VERTEX_POINT('',#11561);
#5238=VERTEX_POINT('',#11562);
#5239=VERTEX_POINT('',#11564);
#5240=VERTEX_POINT('',#11566);
#5241=VERTEX_POINT('',#11571);
#5242=VERTEX_POINT('',#11573);
#5243=VERTEX_POINT('',#11575);
#5244=VERTEX_POINT('',#11577);
#5245=VERTEX_POINT('',#11581);
#5246=VERTEX_POINT('',#11583);
#5247=VERTEX_POINT('',#11587);
#5248=VERTEX_POINT('',#11588);
#5249=VERTEX_POINT('',#11590);
#5250=VERTEX_POINT('',#11592);
#5251=VERTEX_POINT('',#11596);
#5252=VERTEX_POINT('',#11598);
#5253=VERTEX_POINT('',#11602);
#5254=VERTEX_POINT('',#11603);
#5255=VERTEX_POINT('',#11605);
#5256=VERTEX_POINT('',#11607);
#5257=VERTEX_POINT('',#11609);
#5258=VERTEX_POINT('',#11611);
#5259=VERTEX_POINT('',#11613);
#5260=VERTEX_POINT('',#11615);
#5261=VERTEX_POINT('',#11619);
#5262=VERTEX_POINT('',#11621);
#5263=VERTEX_POINT('',#11627);
#5264=VERTEX_POINT('',#11630);
#5265=VERTEX_POINT('',#11634);
#5266=VERTEX_POINT('',#11636);
#5267=VERTEX_POINT('',#11642);
#5268=VERTEX_POINT('',#11644);
#5269=VERTEX_POINT('',#11647);
#5270=VERTEX_POINT('',#11650);
#5271=VERTEX_POINT('',#11656);
#5272=VERTEX_POINT('',#11658);
#5273=VERTEX_POINT('',#11685);
#5274=VERTEX_POINT('',#11686);
#5275=VERTEX_POINT('',#11688);
#5276=VERTEX_POINT('',#11690);
#5277=VERTEX_POINT('',#11694);
#5278=VERTEX_POINT('',#11696);
#5279=VERTEX_POINT('',#11700);
#5280=VERTEX_POINT('',#11701);
#5281=VERTEX_POINT('',#11703);
#5282=VERTEX_POINT('',#11705);
#5283=VERTEX_POINT('',#11709);
#5284=VERTEX_POINT('',#11710);
#5285=VERTEX_POINT('',#11715);
#5286=VERTEX_POINT('',#11716);
#5287=VERTEX_POINT('',#11718);
#5288=VERTEX_POINT('',#11720);
#5289=VERTEX_POINT('',#11724);
#5290=VERTEX_POINT('',#11726);
#5291=VERTEX_POINT('',#11730);
#5292=VERTEX_POINT('',#11731);
#5293=VERTEX_POINT('',#11733);
#5294=VERTEX_POINT('',#11735);
#5295=VERTEX_POINT('',#11739);
#5296=VERTEX_POINT('',#11741);
#5297=VERTEX_POINT('',#11745);
#5298=VERTEX_POINT('',#11746);
#5299=VERTEX_POINT('',#11751);
#5300=VERTEX_POINT('',#11752);
#5301=VERTEX_POINT('',#11754);
#5302=VERTEX_POINT('',#11756);
#5303=VERTEX_POINT('',#11760);
#5304=VERTEX_POINT('',#11762);
#5305=VERTEX_POINT('',#11766);
#5306=VERTEX_POINT('',#11767);
#5307=VERTEX_POINT('',#11772);
#5308=VERTEX_POINT('',#11773);
#5309=VERTEX_POINT('',#11775);
#5310=VERTEX_POINT('',#11777);
#5311=VERTEX_POINT('',#11781);
#5312=VERTEX_POINT('',#11783);
#5313=VERTEX_POINT('',#11787);
#5314=VERTEX_POINT('',#11789);
#5315=VERTEX_POINT('',#11793);
#5316=VERTEX_POINT('',#11794);
#5317=VERTEX_POINT('',#11796);
#5318=VERTEX_POINT('',#11798);
#5319=VERTEX_POINT('',#11802);
#5320=VERTEX_POINT('',#11804);
#5321=VERTEX_POINT('',#11808);
#5322=VERTEX_POINT('',#11810);
#5323=VERTEX_POINT('',#11814);
#5324=VERTEX_POINT('',#11815);
#5325=VERTEX_POINT('',#11817);
#5326=VERTEX_POINT('',#11819);
#5327=VERTEX_POINT('',#11823);
#5328=VERTEX_POINT('',#11824);
#5329=VERTEX_POINT('',#11826);
#5330=VERTEX_POINT('',#11828);
#5331=VERTEX_POINT('',#11832);
#5332=VERTEX_POINT('',#11833);
#5333=VERTEX_POINT('',#11835);
#5334=VERTEX_POINT('',#11837);
#5335=VERTEX_POINT('',#11841);
#5336=VERTEX_POINT('',#11842);
#5337=VERTEX_POINT('',#11844);
#5338=VERTEX_POINT('',#11846);
#5339=VERTEX_POINT('',#11850);
#5340=VERTEX_POINT('',#11852);
#5341=VERTEX_POINT('',#11856);
#5342=VERTEX_POINT('',#11858);
#5343=VERTEX_POINT('',#11866);
#5344=VERTEX_POINT('',#11867);
#5345=VERTEX_POINT('',#11872);
#5346=VERTEX_POINT('',#11874);
#5347=VERTEX_POINT('',#11884);
#5348=VERTEX_POINT('',#11886);
#5349=VERTEX_POINT('',#11890);
#5350=VERTEX_POINT('',#11892);
#5351=VERTEX_POINT('',#11900);
#5352=VERTEX_POINT('',#11901);
#5353=VERTEX_POINT('',#11906);
#5354=VERTEX_POINT('',#11908);
#5355=VERTEX_POINT('',#11918);
#5356=VERTEX_POINT('',#11919);
#5357=VERTEX_POINT('',#11921);
#5358=VERTEX_POINT('',#11923);
#5359=VERTEX_POINT('',#11927);
#5360=VERTEX_POINT('',#11929);
#5361=VERTEX_POINT('',#11933);
#5362=VERTEX_POINT('',#11939);
#5363=VERTEX_POINT('',#11943);
#5364=VERTEX_POINT('',#11945);
#5365=VERTEX_POINT('',#11949);
#5366=VERTEX_POINT('',#11950);
#5367=VERTEX_POINT('',#11952);
#5368=VERTEX_POINT('',#11958);
#5369=VERTEX_POINT('',#11962);
#5370=VERTEX_POINT('',#11967);
#5371=VERTEX_POINT('',#11971);
#5372=VERTEX_POINT('',#11972);
#5373=VERTEX_POINT('',#11974);
#5374=VERTEX_POINT('',#11976);
#5375=VERTEX_POINT('',#11980);
#5376=VERTEX_POINT('',#11981);
#5377=VERTEX_POINT('',#11983);
#5378=VERTEX_POINT('',#11985);
#5379=VERTEX_POINT('',#11989);
#5380=VERTEX_POINT('',#11991);
#5381=VERTEX_POINT('',#11993);
#5382=VERTEX_POINT('',#11995);
#5383=VERTEX_POINT('',#11999);
#5384=VERTEX_POINT('',#12001);
#5385=VERTEX_POINT('',#12005);
#5386=VERTEX_POINT('',#12006);
#5387=VERTEX_POINT('',#12008);
#5388=VERTEX_POINT('',#12010);
#5389=VERTEX_POINT('',#12015);
#5390=VERTEX_POINT('',#12017);
#5391=VERTEX_POINT('',#12021);
#5392=VERTEX_POINT('',#12022);
#5393=VERTEX_POINT('',#12024);
#5394=VERTEX_POINT('',#12026);
#5395=VERTEX_POINT('',#12030);
#5396=VERTEX_POINT('',#12032);
#5397=VERTEX_POINT('',#12036);
#5398=VERTEX_POINT('',#12037);
#5399=VERTEX_POINT('',#12055);
#5400=VERTEX_POINT('',#12056);
#5401=VERTEX_POINT('',#12058);
#5402=VERTEX_POINT('',#12060);
#5403=VERTEX_POINT('',#12064);
#5404=VERTEX_POINT('',#12066);
#5405=VERTEX_POINT('',#12070);
#5406=VERTEX_POINT('',#12071);
#5407=VERTEX_POINT('',#12084);
#5408=VERTEX_POINT('',#12086);
#5409=VERTEX_POINT('',#12094);
#5410=VERTEX_POINT('',#12095);
#5411=VERTEX_POINT('',#12097);
#5412=VERTEX_POINT('',#12099);
#5413=VERTEX_POINT('',#12103);
#5414=VERTEX_POINT('',#12105);
#5415=VERTEX_POINT('',#12109);
#5416=VERTEX_POINT('',#12111);
#5417=VERTEX_POINT('',#12118);
#5418=VERTEX_POINT('',#12120);
#5419=VERTEX_POINT('',#12124);
#5420=VERTEX_POINT('',#12126);
#5421=VERTEX_POINT('',#12128);
#5422=VERTEX_POINT('',#12135);
#5423=VERTEX_POINT('',#12136);
#5424=VERTEX_POINT('',#12138);
#5425=VERTEX_POINT('',#12140);
#5426=VERTEX_POINT('',#12144);
#5427=VERTEX_POINT('',#12146);
#5428=VERTEX_POINT('',#12150);
#5429=VERTEX_POINT('',#12152);
#5430=VERTEX_POINT('',#12159);
#5431=VERTEX_POINT('',#12161);
#5432=VERTEX_POINT('',#12165);
#5433=VERTEX_POINT('',#12170);
#5434=VERTEX_POINT('',#12172);
#5435=VERTEX_POINT('',#12176);
#5436=VERTEX_POINT('',#12178);
#5437=VERTEX_POINT('',#12180);
#5438=VERTEX_POINT('',#12184);
#5439=VERTEX_POINT('',#12186);
#5440=VERTEX_POINT('',#12188);
#5441=VERTEX_POINT('',#12192);
#5442=VERTEX_POINT('',#12193);
#5443=VERTEX_POINT('',#12199);
#5444=VERTEX_POINT('',#12200);
#5445=VERTEX_POINT('',#12210);
#5446=VERTEX_POINT('',#12211);
#5447=VERTEX_POINT('',#12213);
#5448=VERTEX_POINT('',#12215);
#5449=VERTEX_POINT('',#12219);
#5450=VERTEX_POINT('',#12220);
#5451=VERTEX_POINT('',#12222);
#5452=VERTEX_POINT('',#12224);
#5453=VERTEX_POINT('',#12228);
#5454=VERTEX_POINT('',#12229);
#5455=VERTEX_POINT('',#12235);
#5456=VERTEX_POINT('',#12236);
#5457=VERTEX_POINT('',#12246);
#5458=VERTEX_POINT('',#12247);
#5459=VERTEX_POINT('',#12249);
#5460=VERTEX_POINT('',#12251);
#5461=VERTEX_POINT('',#12255);
#5462=VERTEX_POINT('',#12257);
#5463=VERTEX_POINT('',#12261);
#5464=VERTEX_POINT('',#12263);
#5465=VERTEX_POINT('',#12267);
#5466=VERTEX_POINT('',#12268);
#5467=VERTEX_POINT('',#12270);
#5468=VERTEX_POINT('',#12272);
#5469=VERTEX_POINT('',#12276);
#5470=VERTEX_POINT('',#12278);
#5471=VERTEX_POINT('',#12282);
#5472=VERTEX_POINT('',#12284);
#5473=VERTEX_POINT('',#12303);
#5474=VERTEX_POINT('',#12306);
#5475=VERTEX_POINT('',#12309);
#5476=VERTEX_POINT('',#12311);
#5477=VERTEX_POINT('',#12315);
#5478=VERTEX_POINT('',#12319);
#5479=VERTEX_POINT('',#12321);
#5480=VERTEX_POINT('',#12324);
#5481=VERTEX_POINT('',#12371);
#5482=VERTEX_POINT('',#12372);
#5483=VERTEX_POINT('',#12374);
#5484=VERTEX_POINT('',#12376);
#5485=VERTEX_POINT('',#12380);
#5486=VERTEX_POINT('',#12381);
#5487=VERTEX_POINT('',#12383);
#5488=VERTEX_POINT('',#12385);
#5489=VERTEX_POINT('',#12389);
#5490=VERTEX_POINT('',#12391);
#5491=VERTEX_POINT('',#12395);
#5492=VERTEX_POINT('',#12396);
#5493=VERTEX_POINT('',#12398);
#5494=VERTEX_POINT('',#12400);
#5495=VERTEX_POINT('',#12404);
#5496=VERTEX_POINT('',#12406);
#5497=VERTEX_POINT('',#12410);
#5498=VERTEX_POINT('',#12411);
#5499=VERTEX_POINT('',#12413);
#5500=VERTEX_POINT('',#12415);
#5501=VERTEX_POINT('',#12419);
#5502=VERTEX_POINT('',#12420);
#5503=VERTEX_POINT('',#12422);
#5504=VERTEX_POINT('',#12424);
#5505=VERTEX_POINT('',#12428);
#5506=VERTEX_POINT('',#12430);
#5507=VERTEX_POINT('',#12434);
#5508=VERTEX_POINT('',#12436);
#5509=VERTEX_POINT('',#12438);
#5510=VERTEX_POINT('',#12440);
#5511=VERTEX_POINT('',#12442);
#5512=VERTEX_POINT('',#12444);
#5513=VERTEX_POINT('',#12446);
#5514=VERTEX_POINT('',#12448);
#5515=VERTEX_POINT('',#12451);
#5516=VERTEX_POINT('',#12453);
#5517=VERTEX_POINT('',#12456);
#5518=VERTEX_POINT('',#12458);
#5519=VERTEX_POINT('',#12461);
#5520=VERTEX_POINT('',#12463);
#5521=VERTEX_POINT('',#12466);
#5522=VERTEX_POINT('',#12469);
#5523=VERTEX_POINT('',#12472);
#5524=VERTEX_POINT('',#12474);
#5525=VERTEX_POINT('',#12476);
#5526=VERTEX_POINT('',#12478);
#5527=VERTEX_POINT('',#12481);
#5528=VERTEX_POINT('',#12483);
#5529=VERTEX_POINT('',#12495);
#5530=VERTEX_POINT('',#12496);
#5531=VERTEX_POINT('',#12498);
#5532=VERTEX_POINT('',#12500);
#5533=VERTEX_POINT('',#12507);
#5534=VERTEX_POINT('',#12509);
#5535=VERTEX_POINT('',#12513);
#5536=VERTEX_POINT('',#12515);
#5537=VERTEX_POINT('',#12519);
#5538=VERTEX_POINT('',#12521);
#5539=VERTEX_POINT('',#12530);
#5540=VERTEX_POINT('',#12532);
#5541=VERTEX_POINT('',#12536);
#5542=VERTEX_POINT('',#12538);
#5543=VERTEX_POINT('',#12542);
#5544=VERTEX_POINT('',#12544);
#5545=VERTEX_POINT('',#12550);
#5546=VERTEX_POINT('',#12551);
#5547=VERTEX_POINT('',#12569);
#5548=VERTEX_POINT('',#12573);
#5549=VERTEX_POINT('',#12577);
#5550=VERTEX_POINT('',#12578);
#5551=VERTEX_POINT('',#12580);
#5552=VERTEX_POINT('',#12582);
#5553=VERTEX_POINT('',#12589);
#5554=VERTEX_POINT('',#12590);
#5555=VERTEX_POINT('',#12592);
#5556=VERTEX_POINT('',#12597);
#5557=VERTEX_POINT('',#12599);
#5558=VERTEX_POINT('',#12601);
#5559=VERTEX_POINT('',#12607);
#5560=VERTEX_POINT('',#12612);
#5561=VERTEX_POINT('',#12616);
#5562=VERTEX_POINT('',#12617);
#5563=VERTEX_POINT('',#12622);
#5564=VERTEX_POINT('',#12624);
#5565=VERTEX_POINT('',#12628);
#5566=VERTEX_POINT('',#12629);
#5567=VERTEX_POINT('',#12634);
#5568=VERTEX_POINT('',#12635);
#5569=VERTEX_POINT('',#12637);
#5570=VERTEX_POINT('',#12639);
#5571=VERTEX_POINT('',#12641);
#5572=VERTEX_POINT('',#12643);
#5573=VERTEX_POINT('',#12645);
#5574=VERTEX_POINT('',#12647);
#5575=VERTEX_POINT('',#12651);
#5576=VERTEX_POINT('',#12653);
#5577=VERTEX_POINT('',#12657);
#5578=VERTEX_POINT('',#12659);
#5579=VERTEX_POINT('',#12663);
#5580=VERTEX_POINT('',#12665);
#5581=VERTEX_POINT('',#12669);
#5582=VERTEX_POINT('',#12671);
#5583=VERTEX_POINT('',#12675);
#5584=VERTEX_POINT('',#12677);
#5585=VERTEX_POINT('',#12681);
#5586=VERTEX_POINT('',#12683);
#5587=CIRCLE('',#8096,0.45);
#5588=CIRCLE('',#8097,0.450000000000001);
#5589=CIRCLE('',#8099,0.45);
#5590=CIRCLE('',#8100,0.450000000000001);
#5591=CIRCLE('',#8102,0.0500000000000001);
#5592=CIRCLE('',#8103,0.35);
#5593=CIRCLE('',#8104,0.25);
#5594=CIRCLE('',#8105,0.15);
#5595=CIRCLE('',#8107,0.15);
#5596=CIRCLE('',#8108,0.25);
#5597=CIRCLE('',#8109,0.35);
#5598=CIRCLE('',#8110,0.0500000000000001);
#5599=CIRCLE('',#8120,0.349999999999999);
#5600=CIRCLE('',#8121,0.15);
#5601=CIRCLE('',#8124,0.15);
#5602=CIRCLE('',#8125,0.349999999999999);
#5603=CIRCLE('',#8127,0.25);
#5604=CIRCLE('',#8128,0.0500000000000001);
#5605=CIRCLE('',#8130,0.0500000000000001);
#5606=CIRCLE('',#8131,0.25);
#5607=CIRCLE('',#8147,0.45);
#5608=CIRCLE('',#8148,0.450000000000001);
#5609=CIRCLE('',#8150,0.45);
#5610=CIRCLE('',#8151,0.450000000000001);
#5611=CIRCLE('',#8153,0.0500000000000001);
#5612=CIRCLE('',#8154,0.35);
#5613=CIRCLE('',#8155,0.25);
#5614=CIRCLE('',#8156,0.15);
#5615=CIRCLE('',#8158,0.15);
#5616=CIRCLE('',#8159,0.25);
#5617=CIRCLE('',#8160,0.35);
#5618=CIRCLE('',#8161,0.0500000000000001);
#5619=CIRCLE('',#8171,0.349999999999999);
#5620=CIRCLE('',#8172,0.15);
#5621=CIRCLE('',#8175,0.15);
#5622=CIRCLE('',#8176,0.349999999999999);
#5623=CIRCLE('',#8178,0.25);
#5624=CIRCLE('',#8179,0.0500000000000001);
#5625=CIRCLE('',#8181,0.0500000000000001);
#5626=CIRCLE('',#8182,0.25);
#5627=CIRCLE('',#8198,0.45);
#5628=CIRCLE('',#8199,0.450000000000001);
#5629=CIRCLE('',#8201,0.45);
#5630=CIRCLE('',#8202,0.450000000000001);
#5631=CIRCLE('',#8204,0.0500000000000001);
#5632=CIRCLE('',#8205,0.35);
#5633=CIRCLE('',#8206,0.25);
#5634=CIRCLE('',#8207,0.15);
#5635=CIRCLE('',#8209,0.15);
#5636=CIRCLE('',#8210,0.25);
#5637=CIRCLE('',#8211,0.35);
#5638=CIRCLE('',#8212,0.0500000000000001);
#5639=CIRCLE('',#8222,0.349999999999999);
#5640=CIRCLE('',#8223,0.15);
#5641=CIRCLE('',#8226,0.15);
#5642=CIRCLE('',#8227,0.349999999999999);
#5643=CIRCLE('',#8229,0.25);
#5644=CIRCLE('',#8230,0.0500000000000001);
#5645=CIRCLE('',#8232,0.0500000000000001);
#5646=CIRCLE('',#8233,0.25);
#5647=CIRCLE('',#8249,0.45);
#5648=CIRCLE('',#8250,0.450000000000001);
#5649=CIRCLE('',#8252,0.450000000000001);
#5650=CIRCLE('',#8253,0.45);
#5651=CIRCLE('',#8255,0.15);
#5652=CIRCLE('',#8256,0.25);
#5653=CIRCLE('',#8257,0.35);
#5654=CIRCLE('',#8258,0.0500000000000001);
#5655=CIRCLE('',#8260,0.0500000000000001);
#5656=CIRCLE('',#8261,0.35);
#5657=CIRCLE('',#8262,0.25);
#5658=CIRCLE('',#8263,0.15);
#5659=CIRCLE('',#8273,0.15);
#5660=CIRCLE('',#8274,0.349999999999999);
#5661=CIRCLE('',#8277,0.349999999999999);
#5662=CIRCLE('',#8278,0.15);
#5663=CIRCLE('',#8280,0.0500000000000001);
#5664=CIRCLE('',#8281,0.25);
#5665=CIRCLE('',#8283,0.25);
#5666=CIRCLE('',#8284,0.0500000000000001);
#5667=CIRCLE('',#8300,0.45);
#5668=CIRCLE('',#8301,0.450000000000001);
#5669=CIRCLE('',#8303,0.450000000000001);
#5670=CIRCLE('',#8304,0.45);
#5671=CIRCLE('',#8306,0.15);
#5672=CIRCLE('',#8307,0.25);
#5673=CIRCLE('',#8308,0.35);
#5674=CIRCLE('',#8309,0.0500000000000001);
#5675=CIRCLE('',#8311,0.0500000000000001);
#5676=CIRCLE('',#8312,0.35);
#5677=CIRCLE('',#8313,0.25);
#5678=CIRCLE('',#8314,0.15);
#5679=CIRCLE('',#8324,0.15);
#5680=CIRCLE('',#8325,0.349999999999999);
#5681=CIRCLE('',#8328,0.349999999999999);
#5682=CIRCLE('',#8329,0.15);
#5683=CIRCLE('',#8331,0.0500000000000001);
#5684=CIRCLE('',#8332,0.25);
#5685=CIRCLE('',#8334,0.25);
#5686=CIRCLE('',#8335,0.0500000000000001);
#5687=CIRCLE('',#8362,1.);
#5688=CIRCLE('',#8363,1.);
#5689=CIRCLE('',#8364,1.);
#5690=CIRCLE('',#8365,1.);
#5691=CIRCLE('',#8370,1.);
#5692=CIRCLE('',#8373,1.);
#5693=CIRCLE('',#8376,1.);
#5694=CIRCLE('',#8378,1.);
#5695=CIRCLE('',#8417,0.100000000000017);
#5696=CIRCLE('',#8418,0.100000000000017);
#5697=CIRCLE('',#8420,0.600000000000017);
#5698=CIRCLE('',#8421,0.600000000000017);
#5699=CIRCLE('',#8423,0.600000000000017);
#5700=CIRCLE('',#8425,0.600000000000017);
#5701=CIRCLE('',#8431,0.0999999999999829);
#5702=CIRCLE('',#8432,0.0999999999999829);
#5703=CIRCLE('',#8434,0.599999999999983);
#5704=CIRCLE('',#8435,0.599999999999983);
#5705=CIRCLE('',#8437,0.599999999999983);
#5706=CIRCLE('',#8439,0.599999999999983);
#5707=CIRCLE('',#8441,0.100000000000001);
#5708=CIRCLE('',#8442,0.100000000000002);
#5709=CIRCLE('',#8444,0.600000000000002);
#5710=CIRCLE('',#8445,0.600000000000002);
#5711=CIRCLE('',#8447,0.600000000000002);
#5712=CIRCLE('',#8449,0.600000000000002);
#5713=CIRCLE('',#8452,0.100000000000001);
#5714=CIRCLE('',#8453,0.1);
#5715=CIRCLE('',#8455,0.600000000000001);
#5716=CIRCLE('',#8456,0.600000000000001);
#5717=CIRCLE('',#8458,0.600000000000001);
#5718=CIRCLE('',#8460,0.600000000000001);
#5719=CIRCLE('',#8464,0.6);
#5720=CIRCLE('',#8468,0.6);
#5721=CIRCLE('',#8475,0.1);
#5722=CIRCLE('',#8476,0.1);
#5723=CIRCLE('',#8478,0.6);
#5724=CIRCLE('',#8479,0.6);
#5725=CIRCLE('',#8488,0.1);
#5726=CIRCLE('',#8489,0.1);
#5727=CIRCLE('',#8491,0.600000000000001);
#5728=CIRCLE('',#8492,0.600000000000001);
#5729=CIRCLE('',#8493,0.600000000000001);
#5730=CIRCLE('',#8494,0.600000000000001);
#5731=CIRCLE('',#8499,0.750932088393164);
#5732=CIRCLE('',#8500,0.750932088393164);
#5733=CIRCLE('',#8503,0.750932088393164);
#5734=CIRCLE('',#8504,0.750932088393164);
#5735=CIRCLE('',#8510,0.750932088393164);
#5736=CIRCLE('',#8511,0.750932088393164);
#5737=CIRCLE('',#8514,0.750932088393164);
#5738=CIRCLE('',#8515,0.750932088393164);
#5739=CIRCLE('',#8522,0.100000000000001);
#5740=CIRCLE('',#8523,0.100000000000001);
#5741=CIRCLE('',#8525,0.600000000000002);
#5742=CIRCLE('',#8526,0.600000000000002);
#5743=CIRCLE('',#8532,0.100000000000001);
#5744=CIRCLE('',#8533,0.100000000000001);
#5745=CIRCLE('',#8535,0.600000000000002);
#5746=CIRCLE('',#8536,0.600000000000002);
#5747=CIRCLE('',#8587,0.6);
#5748=CIRCLE('',#8588,1.);
#5749=CIRCLE('',#8589,1.);
#5750=CIRCLE('',#8590,1.);
#5751=CIRCLE('',#8591,1.);
#5752=CIRCLE('',#8592,0.5);
#5753=CIRCLE('',#8594,1.);
#5754=CIRCLE('',#8595,1.);
#5755=CIRCLE('',#8605,1.);
#5756=CIRCLE('',#8606,1.);
#5757=CIRCLE('',#8623,0.5);
#5758=CIRCLE('',#8626,0.6);
#5759=CIRCLE('',#8629,3.);
#5760=CIRCLE('',#8630,3.);
#5761=CIRCLE('',#8633,3.);
#5762=CIRCLE('',#8635,2.5);
#5763=CIRCLE('',#8636,3.);
#5764=CIRCLE('',#8638,2.5);
#5765=CIRCLE('',#8639,2.5);
#5766=CIRCLE('',#8641,1.5);
#5767=CIRCLE('',#8642,1.5);
#5768=CIRCLE('',#8643,3.);
#5769=CIRCLE('',#8645,1.5);
#5770=CIRCLE('',#8647,3.);
#5771=CIRCLE('',#8648,3.);
#5772=CIRCLE('',#8649,1.5);
#5773=CIRCLE('',#8651,1.);
#5774=CIRCLE('',#8652,1.);
#5775=CIRCLE('',#8653,1.);
#5776=CIRCLE('',#8654,1.);
#5777=CIRCLE('',#8656,3.5);
#5778=CIRCLE('',#8658,3.5);
#5779=CIRCLE('',#8660,1.);
#5780=CIRCLE('',#8662,1.);
#5781=CIRCLE('',#8664,1.);
#5782=CIRCLE('',#8666,1.);
#5783=CIRCLE('',#8668,3.5);
#5784=CIRCLE('',#8674,3.5);
#5785=CIRCLE('',#8679,3.);
#5786=EDGE_LOOP('',(#1925,#1926,#1927,#1928));
#5787=EDGE_LOOP('',(#1929,#1930,#1931,#1932));
#5788=EDGE_LOOP('',(#1933,#1934,#1935,#1936,#1937,#1938,#1939,#1940,#1941,
#1942,#1943,#1944));
#5789=EDGE_LOOP('',(#1945,#1946,#1947,#1948,#1949,#1950,#1951,#1952,#1953,
#1954,#1955,#1956));
#5790=EDGE_LOOP('',(#1957,#1958,#1959,#1960));
#5791=EDGE_LOOP('',(#1961,#1962,#1963,#1964));
#5792=EDGE_LOOP('',(#1965,#1966,#1967,#1968));
#5793=EDGE_LOOP('',(#1969,#1970,#1971,#1972));
#5794=EDGE_LOOP('',(#1973,#1974,#1975,#1976));
#5795=EDGE_LOOP('',(#1977,#1978,#1979,#1980));
#5796=EDGE_LOOP('',(#1981,#1982,#1983,#1984));
#5797=EDGE_LOOP('',(#1985,#1986,#1987,#1988));
#5798=EDGE_LOOP('',(#1989,#1990,#1991,#1992,#1993,#1994));
#5799=EDGE_LOOP('',(#1995,#1996,#1997,#1998));
#5800=EDGE_LOOP('',(#1999,#2000,#2001,#2002,#2003,#2004));
#5801=EDGE_LOOP('',(#2005,#2006,#2007,#2008,#2009,#2010,#2011,#2012));
#5802=EDGE_LOOP('',(#2013,#2014,#2015,#2016,#2017,#2018,#2019,#2020));
#5803=EDGE_LOOP('',(#2021,#2022,#2023,#2024,#2025,#2026,#2027,#2028,#2029));
#5804=EDGE_LOOP('',(#2030,#2031,#2032,#2033));
#5805=EDGE_LOOP('',(#2034,#2035,#2036,#2037,#2038));
#5806=EDGE_LOOP('',(#2039,#2040,#2041,#2042));
#5807=EDGE_LOOP('',(#2043,#2044,#2045,#2046,#2047,#2048,#2049,#2050));
#5808=EDGE_LOOP('',(#2051,#2052,#2053,#2054));
#5809=EDGE_LOOP('',(#2055,#2056,#2057,#2058));
#5810=EDGE_LOOP('',(#2059,#2060,#2061,#2062));
#5811=EDGE_LOOP('',(#2063,#2064,#2065,#2066,#2067,#2068));
#5812=EDGE_LOOP('',(#2069,#2070,#2071,#2072));
#5813=EDGE_LOOP('',(#2073,#2074,#2075,#2076,#2077));
#5814=EDGE_LOOP('',(#2078,#2079,#2080,#2081));
#5815=EDGE_LOOP('',(#2082,#2083,#2084,#2085,#2086));
#5816=EDGE_LOOP('',(#2087,#2088,#2089,#2090));
#5817=EDGE_LOOP('',(#2091,#2092,#2093,#2094));
#5818=EDGE_LOOP('',(#2095,#2096,#2097,#2098));
#5819=EDGE_LOOP('',(#2099,#2100,#2101,#2102,#2103,#2104,#2105,#2106,#2107,
#2108,#2109,#2110));
#5820=EDGE_LOOP('',(#2111,#2112,#2113,#2114,#2115,#2116,#2117,#2118,#2119,
#2120,#2121,#2122));
#5821=EDGE_LOOP('',(#2123,#2124,#2125,#2126));
#5822=EDGE_LOOP('',(#2127,#2128,#2129,#2130));
#5823=EDGE_LOOP('',(#2131,#2132,#2133,#2134));
#5824=EDGE_LOOP('',(#2135,#2136,#2137,#2138));
#5825=EDGE_LOOP('',(#2139,#2140,#2141,#2142));
#5826=EDGE_LOOP('',(#2143,#2144,#2145,#2146));
#5827=EDGE_LOOP('',(#2147,#2148,#2149,#2150));
#5828=EDGE_LOOP('',(#2151,#2152,#2153,#2154));
#5829=EDGE_LOOP('',(#2155,#2156,#2157,#2158,#2159,#2160));
#5830=EDGE_LOOP('',(#2161,#2162,#2163,#2164));
#5831=EDGE_LOOP('',(#2165,#2166,#2167,#2168,#2169,#2170));
#5832=EDGE_LOOP('',(#2171,#2172,#2173,#2174,#2175,#2176,#2177,#2178));
#5833=EDGE_LOOP('',(#2179,#2180,#2181,#2182,#2183,#2184,#2185,#2186));
#5834=EDGE_LOOP('',(#2187,#2188,#2189,#2190,#2191,#2192,#2193,#2194,#2195));
#5835=EDGE_LOOP('',(#2196,#2197,#2198,#2199));
#5836=EDGE_LOOP('',(#2200,#2201,#2202,#2203,#2204));
#5837=EDGE_LOOP('',(#2205,#2206,#2207,#2208));
#5838=EDGE_LOOP('',(#2209,#2210,#2211,#2212,#2213,#2214,#2215,#2216));
#5839=EDGE_LOOP('',(#2217,#2218,#2219,#2220));
#5840=EDGE_LOOP('',(#2221,#2222,#2223,#2224));
#5841=EDGE_LOOP('',(#2225,#2226,#2227,#2228));
#5842=EDGE_LOOP('',(#2229,#2230,#2231,#2232,#2233,#2234));
#5843=EDGE_LOOP('',(#2235,#2236,#2237,#2238));
#5844=EDGE_LOOP('',(#2239,#2240,#2241,#2242,#2243));
#5845=EDGE_LOOP('',(#2244,#2245,#2246,#2247));
#5846=EDGE_LOOP('',(#2248,#2249,#2250,#2251,#2252));
#5847=EDGE_LOOP('',(#2253,#2254,#2255,#2256));
#5848=EDGE_LOOP('',(#2257,#2258,#2259,#2260));
#5849=EDGE_LOOP('',(#2261,#2262,#2263,#2264));
#5850=EDGE_LOOP('',(#2265,#2266,#2267,#2268,#2269,#2270,#2271,#2272,#2273,
#2274,#2275,#2276));
#5851=EDGE_LOOP('',(#2277,#2278,#2279,#2280,#2281,#2282,#2283,#2284,#2285,
#2286,#2287,#2288));
#5852=EDGE_LOOP('',(#2289,#2290,#2291,#2292));
#5853=EDGE_LOOP('',(#2293,#2294,#2295,#2296));
#5854=EDGE_LOOP('',(#2297,#2298,#2299,#2300));
#5855=EDGE_LOOP('',(#2301,#2302,#2303,#2304));
#5856=EDGE_LOOP('',(#2305,#2306,#2307,#2308));
#5857=EDGE_LOOP('',(#2309,#2310,#2311,#2312));
#5858=EDGE_LOOP('',(#2313,#2314,#2315,#2316));
#5859=EDGE_LOOP('',(#2317,#2318,#2319,#2320));
#5860=EDGE_LOOP('',(#2321,#2322,#2323,#2324,#2325,#2326));
#5861=EDGE_LOOP('',(#2327,#2328,#2329,#2330));
#5862=EDGE_LOOP('',(#2331,#2332,#2333,#2334,#2335,#2336));
#5863=EDGE_LOOP('',(#2337,#2338,#2339,#2340,#2341,#2342,#2343,#2344));
#5864=EDGE_LOOP('',(#2345,#2346,#2347,#2348,#2349,#2350,#2351,#2352));
#5865=EDGE_LOOP('',(#2353,#2354,#2355,#2356,#2357,#2358,#2359,#2360,#2361));
#5866=EDGE_LOOP('',(#2362,#2363,#2364,#2365));
#5867=EDGE_LOOP('',(#2366,#2367,#2368,#2369,#2370));
#5868=EDGE_LOOP('',(#2371,#2372,#2373,#2374));
#5869=EDGE_LOOP('',(#2375,#2376,#2377,#2378,#2379,#2380,#2381,#2382));
#5870=EDGE_LOOP('',(#2383,#2384,#2385,#2386));
#5871=EDGE_LOOP('',(#2387,#2388,#2389,#2390));
#5872=EDGE_LOOP('',(#2391,#2392,#2393,#2394));
#5873=EDGE_LOOP('',(#2395,#2396,#2397,#2398,#2399,#2400));
#5874=EDGE_LOOP('',(#2401,#2402,#2403,#2404));
#5875=EDGE_LOOP('',(#2405,#2406,#2407,#2408,#2409));
#5876=EDGE_LOOP('',(#2410,#2411,#2412,#2413));
#5877=EDGE_LOOP('',(#2414,#2415,#2416,#2417,#2418));
#5878=EDGE_LOOP('',(#2419,#2420,#2421,#2422));
#5879=EDGE_LOOP('',(#2423,#2424,#2425,#2426));
#5880=EDGE_LOOP('',(#2427,#2428,#2429,#2430));
#5881=EDGE_LOOP('',(#2431,#2432,#2433,#2434,#2435,#2436,#2437,#2438,#2439,
#2440,#2441,#2442));
#5882=EDGE_LOOP('',(#2443,#2444,#2445,#2446,#2447,#2448,#2449,#2450,#2451,
#2452,#2453,#2454));
#5883=EDGE_LOOP('',(#2455,#2456,#2457,#2458));
#5884=EDGE_LOOP('',(#2459,#2460,#2461,#2462));
#5885=EDGE_LOOP('',(#2463,#2464,#2465,#2466));
#5886=EDGE_LOOP('',(#2467,#2468,#2469,#2470));
#5887=EDGE_LOOP('',(#2471,#2472,#2473,#2474));
#5888=EDGE_LOOP('',(#2475,#2476,#2477,#2478));
#5889=EDGE_LOOP('',(#2479,#2480,#2481,#2482));
#5890=EDGE_LOOP('',(#2483,#2484,#2485,#2486));
#5891=EDGE_LOOP('',(#2487,#2488,#2489,#2490,#2491,#2492));
#5892=EDGE_LOOP('',(#2493,#2494,#2495,#2496));
#5893=EDGE_LOOP('',(#2497,#2498,#2499,#2500,#2501,#2502));
#5894=EDGE_LOOP('',(#2503,#2504,#2505,#2506,#2507,#2508,#2509,#2510));
#5895=EDGE_LOOP('',(#2511,#2512,#2513,#2514,#2515,#2516,#2517,#2518));
#5896=EDGE_LOOP('',(#2519,#2520,#2521,#2522,#2523,#2524,#2525,#2526,#2527));
#5897=EDGE_LOOP('',(#2528,#2529,#2530,#2531));
#5898=EDGE_LOOP('',(#2532,#2533,#2534,#2535,#2536));
#5899=EDGE_LOOP('',(#2537,#2538,#2539,#2540));
#5900=EDGE_LOOP('',(#2541,#2542,#2543,#2544,#2545,#2546,#2547,#2548));
#5901=EDGE_LOOP('',(#2549,#2550,#2551,#2552));
#5902=EDGE_LOOP('',(#2553,#2554,#2555,#2556));
#5903=EDGE_LOOP('',(#2557,#2558,#2559,#2560));
#5904=EDGE_LOOP('',(#2561,#2562,#2563,#2564,#2565,#2566));
#5905=EDGE_LOOP('',(#2567,#2568,#2569,#2570));
#5906=EDGE_LOOP('',(#2571,#2572,#2573,#2574,#2575));
#5907=EDGE_LOOP('',(#2576,#2577,#2578,#2579));
#5908=EDGE_LOOP('',(#2580,#2581,#2582,#2583,#2584));
#5909=EDGE_LOOP('',(#2585,#2586,#2587,#2588));
#5910=EDGE_LOOP('',(#2589,#2590,#2591,#2592));
#5911=EDGE_LOOP('',(#2593,#2594,#2595,#2596));
#5912=EDGE_LOOP('',(#2597,#2598,#2599,#2600,#2601,#2602,#2603,#2604,#2605,
#2606,#2607,#2608));
#5913=EDGE_LOOP('',(#2609,#2610,#2611,#2612,#2613,#2614,#2615,#2616,#2617,
#2618,#2619,#2620));
#5914=EDGE_LOOP('',(#2621,#2622,#2623,#2624));
#5915=EDGE_LOOP('',(#2625,#2626,#2627,#2628));
#5916=EDGE_LOOP('',(#2629,#2630,#2631,#2632));
#5917=EDGE_LOOP('',(#2633,#2634,#2635,#2636));
#5918=EDGE_LOOP('',(#2637,#2638,#2639,#2640));
#5919=EDGE_LOOP('',(#2641,#2642,#2643,#2644));
#5920=EDGE_LOOP('',(#2645,#2646,#2647,#2648));
#5921=EDGE_LOOP('',(#2649,#2650,#2651,#2652));
#5922=EDGE_LOOP('',(#2653,#2654,#2655,#2656,#2657,#2658));
#5923=EDGE_LOOP('',(#2659,#2660,#2661,#2662));
#5924=EDGE_LOOP('',(#2663,#2664,#2665,#2666,#2667,#2668));
#5925=EDGE_LOOP('',(#2669,#2670,#2671,#2672,#2673,#2674,#2675,#2676));
#5926=EDGE_LOOP('',(#2677,#2678,#2679,#2680,#2681,#2682,#2683,#2684));
#5927=EDGE_LOOP('',(#2685,#2686,#2687,#2688,#2689,#2690,#2691,#2692,#2693));
#5928=EDGE_LOOP('',(#2694,#2695,#2696,#2697));
#5929=EDGE_LOOP('',(#2698,#2699,#2700,#2701,#2702));
#5930=EDGE_LOOP('',(#2703,#2704,#2705,#2706));
#5931=EDGE_LOOP('',(#2707,#2708,#2709,#2710,#2711,#2712,#2713,#2714));
#5932=EDGE_LOOP('',(#2715,#2716,#2717,#2718));
#5933=EDGE_LOOP('',(#2719,#2720,#2721,#2722));
#5934=EDGE_LOOP('',(#2723,#2724,#2725,#2726));
#5935=EDGE_LOOP('',(#2727,#2728,#2729,#2730,#2731,#2732));
#5936=EDGE_LOOP('',(#2733,#2734,#2735,#2736));
#5937=EDGE_LOOP('',(#2737,#2738,#2739,#2740,#2741));
#5938=EDGE_LOOP('',(#2742,#2743,#2744,#2745));
#5939=EDGE_LOOP('',(#2746,#2747,#2748,#2749,#2750));
#5940=EDGE_LOOP('',(#2751,#2752,#2753,#2754));
#5941=EDGE_LOOP('',(#2755,#2756,#2757,#2758));
#5942=EDGE_LOOP('',(#2759,#2760,#2761,#2762,#2763,#2764,#2765,#2766,#2767,
#2768,#2769,#2770));
#5943=EDGE_LOOP('',(#2771,#2772,#2773,#2774));
#5944=EDGE_LOOP('',(#2775,#2776,#2777,#2778));
#5945=EDGE_LOOP('',(#2779,#2780,#2781,#2782));
#5946=EDGE_LOOP('',(#2783,#2784,#2785,#2786));
#5947=EDGE_LOOP('',(#2787,#2788,#2789,#2790));
#5948=EDGE_LOOP('',(#2791,#2792,#2793,#2794,#2795,#2796,#2797,#2798));
#5949=EDGE_LOOP('',(#2799,#2800,#2801,#2802));
#5950=EDGE_LOOP('',(#2803,#2804,#2805,#2806));
#5951=EDGE_LOOP('',(#2807,#2808,#2809,#2810));
#5952=EDGE_LOOP('',(#2811,#2812,#2813,#2814,#2815,#2816,#2817,#2818));
#5953=EDGE_LOOP('',(#2819,#2820,#2821,#2822));
#5954=EDGE_LOOP('',(#2823,#2824,#2825,#2826,#2827,#2828,#2829,#2830,#2831,
#2832,#2833,#2834));
#5955=EDGE_LOOP('',(#2835,#2836,#2837,#2838));
#5956=EDGE_LOOP('',(#2839,#2840,#2841,#2842));
#5957=EDGE_LOOP('',(#2843,#2844,#2845,#2846,#2847,#2848,#2849,#2850,#2851,
#2852,#2853,#2854));
#5958=EDGE_LOOP('',(#2855,#2856,#2857,#2858));
#5959=EDGE_LOOP('',(#2859,#2860,#2861,#2862));
#5960=EDGE_LOOP('',(#2863,#2864,#2865,#2866));
#5961=EDGE_LOOP('',(#2867,#2868,#2869,#2870));
#5962=EDGE_LOOP('',(#2871,#2872,#2873,#2874,#2875,#2876));
#5963=EDGE_LOOP('',(#2877,#2878,#2879,#2880,#2881,#2882));
#5964=EDGE_LOOP('',(#2883,#2884,#2885,#2886,#2887,#2888));
#5965=EDGE_LOOP('',(#2889,#2890,#2891,#2892));
#5966=EDGE_LOOP('',(#2893,#2894,#2895,#2896,#2897,#2898));
#5967=EDGE_LOOP('',(#2899,#2900,#2901,#2902));
#5968=EDGE_LOOP('',(#2903,#2904,#2905,#2906,#2907,#2908));
#5969=EDGE_LOOP('',(#2909,#2910,#2911,#2912,#2913,#2914));
#5970=EDGE_LOOP('',(#2915,#2916,#2917,#2918,#2919,#2920));
#5971=EDGE_LOOP('',(#2921,#2922,#2923,#2924));
#5972=EDGE_LOOP('',(#2925,#2926,#2927,#2928,#2929,#2930,#2931,#2932,#2933,
#2934));
#5973=EDGE_LOOP('',(#2935,#2936,#2937,#2938));
#5974=EDGE_LOOP('',(#2939,#2940,#2941,#2942));
#5975=EDGE_LOOP('',(#2943,#2944,#2945,#2946));
#5976=EDGE_LOOP('',(#2947,#2948,#2949,#2950));
#5977=EDGE_LOOP('',(#2951,#2952,#2953,#2954));
#5978=EDGE_LOOP('',(#2955,#2956,#2957,#2958));
#5979=EDGE_LOOP('',(#2959,#2960,#2961,#2962));
#5980=EDGE_LOOP('',(#2963,#2964,#2965,#2966));
#5981=EDGE_LOOP('',(#2967,#2968,#2969,#2970));
#5982=EDGE_LOOP('',(#2971,#2972,#2973,#2974));
#5983=EDGE_LOOP('',(#2975,#2976,#2977,#2978));
#5984=EDGE_LOOP('',(#2979,#2980,#2981,#2982));
#5985=EDGE_LOOP('',(#2983,#2984,#2985,#2986));
#5986=EDGE_LOOP('',(#2987,#2988,#2989,#2990));
#5987=EDGE_LOOP('',(#2991,#2992,#2993,#2994));
#5988=EDGE_LOOP('',(#2995,#2996,#2997,#2998));
#5989=EDGE_LOOP('',(#2999,#3000,#3001,#3002));
#5990=EDGE_LOOP('',(#3003,#3004,#3005,#3006));
#5991=EDGE_LOOP('',(#3007,#3008,#3009,#3010));
#5992=EDGE_LOOP('',(#3011,#3012,#3013,#3014));
#5993=EDGE_LOOP('',(#3015,#3016,#3017,#3018));
#5994=EDGE_LOOP('',(#3019,#3020,#3021,#3022));
#5995=EDGE_LOOP('',(#3023,#3024,#3025,#3026));
#5996=EDGE_LOOP('',(#3027,#3028,#3029,#3030));
#5997=EDGE_LOOP('',(#3031,#3032,#3033,#3034));
#5998=EDGE_LOOP('',(#3035,#3036,#3037,#3038));
#5999=EDGE_LOOP('',(#3039,#3040,#3041,#3042));
#6000=EDGE_LOOP('',(#3043,#3044,#3045,#3046));
#6001=EDGE_LOOP('',(#3047,#3048,#3049,#3050,#3051,#3052,#3053,#3054));
#6002=EDGE_LOOP('',(#3055,#3056,#3057,#3058,#3059,#3060,#3061,#3062));
#6003=EDGE_LOOP('',(#3063,#3064,#3065,#3066));
#6004=EDGE_LOOP('',(#3067,#3068,#3069,#3070));
#6005=EDGE_LOOP('',(#3071,#3072,#3073,#3074));
#6006=EDGE_LOOP('',(#3075,#3076,#3077,#3078));
#6007=EDGE_LOOP('',(#3079,#3080,#3081,#3082));
#6008=EDGE_LOOP('',(#3083,#3084,#3085,#3086));
#6009=EDGE_LOOP('',(#3087,#3088,#3089,#3090,#3091,#3092,#3093,#3094));
#6010=EDGE_LOOP('',(#3095,#3096,#3097,#3098,#3099,#3100,#3101,#3102));
#6011=EDGE_LOOP('',(#3103,#3104,#3105,#3106));
#6012=EDGE_LOOP('',(#3107,#3108,#3109,#3110));
#6013=EDGE_LOOP('',(#3111,#3112,#3113,#3114,#3115,#3116,#3117,#3118));
#6014=EDGE_LOOP('',(#3119,#3120,#3121,#3122,#3123,#3124,#3125,#3126));
#6015=EDGE_LOOP('',(#3127,#3128,#3129,#3130));
#6016=EDGE_LOOP('',(#3131,#3132,#3133,#3134));
#6017=EDGE_LOOP('',(#3135,#3136,#3137,#3138));
#6018=EDGE_LOOP('',(#3139,#3140,#3141,#3142,#3143,#3144,#3145,#3146));
#6019=EDGE_LOOP('',(#3147,#3148,#3149,#3150,#3151,#3152,#3153,#3154));
#6020=EDGE_LOOP('',(#3155,#3156,#3157,#3158));
#6021=EDGE_LOOP('',(#3159,#3160,#3161,#3162));
#6022=EDGE_LOOP('',(#3163,#3164,#3165,#3166,#3167,#3168,#3169));
#6023=EDGE_LOOP('',(#3170,#3171,#3172,#3173));
#6024=EDGE_LOOP('',(#3174,#3175,#3176,#3177));
#6025=EDGE_LOOP('',(#3178,#3179,#3180,#3181,#3182,#3183,#3184));
#6026=EDGE_LOOP('',(#3185,#3186,#3187,#3188));
#6027=EDGE_LOOP('',(#3189,#3190,#3191,#3192));
#6028=EDGE_LOOP('',(#3193,#3194,#3195,#3196));
#6029=EDGE_LOOP('',(#3197,#3198,#3199,#3200));
#6030=EDGE_LOOP('',(#3201,#3202,#3203,#3204));
#6031=EDGE_LOOP('',(#3205,#3206,#3207,#3208,#3209,#3210));
#6032=EDGE_LOOP('',(#3211,#3212,#3213,#3214,#3215,#3216,#3217,#3218));
#6033=EDGE_LOOP('',(#3219,#3220,#3221,#3222));
#6034=EDGE_LOOP('',(#3223,#3224,#3225,#3226));
#6035=EDGE_LOOP('',(#3227,#3228,#3229,#3230));
#6036=EDGE_LOOP('',(#3231,#3232,#3233,#3234));
#6037=EDGE_LOOP('',(#3235,#3236,#3237,#3238));
#6038=EDGE_LOOP('',(#3239,#3240,#3241,#3242));
#6039=EDGE_LOOP('',(#3243,#3244,#3245,#3246));
#6040=EDGE_LOOP('',(#3247,#3248,#3249,#3250,#3251,#3252));
#6041=EDGE_LOOP('',(#3253,#3254,#3255,#3256,#3257,#3258,#3259,#3260));
#6042=EDGE_LOOP('',(#3261,#3262,#3263,#3264));
#6043=EDGE_LOOP('',(#3265,#3266,#3267,#3268));
#6044=EDGE_LOOP('',(#3269,#3270,#3271,#3272));
#6045=EDGE_LOOP('',(#3273,#3274,#3275,#3276));
#6046=EDGE_LOOP('',(#3277,#3278,#3279,#3280));
#6047=EDGE_LOOP('',(#3281,#3282,#3283,#3284));
#6048=EDGE_LOOP('',(#3285,#3286,#3287,#3288));
#6049=EDGE_LOOP('',(#3289,#3290,#3291,#3292,#3293,#3294));
#6050=EDGE_LOOP('',(#3295,#3296,#3297,#3298));
#6051=EDGE_LOOP('',(#3299,#3300,#3301,#3302));
#6052=EDGE_LOOP('',(#3303,#3304,#3305,#3306));
#6053=EDGE_LOOP('',(#3307,#3308,#3309,#3310));
#6054=EDGE_LOOP('',(#3311,#3312,#3313,#3314));
#6055=EDGE_LOOP('',(#3315,#3316,#3317,#3318));
#6056=EDGE_LOOP('',(#3319,#3320,#3321,#3322,#3323,#3324));
#6057=EDGE_LOOP('',(#3325,#3326,#3327,#3328));
#6058=EDGE_LOOP('',(#3329,#3330,#3331,#3332,#3333,#3334));
#6059=EDGE_LOOP('',(#3335,#3336,#3337,#3338,#3339,#3340));
#6060=EDGE_LOOP('',(#3341,#3342,#3343,#3344));
#6061=EDGE_LOOP('',(#3345,#3346,#3347,#3348));
#6062=EDGE_LOOP('',(#3349,#3350,#3351,#3352));
#6063=EDGE_LOOP('',(#3353,#3354,#3355,#3356));
#6064=EDGE_LOOP('',(#3357,#3358,#3359,#3360));
#6065=EDGE_LOOP('',(#3361,#3362,#3363,#3364));
#6066=EDGE_LOOP('',(#3365,#3366,#3367,#3368));
#6067=EDGE_LOOP('',(#3369,#3370,#3371,#3372));
#6068=EDGE_LOOP('',(#3373,#3374,#3375,#3376));
#6069=EDGE_LOOP('',(#3377,#3378,#3379,#3380));
#6070=EDGE_LOOP('',(#3381,#3382,#3383,#3384));
#6071=EDGE_LOOP('',(#3385,#3386,#3387,#3388));
#6072=EDGE_LOOP('',(#3389,#3390,#3391,#3392));
#6073=EDGE_LOOP('',(#3393,#3394,#3395,#3396));
#6074=EDGE_LOOP('',(#3397,#3398,#3399,#3400));
#6075=EDGE_LOOP('',(#3401,#3402,#3403,#3404));
#6076=EDGE_LOOP('',(#3405,#3406,#3407,#3408));
#6077=EDGE_LOOP('',(#3409,#3410,#3411,#3412));
#6078=EDGE_LOOP('',(#3413,#3414,#3415,#3416));
#6079=EDGE_LOOP('',(#3417,#3418,#3419,#3420));
#6080=EDGE_LOOP('',(#3421,#3422,#3423,#3424,#3425,#3426,#3427,#3428,#3429,
#3430,#3431,#3432));
#6081=EDGE_LOOP('',(#3433,#3434,#3435,#3436,#3437,#3438,#3439,#3440,#3441,
#3442,#3443,#3444));
#6082=EDGE_LOOP('',(#3445,#3446,#3447,#3448));
#6083=EDGE_LOOP('',(#3449,#3450,#3451,#3452,#3453,#3454,#3455,#3456,#3457,
#3458,#3459,#3460,#3461,#3462,#3463,#3464));
#6084=EDGE_LOOP('',(#3465,#3466,#3467,#3468));
#6085=EDGE_LOOP('',(#3469,#3470,#3471,#3472,#3473,#3474,#3475,#3476,#3477,
#3478,#3479,#3480,#3481,#3482,#3483,#3484));
#6086=EDGE_LOOP('',(#3485,#3486,#3487,#3488));
#6087=EDGE_LOOP('',(#3489,#3490,#3491,#3492,#3493,#3494,#3495,#3496,#3497,
#3498,#3499,#3500,#3501,#3502,#3503,#3504));
#6088=EDGE_LOOP('',(#3505,#3506,#3507,#3508,#3509,#3510,#3511,#3512,#3513,
#3514,#3515,#3516,#3517,#3518,#3519,#3520));
#6089=EDGE_LOOP('',(#3521,#3522,#3523,#3524));
#6090=EDGE_LOOP('',(#3525,#3526,#3527,#3528));
#6091=EDGE_LOOP('',(#3529,#3530,#3531,#3532));
#6092=EDGE_LOOP('',(#3533,#3534,#3535,#3536));
#6093=EDGE_LOOP('',(#3537,#3538,#3539,#3540));
#6094=EDGE_LOOP('',(#3541,#3542,#3543,#3544));
#6095=EDGE_LOOP('',(#3545,#3546,#3547,#3548));
#6096=EDGE_LOOP('',(#3549,#3550,#3551,#3552));
#6097=EDGE_LOOP('',(#3553,#3554,#3555,#3556));
#6098=EDGE_LOOP('',(#3557,#3558,#3559,#3560));
#6099=EDGE_LOOP('',(#3561,#3562,#3563,#3564));
#6100=EDGE_LOOP('',(#3565,#3566,#3567,#3568));
#6101=EDGE_LOOP('',(#3569,#3570,#3571,#3572));
#6102=EDGE_LOOP('',(#3573,#3574,#3575,#3576));
#6103=EDGE_LOOP('',(#3577,#3578,#3579,#3580));
#6104=EDGE_LOOP('',(#3581,#3582,#3583,#3584));
#6105=EDGE_LOOP('',(#3585,#3586,#3587,#3588));
#6106=EDGE_LOOP('',(#3589,#3590,#3591,#3592,#3593));
#6107=EDGE_LOOP('',(#3594,#3595,#3596,#3597,#3598));
#6108=EDGE_LOOP('',(#3599,#3600,#3601,#3602));
#6109=EDGE_LOOP('',(#3603,#3604,#3605,#3606));
#6110=EDGE_LOOP('',(#3607,#3608,#3609,#3610));
#6111=EDGE_LOOP('',(#3611,#3612,#3613,#3614));
#6112=EDGE_LOOP('',(#3615,#3616,#3617,#3618));
#6113=EDGE_LOOP('',(#3619,#3620,#3621,#3622));
#6114=EDGE_LOOP('',(#3623,#3624,#3625,#3626));
#6115=EDGE_LOOP('',(#3627,#3628,#3629,#3630));
#6116=EDGE_LOOP('',(#3631,#3632,#3633,#3634));
#6117=EDGE_LOOP('',(#3635,#3636,#3637,#3638));
#6118=EDGE_LOOP('',(#3639,#3640,#3641,#3642));
#6119=EDGE_LOOP('',(#3643,#3644,#3645,#3646));
#6120=EDGE_LOOP('',(#3647,#3648,#3649,#3650));
#6121=EDGE_LOOP('',(#3651));
#6122=EDGE_LOOP('',(#3652,#3653,#3654,#3655,#3656,#3657,#3658,#3659,#3660,
#3661,#3662,#3663,#3664,#3665,#3666,#3667,#3668,#3669,#3670,#3671,#3672,
#3673,#3674,#3675,#3676,#3677));
#6123=EDGE_LOOP('',(#3678));
#6124=EDGE_LOOP('',(#3679,#3680,#3681,#3682,#3683,#3684,#3685,#3686,#3687,
#3688,#3689));
#6125=EDGE_LOOP('',(#3690,#3691,#3692,#3693));
#6126=EDGE_LOOP('',(#3694,#3695,#3696,#3697));
#6127=EDGE_LOOP('',(#3698,#3699,#3700,#3701));
#6128=EDGE_LOOP('',(#3702,#3703,#3704,#3705));
#6129=EDGE_LOOP('',(#3706,#3707,#3708,#3709));
#6130=EDGE_LOOP('',(#3710,#3711,#3712,#3713));
#6131=EDGE_LOOP('',(#3714,#3715,#3716,#3717,#3718,#3719));
#6132=EDGE_LOOP('',(#3720,#3721,#3722,#3723,#3724,#3725));
#6133=EDGE_LOOP('',(#3726,#3727,#3728,#3729,#3730,#3731,#3732));
#6134=EDGE_LOOP('',(#3733,#3734,#3735,#3736));
#6135=EDGE_LOOP('',(#3737,#3738,#3739,#3740));
#6136=EDGE_LOOP('',(#3741,#3742,#3743,#3744,#3745,#3746,#3747,#3748));
#6137=EDGE_LOOP('',(#3749,#3750,#3751,#3752,#3753,#3754));
#6138=EDGE_LOOP('',(#3755,#3756,#3757,#3758,#3759,#3760));
#6139=EDGE_LOOP('',(#3761,#3762,#3763,#3764));
#6140=EDGE_LOOP('',(#3765,#3766,#3767,#3768,#3769,#3770,#3771,#3772,#3773,
#3774,#3775,#3776));
#6141=EDGE_LOOP('',(#3777,#3778,#3779,#3780,#3781,#3782));
#6142=EDGE_LOOP('',(#3783,#3784,#3785,#3786));
#6143=EDGE_LOOP('',(#3787,#3788,#3789,#3790));
#6144=EDGE_LOOP('',(#3791,#3792,#3793,#3794));
#6145=EDGE_LOOP('',(#3795,#3796,#3797,#3798,#3799,#3800));
#6146=EDGE_LOOP('',(#3801,#3802,#3803,#3804));
#6147=EDGE_LOOP('',(#3805,#3806,#3807,#3808));
#6148=EDGE_LOOP('',(#3809,#3810,#3811,#3812));
#6149=EDGE_LOOP('',(#3813));
#6150=EDGE_LOOP('',(#3814));
#6151=EDGE_LOOP('',(#3815));
#6152=EDGE_LOOP('',(#3816));
#6153=EDGE_LOOP('',(#3817));
#6154=EDGE_LOOP('',(#3818));
#6155=EDGE_LOOP('',(#3819,#3820,#3821,#3822));
#6156=EDGE_LOOP('',(#3823,#3824,#3825,#3826,#3827,#3828));
#6157=EDGE_LOOP('',(#3829,#3830));
#6158=EDGE_LOOP('',(#3831,#3832,#3833,#3834));
#6159=EDGE_LOOP('',(#3835,#3836,#3837,#3838));
#6160=EDGE_LOOP('',(#3839,#3840));
#6161=EDGE_LOOP('',(#3841,#3842));
#6162=EDGE_LOOP('',(#3843,#3844,#3845,#3846));
#6163=EDGE_LOOP('',(#3847,#3848));
#6164=EDGE_LOOP('',(#3849,#3850));
#6165=EDGE_LOOP('',(#3851,#3852,#3853,#3854,#3855,#3856,#3857,#3858));
#6166=EDGE_LOOP('',(#3859,#3860,#3861,#3862));
#6167=EDGE_LOOP('',(#3863,#3864,#3865,#3866));
#6168=EDGE_LOOP('',(#3867,#3868,#3869,#3870));
#6169=EDGE_LOOP('',(#3871,#3872,#3873,#3874));
#6170=EDGE_LOOP('',(#3875,#3876,#3877,#3878));
#6171=EDGE_LOOP('',(#3879,#3880,#3881,#3882));
#6172=EDGE_LOOP('',(#3883,#3884,#3885,#3886,#3887,#3888,#3889,#3890));
#6173=EDGE_LOOP('',(#3891,#3892));
#6174=EDGE_LOOP('',(#3893,#3894,#3895,#3896));
#6175=EDGE_LOOP('',(#3897,#3898,#3899,#3900));
#6176=EDGE_LOOP('',(#3901,#3902,#3903,#3904));
#6177=EDGE_LOOP('',(#3905,#3906,#3907,#3908));
#6178=EDGE_LOOP('',(#3909,#3910,#3911,#3912));
#6179=EDGE_LOOP('',(#3913,#3914,#3915,#3916));
#6180=EDGE_LOOP('',(#3917,#3918,#3919,#3920));
#6181=EDGE_LOOP('',(#3921,#3922,#3923,#3924));
#6182=EDGE_LOOP('',(#3925,#3926,#3927,#3928));
#6183=EDGE_LOOP('',(#3929,#3930,#3931,#3932,#3933,#3934,#3935,#3936));
#6184=FACE_BOUND('',#5786,.T.);
#6185=FACE_BOUND('',#5787,.T.);
#6186=FACE_BOUND('',#5788,.T.);
#6187=FACE_BOUND('',#5789,.T.);
#6188=FACE_BOUND('',#5790,.T.);
#6189=FACE_BOUND('',#5791,.T.);
#6190=FACE_BOUND('',#5792,.T.);
#6191=FACE_BOUND('',#5793,.T.);
#6192=FACE_BOUND('',#5794,.T.);
#6193=FACE_BOUND('',#5795,.T.);
#6194=FACE_BOUND('',#5796,.T.);
#6195=FACE_BOUND('',#5797,.T.);
#6196=FACE_BOUND('',#5798,.T.);
#6197=FACE_BOUND('',#5799,.T.);
#6198=FACE_BOUND('',#5800,.T.);
#6199=FACE_BOUND('',#5801,.T.);
#6200=FACE_BOUND('',#5802,.T.);
#6201=FACE_BOUND('',#5803,.T.);
#6202=FACE_BOUND('',#5804,.T.);
#6203=FACE_BOUND('',#5805,.T.);
#6204=FACE_BOUND('',#5806,.T.);
#6205=FACE_BOUND('',#5807,.T.);
#6206=FACE_BOUND('',#5808,.T.);
#6207=FACE_BOUND('',#5809,.T.);
#6208=FACE_BOUND('',#5810,.T.);
#6209=FACE_BOUND('',#5811,.T.);
#6210=FACE_BOUND('',#5812,.T.);
#6211=FACE_BOUND('',#5813,.T.);
#6212=FACE_BOUND('',#5814,.T.);
#6213=FACE_BOUND('',#5815,.T.);
#6214=FACE_BOUND('',#5816,.T.);
#6215=FACE_BOUND('',#5817,.T.);
#6216=FACE_BOUND('',#5818,.T.);
#6217=FACE_BOUND('',#5819,.T.);
#6218=FACE_BOUND('',#5820,.T.);
#6219=FACE_BOUND('',#5821,.T.);
#6220=FACE_BOUND('',#5822,.T.);
#6221=FACE_BOUND('',#5823,.T.);
#6222=FACE_BOUND('',#5824,.T.);
#6223=FACE_BOUND('',#5825,.T.);
#6224=FACE_BOUND('',#5826,.T.);
#6225=FACE_BOUND('',#5827,.T.);
#6226=FACE_BOUND('',#5828,.T.);
#6227=FACE_BOUND('',#5829,.T.);
#6228=FACE_BOUND('',#5830,.T.);
#6229=FACE_BOUND('',#5831,.T.);
#6230=FACE_BOUND('',#5832,.T.);
#6231=FACE_BOUND('',#5833,.T.);
#6232=FACE_BOUND('',#5834,.T.);
#6233=FACE_BOUND('',#5835,.T.);
#6234=FACE_BOUND('',#5836,.T.);
#6235=FACE_BOUND('',#5837,.T.);
#6236=FACE_BOUND('',#5838,.T.);
#6237=FACE_BOUND('',#5839,.T.);
#6238=FACE_BOUND('',#5840,.T.);
#6239=FACE_BOUND('',#5841,.T.);
#6240=FACE_BOUND('',#5842,.T.);
#6241=FACE_BOUND('',#5843,.T.);
#6242=FACE_BOUND('',#5844,.T.);
#6243=FACE_BOUND('',#5845,.T.);
#6244=FACE_BOUND('',#5846,.T.);
#6245=FACE_BOUND('',#5847,.T.);
#6246=FACE_BOUND('',#5848,.T.);
#6247=FACE_BOUND('',#5849,.T.);
#6248=FACE_BOUND('',#5850,.T.);
#6249=FACE_BOUND('',#5851,.T.);
#6250=FACE_BOUND('',#5852,.T.);
#6251=FACE_BOUND('',#5853,.T.);
#6252=FACE_BOUND('',#5854,.T.);
#6253=FACE_BOUND('',#5855,.T.);
#6254=FACE_BOUND('',#5856,.T.);
#6255=FACE_BOUND('',#5857,.T.);
#6256=FACE_BOUND('',#5858,.T.);
#6257=FACE_BOUND('',#5859,.T.);
#6258=FACE_BOUND('',#5860,.T.);
#6259=FACE_BOUND('',#5861,.T.);
#6260=FACE_BOUND('',#5862,.T.);
#6261=FACE_BOUND('',#5863,.T.);
#6262=FACE_BOUND('',#5864,.T.);
#6263=FACE_BOUND('',#5865,.T.);
#6264=FACE_BOUND('',#5866,.T.);
#6265=FACE_BOUND('',#5867,.T.);
#6266=FACE_BOUND('',#5868,.T.);
#6267=FACE_BOUND('',#5869,.T.);
#6268=FACE_BOUND('',#5870,.T.);
#6269=FACE_BOUND('',#5871,.T.);
#6270=FACE_BOUND('',#5872,.T.);
#6271=FACE_BOUND('',#5873,.T.);
#6272=FACE_BOUND('',#5874,.T.);
#6273=FACE_BOUND('',#5875,.T.);
#6274=FACE_BOUND('',#5876,.T.);
#6275=FACE_BOUND('',#5877,.T.);
#6276=FACE_BOUND('',#5878,.T.);
#6277=FACE_BOUND('',#5879,.T.);
#6278=FACE_BOUND('',#5880,.T.);
#6279=FACE_BOUND('',#5881,.T.);
#6280=FACE_BOUND('',#5882,.T.);
#6281=FACE_BOUND('',#5883,.T.);
#6282=FACE_BOUND('',#5884,.T.);
#6283=FACE_BOUND('',#5885,.T.);
#6284=FACE_BOUND('',#5886,.T.);
#6285=FACE_BOUND('',#5887,.T.);
#6286=FACE_BOUND('',#5888,.T.);
#6287=FACE_BOUND('',#5889,.T.);
#6288=FACE_BOUND('',#5890,.T.);
#6289=FACE_BOUND('',#5891,.T.);
#6290=FACE_BOUND('',#5892,.T.);
#6291=FACE_BOUND('',#5893,.T.);
#6292=FACE_BOUND('',#5894,.T.);
#6293=FACE_BOUND('',#5895,.T.);
#6294=FACE_BOUND('',#5896,.T.);
#6295=FACE_BOUND('',#5897,.T.);
#6296=FACE_BOUND('',#5898,.T.);
#6297=FACE_BOUND('',#5899,.T.);
#6298=FACE_BOUND('',#5900,.T.);
#6299=FACE_BOUND('',#5901,.T.);
#6300=FACE_BOUND('',#5902,.T.);
#6301=FACE_BOUND('',#5903,.T.);
#6302=FACE_BOUND('',#5904,.T.);
#6303=FACE_BOUND('',#5905,.T.);
#6304=FACE_BOUND('',#5906,.T.);
#6305=FACE_BOUND('',#5907,.T.);
#6306=FACE_BOUND('',#5908,.T.);
#6307=FACE_BOUND('',#5909,.T.);
#6308=FACE_BOUND('',#5910,.T.);
#6309=FACE_BOUND('',#5911,.T.);
#6310=FACE_BOUND('',#5912,.T.);
#6311=FACE_BOUND('',#5913,.T.);
#6312=FACE_BOUND('',#5914,.T.);
#6313=FACE_BOUND('',#5915,.T.);
#6314=FACE_BOUND('',#5916,.T.);
#6315=FACE_BOUND('',#5917,.T.);
#6316=FACE_BOUND('',#5918,.T.);
#6317=FACE_BOUND('',#5919,.T.);
#6318=FACE_BOUND('',#5920,.T.);
#6319=FACE_BOUND('',#5921,.T.);
#6320=FACE_BOUND('',#5922,.T.);
#6321=FACE_BOUND('',#5923,.T.);
#6322=FACE_BOUND('',#5924,.T.);
#6323=FACE_BOUND('',#5925,.T.);
#6324=FACE_BOUND('',#5926,.T.);
#6325=FACE_BOUND('',#5927,.T.);
#6326=FACE_BOUND('',#5928,.T.);
#6327=FACE_BOUND('',#5929,.T.);
#6328=FACE_BOUND('',#5930,.T.);
#6329=FACE_BOUND('',#5931,.T.);
#6330=FACE_BOUND('',#5932,.T.);
#6331=FACE_BOUND('',#5933,.T.);
#6332=FACE_BOUND('',#5934,.T.);
#6333=FACE_BOUND('',#5935,.T.);
#6334=FACE_BOUND('',#5936,.T.);
#6335=FACE_BOUND('',#5937,.T.);
#6336=FACE_BOUND('',#5938,.T.);
#6337=FACE_BOUND('',#5939,.T.);
#6338=FACE_BOUND('',#5940,.T.);
#6339=FACE_BOUND('',#5941,.T.);
#6340=FACE_BOUND('',#5942,.T.);
#6341=FACE_BOUND('',#5943,.T.);
#6342=FACE_BOUND('',#5944,.T.);
#6343=FACE_BOUND('',#5945,.T.);
#6344=FACE_BOUND('',#5946,.T.);
#6345=FACE_BOUND('',#5947,.T.);
#6346=FACE_BOUND('',#5948,.T.);
#6347=FACE_BOUND('',#5949,.T.);
#6348=FACE_BOUND('',#5950,.T.);
#6349=FACE_BOUND('',#5951,.T.);
#6350=FACE_BOUND('',#5952,.T.);
#6351=FACE_BOUND('',#5953,.T.);
#6352=FACE_BOUND('',#5954,.T.);
#6353=FACE_BOUND('',#5955,.T.);
#6354=FACE_BOUND('',#5956,.T.);
#6355=FACE_BOUND('',#5957,.T.);
#6356=FACE_BOUND('',#5958,.T.);
#6357=FACE_BOUND('',#5959,.T.);
#6358=FACE_BOUND('',#5960,.T.);
#6359=FACE_BOUND('',#5961,.T.);
#6360=FACE_BOUND('',#5962,.T.);
#6361=FACE_BOUND('',#5963,.T.);
#6362=FACE_BOUND('',#5964,.T.);
#6363=FACE_BOUND('',#5965,.T.);
#6364=FACE_BOUND('',#5966,.T.);
#6365=FACE_BOUND('',#5967,.T.);
#6366=FACE_BOUND('',#5968,.T.);
#6367=FACE_BOUND('',#5969,.T.);
#6368=FACE_BOUND('',#5970,.T.);
#6369=FACE_BOUND('',#5971,.T.);
#6370=FACE_BOUND('',#5972,.T.);
#6371=FACE_BOUND('',#5973,.T.);
#6372=FACE_BOUND('',#5974,.T.);
#6373=FACE_BOUND('',#5975,.T.);
#6374=FACE_BOUND('',#5976,.T.);
#6375=FACE_BOUND('',#5977,.T.);
#6376=FACE_BOUND('',#5978,.T.);
#6377=FACE_BOUND('',#5979,.T.);
#6378=FACE_BOUND('',#5980,.T.);
#6379=FACE_BOUND('',#5981,.T.);
#6380=FACE_BOUND('',#5982,.T.);
#6381=FACE_BOUND('',#5983,.T.);
#6382=FACE_BOUND('',#5984,.T.);
#6383=FACE_BOUND('',#5985,.T.);
#6384=FACE_BOUND('',#5986,.T.);
#6385=FACE_BOUND('',#5987,.T.);
#6386=FACE_BOUND('',#5988,.T.);
#6387=FACE_BOUND('',#5989,.T.);
#6388=FACE_BOUND('',#5990,.T.);
#6389=FACE_BOUND('',#5991,.T.);
#6390=FACE_BOUND('',#5992,.T.);
#6391=FACE_BOUND('',#5993,.T.);
#6392=FACE_BOUND('',#5994,.T.);
#6393=FACE_BOUND('',#5995,.T.);
#6394=FACE_BOUND('',#5996,.T.);
#6395=FACE_BOUND('',#5997,.T.);
#6396=FACE_BOUND('',#5998,.T.);
#6397=FACE_BOUND('',#5999,.T.);
#6398=FACE_BOUND('',#6000,.T.);
#6399=FACE_BOUND('',#6001,.T.);
#6400=FACE_BOUND('',#6002,.T.);
#6401=FACE_BOUND('',#6003,.T.);
#6402=FACE_BOUND('',#6004,.T.);
#6403=FACE_BOUND('',#6005,.T.);
#6404=FACE_BOUND('',#6006,.T.);
#6405=FACE_BOUND('',#6007,.T.);
#6406=FACE_BOUND('',#6008,.T.);
#6407=FACE_BOUND('',#6009,.T.);
#6408=FACE_BOUND('',#6010,.T.);
#6409=FACE_BOUND('',#6011,.T.);
#6410=FACE_BOUND('',#6012,.T.);
#6411=FACE_BOUND('',#6013,.T.);
#6412=FACE_BOUND('',#6014,.T.);
#6413=FACE_BOUND('',#6015,.T.);
#6414=FACE_BOUND('',#6016,.T.);
#6415=FACE_BOUND('',#6017,.T.);
#6416=FACE_BOUND('',#6018,.T.);
#6417=FACE_BOUND('',#6019,.T.);
#6418=FACE_BOUND('',#6020,.T.);
#6419=FACE_BOUND('',#6021,.T.);
#6420=FACE_BOUND('',#6022,.T.);
#6421=FACE_BOUND('',#6023,.T.);
#6422=FACE_BOUND('',#6024,.T.);
#6423=FACE_BOUND('',#6025,.T.);
#6424=FACE_BOUND('',#6026,.T.);
#6425=FACE_BOUND('',#6027,.T.);
#6426=FACE_BOUND('',#6028,.T.);
#6427=FACE_BOUND('',#6029,.T.);
#6428=FACE_BOUND('',#6030,.T.);
#6429=FACE_BOUND('',#6031,.T.);
#6430=FACE_BOUND('',#6032,.T.);
#6431=FACE_BOUND('',#6033,.T.);
#6432=FACE_BOUND('',#6034,.T.);
#6433=FACE_BOUND('',#6035,.T.);
#6434=FACE_BOUND('',#6036,.T.);
#6435=FACE_BOUND('',#6037,.T.);
#6436=FACE_BOUND('',#6038,.T.);
#6437=FACE_BOUND('',#6039,.T.);
#6438=FACE_BOUND('',#6040,.T.);
#6439=FACE_BOUND('',#6041,.T.);
#6440=FACE_BOUND('',#6042,.T.);
#6441=FACE_BOUND('',#6043,.T.);
#6442=FACE_BOUND('',#6044,.T.);
#6443=FACE_BOUND('',#6045,.T.);
#6444=FACE_BOUND('',#6046,.T.);
#6445=FACE_BOUND('',#6047,.T.);
#6446=FACE_BOUND('',#6048,.T.);
#6447=FACE_BOUND('',#6049,.T.);
#6448=FACE_BOUND('',#6050,.T.);
#6449=FACE_BOUND('',#6051,.T.);
#6450=FACE_BOUND('',#6052,.T.);
#6451=FACE_BOUND('',#6053,.T.);
#6452=FACE_BOUND('',#6054,.T.);
#6453=FACE_BOUND('',#6055,.T.);
#6454=FACE_BOUND('',#6056,.T.);
#6455=FACE_BOUND('',#6057,.T.);
#6456=FACE_BOUND('',#6058,.T.);
#6457=FACE_BOUND('',#6059,.T.);
#6458=FACE_BOUND('',#6060,.T.);
#6459=FACE_BOUND('',#6061,.T.);
#6460=FACE_BOUND('',#6062,.T.);
#6461=FACE_BOUND('',#6063,.T.);
#6462=FACE_BOUND('',#6064,.T.);
#6463=FACE_BOUND('',#6065,.T.);
#6464=FACE_BOUND('',#6066,.T.);
#6465=FACE_BOUND('',#6067,.T.);
#6466=FACE_BOUND('',#6068,.T.);
#6467=FACE_BOUND('',#6069,.T.);
#6468=FACE_BOUND('',#6070,.T.);
#6469=FACE_BOUND('',#6071,.T.);
#6470=FACE_BOUND('',#6072,.T.);
#6471=FACE_BOUND('',#6073,.T.);
#6472=FACE_BOUND('',#6074,.T.);
#6473=FACE_BOUND('',#6075,.T.);
#6474=FACE_BOUND('',#6076,.T.);
#6475=FACE_BOUND('',#6077,.T.);
#6476=FACE_BOUND('',#6078,.T.);
#6477=FACE_BOUND('',#6079,.T.);
#6478=FACE_BOUND('',#6080,.T.);
#6479=FACE_BOUND('',#6081,.T.);
#6480=FACE_BOUND('',#6082,.T.);
#6481=FACE_BOUND('',#6083,.T.);
#6482=FACE_BOUND('',#6084,.T.);
#6483=FACE_BOUND('',#6085,.T.);
#6484=FACE_BOUND('',#6086,.T.);
#6485=FACE_BOUND('',#6087,.T.);
#6486=FACE_BOUND('',#6088,.T.);
#6487=FACE_BOUND('',#6089,.T.);
#6488=FACE_BOUND('',#6090,.T.);
#6489=FACE_BOUND('',#6091,.T.);
#6490=FACE_BOUND('',#6092,.T.);
#6491=FACE_BOUND('',#6093,.T.);
#6492=FACE_BOUND('',#6094,.T.);
#6493=FACE_BOUND('',#6095,.T.);
#6494=FACE_BOUND('',#6096,.T.);
#6495=FACE_BOUND('',#6097,.T.);
#6496=FACE_BOUND('',#6098,.T.);
#6497=FACE_BOUND('',#6099,.T.);
#6498=FACE_BOUND('',#6100,.T.);
#6499=FACE_BOUND('',#6101,.T.);
#6500=FACE_BOUND('',#6102,.T.);
#6501=FACE_BOUND('',#6103,.T.);
#6502=FACE_BOUND('',#6104,.T.);
#6503=FACE_BOUND('',#6105,.T.);
#6504=FACE_BOUND('',#6106,.T.);
#6505=FACE_BOUND('',#6107,.T.);
#6506=FACE_BOUND('',#6108,.T.);
#6507=FACE_BOUND('',#6109,.T.);
#6508=FACE_BOUND('',#6110,.T.);
#6509=FACE_BOUND('',#6111,.T.);
#6510=FACE_BOUND('',#6112,.T.);
#6511=FACE_BOUND('',#6113,.T.);
#6512=FACE_BOUND('',#6114,.T.);
#6513=FACE_BOUND('',#6115,.T.);
#6514=FACE_BOUND('',#6116,.T.);
#6515=FACE_BOUND('',#6117,.T.);
#6516=FACE_BOUND('',#6118,.T.);
#6517=FACE_BOUND('',#6119,.T.);
#6518=FACE_BOUND('',#6120,.T.);
#6519=FACE_BOUND('',#6121,.T.);
#6520=FACE_BOUND('',#6122,.T.);
#6521=FACE_BOUND('',#6123,.T.);
#6522=FACE_BOUND('',#6124,.T.);
#6523=FACE_BOUND('',#6125,.T.);
#6524=FACE_BOUND('',#6126,.T.);
#6525=FACE_BOUND('',#6127,.T.);
#6526=FACE_BOUND('',#6128,.T.);
#6527=FACE_BOUND('',#6129,.T.);
#6528=FACE_BOUND('',#6130,.T.);
#6529=FACE_BOUND('',#6131,.T.);
#6530=FACE_BOUND('',#6132,.T.);
#6531=FACE_BOUND('',#6133,.T.);
#6532=FACE_BOUND('',#6134,.T.);
#6533=FACE_BOUND('',#6135,.T.);
#6534=FACE_BOUND('',#6136,.T.);
#6535=FACE_BOUND('',#6137,.T.);
#6536=FACE_BOUND('',#6138,.T.);
#6537=FACE_BOUND('',#6139,.T.);
#6538=FACE_BOUND('',#6140,.T.);
#6539=FACE_BOUND('',#6141,.T.);
#6540=FACE_BOUND('',#6142,.T.);
#6541=FACE_BOUND('',#6143,.T.);
#6542=FACE_BOUND('',#6144,.T.);
#6543=FACE_BOUND('',#6145,.T.);
#6544=FACE_BOUND('',#6146,.T.);
#6545=FACE_BOUND('',#6147,.T.);
#6546=FACE_BOUND('',#6148,.T.);
#6547=FACE_BOUND('',#6149,.T.);
#6548=FACE_BOUND('',#6150,.T.);
#6549=FACE_BOUND('',#6151,.T.);
#6550=FACE_BOUND('',#6152,.T.);
#6551=FACE_BOUND('',#6153,.T.);
#6552=FACE_BOUND('',#6154,.T.);
#6553=FACE_BOUND('',#6155,.T.);
#6554=FACE_BOUND('',#6156,.T.);
#6555=FACE_BOUND('',#6157,.T.);
#6556=FACE_BOUND('',#6158,.T.);
#6557=FACE_BOUND('',#6159,.T.);
#6558=FACE_BOUND('',#6160,.T.);
#6559=FACE_BOUND('',#6161,.T.);
#6560=FACE_BOUND('',#6162,.T.);
#6561=FACE_BOUND('',#6163,.T.);
#6562=FACE_BOUND('',#6164,.T.);
#6563=FACE_BOUND('',#6165,.T.);
#6564=FACE_BOUND('',#6166,.T.);
#6565=FACE_BOUND('',#6167,.T.);
#6566=FACE_BOUND('',#6168,.T.);
#6567=FACE_BOUND('',#6169,.T.);
#6568=FACE_BOUND('',#6170,.T.);
#6569=FACE_BOUND('',#6171,.T.);
#6570=FACE_BOUND('',#6172,.T.);
#6571=FACE_BOUND('',#6173,.T.);
#6572=FACE_BOUND('',#6174,.T.);
#6573=FACE_BOUND('',#6175,.T.);
#6574=FACE_BOUND('',#6176,.T.);
#6575=FACE_BOUND('',#6177,.T.);
#6576=FACE_BOUND('',#6178,.T.);
#6577=FACE_BOUND('',#6179,.T.);
#6578=FACE_BOUND('',#6180,.T.);
#6579=FACE_BOUND('',#6181,.T.);
#6580=FACE_BOUND('',#6182,.T.);
#6581=FACE_BOUND('',#6183,.T.);
#6582=CYLINDRICAL_SURFACE('',#8095,0.45);
#6583=CYLINDRICAL_SURFACE('',#8098,0.45);
#6584=CYLINDRICAL_SURFACE('',#8112,0.0500000000000001);
#6585=CYLINDRICAL_SURFACE('',#8114,0.35);
#6586=CYLINDRICAL_SURFACE('',#8133,0.15);
#6587=CYLINDRICAL_SURFACE('',#8135,0.25);
#6588=CYLINDRICAL_SURFACE('',#8139,0.0500000000000001);
#6589=CYLINDRICAL_SURFACE('',#8141,0.349999999999999);
#6590=CYLINDRICAL_SURFACE('',#8143,0.15);
#6591=CYLINDRICAL_SURFACE('',#8145,0.25);
#6592=CYLINDRICAL_SURFACE('',#8146,0.45);
#6593=CYLINDRICAL_SURFACE('',#8149,0.45);
#6594=CYLINDRICAL_SURFACE('',#8163,0.0500000000000001);
#6595=CYLINDRICAL_SURFACE('',#8165,0.35);
#6596=CYLINDRICAL_SURFACE('',#8184,0.15);
#6597=CYLINDRICAL_SURFACE('',#8186,0.25);
#6598=CYLINDRICAL_SURFACE('',#8190,0.0500000000000001);
#6599=CYLINDRICAL_SURFACE('',#8192,0.349999999999999);
#6600=CYLINDRICAL_SURFACE('',#8194,0.15);
#6601=CYLINDRICAL_SURFACE('',#8196,0.25);
#6602=CYLINDRICAL_SURFACE('',#8197,0.45);
#6603=CYLINDRICAL_SURFACE('',#8200,0.45);
#6604=CYLINDRICAL_SURFACE('',#8214,0.0500000000000001);
#6605=CYLINDRICAL_SURFACE('',#8216,0.35);
#6606=CYLINDRICAL_SURFACE('',#8235,0.15);
#6607=CYLINDRICAL_SURFACE('',#8237,0.25);
#6608=CYLINDRICAL_SURFACE('',#8241,0.0500000000000001);
#6609=CYLINDRICAL_SURFACE('',#8243,0.349999999999999);
#6610=CYLINDRICAL_SURFACE('',#8245,0.15);
#6611=CYLINDRICAL_SURFACE('',#8247,0.25);
#6612=CYLINDRICAL_SURFACE('',#8248,0.45);
#6613=CYLINDRICAL_SURFACE('',#8251,0.45);
#6614=CYLINDRICAL_SURFACE('',#8265,0.0500000000000001);
#6615=CYLINDRICAL_SURFACE('',#8267,0.35);
#6616=CYLINDRICAL_SURFACE('',#8286,0.15);
#6617=CYLINDRICAL_SURFACE('',#8288,0.25);
#6618=CYLINDRICAL_SURFACE('',#8292,0.0500000000000001);
#6619=CYLINDRICAL_SURFACE('',#8294,0.349999999999999);
#6620=CYLINDRICAL_SURFACE('',#8296,0.15);
#6621=CYLINDRICAL_SURFACE('',#8298,0.25);
#6622=CYLINDRICAL_SURFACE('',#8299,0.45);
#6623=CYLINDRICAL_SURFACE('',#8302,0.45);
#6624=CYLINDRICAL_SURFACE('',#8316,0.0500000000000001);
#6625=CYLINDRICAL_SURFACE('',#8318,0.35);
#6626=CYLINDRICAL_SURFACE('',#8337,0.15);
#6627=CYLINDRICAL_SURFACE('',#8339,0.25);
#6628=CYLINDRICAL_SURFACE('',#8343,0.0500000000000001);
#6629=CYLINDRICAL_SURFACE('',#8345,0.349999999999999);
#6630=CYLINDRICAL_SURFACE('',#8347,0.15);
#6631=CYLINDRICAL_SURFACE('',#8349,0.25);
#6632=CYLINDRICAL_SURFACE('',#8369,1.);
#6633=CYLINDRICAL_SURFACE('',#8372,1.);
#6634=CYLINDRICAL_SURFACE('',#8375,1.);
#6635=CYLINDRICAL_SURFACE('',#8377,1.);
#6636=CYLINDRICAL_SURFACE('',#8416,0.100000000000017);
#6637=CYLINDRICAL_SURFACE('',#8419,0.600000000000017);
#6638=CYLINDRICAL_SURFACE('',#8430,0.0999999999999825);
#6639=CYLINDRICAL_SURFACE('',#8433,0.599999999999983);
#6640=CYLINDRICAL_SURFACE('',#8440,0.100000000000002);
#6641=CYLINDRICAL_SURFACE('',#8443,0.600000000000002);
#6642=CYLINDRICAL_SURFACE('',#8451,0.100000000000001);
#6643=CYLINDRICAL_SURFACE('',#8454,0.600000000000001);
#6644=CYLINDRICAL_SURFACE('',#8474,0.1);
#6645=CYLINDRICAL_SURFACE('',#8477,0.6);
#6646=CYLINDRICAL_SURFACE('',#8487,0.1);
#6647=CYLINDRICAL_SURFACE('',#8490,0.6);
#6648=CYLINDRICAL_SURFACE('',#8498,0.750932088393164);
#6649=CYLINDRICAL_SURFACE('',#8502,0.750932088393164);
#6650=CYLINDRICAL_SURFACE('',#8509,0.750932088393164);
#6651=CYLINDRICAL_SURFACE('',#8513,0.750932088393164);
#6652=CYLINDRICAL_SURFACE('',#8521,0.100000000000001);
#6653=CYLINDRICAL_SURFACE('',#8524,0.600000000000002);
#6654=CYLINDRICAL_SURFACE('',#8531,0.100000000000001);
#6655=CYLINDRICAL_SURFACE('',#8534,0.600000000000002);
#6656=CYLINDRICAL_SURFACE('',#8567,0.600000000000017);
#6657=CYLINDRICAL_SURFACE('',#8568,0.599999999999983);
#6658=CYLINDRICAL_SURFACE('',#8569,0.600000000000002);
#6659=CYLINDRICAL_SURFACE('',#8570,0.600000000000001);
#6660=CYLINDRICAL_SURFACE('',#8598,1.);
#6661=CYLINDRICAL_SURFACE('',#8599,1.);
#6662=CYLINDRICAL_SURFACE('',#8607,1.);
#6663=CYLINDRICAL_SURFACE('',#8608,1.);
#6664=CYLINDRICAL_SURFACE('',#8622,0.5);
#6665=CYLINDRICAL_SURFACE('',#8625,0.6);
#6666=CYLINDRICAL_SURFACE('',#8628,3.);
#6667=CYLINDRICAL_SURFACE('',#8644,1.5);
#6668=CYLINDRICAL_SURFACE('',#8657,3.5);
#6669=CYLINDRICAL_SURFACE('',#8659,1.);
#6670=CYLINDRICAL_SURFACE('',#8661,1.);
#6671=CYLINDRICAL_SURFACE('',#8663,1.);
#6672=CYLINDRICAL_SURFACE('',#8665,1.);
#6673=CYLINDRICAL_SURFACE('',#8673,3.5);
#6674=CYLINDRICAL_SURFACE('',#8676,1.5);
#6675=CYLINDRICAL_SURFACE('',#8680,3.);
#6676=ADVANCED_FACE('',(#6184),#6582,.T.);
#6677=ADVANCED_FACE('',(#6185),#6583,.T.);
#6678=ADVANCED_FACE('',(#6186),#27,.F.);
#6679=ADVANCED_FACE('',(#6187),#28,.T.);
#6680=ADVANCED_FACE('',(#6188),#29,.F.);
#6681=ADVANCED_FACE('',(#6189),#6584,.F.);
#6682=ADVANCED_FACE('',(#6190),#30,.F.);
#6683=ADVANCED_FACE('',(#6191),#6585,.T.);
#6684=ADVANCED_FACE('',(#6192),#31,.F.);
#6685=ADVANCED_FACE('',(#6193),#32,.F.);
#6686=ADVANCED_FACE('',(#6194),#33,.F.);
#6687=ADVANCED_FACE('',(#6195),#34,.F.);
#6688=ADVANCED_FACE('',(#6196),#35,.F.);
#6689=ADVANCED_FACE('',(#6197),#36,.F.);
#6690=ADVANCED_FACE('',(#6198),#37,.F.);
#6691=ADVANCED_FACE('',(#6199),#38,.F.);
#6692=ADVANCED_FACE('',(#6200),#39,.T.);
#6693=ADVANCED_FACE('',(#6201),#40,.F.);
#6694=ADVANCED_FACE('',(#6202),#6586,.F.);
#6695=ADVANCED_FACE('',(#6203),#41,.F.);
#6696=ADVANCED_FACE('',(#6204),#6587,.T.);
#6697=ADVANCED_FACE('',(#6205),#42,.F.);
#6698=ADVANCED_FACE('',(#6206),#43,.F.);
#6699=ADVANCED_FACE('',(#6207),#44,.F.);
#6700=ADVANCED_FACE('',(#6208),#6588,.F.);
#6701=ADVANCED_FACE('',(#6209),#45,.F.);
#6702=ADVANCED_FACE('',(#6210),#6589,.T.);
#6703=ADVANCED_FACE('',(#6211),#46,.F.);
#6704=ADVANCED_FACE('',(#6212),#6590,.F.);
#6705=ADVANCED_FACE('',(#6213),#47,.F.);
#6706=ADVANCED_FACE('',(#6214),#6591,.T.);
#6707=ADVANCED_FACE('',(#6215),#6592,.T.);
#6708=ADVANCED_FACE('',(#6216),#6593,.T.);
#6709=ADVANCED_FACE('',(#6217),#48,.F.);
#6710=ADVANCED_FACE('',(#6218),#49,.T.);
#6711=ADVANCED_FACE('',(#6219),#50,.F.);
#6712=ADVANCED_FACE('',(#6220),#6594,.F.);
#6713=ADVANCED_FACE('',(#6221),#51,.F.);
#6714=ADVANCED_FACE('',(#6222),#6595,.T.);
#6715=ADVANCED_FACE('',(#6223),#52,.F.);
#6716=ADVANCED_FACE('',(#6224),#53,.F.);
#6717=ADVANCED_FACE('',(#6225),#54,.F.);
#6718=ADVANCED_FACE('',(#6226),#55,.F.);
#6719=ADVANCED_FACE('',(#6227),#56,.F.);
#6720=ADVANCED_FACE('',(#6228),#57,.F.);
#6721=ADVANCED_FACE('',(#6229),#58,.F.);
#6722=ADVANCED_FACE('',(#6230),#59,.F.);
#6723=ADVANCED_FACE('',(#6231),#60,.T.);
#6724=ADVANCED_FACE('',(#6232),#61,.F.);
#6725=ADVANCED_FACE('',(#6233),#6596,.F.);
#6726=ADVANCED_FACE('',(#6234),#62,.F.);
#6727=ADVANCED_FACE('',(#6235),#6597,.T.);
#6728=ADVANCED_FACE('',(#6236),#63,.F.);
#6729=ADVANCED_FACE('',(#6237),#64,.F.);
#6730=ADVANCED_FACE('',(#6238),#65,.F.);
#6731=ADVANCED_FACE('',(#6239),#6598,.F.);
#6732=ADVANCED_FACE('',(#6240),#66,.F.);
#6733=ADVANCED_FACE('',(#6241),#6599,.T.);
#6734=ADVANCED_FACE('',(#6242),#67,.F.);
#6735=ADVANCED_FACE('',(#6243),#6600,.F.);
#6736=ADVANCED_FACE('',(#6244),#68,.F.);
#6737=ADVANCED_FACE('',(#6245),#6601,.T.);
#6738=ADVANCED_FACE('',(#6246),#6602,.T.);
#6739=ADVANCED_FACE('',(#6247),#6603,.T.);
#6740=ADVANCED_FACE('',(#6248),#69,.F.);
#6741=ADVANCED_FACE('',(#6249),#70,.T.);
#6742=ADVANCED_FACE('',(#6250),#71,.F.);
#6743=ADVANCED_FACE('',(#6251),#6604,.F.);
#6744=ADVANCED_FACE('',(#6252),#72,.F.);
#6745=ADVANCED_FACE('',(#6253),#6605,.T.);
#6746=ADVANCED_FACE('',(#6254),#73,.F.);
#6747=ADVANCED_FACE('',(#6255),#74,.F.);
#6748=ADVANCED_FACE('',(#6256),#75,.F.);
#6749=ADVANCED_FACE('',(#6257),#76,.F.);
#6750=ADVANCED_FACE('',(#6258),#77,.F.);
#6751=ADVANCED_FACE('',(#6259),#78,.F.);
#6752=ADVANCED_FACE('',(#6260),#79,.F.);
#6753=ADVANCED_FACE('',(#6261),#80,.F.);
#6754=ADVANCED_FACE('',(#6262),#81,.T.);
#6755=ADVANCED_FACE('',(#6263),#82,.F.);
#6756=ADVANCED_FACE('',(#6264),#6606,.F.);
#6757=ADVANCED_FACE('',(#6265),#83,.F.);
#6758=ADVANCED_FACE('',(#6266),#6607,.T.);
#6759=ADVANCED_FACE('',(#6267),#84,.F.);
#6760=ADVANCED_FACE('',(#6268),#85,.F.);
#6761=ADVANCED_FACE('',(#6269),#86,.F.);
#6762=ADVANCED_FACE('',(#6270),#6608,.F.);
#6763=ADVANCED_FACE('',(#6271),#87,.F.);
#6764=ADVANCED_FACE('',(#6272),#6609,.T.);
#6765=ADVANCED_FACE('',(#6273),#88,.F.);
#6766=ADVANCED_FACE('',(#6274),#6610,.F.);
#6767=ADVANCED_FACE('',(#6275),#89,.F.);
#6768=ADVANCED_FACE('',(#6276),#6611,.T.);
#6769=ADVANCED_FACE('',(#6277),#6612,.T.);
#6770=ADVANCED_FACE('',(#6278),#6613,.T.);
#6771=ADVANCED_FACE('',(#6279),#90,.F.);
#6772=ADVANCED_FACE('',(#6280),#91,.T.);
#6773=ADVANCED_FACE('',(#6281),#92,.F.);
#6774=ADVANCED_FACE('',(#6282),#6614,.F.);
#6775=ADVANCED_FACE('',(#6283),#93,.F.);
#6776=ADVANCED_FACE('',(#6284),#6615,.T.);
#6777=ADVANCED_FACE('',(#6285),#94,.F.);
#6778=ADVANCED_FACE('',(#6286),#95,.F.);
#6779=ADVANCED_FACE('',(#6287),#96,.F.);
#6780=ADVANCED_FACE('',(#6288),#97,.F.);
#6781=ADVANCED_FACE('',(#6289),#98,.F.);
#6782=ADVANCED_FACE('',(#6290),#99,.F.);
#6783=ADVANCED_FACE('',(#6291),#100,.F.);
#6784=ADVANCED_FACE('',(#6292),#101,.F.);
#6785=ADVANCED_FACE('',(#6293),#102,.T.);
#6786=ADVANCED_FACE('',(#6294),#103,.F.);
#6787=ADVANCED_FACE('',(#6295),#6616,.F.);
#6788=ADVANCED_FACE('',(#6296),#104,.F.);
#6789=ADVANCED_FACE('',(#6297),#6617,.T.);
#6790=ADVANCED_FACE('',(#6298),#105,.F.);
#6791=ADVANCED_FACE('',(#6299),#106,.F.);
#6792=ADVANCED_FACE('',(#6300),#107,.F.);
#6793=ADVANCED_FACE('',(#6301),#6618,.F.);
#6794=ADVANCED_FACE('',(#6302),#108,.F.);
#6795=ADVANCED_FACE('',(#6303),#6619,.T.);
#6796=ADVANCED_FACE('',(#6304),#109,.F.);
#6797=ADVANCED_FACE('',(#6305),#6620,.F.);
#6798=ADVANCED_FACE('',(#6306),#110,.F.);
#6799=ADVANCED_FACE('',(#6307),#6621,.T.);
#6800=ADVANCED_FACE('',(#6308),#6622,.T.);
#6801=ADVANCED_FACE('',(#6309),#6623,.T.);
#6802=ADVANCED_FACE('',(#6310),#111,.F.);
#6803=ADVANCED_FACE('',(#6311),#112,.T.);
#6804=ADVANCED_FACE('',(#6312),#113,.F.);
#6805=ADVANCED_FACE('',(#6313),#6624,.F.);
#6806=ADVANCED_FACE('',(#6314),#114,.F.);
#6807=ADVANCED_FACE('',(#6315),#6625,.T.);
#6808=ADVANCED_FACE('',(#6316),#115,.F.);
#6809=ADVANCED_FACE('',(#6317),#116,.F.);
#6810=ADVANCED_FACE('',(#6318),#117,.F.);
#6811=ADVANCED_FACE('',(#6319),#118,.F.);
#6812=ADVANCED_FACE('',(#6320),#119,.F.);
#6813=ADVANCED_FACE('',(#6321),#120,.F.);
#6814=ADVANCED_FACE('',(#6322),#121,.F.);
#6815=ADVANCED_FACE('',(#6323),#122,.F.);
#6816=ADVANCED_FACE('',(#6324),#123,.T.);
#6817=ADVANCED_FACE('',(#6325),#124,.F.);
#6818=ADVANCED_FACE('',(#6326),#6626,.F.);
#6819=ADVANCED_FACE('',(#6327),#125,.F.);
#6820=ADVANCED_FACE('',(#6328),#6627,.T.);
#6821=ADVANCED_FACE('',(#6329),#126,.F.);
#6822=ADVANCED_FACE('',(#6330),#127,.F.);
#6823=ADVANCED_FACE('',(#6331),#128,.F.);
#6824=ADVANCED_FACE('',(#6332),#6628,.F.);
#6825=ADVANCED_FACE('',(#6333),#129,.F.);
#6826=ADVANCED_FACE('',(#6334),#6629,.T.);
#6827=ADVANCED_FACE('',(#6335),#130,.F.);
#6828=ADVANCED_FACE('',(#6336),#6630,.F.);
#6829=ADVANCED_FACE('',(#6337),#131,.F.);
#6830=ADVANCED_FACE('',(#6338),#6631,.T.);
#6831=ADVANCED_FACE('',(#6339),#132,.T.);
#6832=ADVANCED_FACE('',(#6340),#133,.T.);
#6833=ADVANCED_FACE('',(#6341),#134,.T.);
#6834=ADVANCED_FACE('',(#6342),#135,.F.);
#6835=ADVANCED_FACE('',(#6343),#136,.F.);
#6836=ADVANCED_FACE('',(#6344),#137,.F.);
#6837=ADVANCED_FACE('',(#6345),#138,.T.);
#6838=ADVANCED_FACE('',(#6346),#139,.F.);
#6839=ADVANCED_FACE('',(#6347),#140,.T.);
#6840=ADVANCED_FACE('',(#6348),#141,.F.);
#6841=ADVANCED_FACE('',(#6349),#142,.F.);
#6842=ADVANCED_FACE('',(#6350),#143,.T.);
#6843=ADVANCED_FACE('',(#6351),#144,.F.);
#6844=ADVANCED_FACE('',(#6352),#145,.T.);
#6845=ADVANCED_FACE('',(#6353),#146,.T.);
#6846=ADVANCED_FACE('',(#6354),#6632,.T.);
#6847=ADVANCED_FACE('',(#6355),#147,.T.);
#6848=ADVANCED_FACE('',(#6356),#6633,.T.);
#6849=ADVANCED_FACE('',(#6357),#148,.T.);
#6850=ADVANCED_FACE('',(#6358),#6634,.T.);
#6851=ADVANCED_FACE('',(#6359),#6635,.T.);
#6852=ADVANCED_FACE('',(#6360),#149,.F.);
#6853=ADVANCED_FACE('',(#6361),#150,.F.);
#6854=ADVANCED_FACE('',(#6362),#151,.F.);
#6855=ADVANCED_FACE('',(#6363),#152,.F.);
#6856=ADVANCED_FACE('',(#6364),#153,.F.);
#6857=ADVANCED_FACE('',(#6365),#154,.F.);
#6858=ADVANCED_FACE('',(#6366),#155,.F.);
#6859=ADVANCED_FACE('',(#6367),#156,.F.);
#6860=ADVANCED_FACE('',(#6368),#157,.F.);
#6861=ADVANCED_FACE('',(#6369),#158,.F.);
#6862=ADVANCED_FACE('',(#6370),#159,.F.);
#6863=ADVANCED_FACE('',(#6371),#160,.F.);
#6864=ADVANCED_FACE('',(#6372),#161,.F.);
#6865=ADVANCED_FACE('',(#6373),#162,.F.);
#6866=ADVANCED_FACE('',(#6374),#163,.F.);
#6867=ADVANCED_FACE('',(#6375),#164,.F.);
#6868=ADVANCED_FACE('',(#6376),#165,.F.);
#6869=ADVANCED_FACE('',(#6377),#166,.F.);
#6870=ADVANCED_FACE('',(#6378),#167,.F.);
#6871=ADVANCED_FACE('',(#6379),#168,.T.);
#6872=ADVANCED_FACE('',(#6380),#169,.F.);
#6873=ADVANCED_FACE('',(#6381),#170,.F.);
#6874=ADVANCED_FACE('',(#6382),#171,.T.);
#6875=ADVANCED_FACE('',(#6383),#172,.F.);
#6876=ADVANCED_FACE('',(#6384),#173,.T.);
#6877=ADVANCED_FACE('',(#6385),#174,.F.);
#6878=ADVANCED_FACE('',(#6386),#175,.F.);
#6879=ADVANCED_FACE('',(#6387),#176,.T.);
#6880=ADVANCED_FACE('',(#6388),#177,.F.);
#6881=ADVANCED_FACE('',(#6389),#178,.T.);
#6882=ADVANCED_FACE('',(#6390),#179,.T.);
#6883=ADVANCED_FACE('',(#6391),#180,.F.);
#6884=ADVANCED_FACE('',(#6392),#181,.F.);
#6885=ADVANCED_FACE('',(#6393),#182,.T.);
#6886=ADVANCED_FACE('',(#6394),#183,.F.);
#6887=ADVANCED_FACE('',(#6395),#184,.T.);
#6888=ADVANCED_FACE('',(#6396),#185,.T.);
#6889=ADVANCED_FACE('',(#6397),#6636,.F.);
#6890=ADVANCED_FACE('',(#6398),#6637,.T.);
#6891=ADVANCED_FACE('',(#6399),#186,.F.);
#6892=ADVANCED_FACE('',(#6400),#187,.T.);
#6893=ADVANCED_FACE('',(#6401),#188,.T.);
#6894=ADVANCED_FACE('',(#6402),#189,.F.);
#6895=ADVANCED_FACE('',(#6403),#190,.T.);
#6896=ADVANCED_FACE('',(#6404),#191,.T.);
#6897=ADVANCED_FACE('',(#6405),#6638,.F.);
#6898=ADVANCED_FACE('',(#6406),#6639,.T.);
#6899=ADVANCED_FACE('',(#6407),#192,.F.);
#6900=ADVANCED_FACE('',(#6408),#193,.T.);
#6901=ADVANCED_FACE('',(#6409),#6640,.F.);
#6902=ADVANCED_FACE('',(#6410),#6641,.T.);
#6903=ADVANCED_FACE('',(#6411),#194,.F.);
#6904=ADVANCED_FACE('',(#6412),#195,.T.);
#6905=ADVANCED_FACE('',(#6413),#196,.T.);
#6906=ADVANCED_FACE('',(#6414),#6642,.F.);
#6907=ADVANCED_FACE('',(#6415),#6643,.T.);
#6908=ADVANCED_FACE('',(#6416),#197,.F.);
#6909=ADVANCED_FACE('',(#6417),#198,.T.);
#6910=ADVANCED_FACE('',(#6418),#199,.F.);
#6911=ADVANCED_FACE('',(#6419),#200,.F.);
#6912=ADVANCED_FACE('',(#6420),#201,.F.);
#6913=ADVANCED_FACE('',(#6421),#202,.F.);
#6914=ADVANCED_FACE('',(#6422),#203,.F.);
#6915=ADVANCED_FACE('',(#6423),#204,.F.);
#6916=ADVANCED_FACE('',(#6424),#205,.F.);
#6917=ADVANCED_FACE('',(#6425),#206,.T.);
#6918=ADVANCED_FACE('',(#6426),#207,.F.);
#6919=ADVANCED_FACE('',(#6427),#208,.F.);
#6920=ADVANCED_FACE('',(#6428),#209,.F.);
#6921=ADVANCED_FACE('',(#6429),#6644,.F.);
#6922=ADVANCED_FACE('',(#6430),#6645,.T.);
#6923=ADVANCED_FACE('',(#6431),#210,.F.);
#6924=ADVANCED_FACE('',(#6432),#211,.T.);
#6925=ADVANCED_FACE('',(#6433),#212,.F.);
#6926=ADVANCED_FACE('',(#6434),#213,.T.);
#6927=ADVANCED_FACE('',(#6435),#214,.F.);
#6928=ADVANCED_FACE('',(#6436),#215,.F.);
#6929=ADVANCED_FACE('',(#6437),#216,.F.);
#6930=ADVANCED_FACE('',(#6438),#6646,.F.);
#6931=ADVANCED_FACE('',(#6439),#6647,.T.);
#6932=ADVANCED_FACE('',(#6440),#217,.F.);
#6933=ADVANCED_FACE('',(#6441),#218,.T.);
#6934=ADVANCED_FACE('',(#6442),#219,.F.);
#6935=ADVANCED_FACE('',(#6443),#6648,.F.);
#6936=ADVANCED_FACE('',(#6444),#220,.F.);
#6937=ADVANCED_FACE('',(#6445),#6649,.F.);
#6938=ADVANCED_FACE('',(#6446),#221,.F.);
#6939=ADVANCED_FACE('',(#6447),#222,.F.);
#6940=ADVANCED_FACE('',(#6448),#223,.F.);
#6941=ADVANCED_FACE('',(#6449),#224,.F.);
#6942=ADVANCED_FACE('',(#6450),#6650,.F.);
#6943=ADVANCED_FACE('',(#6451),#225,.F.);
#6944=ADVANCED_FACE('',(#6452),#6651,.F.);
#6945=ADVANCED_FACE('',(#6453),#226,.F.);
#6946=ADVANCED_FACE('',(#6454),#227,.F.);
#6947=ADVANCED_FACE('',(#6455),#228,.F.);
#6948=ADVANCED_FACE('',(#6456),#229,.T.);
#6949=ADVANCED_FACE('',(#6457),#230,.T.);
#6950=ADVANCED_FACE('',(#6458),#6652,.F.);
#6951=ADVANCED_FACE('',(#6459),#6653,.T.);
#6952=ADVANCED_FACE('',(#6460),#231,.F.);
#6953=ADVANCED_FACE('',(#6461),#232,.T.);
#6954=ADVANCED_FACE('',(#6462),#233,.T.);
#6955=ADVANCED_FACE('',(#6463),#234,.T.);
#6956=ADVANCED_FACE('',(#6464),#6654,.F.);
#6957=ADVANCED_FACE('',(#6465),#6655,.T.);
#6958=ADVANCED_FACE('',(#6466),#235,.F.);
#6959=ADVANCED_FACE('',(#6467),#236,.T.);
#6960=ADVANCED_FACE('',(#6468),#237,.F.);
#6961=ADVANCED_FACE('',(#6469),#238,.F.);
#6962=ADVANCED_FACE('',(#6470),#239,.F.);
#6963=ADVANCED_FACE('',(#6471),#240,.F.);
#6964=ADVANCED_FACE('',(#6472),#241,.F.);
#6965=ADVANCED_FACE('',(#6473),#242,.F.);
#6966=ADVANCED_FACE('',(#6474),#243,.F.);
#6967=ADVANCED_FACE('',(#6475),#244,.F.);
#6968=ADVANCED_FACE('',(#6476),#245,.F.);
#6969=ADVANCED_FACE('',(#6477),#246,.F.);
#6970=ADVANCED_FACE('',(#6478),#247,.T.);
#6971=ADVANCED_FACE('',(#6479),#248,.F.);
#6972=ADVANCED_FACE('',(#6480,#6481),#249,.F.);
#6973=ADVANCED_FACE('',(#6482,#6483),#250,.T.);
#6974=ADVANCED_FACE('',(#6484,#6485),#251,.T.);
#6975=ADVANCED_FACE('',(#6486,#6487),#252,.F.);
#6976=ADVANCED_FACE('',(#6488),#253,.T.);
#6977=ADVANCED_FACE('',(#6489),#254,.F.);
#6978=ADVANCED_FACE('',(#6490),#255,.F.);
#6979=ADVANCED_FACE('',(#6491),#256,.F.);
#6980=ADVANCED_FACE('',(#6492),#257,.F.);
#6981=ADVANCED_FACE('',(#6493),#258,.T.);
#6982=ADVANCED_FACE('',(#6494),#259,.F.);
#6983=ADVANCED_FACE('',(#6495),#260,.T.);
#6984=ADVANCED_FACE('',(#6496),#261,.T.);
#6985=ADVANCED_FACE('',(#6497),#262,.F.);
#6986=ADVANCED_FACE('',(#6498),#263,.T.);
#6987=ADVANCED_FACE('',(#6499),#264,.T.);
#6988=ADVANCED_FACE('',(#6500),#6656,.T.);
#6989=ADVANCED_FACE('',(#6501),#6657,.T.);
#6990=ADVANCED_FACE('',(#6502),#6658,.T.);
#6991=ADVANCED_FACE('',(#6503),#6659,.T.);
#6992=ADVANCED_FACE('',(#6504),#265,.F.);
#6993=ADVANCED_FACE('',(#6505),#266,.F.);
#6994=ADVANCED_FACE('',(#6506),#267,.F.);
#6995=ADVANCED_FACE('',(#6507),#268,.F.);
#6996=ADVANCED_FACE('',(#6508),#269,.T.);
#6997=ADVANCED_FACE('',(#6509),#270,.T.);
#6998=ADVANCED_FACE('',(#6510),#271,.T.);
#6999=ADVANCED_FACE('',(#6511),#272,.T.);
#7000=ADVANCED_FACE('',(#6512),#273,.T.);
#7001=ADVANCED_FACE('',(#6513),#274,.F.);
#7002=ADVANCED_FACE('',(#6514),#275,.T.);
#7003=ADVANCED_FACE('',(#6515),#276,.F.);
#7004=ADVANCED_FACE('',(#6516),#277,.T.);
#7005=ADVANCED_FACE('',(#6517),#278,.F.);
#7006=ADVANCED_FACE('',(#6518),#279,.T.);
#7007=ADVANCED_FACE('',(#6519,#6520,#6521),#280,.T.);
#7008=ADVANCED_FACE('',(#6522),#281,.T.);
#7009=ADVANCED_FACE('',(#6523),#282,.F.);
#7010=ADVANCED_FACE('',(#6524),#283,.F.);
#7011=ADVANCED_FACE('',(#6525),#6660,.T.);
#7012=ADVANCED_FACE('',(#6526),#6661,.T.);
#7013=ADVANCED_FACE('',(#6527),#284,.T.);
#7014=ADVANCED_FACE('',(#6528),#285,.T.);
#7015=ADVANCED_FACE('',(#6529),#286,.F.);
#7016=ADVANCED_FACE('',(#6530),#287,.F.);
#7017=ADVANCED_FACE('',(#6531),#288,.T.);
#7018=ADVANCED_FACE('',(#6532),#6662,.T.);
#7019=ADVANCED_FACE('',(#6533),#6663,.T.);
#7020=ADVANCED_FACE('',(#6534),#289,.F.);
#7021=ADVANCED_FACE('',(#6535),#290,.F.);
#7022=ADVANCED_FACE('',(#6536),#291,.F.);
#7023=ADVANCED_FACE('',(#6537),#292,.T.);
#7024=ADVANCED_FACE('',(#6538),#293,.F.);
#7025=ADVANCED_FACE('',(#6539),#294,.F.);
#7026=ADVANCED_FACE('',(#6540),#295,.F.);
#7027=ADVANCED_FACE('',(#6541),#296,.F.);
#7028=ADVANCED_FACE('',(#6542),#297,.F.);
#7029=ADVANCED_FACE('',(#6543),#298,.F.);
#7030=ADVANCED_FACE('',(#6544),#299,.T.);
#7031=ADVANCED_FACE('',(#6545),#300,.T.);
#7032=ADVANCED_FACE('',(#6546),#301,.T.);
#7033=ADVANCED_FACE('',(#6547,#6548),#6664,.T.);
#7034=ADVANCED_FACE('',(#6549),#302,.T.);
#7035=ADVANCED_FACE('',(#6550,#6551),#6665,.T.);
#7036=ADVANCED_FACE('',(#6552),#303,.T.);
#7037=ADVANCED_FACE('',(#6553),#6666,.T.);
#7038=ADVANCED_FACE('',(#6554),#304,.F.);
#7039=ADVANCED_FACE('',(#6555),#305,.T.);
#7040=ADVANCED_FACE('',(#6556),#18,.T.);
#7041=ADVANCED_FACE('',(#6557),#306,.T.);
#7042=ADVANCED_FACE('',(#6558,#6559),#307,.T.);
#7043=ADVANCED_FACE('',(#6560),#6667,.T.);
#7044=ADVANCED_FACE('',(#6561,#6562),#308,.T.);
#7045=ADVANCED_FACE('',(#6563),#309,.F.);
#7046=ADVANCED_FACE('',(#6564),#19,.T.);
#7047=ADVANCED_FACE('',(#6565),#6668,.T.);
#7048=ADVANCED_FACE('',(#6566),#6669,.T.);
#7049=ADVANCED_FACE('',(#6567),#6670,.T.);
#7050=ADVANCED_FACE('',(#6568),#6671,.T.);
#7051=ADVANCED_FACE('',(#6569),#6672,.T.);
#7052=ADVANCED_FACE('',(#6570,#6571),#310,.F.);
#7053=ADVANCED_FACE('',(#6572),#311,.T.);
#7054=ADVANCED_FACE('',(#6573),#312,.T.);
#7055=ADVANCED_FACE('',(#6574),#313,.T.);
#7056=ADVANCED_FACE('',(#6575),#314,.T.);
#7057=ADVANCED_FACE('',(#6576),#6673,.T.);
#7058=ADVANCED_FACE('',(#6577),#20,.T.);
#7059=ADVANCED_FACE('',(#6578),#6674,.T.);
#7060=ADVANCED_FACE('',(#6579),#21,.T.);
#7061=ADVANCED_FACE('',(#6580),#22,.T.);
#7062=ADVANCED_FACE('',(#6581),#6675,.T.);
#7063=CLOSED_SHELL('',(#6676,#6677,#6678,#6679,#6680,#6681,#6682,#6683,
#6684,#6685,#6686,#6687,#6688,#6689,#6690,#6691,#6692,#6693,#6694,#6695,
#6696,#6697,#6698,#6699,#6700,#6701,#6702,#6703,#6704,#6705,#6706));
#7064=CLOSED_SHELL('',(#6707,#6708,#6709,#6710,#6711,#6712,#6713,#6714,
#6715,#6716,#6717,#6718,#6719,#6720,#6721,#6722,#6723,#6724,#6725,#6726,
#6727,#6728,#6729,#6730,#6731,#6732,#6733,#6734,#6735,#6736,#6737));
#7065=CLOSED_SHELL('',(#6738,#6739,#6740,#6741,#6742,#6743,#6744,#6745,
#6746,#6747,#6748,#6749,#6750,#6751,#6752,#6753,#6754,#6755,#6756,#6757,
#6758,#6759,#6760,#6761,#6762,#6763,#6764,#6765,#6766,#6767,#6768));
#7066=CLOSED_SHELL('',(#6769,#6770,#6771,#6772,#6773,#6774,#6775,#6776,
#6777,#6778,#6779,#6780,#6781,#6782,#6783,#6784,#6785,#6786,#6787,#6788,
#6789,#6790,#6791,#6792,#6793,#6794,#6795,#6796,#6797,#6798,#6799));
#7067=CLOSED_SHELL('',(#6800,#6801,#6802,#6803,#6804,#6805,#6806,#6807,
#6808,#6809,#6810,#6811,#6812,#6813,#6814,#6815,#6816,#6817,#6818,#6819,
#6820,#6821,#6822,#6823,#6824,#6825,#6826,#6827,#6828,#6829,#6830));
#7068=CLOSED_SHELL('',(#6831,#6832,#6833,#6834,#6835,#6836,#6837,#6838,
#6839,#6840,#6841,#6842,#6843,#6844,#6845,#6846,#6847,#6848,#6849,#6850,
#6851,#6852,#6853,#6854,#6855,#6856,#6857,#6858,#6859,#6860,#6861,#6862));
#7069=CLOSED_SHELL('',(#6863,#6864,#6865,#6866,#6867,#6868,#6869,#6870,
#6871,#6872,#6873,#6874,#6875,#6876,#6877,#6878,#6879,#6880,#6881,#6882,
#6883,#6884,#6885,#6886,#6887,#6888,#6889,#6890,#6891,#6892,#6893,#6894,
#6895,#6896,#6897,#6898,#6899,#6900,#6901,#6902,#6903,#6904,#6905,#6906,
#6907,#6908,#6909,#6910,#6911,#6912,#6913,#6914,#6915,#6916,#6917,#6918,
#6919,#6920,#6921,#6922,#6923,#6924,#6925,#6926,#6927,#6928,#6929,#6930,
#6931,#6932,#6933,#6934,#6935,#6936,#6937,#6938,#6939,#6940,#6941,#6942,
#6943,#6944,#6945,#6946,#6947,#6948,#6949,#6950,#6951,#6952,#6953,#6954,
#6955,#6956,#6957,#6958,#6959,#6960,#6961,#6962,#6963,#6964,#6965,#6966,
#6967,#6968,#6969,#6970,#6971,#6972,#6973,#6974,#6975,#6976,#6977,#6978,
#6979,#6980,#6981,#6982,#6983,#6984,#6985,#6986,#6987,#6988,#6989,#6990,
#6991,#6992,#6993,#6994,#6995,#6996,#6997,#6998));
#7070=CLOSED_SHELL('',(#6999,#7000,#7001,#7002,#7003,#7004,#7005,#7006,
#7007,#7008,#7009,#7010,#7011,#7012,#7013,#7014,#7015,#7016,#7017,#7018,
#7019,#7020,#7021,#7022,#7023,#7024,#7025,#7026,#7027,#7028,#7029,#7030,
#7031,#7032,#7033,#7034,#7035,#7036));
#7071=CLOSED_SHELL('',(#7037,#7038,#7039,#7040,#7041,#7042,#7043,#7044,
#7045,#7046,#7047,#7048,#7049,#7050,#7051,#7052,#7053,#7054,#7055,#7056,
#7057,#7058,#7059,#7060,#7061,#7062));
#7072=STYLED_ITEM('',(#7216),#8083);
#7073=STYLED_ITEM('',(#7217),#8084);
#7074=STYLED_ITEM('',(#7218),#8085);
#7075=STYLED_ITEM('',(#7219),#8086);
#7076=STYLED_ITEM('',(#7220),#8087);
#7077=STYLED_ITEM('',(#7221),#8088);
#7078=STYLED_ITEM('',(#7222),#6863);
#7079=STYLED_ITEM('',(#7223),#6864);
#7080=STYLED_ITEM('',(#7224),#6865);
#7081=STYLED_ITEM('',(#7225),#6866);
#7082=STYLED_ITEM('',(#7226),#6867);
#7083=STYLED_ITEM('',(#7227),#6868);
#7084=STYLED_ITEM('',(#7228),#6869);
#7085=STYLED_ITEM('',(#7229),#6870);
#7086=STYLED_ITEM('',(#7230),#6871);
#7087=STYLED_ITEM('',(#7231),#6872);
#7088=STYLED_ITEM('',(#7232),#6873);
#7089=STYLED_ITEM('',(#7233),#6874);
#7090=STYLED_ITEM('',(#7234),#6875);
#7091=STYLED_ITEM('',(#7235),#6876);
#7092=STYLED_ITEM('',(#7236),#6877);
#7093=STYLED_ITEM('',(#7237),#6878);
#7094=STYLED_ITEM('',(#7238),#6879);
#7095=STYLED_ITEM('',(#7239),#6880);
#7096=STYLED_ITEM('',(#7240),#6881);
#7097=STYLED_ITEM('',(#7241),#6882);
#7098=STYLED_ITEM('',(#7242),#6883);
#7099=STYLED_ITEM('',(#7243),#6884);
#7100=STYLED_ITEM('',(#7244),#6885);
#7101=STYLED_ITEM('',(#7245),#6886);
#7102=STYLED_ITEM('',(#7246),#6887);
#7103=STYLED_ITEM('',(#7247),#6888);
#7104=STYLED_ITEM('',(#7248),#6889);
#7105=STYLED_ITEM('',(#7249),#6890);
#7106=STYLED_ITEM('',(#7250),#6891);
#7107=STYLED_ITEM('',(#7251),#6892);
#7108=STYLED_ITEM('',(#7252),#6893);
#7109=STYLED_ITEM('',(#7253),#6894);
#7110=STYLED_ITEM('',(#7254),#6895);
#7111=STYLED_ITEM('',(#7255),#6896);
#7112=STYLED_ITEM('',(#7256),#6897);
#7113=STYLED_ITEM('',(#7257),#6898);
#7114=STYLED_ITEM('',(#7258),#6899);
#7115=STYLED_ITEM('',(#7259),#6900);
#7116=STYLED_ITEM('',(#7260),#6901);
#7117=STYLED_ITEM('',(#7261),#6902);
#7118=STYLED_ITEM('',(#7262),#6903);
#7119=STYLED_ITEM('',(#7263),#6904);
#7120=STYLED_ITEM('',(#7264),#6905);
#7121=STYLED_ITEM('',(#7265),#6906);
#7122=STYLED_ITEM('',(#7266),#6907);
#7123=STYLED_ITEM('',(#7267),#6908);
#7124=STYLED_ITEM('',(#7268),#6909);
#7125=STYLED_ITEM('',(#7269),#6910);
#7126=STYLED_ITEM('',(#7270),#6911);
#7127=STYLED_ITEM('',(#7271),#6912);
#7128=STYLED_ITEM('',(#7272),#6913);
#7129=STYLED_ITEM('',(#7273),#6914);
#7130=STYLED_ITEM('',(#7274),#6915);
#7131=STYLED_ITEM('',(#7275),#6916);
#7132=STYLED_ITEM('',(#7276),#6917);
#7133=STYLED_ITEM('',(#7277),#6918);
#7134=STYLED_ITEM('',(#7278),#6919);
#7135=STYLED_ITEM('',(#7279),#6920);
#7136=STYLED_ITEM('',(#7280),#6921);
#7137=STYLED_ITEM('',(#7281),#6922);
#7138=STYLED_ITEM('',(#7282),#6923);
#7139=STYLED_ITEM('',(#7283),#6924);
#7140=STYLED_ITEM('',(#7284),#6925);
#7141=STYLED_ITEM('',(#7285),#6926);
#7142=STYLED_ITEM('',(#7286),#6927);
#7143=STYLED_ITEM('',(#7287),#6928);
#7144=STYLED_ITEM('',(#7288),#6929);
#7145=STYLED_ITEM('',(#7289),#6930);
#7146=STYLED_ITEM('',(#7290),#6931);
#7147=STYLED_ITEM('',(#7291),#6932);
#7148=STYLED_ITEM('',(#7292),#6933);
#7149=STYLED_ITEM('',(#7293),#6934);
#7150=STYLED_ITEM('',(#7294),#6935);
#7151=STYLED_ITEM('',(#7295),#6936);
#7152=STYLED_ITEM('',(#7296),#6937);
#7153=STYLED_ITEM('',(#7297),#6938);
#7154=STYLED_ITEM('',(#7298),#6939);
#7155=STYLED_ITEM('',(#7299),#6940);
#7156=STYLED_ITEM('',(#7300),#6941);
#7157=STYLED_ITEM('',(#7301),#6942);
#7158=STYLED_ITEM('',(#7302),#6943);
#7159=STYLED_ITEM('',(#7303),#6944);
#7160=STYLED_ITEM('',(#7304),#6945);
#7161=STYLED_ITEM('',(#7305),#6946);
#7162=STYLED_ITEM('',(#7306),#6947);
#7163=STYLED_ITEM('',(#7307),#6948);
#7164=STYLED_ITEM('',(#7308),#6949);
#7165=STYLED_ITEM('',(#7309),#6950);
#7166=STYLED_ITEM('',(#7310),#6951);
#7167=STYLED_ITEM('',(#7311),#6952);
#7168=STYLED_ITEM('',(#7312),#6953);
#7169=STYLED_ITEM('',(#7313),#6954);
#7170=STYLED_ITEM('',(#7314),#6955);
#7171=STYLED_ITEM('',(#7315),#6956);
#7172=STYLED_ITEM('',(#7316),#6957);
#7173=STYLED_ITEM('',(#7317),#6958);
#7174=STYLED_ITEM('',(#7318),#6959);
#7175=STYLED_ITEM('',(#7319),#6960);
#7176=STYLED_ITEM('',(#7320),#6961);
#7177=STYLED_ITEM('',(#7321),#6962);
#7178=STYLED_ITEM('',(#7322),#6963);
#7179=STYLED_ITEM('',(#7323),#6964);
#7180=STYLED_ITEM('',(#7324),#6965);
#7181=STYLED_ITEM('',(#7325),#6966);
#7182=STYLED_ITEM('',(#7326),#6967);
#7183=STYLED_ITEM('',(#7327),#6968);
#7184=STYLED_ITEM('',(#7328),#6969);
#7185=STYLED_ITEM('',(#7329),#6970);
#7186=STYLED_ITEM('',(#7330),#6971);
#7187=STYLED_ITEM('',(#7331),#6972);
#7188=STYLED_ITEM('',(#7332),#6973);
#7189=STYLED_ITEM('',(#7333),#6974);
#7190=STYLED_ITEM('',(#7334),#6975);
#7191=STYLED_ITEM('',(#7335),#6976);
#7192=STYLED_ITEM('',(#7336),#6977);
#7193=STYLED_ITEM('',(#7337),#6978);
#7194=STYLED_ITEM('',(#7338),#6979);
#7195=STYLED_ITEM('',(#7339),#6980);
#7196=STYLED_ITEM('',(#7340),#6981);
#7197=STYLED_ITEM('',(#7341),#6982);
#7198=STYLED_ITEM('',(#7342),#6983);
#7199=STYLED_ITEM('',(#7343),#6984);
#7200=STYLED_ITEM('',(#7344),#6985);
#7201=STYLED_ITEM('',(#7345),#6986);
#7202=STYLED_ITEM('',(#7346),#6987);
#7203=STYLED_ITEM('',(#7347),#6988);
#7204=STYLED_ITEM('',(#7348),#6989);
#7205=STYLED_ITEM('',(#7349),#6990);
#7206=STYLED_ITEM('',(#7350),#6991);
#7207=STYLED_ITEM('',(#7351),#6992);
#7208=STYLED_ITEM('',(#7352),#6993);
#7209=STYLED_ITEM('',(#7353),#6994);
#7210=STYLED_ITEM('',(#7354),#6995);
#7211=STYLED_ITEM('',(#7355),#6996);
#7212=STYLED_ITEM('',(#7356),#6997);
#7213=STYLED_ITEM('',(#7357),#6998);
#7214=STYLED_ITEM('',(#7358),#8090);
#7215=STYLED_ITEM('',(#7359),#8091);
#7216=PRESENTATION_STYLE_ASSIGNMENT((#7360));
#7217=PRESENTATION_STYLE_ASSIGNMENT((#7361));
#7218=PRESENTATION_STYLE_ASSIGNMENT((#7362));
#7219=PRESENTATION_STYLE_ASSIGNMENT((#7363));
#7220=PRESENTATION_STYLE_ASSIGNMENT((#7364));
#7221=PRESENTATION_STYLE_ASSIGNMENT((#7365));
#7222=PRESENTATION_STYLE_ASSIGNMENT((#7366));
#7223=PRESENTATION_STYLE_ASSIGNMENT((#7367));
#7224=PRESENTATION_STYLE_ASSIGNMENT((#7368));
#7225=PRESENTATION_STYLE_ASSIGNMENT((#7369));
#7226=PRESENTATION_STYLE_ASSIGNMENT((#7370));
#7227=PRESENTATION_STYLE_ASSIGNMENT((#7371));
#7228=PRESENTATION_STYLE_ASSIGNMENT((#7372));
#7229=PRESENTATION_STYLE_ASSIGNMENT((#7373));
#7230=PRESENTATION_STYLE_ASSIGNMENT((#7374));
#7231=PRESENTATION_STYLE_ASSIGNMENT((#7375));
#7232=PRESENTATION_STYLE_ASSIGNMENT((#7376));
#7233=PRESENTATION_STYLE_ASSIGNMENT((#7377));
#7234=PRESENTATION_STYLE_ASSIGNMENT((#7378));
#7235=PRESENTATION_STYLE_ASSIGNMENT((#7379));
#7236=PRESENTATION_STYLE_ASSIGNMENT((#7380));
#7237=PRESENTATION_STYLE_ASSIGNMENT((#7381));
#7238=PRESENTATION_STYLE_ASSIGNMENT((#7382));
#7239=PRESENTATION_STYLE_ASSIGNMENT((#7383));
#7240=PRESENTATION_STYLE_ASSIGNMENT((#7384));
#7241=PRESENTATION_STYLE_ASSIGNMENT((#7385));
#7242=PRESENTATION_STYLE_ASSIGNMENT((#7386));
#7243=PRESENTATION_STYLE_ASSIGNMENT((#7387));
#7244=PRESENTATION_STYLE_ASSIGNMENT((#7388));
#7245=PRESENTATION_STYLE_ASSIGNMENT((#7389));
#7246=PRESENTATION_STYLE_ASSIGNMENT((#7390));
#7247=PRESENTATION_STYLE_ASSIGNMENT((#7391));
#7248=PRESENTATION_STYLE_ASSIGNMENT((#7392));
#7249=PRESENTATION_STYLE_ASSIGNMENT((#7393));
#7250=PRESENTATION_STYLE_ASSIGNMENT((#7394));
#7251=PRESENTATION_STYLE_ASSIGNMENT((#7395));
#7252=PRESENTATION_STYLE_ASSIGNMENT((#7396));
#7253=PRESENTATION_STYLE_ASSIGNMENT((#7397));
#7254=PRESENTATION_STYLE_ASSIGNMENT((#7398));
#7255=PRESENTATION_STYLE_ASSIGNMENT((#7399));
#7256=PRESENTATION_STYLE_ASSIGNMENT((#7400));
#7257=PRESENTATION_STYLE_ASSIGNMENT((#7401));
#7258=PRESENTATION_STYLE_ASSIGNMENT((#7402));
#7259=PRESENTATION_STYLE_ASSIGNMENT((#7403));
#7260=PRESENTATION_STYLE_ASSIGNMENT((#7404));
#7261=PRESENTATION_STYLE_ASSIGNMENT((#7405));
#7262=PRESENTATION_STYLE_ASSIGNMENT((#7406));
#7263=PRESENTATION_STYLE_ASSIGNMENT((#7407));
#7264=PRESENTATION_STYLE_ASSIGNMENT((#7408));
#7265=PRESENTATION_STYLE_ASSIGNMENT((#7409));
#7266=PRESENTATION_STYLE_ASSIGNMENT((#7410));
#7267=PRESENTATION_STYLE_ASSIGNMENT((#7411));
#7268=PRESENTATION_STYLE_ASSIGNMENT((#7412));
#7269=PRESENTATION_STYLE_ASSIGNMENT((#7413));
#7270=PRESENTATION_STYLE_ASSIGNMENT((#7414));
#7271=PRESENTATION_STYLE_ASSIGNMENT((#7415));
#7272=PRESENTATION_STYLE_ASSIGNMENT((#7416));
#7273=PRESENTATION_STYLE_ASSIGNMENT((#7417));
#7274=PRESENTATION_STYLE_ASSIGNMENT((#7418));
#7275=PRESENTATION_STYLE_ASSIGNMENT((#7419));
#7276=PRESENTATION_STYLE_ASSIGNMENT((#7420));
#7277=PRESENTATION_STYLE_ASSIGNMENT((#7421));
#7278=PRESENTATION_STYLE_ASSIGNMENT((#7422));
#7279=PRESENTATION_STYLE_ASSIGNMENT((#7423));
#7280=PRESENTATION_STYLE_ASSIGNMENT((#7424));
#7281=PRESENTATION_STYLE_ASSIGNMENT((#7425));
#7282=PRESENTATION_STYLE_ASSIGNMENT((#7426));
#7283=PRESENTATION_STYLE_ASSIGNMENT((#7427));
#7284=PRESENTATION_STYLE_ASSIGNMENT((#7428));
#7285=PRESENTATION_STYLE_ASSIGNMENT((#7429));
#7286=PRESENTATION_STYLE_ASSIGNMENT((#7430));
#7287=PRESENTATION_STYLE_ASSIGNMENT((#7431));
#7288=PRESENTATION_STYLE_ASSIGNMENT((#7432));
#7289=PRESENTATION_STYLE_ASSIGNMENT((#7433));
#7290=PRESENTATION_STYLE_ASSIGNMENT((#7434));
#7291=PRESENTATION_STYLE_ASSIGNMENT((#7435));
#7292=PRESENTATION_STYLE_ASSIGNMENT((#7436));
#7293=PRESENTATION_STYLE_ASSIGNMENT((#7437));
#7294=PRESENTATION_STYLE_ASSIGNMENT((#7438));
#7295=PRESENTATION_STYLE_ASSIGNMENT((#7439));
#7296=PRESENTATION_STYLE_ASSIGNMENT((#7440));
#7297=PRESENTATION_STYLE_ASSIGNMENT((#7441));
#7298=PRESENTATION_STYLE_ASSIGNMENT((#7442));
#7299=PRESENTATION_STYLE_ASSIGNMENT((#7443));
#7300=PRESENTATION_STYLE_ASSIGNMENT((#7444));
#7301=PRESENTATION_STYLE_ASSIGNMENT((#7445));
#7302=PRESENTATION_STYLE_ASSIGNMENT((#7446));
#7303=PRESENTATION_STYLE_ASSIGNMENT((#7447));
#7304=PRESENTATION_STYLE_ASSIGNMENT((#7448));
#7305=PRESENTATION_STYLE_ASSIGNMENT((#7449));
#7306=PRESENTATION_STYLE_ASSIGNMENT((#7450));
#7307=PRESENTATION_STYLE_ASSIGNMENT((#7451));
#7308=PRESENTATION_STYLE_ASSIGNMENT((#7452));
#7309=PRESENTATION_STYLE_ASSIGNMENT((#7453));
#7310=PRESENTATION_STYLE_ASSIGNMENT((#7454));
#7311=PRESENTATION_STYLE_ASSIGNMENT((#7455));
#7312=PRESENTATION_STYLE_ASSIGNMENT((#7456));
#7313=PRESENTATION_STYLE_ASSIGNMENT((#7457));
#7314=PRESENTATION_STYLE_ASSIGNMENT((#7458));
#7315=PRESENTATION_STYLE_ASSIGNMENT((#7459));
#7316=PRESENTATION_STYLE_ASSIGNMENT((#7460));
#7317=PRESENTATION_STYLE_ASSIGNMENT((#7461));
#7318=PRESENTATION_STYLE_ASSIGNMENT((#7462));
#7319=PRESENTATION_STYLE_ASSIGNMENT((#7463));
#7320=PRESENTATION_STYLE_ASSIGNMENT((#7464));
#7321=PRESENTATION_STYLE_ASSIGNMENT((#7465));
#7322=PRESENTATION_STYLE_ASSIGNMENT((#7466));
#7323=PRESENTATION_STYLE_ASSIGNMENT((#7467));
#7324=PRESENTATION_STYLE_ASSIGNMENT((#7468));
#7325=PRESENTATION_STYLE_ASSIGNMENT((#7469));
#7326=PRESENTATION_STYLE_ASSIGNMENT((#7470));
#7327=PRESENTATION_STYLE_ASSIGNMENT((#7471));
#7328=PRESENTATION_STYLE_ASSIGNMENT((#7472));
#7329=PRESENTATION_STYLE_ASSIGNMENT((#7473));
#7330=PRESENTATION_STYLE_ASSIGNMENT((#7474));
#7331=PRESENTATION_STYLE_ASSIGNMENT((#7475));
#7332=PRESENTATION_STYLE_ASSIGNMENT((#7476));
#7333=PRESENTATION_STYLE_ASSIGNMENT((#7477));
#7334=PRESENTATION_STYLE_ASSIGNMENT((#7478));
#7335=PRESENTATION_STYLE_ASSIGNMENT((#7479));
#7336=PRESENTATION_STYLE_ASSIGNMENT((#7480));
#7337=PRESENTATION_STYLE_ASSIGNMENT((#7481));
#7338=PRESENTATION_STYLE_ASSIGNMENT((#7482));
#7339=PRESENTATION_STYLE_ASSIGNMENT((#7483));
#7340=PRESENTATION_STYLE_ASSIGNMENT((#7484));
#7341=PRESENTATION_STYLE_ASSIGNMENT((#7485));
#7342=PRESENTATION_STYLE_ASSIGNMENT((#7486));
#7343=PRESENTATION_STYLE_ASSIGNMENT((#7487));
#7344=PRESENTATION_STYLE_ASSIGNMENT((#7488));
#7345=PRESENTATION_STYLE_ASSIGNMENT((#7489));
#7346=PRESENTATION_STYLE_ASSIGNMENT((#7490));
#7347=PRESENTATION_STYLE_ASSIGNMENT((#7491));
#7348=PRESENTATION_STYLE_ASSIGNMENT((#7492));
#7349=PRESENTATION_STYLE_ASSIGNMENT((#7493));
#7350=PRESENTATION_STYLE_ASSIGNMENT((#7494));
#7351=PRESENTATION_STYLE_ASSIGNMENT((#7495));
#7352=PRESENTATION_STYLE_ASSIGNMENT((#7496));
#7353=PRESENTATION_STYLE_ASSIGNMENT((#7497));
#7354=PRESENTATION_STYLE_ASSIGNMENT((#7498));
#7355=PRESENTATION_STYLE_ASSIGNMENT((#7499));
#7356=PRESENTATION_STYLE_ASSIGNMENT((#7500));
#7357=PRESENTATION_STYLE_ASSIGNMENT((#7501));
#7358=PRESENTATION_STYLE_ASSIGNMENT((#7502));
#7359=PRESENTATION_STYLE_ASSIGNMENT((#7503));
#7360=SURFACE_STYLE_USAGE(.BOTH.,#7504);
#7361=SURFACE_STYLE_USAGE(.BOTH.,#7505);
#7362=SURFACE_STYLE_USAGE(.BOTH.,#7506);
#7363=SURFACE_STYLE_USAGE(.BOTH.,#7507);
#7364=SURFACE_STYLE_USAGE(.BOTH.,#7508);
#7365=SURFACE_STYLE_USAGE(.BOTH.,#7509);
#7366=SURFACE_STYLE_USAGE(.BOTH.,#7510);
#7367=SURFACE_STYLE_USAGE(.BOTH.,#7511);
#7368=SURFACE_STYLE_USAGE(.BOTH.,#7512);
#7369=SURFACE_STYLE_USAGE(.BOTH.,#7513);
#7370=SURFACE_STYLE_USAGE(.BOTH.,#7514);
#7371=SURFACE_STYLE_USAGE(.BOTH.,#7515);
#7372=SURFACE_STYLE_USAGE(.BOTH.,#7516);
#7373=SURFACE_STYLE_USAGE(.BOTH.,#7517);
#7374=SURFACE_STYLE_USAGE(.BOTH.,#7518);
#7375=SURFACE_STYLE_USAGE(.BOTH.,#7519);
#7376=SURFACE_STYLE_USAGE(.BOTH.,#7520);
#7377=SURFACE_STYLE_USAGE(.BOTH.,#7521);
#7378=SURFACE_STYLE_USAGE(.BOTH.,#7522);
#7379=SURFACE_STYLE_USAGE(.BOTH.,#7523);
#7380=SURFACE_STYLE_USAGE(.BOTH.,#7524);
#7381=SURFACE_STYLE_USAGE(.BOTH.,#7525);
#7382=SURFACE_STYLE_USAGE(.BOTH.,#7526);
#7383=SURFACE_STYLE_USAGE(.BOTH.,#7527);
#7384=SURFACE_STYLE_USAGE(.BOTH.,#7528);
#7385=SURFACE_STYLE_USAGE(.BOTH.,#7529);
#7386=SURFACE_STYLE_USAGE(.BOTH.,#7530);
#7387=SURFACE_STYLE_USAGE(.BOTH.,#7531);
#7388=SURFACE_STYLE_USAGE(.BOTH.,#7532);
#7389=SURFACE_STYLE_USAGE(.BOTH.,#7533);
#7390=SURFACE_STYLE_USAGE(.BOTH.,#7534);
#7391=SURFACE_STYLE_USAGE(.BOTH.,#7535);
#7392=SURFACE_STYLE_USAGE(.BOTH.,#7536);
#7393=SURFACE_STYLE_USAGE(.BOTH.,#7537);
#7394=SURFACE_STYLE_USAGE(.BOTH.,#7538);
#7395=SURFACE_STYLE_USAGE(.BOTH.,#7539);
#7396=SURFACE_STYLE_USAGE(.BOTH.,#7540);
#7397=SURFACE_STYLE_USAGE(.BOTH.,#7541);
#7398=SURFACE_STYLE_USAGE(.BOTH.,#7542);
#7399=SURFACE_STYLE_USAGE(.BOTH.,#7543);
#7400=SURFACE_STYLE_USAGE(.BOTH.,#7544);
#7401=SURFACE_STYLE_USAGE(.BOTH.,#7545);
#7402=SURFACE_STYLE_USAGE(.BOTH.,#7546);
#7403=SURFACE_STYLE_USAGE(.BOTH.,#7547);
#7404=SURFACE_STYLE_USAGE(.BOTH.,#7548);
#7405=SURFACE_STYLE_USAGE(.BOTH.,#7549);
#7406=SURFACE_STYLE_USAGE(.BOTH.,#7550);
#7407=SURFACE_STYLE_USAGE(.BOTH.,#7551);
#7408=SURFACE_STYLE_USAGE(.BOTH.,#7552);
#7409=SURFACE_STYLE_USAGE(.BOTH.,#7553);
#7410=SURFACE_STYLE_USAGE(.BOTH.,#7554);
#7411=SURFACE_STYLE_USAGE(.BOTH.,#7555);
#7412=SURFACE_STYLE_USAGE(.BOTH.,#7556);
#7413=SURFACE_STYLE_USAGE(.BOTH.,#7557);
#7414=SURFACE_STYLE_USAGE(.BOTH.,#7558);
#7415=SURFACE_STYLE_USAGE(.BOTH.,#7559);
#7416=SURFACE_STYLE_USAGE(.BOTH.,#7560);
#7417=SURFACE_STYLE_USAGE(.BOTH.,#7561);
#7418=SURFACE_STYLE_USAGE(.BOTH.,#7562);
#7419=SURFACE_STYLE_USAGE(.BOTH.,#7563);
#7420=SURFACE_STYLE_USAGE(.BOTH.,#7564);
#7421=SURFACE_STYLE_USAGE(.BOTH.,#7565);
#7422=SURFACE_STYLE_USAGE(.BOTH.,#7566);
#7423=SURFACE_STYLE_USAGE(.BOTH.,#7567);
#7424=SURFACE_STYLE_USAGE(.BOTH.,#7568);
#7425=SURFACE_STYLE_USAGE(.BOTH.,#7569);
#7426=SURFACE_STYLE_USAGE(.BOTH.,#7570);
#7427=SURFACE_STYLE_USAGE(.BOTH.,#7571);
#7428=SURFACE_STYLE_USAGE(.BOTH.,#7572);
#7429=SURFACE_STYLE_USAGE(.BOTH.,#7573);
#7430=SURFACE_STYLE_USAGE(.BOTH.,#7574);
#7431=SURFACE_STYLE_USAGE(.BOTH.,#7575);
#7432=SURFACE_STYLE_USAGE(.BOTH.,#7576);
#7433=SURFACE_STYLE_USAGE(.BOTH.,#7577);
#7434=SURFACE_STYLE_USAGE(.BOTH.,#7578);
#7435=SURFACE_STYLE_USAGE(.BOTH.,#7579);
#7436=SURFACE_STYLE_USAGE(.BOTH.,#7580);
#7437=SURFACE_STYLE_USAGE(.BOTH.,#7581);
#7438=SURFACE_STYLE_USAGE(.BOTH.,#7582);
#7439=SURFACE_STYLE_USAGE(.BOTH.,#7583);
#7440=SURFACE_STYLE_USAGE(.BOTH.,#7584);
#7441=SURFACE_STYLE_USAGE(.BOTH.,#7585);
#7442=SURFACE_STYLE_USAGE(.BOTH.,#7586);
#7443=SURFACE_STYLE_USAGE(.BOTH.,#7587);
#7444=SURFACE_STYLE_USAGE(.BOTH.,#7588);
#7445=SURFACE_STYLE_USAGE(.BOTH.,#7589);
#7446=SURFACE_STYLE_USAGE(.BOTH.,#7590);
#7447=SURFACE_STYLE_USAGE(.BOTH.,#7591);
#7448=SURFACE_STYLE_USAGE(.BOTH.,#7592);
#7449=SURFACE_STYLE_USAGE(.BOTH.,#7593);
#7450=SURFACE_STYLE_USAGE(.BOTH.,#7594);
#7451=SURFACE_STYLE_USAGE(.BOTH.,#7595);
#7452=SURFACE_STYLE_USAGE(.BOTH.,#7596);
#7453=SURFACE_STYLE_USAGE(.BOTH.,#7597);
#7454=SURFACE_STYLE_USAGE(.BOTH.,#7598);
#7455=SURFACE_STYLE_USAGE(.BOTH.,#7599);
#7456=SURFACE_STYLE_USAGE(.BOTH.,#7600);
#7457=SURFACE_STYLE_USAGE(.BOTH.,#7601);
#7458=SURFACE_STYLE_USAGE(.BOTH.,#7602);
#7459=SURFACE_STYLE_USAGE(.BOTH.,#7603);
#7460=SURFACE_STYLE_USAGE(.BOTH.,#7604);
#7461=SURFACE_STYLE_USAGE(.BOTH.,#7605);
#7462=SURFACE_STYLE_USAGE(.BOTH.,#7606);
#7463=SURFACE_STYLE_USAGE(.BOTH.,#7607);
#7464=SURFACE_STYLE_USAGE(.BOTH.,#7608);
#7465=SURFACE_STYLE_USAGE(.BOTH.,#7609);
#7466=SURFACE_STYLE_USAGE(.BOTH.,#7610);
#7467=SURFACE_STYLE_USAGE(.BOTH.,#7611);
#7468=SURFACE_STYLE_USAGE(.BOTH.,#7612);
#7469=SURFACE_STYLE_USAGE(.BOTH.,#7613);
#7470=SURFACE_STYLE_USAGE(.BOTH.,#7614);
#7471=SURFACE_STYLE_USAGE(.BOTH.,#7615);
#7472=SURFACE_STYLE_USAGE(.BOTH.,#7616);
#7473=SURFACE_STYLE_USAGE(.BOTH.,#7617);
#7474=SURFACE_STYLE_USAGE(.BOTH.,#7618);
#7475=SURFACE_STYLE_USAGE(.BOTH.,#7619);
#7476=SURFACE_STYLE_USAGE(.BOTH.,#7620);
#7477=SURFACE_STYLE_USAGE(.BOTH.,#7621);
#7478=SURFACE_STYLE_USAGE(.BOTH.,#7622);
#7479=SURFACE_STYLE_USAGE(.BOTH.,#7623);
#7480=SURFACE_STYLE_USAGE(.BOTH.,#7624);
#7481=SURFACE_STYLE_USAGE(.BOTH.,#7625);
#7482=SURFACE_STYLE_USAGE(.BOTH.,#7626);
#7483=SURFACE_STYLE_USAGE(.BOTH.,#7627);
#7484=SURFACE_STYLE_USAGE(.BOTH.,#7628);
#7485=SURFACE_STYLE_USAGE(.BOTH.,#7629);
#7486=SURFACE_STYLE_USAGE(.BOTH.,#7630);
#7487=SURFACE_STYLE_USAGE(.BOTH.,#7631);
#7488=SURFACE_STYLE_USAGE(.BOTH.,#7632);
#7489=SURFACE_STYLE_USAGE(.BOTH.,#7633);
#7490=SURFACE_STYLE_USAGE(.BOTH.,#7634);
#7491=SURFACE_STYLE_USAGE(.BOTH.,#7635);
#7492=SURFACE_STYLE_USAGE(.BOTH.,#7636);
#7493=SURFACE_STYLE_USAGE(.BOTH.,#7637);
#7494=SURFACE_STYLE_USAGE(.BOTH.,#7638);
#7495=SURFACE_STYLE_USAGE(.BOTH.,#7639);
#7496=SURFACE_STYLE_USAGE(.BOTH.,#7640);
#7497=SURFACE_STYLE_USAGE(.BOTH.,#7641);
#7498=SURFACE_STYLE_USAGE(.BOTH.,#7642);
#7499=SURFACE_STYLE_USAGE(.BOTH.,#7643);
#7500=SURFACE_STYLE_USAGE(.BOTH.,#7644);
#7501=SURFACE_STYLE_USAGE(.BOTH.,#7645);
#7502=SURFACE_STYLE_USAGE(.BOTH.,#7646);
#7503=SURFACE_STYLE_USAGE(.BOTH.,#7647);
#7504=SURFACE_SIDE_STYLE('',(#7648));
#7505=SURFACE_SIDE_STYLE('',(#7649));
#7506=SURFACE_SIDE_STYLE('',(#7650));
#7507=SURFACE_SIDE_STYLE('',(#7651));
#7508=SURFACE_SIDE_STYLE('',(#7652));
#7509=SURFACE_SIDE_STYLE('',(#7653));
#7510=SURFACE_SIDE_STYLE('',(#7654));
#7511=SURFACE_SIDE_STYLE('',(#7655));
#7512=SURFACE_SIDE_STYLE('',(#7656));
#7513=SURFACE_SIDE_STYLE('',(#7657));
#7514=SURFACE_SIDE_STYLE('',(#7658));
#7515=SURFACE_SIDE_STYLE('',(#7659));
#7516=SURFACE_SIDE_STYLE('',(#7660));
#7517=SURFACE_SIDE_STYLE('',(#7661));
#7518=SURFACE_SIDE_STYLE('',(#7662));
#7519=SURFACE_SIDE_STYLE('',(#7663));
#7520=SURFACE_SIDE_STYLE('',(#7664));
#7521=SURFACE_SIDE_STYLE('',(#7665));
#7522=SURFACE_SIDE_STYLE('',(#7666));
#7523=SURFACE_SIDE_STYLE('',(#7667));
#7524=SURFACE_SIDE_STYLE('',(#7668));
#7525=SURFACE_SIDE_STYLE('',(#7669));
#7526=SURFACE_SIDE_STYLE('',(#7670));
#7527=SURFACE_SIDE_STYLE('',(#7671));
#7528=SURFACE_SIDE_STYLE('',(#7672));
#7529=SURFACE_SIDE_STYLE('',(#7673));
#7530=SURFACE_SIDE_STYLE('',(#7674));
#7531=SURFACE_SIDE_STYLE('',(#7675));
#7532=SURFACE_SIDE_STYLE('',(#7676));
#7533=SURFACE_SIDE_STYLE('',(#7677));
#7534=SURFACE_SIDE_STYLE('',(#7678));
#7535=SURFACE_SIDE_STYLE('',(#7679));
#7536=SURFACE_SIDE_STYLE('',(#7680));
#7537=SURFACE_SIDE_STYLE('',(#7681));
#7538=SURFACE_SIDE_STYLE('',(#7682));
#7539=SURFACE_SIDE_STYLE('',(#7683));
#7540=SURFACE_SIDE_STYLE('',(#7684));
#7541=SURFACE_SIDE_STYLE('',(#7685));
#7542=SURFACE_SIDE_STYLE('',(#7686));
#7543=SURFACE_SIDE_STYLE('',(#7687));
#7544=SURFACE_SIDE_STYLE('',(#7688));
#7545=SURFACE_SIDE_STYLE('',(#7689));
#7546=SURFACE_SIDE_STYLE('',(#7690));
#7547=SURFACE_SIDE_STYLE('',(#7691));
#7548=SURFACE_SIDE_STYLE('',(#7692));
#7549=SURFACE_SIDE_STYLE('',(#7693));
#7550=SURFACE_SIDE_STYLE('',(#7694));
#7551=SURFACE_SIDE_STYLE('',(#7695));
#7552=SURFACE_SIDE_STYLE('',(#7696));
#7553=SURFACE_SIDE_STYLE('',(#7697));
#7554=SURFACE_SIDE_STYLE('',(#7698));
#7555=SURFACE_SIDE_STYLE('',(#7699));
#7556=SURFACE_SIDE_STYLE('',(#7700));
#7557=SURFACE_SIDE_STYLE('',(#7701));
#7558=SURFACE_SIDE_STYLE('',(#7702));
#7559=SURFACE_SIDE_STYLE('',(#7703));
#7560=SURFACE_SIDE_STYLE('',(#7704));
#7561=SURFACE_SIDE_STYLE('',(#7705));
#7562=SURFACE_SIDE_STYLE('',(#7706));
#7563=SURFACE_SIDE_STYLE('',(#7707));
#7564=SURFACE_SIDE_STYLE('',(#7708));
#7565=SURFACE_SIDE_STYLE('',(#7709));
#7566=SURFACE_SIDE_STYLE('',(#7710));
#7567=SURFACE_SIDE_STYLE('',(#7711));
#7568=SURFACE_SIDE_STYLE('',(#7712));
#7569=SURFACE_SIDE_STYLE('',(#7713));
#7570=SURFACE_SIDE_STYLE('',(#7714));
#7571=SURFACE_SIDE_STYLE('',(#7715));
#7572=SURFACE_SIDE_STYLE('',(#7716));
#7573=SURFACE_SIDE_STYLE('',(#7717));
#7574=SURFACE_SIDE_STYLE('',(#7718));
#7575=SURFACE_SIDE_STYLE('',(#7719));
#7576=SURFACE_SIDE_STYLE('',(#7720));
#7577=SURFACE_SIDE_STYLE('',(#7721));
#7578=SURFACE_SIDE_STYLE('',(#7722));
#7579=SURFACE_SIDE_STYLE('',(#7723));
#7580=SURFACE_SIDE_STYLE('',(#7724));
#7581=SURFACE_SIDE_STYLE('',(#7725));
#7582=SURFACE_SIDE_STYLE('',(#7726));
#7583=SURFACE_SIDE_STYLE('',(#7727));
#7584=SURFACE_SIDE_STYLE('',(#7728));
#7585=SURFACE_SIDE_STYLE('',(#7729));
#7586=SURFACE_SIDE_STYLE('',(#7730));
#7587=SURFACE_SIDE_STYLE('',(#7731));
#7588=SURFACE_SIDE_STYLE('',(#7732));
#7589=SURFACE_SIDE_STYLE('',(#7733));
#7590=SURFACE_SIDE_STYLE('',(#7734));
#7591=SURFACE_SIDE_STYLE('',(#7735));
#7592=SURFACE_SIDE_STYLE('',(#7736));
#7593=SURFACE_SIDE_STYLE('',(#7737));
#7594=SURFACE_SIDE_STYLE('',(#7738));
#7595=SURFACE_SIDE_STYLE('',(#7739));
#7596=SURFACE_SIDE_STYLE('',(#7740));
#7597=SURFACE_SIDE_STYLE('',(#7741));
#7598=SURFACE_SIDE_STYLE('',(#7742));
#7599=SURFACE_SIDE_STYLE('',(#7743));
#7600=SURFACE_SIDE_STYLE('',(#7744));
#7601=SURFACE_SIDE_STYLE('',(#7745));
#7602=SURFACE_SIDE_STYLE('',(#7746));
#7603=SURFACE_SIDE_STYLE('',(#7747));
#7604=SURFACE_SIDE_STYLE('',(#7748));
#7605=SURFACE_SIDE_STYLE('',(#7749));
#7606=SURFACE_SIDE_STYLE('',(#7750));
#7607=SURFACE_SIDE_STYLE('',(#7751));
#7608=SURFACE_SIDE_STYLE('',(#7752));
#7609=SURFACE_SIDE_STYLE('',(#7753));
#7610=SURFACE_SIDE_STYLE('',(#7754));
#7611=SURFACE_SIDE_STYLE('',(#7755));
#7612=SURFACE_SIDE_STYLE('',(#7756));
#7613=SURFACE_SIDE_STYLE('',(#7757));
#7614=SURFACE_SIDE_STYLE('',(#7758));
#7615=SURFACE_SIDE_STYLE('',(#7759));
#7616=SURFACE_SIDE_STYLE('',(#7760));
#7617=SURFACE_SIDE_STYLE('',(#7761));
#7618=SURFACE_SIDE_STYLE('',(#7762));
#7619=SURFACE_SIDE_STYLE('',(#7763));
#7620=SURFACE_SIDE_STYLE('',(#7764));
#7621=SURFACE_SIDE_STYLE('',(#7765));
#7622=SURFACE_SIDE_STYLE('',(#7766));
#7623=SURFACE_SIDE_STYLE('',(#7767));
#7624=SURFACE_SIDE_STYLE('',(#7768));
#7625=SURFACE_SIDE_STYLE('',(#7769));
#7626=SURFACE_SIDE_STYLE('',(#7770));
#7627=SURFACE_SIDE_STYLE('',(#7771));
#7628=SURFACE_SIDE_STYLE('',(#7772));
#7629=SURFACE_SIDE_STYLE('',(#7773));
#7630=SURFACE_SIDE_STYLE('',(#7774));
#7631=SURFACE_SIDE_STYLE('',(#7775));
#7632=SURFACE_SIDE_STYLE('',(#7776));
#7633=SURFACE_SIDE_STYLE('',(#7777));
#7634=SURFACE_SIDE_STYLE('',(#7778));
#7635=SURFACE_SIDE_STYLE('',(#7779));
#7636=SURFACE_SIDE_STYLE('',(#7780));
#7637=SURFACE_SIDE_STYLE('',(#7781));
#7638=SURFACE_SIDE_STYLE('',(#7782));
#7639=SURFACE_SIDE_STYLE('',(#7783));
#7640=SURFACE_SIDE_STYLE('',(#7784));
#7641=SURFACE_SIDE_STYLE('',(#7785));
#7642=SURFACE_SIDE_STYLE('',(#7786));
#7643=SURFACE_SIDE_STYLE('',(#7787));
#7644=SURFACE_SIDE_STYLE('',(#7788));
#7645=SURFACE_SIDE_STYLE('',(#7789));
#7646=SURFACE_SIDE_STYLE('',(#7790));
#7647=SURFACE_SIDE_STYLE('',(#7791));
#7648=SURFACE_STYLE_FILL_AREA(#7792);
#7649=SURFACE_STYLE_FILL_AREA(#7793);
#7650=SURFACE_STYLE_FILL_AREA(#7794);
#7651=SURFACE_STYLE_FILL_AREA(#7795);
#7652=SURFACE_STYLE_FILL_AREA(#7796);
#7653=SURFACE_STYLE_FILL_AREA(#7797);
#7654=SURFACE_STYLE_FILL_AREA(#7798);
#7655=SURFACE_STYLE_FILL_AREA(#7799);
#7656=SURFACE_STYLE_FILL_AREA(#7800);
#7657=SURFACE_STYLE_FILL_AREA(#7801);
#7658=SURFACE_STYLE_FILL_AREA(#7802);
#7659=SURFACE_STYLE_FILL_AREA(#7803);
#7660=SURFACE_STYLE_FILL_AREA(#7804);
#7661=SURFACE_STYLE_FILL_AREA(#7805);
#7662=SURFACE_STYLE_FILL_AREA(#7806);
#7663=SURFACE_STYLE_FILL_AREA(#7807);
#7664=SURFACE_STYLE_FILL_AREA(#7808);
#7665=SURFACE_STYLE_FILL_AREA(#7809);
#7666=SURFACE_STYLE_FILL_AREA(#7810);
#7667=SURFACE_STYLE_FILL_AREA(#7811);
#7668=SURFACE_STYLE_FILL_AREA(#7812);
#7669=SURFACE_STYLE_FILL_AREA(#7813);
#7670=SURFACE_STYLE_FILL_AREA(#7814);
#7671=SURFACE_STYLE_FILL_AREA(#7815);
#7672=SURFACE_STYLE_FILL_AREA(#7816);
#7673=SURFACE_STYLE_FILL_AREA(#7817);
#7674=SURFACE_STYLE_FILL_AREA(#7818);
#7675=SURFACE_STYLE_FILL_AREA(#7819);
#7676=SURFACE_STYLE_FILL_AREA(#7820);
#7677=SURFACE_STYLE_FILL_AREA(#7821);
#7678=SURFACE_STYLE_FILL_AREA(#7822);
#7679=SURFACE_STYLE_FILL_AREA(#7823);
#7680=SURFACE_STYLE_FILL_AREA(#7824);
#7681=SURFACE_STYLE_FILL_AREA(#7825);
#7682=SURFACE_STYLE_FILL_AREA(#7826);
#7683=SURFACE_STYLE_FILL_AREA(#7827);
#7684=SURFACE_STYLE_FILL_AREA(#7828);
#7685=SURFACE_STYLE_FILL_AREA(#7829);
#7686=SURFACE_STYLE_FILL_AREA(#7830);
#7687=SURFACE_STYLE_FILL_AREA(#7831);
#7688=SURFACE_STYLE_FILL_AREA(#7832);
#7689=SURFACE_STYLE_FILL_AREA(#7833);
#7690=SURFACE_STYLE_FILL_AREA(#7834);
#7691=SURFACE_STYLE_FILL_AREA(#7835);
#7692=SURFACE_STYLE_FILL_AREA(#7836);
#7693=SURFACE_STYLE_FILL_AREA(#7837);
#7694=SURFACE_STYLE_FILL_AREA(#7838);
#7695=SURFACE_STYLE_FILL_AREA(#7839);
#7696=SURFACE_STYLE_FILL_AREA(#7840);
#7697=SURFACE_STYLE_FILL_AREA(#7841);
#7698=SURFACE_STYLE_FILL_AREA(#7842);
#7699=SURFACE_STYLE_FILL_AREA(#7843);
#7700=SURFACE_STYLE_FILL_AREA(#7844);
#7701=SURFACE_STYLE_FILL_AREA(#7845);
#7702=SURFACE_STYLE_FILL_AREA(#7846);
#7703=SURFACE_STYLE_FILL_AREA(#7847);
#7704=SURFACE_STYLE_FILL_AREA(#7848);
#7705=SURFACE_STYLE_FILL_AREA(#7849);
#7706=SURFACE_STYLE_FILL_AREA(#7850);
#7707=SURFACE_STYLE_FILL_AREA(#7851);
#7708=SURFACE_STYLE_FILL_AREA(#7852);
#7709=SURFACE_STYLE_FILL_AREA(#7853);
#7710=SURFACE_STYLE_FILL_AREA(#7854);
#7711=SURFACE_STYLE_FILL_AREA(#7855);
#7712=SURFACE_STYLE_FILL_AREA(#7856);
#7713=SURFACE_STYLE_FILL_AREA(#7857);
#7714=SURFACE_STYLE_FILL_AREA(#7858);
#7715=SURFACE_STYLE_FILL_AREA(#7859);
#7716=SURFACE_STYLE_FILL_AREA(#7860);
#7717=SURFACE_STYLE_FILL_AREA(#7861);
#7718=SURFACE_STYLE_FILL_AREA(#7862);
#7719=SURFACE_STYLE_FILL_AREA(#7863);
#7720=SURFACE_STYLE_FILL_AREA(#7864);
#7721=SURFACE_STYLE_FILL_AREA(#7865);
#7722=SURFACE_STYLE_FILL_AREA(#7866);
#7723=SURFACE_STYLE_FILL_AREA(#7867);
#7724=SURFACE_STYLE_FILL_AREA(#7868);
#7725=SURFACE_STYLE_FILL_AREA(#7869);
#7726=SURFACE_STYLE_FILL_AREA(#7870);
#7727=SURFACE_STYLE_FILL_AREA(#7871);
#7728=SURFACE_STYLE_FILL_AREA(#7872);
#7729=SURFACE_STYLE_FILL_AREA(#7873);
#7730=SURFACE_STYLE_FILL_AREA(#7874);
#7731=SURFACE_STYLE_FILL_AREA(#7875);
#7732=SURFACE_STYLE_FILL_AREA(#7876);
#7733=SURFACE_STYLE_FILL_AREA(#7877);
#7734=SURFACE_STYLE_FILL_AREA(#7878);
#7735=SURFACE_STYLE_FILL_AREA(#7879);
#7736=SURFACE_STYLE_FILL_AREA(#7880);
#7737=SURFACE_STYLE_FILL_AREA(#7881);
#7738=SURFACE_STYLE_FILL_AREA(#7882);
#7739=SURFACE_STYLE_FILL_AREA(#7883);
#7740=SURFACE_STYLE_FILL_AREA(#7884);
#7741=SURFACE_STYLE_FILL_AREA(#7885);
#7742=SURFACE_STYLE_FILL_AREA(#7886);
#7743=SURFACE_STYLE_FILL_AREA(#7887);
#7744=SURFACE_STYLE_FILL_AREA(#7888);
#7745=SURFACE_STYLE_FILL_AREA(#7889);
#7746=SURFACE_STYLE_FILL_AREA(#7890);
#7747=SURFACE_STYLE_FILL_AREA(#7891);
#7748=SURFACE_STYLE_FILL_AREA(#7892);
#7749=SURFACE_STYLE_FILL_AREA(#7893);
#7750=SURFACE_STYLE_FILL_AREA(#7894);
#7751=SURFACE_STYLE_FILL_AREA(#7895);
#7752=SURFACE_STYLE_FILL_AREA(#7896);
#7753=SURFACE_STYLE_FILL_AREA(#7897);
#7754=SURFACE_STYLE_FILL_AREA(#7898);
#7755=SURFACE_STYLE_FILL_AREA(#7899);
#7756=SURFACE_STYLE_FILL_AREA(#7900);
#7757=SURFACE_STYLE_FILL_AREA(#7901);
#7758=SURFACE_STYLE_FILL_AREA(#7902);
#7759=SURFACE_STYLE_FILL_AREA(#7903);
#7760=SURFACE_STYLE_FILL_AREA(#7904);
#7761=SURFACE_STYLE_FILL_AREA(#7905);
#7762=SURFACE_STYLE_FILL_AREA(#7906);
#7763=SURFACE_STYLE_FILL_AREA(#7907);
#7764=SURFACE_STYLE_FILL_AREA(#7908);
#7765=SURFACE_STYLE_FILL_AREA(#7909);
#7766=SURFACE_STYLE_FILL_AREA(#7910);
#7767=SURFACE_STYLE_FILL_AREA(#7911);
#7768=SURFACE_STYLE_FILL_AREA(#7912);
#7769=SURFACE_STYLE_FILL_AREA(#7913);
#7770=SURFACE_STYLE_FILL_AREA(#7914);
#7771=SURFACE_STYLE_FILL_AREA(#7915);
#7772=SURFACE_STYLE_FILL_AREA(#7916);
#7773=SURFACE_STYLE_FILL_AREA(#7917);
#7774=SURFACE_STYLE_FILL_AREA(#7918);
#7775=SURFACE_STYLE_FILL_AREA(#7919);
#7776=SURFACE_STYLE_FILL_AREA(#7920);
#7777=SURFACE_STYLE_FILL_AREA(#7921);
#7778=SURFACE_STYLE_FILL_AREA(#7922);
#7779=SURFACE_STYLE_FILL_AREA(#7923);
#7780=SURFACE_STYLE_FILL_AREA(#7924);
#7781=SURFACE_STYLE_FILL_AREA(#7925);
#7782=SURFACE_STYLE_FILL_AREA(#7926);
#7783=SURFACE_STYLE_FILL_AREA(#7927);
#7784=SURFACE_STYLE_FILL_AREA(#7928);
#7785=SURFACE_STYLE_FILL_AREA(#7929);
#7786=SURFACE_STYLE_FILL_AREA(#7930);
#7787=SURFACE_STYLE_FILL_AREA(#7931);
#7788=SURFACE_STYLE_FILL_AREA(#7932);
#7789=SURFACE_STYLE_FILL_AREA(#7933);
#7790=SURFACE_STYLE_FILL_AREA(#7934);
#7791=SURFACE_STYLE_FILL_AREA(#7935);
#7792=FILL_AREA_STYLE('',(#7936));
#7793=FILL_AREA_STYLE('',(#7937));
#7794=FILL_AREA_STYLE('',(#7938));
#7795=FILL_AREA_STYLE('',(#7939));
#7796=FILL_AREA_STYLE('',(#7940));
#7797=FILL_AREA_STYLE('',(#7941));
#7798=FILL_AREA_STYLE('',(#7942));
#7799=FILL_AREA_STYLE('',(#7943));
#7800=FILL_AREA_STYLE('',(#7944));
#7801=FILL_AREA_STYLE('',(#7945));
#7802=FILL_AREA_STYLE('',(#7946));
#7803=FILL_AREA_STYLE('',(#7947));
#7804=FILL_AREA_STYLE('',(#7948));
#7805=FILL_AREA_STYLE('',(#7949));
#7806=FILL_AREA_STYLE('',(#7950));
#7807=FILL_AREA_STYLE('',(#7951));
#7808=FILL_AREA_STYLE('',(#7952));
#7809=FILL_AREA_STYLE('',(#7953));
#7810=FILL_AREA_STYLE('',(#7954));
#7811=FILL_AREA_STYLE('',(#7955));
#7812=FILL_AREA_STYLE('',(#7956));
#7813=FILL_AREA_STYLE('',(#7957));
#7814=FILL_AREA_STYLE('',(#7958));
#7815=FILL_AREA_STYLE('',(#7959));
#7816=FILL_AREA_STYLE('',(#7960));
#7817=FILL_AREA_STYLE('',(#7961));
#7818=FILL_AREA_STYLE('',(#7962));
#7819=FILL_AREA_STYLE('',(#7963));
#7820=FILL_AREA_STYLE('',(#7964));
#7821=FILL_AREA_STYLE('',(#7965));
#7822=FILL_AREA_STYLE('',(#7966));
#7823=FILL_AREA_STYLE('',(#7967));
#7824=FILL_AREA_STYLE('',(#7968));
#7825=FILL_AREA_STYLE('',(#7969));
#7826=FILL_AREA_STYLE('',(#7970));
#7827=FILL_AREA_STYLE('',(#7971));
#7828=FILL_AREA_STYLE('',(#7972));
#7829=FILL_AREA_STYLE('',(#7973));
#7830=FILL_AREA_STYLE('',(#7974));
#7831=FILL_AREA_STYLE('',(#7975));
#7832=FILL_AREA_STYLE('',(#7976));
#7833=FILL_AREA_STYLE('',(#7977));
#7834=FILL_AREA_STYLE('',(#7978));
#7835=FILL_AREA_STYLE('',(#7979));
#7836=FILL_AREA_STYLE('',(#7980));
#7837=FILL_AREA_STYLE('',(#7981));
#7838=FILL_AREA_STYLE('',(#7982));
#7839=FILL_AREA_STYLE('',(#7983));
#7840=FILL_AREA_STYLE('',(#7984));
#7841=FILL_AREA_STYLE('',(#7985));
#7842=FILL_AREA_STYLE('',(#7986));
#7843=FILL_AREA_STYLE('',(#7987));
#7844=FILL_AREA_STYLE('',(#7988));
#7845=FILL_AREA_STYLE('',(#7989));
#7846=FILL_AREA_STYLE('',(#7990));
#7847=FILL_AREA_STYLE('',(#7991));
#7848=FILL_AREA_STYLE('',(#7992));
#7849=FILL_AREA_STYLE('',(#7993));
#7850=FILL_AREA_STYLE('',(#7994));
#7851=FILL_AREA_STYLE('',(#7995));
#7852=FILL_AREA_STYLE('',(#7996));
#7853=FILL_AREA_STYLE('',(#7997));
#7854=FILL_AREA_STYLE('',(#7998));
#7855=FILL_AREA_STYLE('',(#7999));
#7856=FILL_AREA_STYLE('',(#8000));
#7857=FILL_AREA_STYLE('',(#8001));
#7858=FILL_AREA_STYLE('',(#8002));
#7859=FILL_AREA_STYLE('',(#8003));
#7860=FILL_AREA_STYLE('',(#8004));
#7861=FILL_AREA_STYLE('',(#8005));
#7862=FILL_AREA_STYLE('',(#8006));
#7863=FILL_AREA_STYLE('',(#8007));
#7864=FILL_AREA_STYLE('',(#8008));
#7865=FILL_AREA_STYLE('',(#8009));
#7866=FILL_AREA_STYLE('',(#8010));
#7867=FILL_AREA_STYLE('',(#8011));
#7868=FILL_AREA_STYLE('',(#8012));
#7869=FILL_AREA_STYLE('',(#8013));
#7870=FILL_AREA_STYLE('',(#8014));
#7871=FILL_AREA_STYLE('',(#8015));
#7872=FILL_AREA_STYLE('',(#8016));
#7873=FILL_AREA_STYLE('',(#8017));
#7874=FILL_AREA_STYLE('',(#8018));
#7875=FILL_AREA_STYLE('',(#8019));
#7876=FILL_AREA_STYLE('',(#8020));
#7877=FILL_AREA_STYLE('',(#8021));
#7878=FILL_AREA_STYLE('',(#8022));
#7879=FILL_AREA_STYLE('',(#8023));
#7880=FILL_AREA_STYLE('',(#8024));
#7881=FILL_AREA_STYLE('',(#8025));
#7882=FILL_AREA_STYLE('',(#8026));
#7883=FILL_AREA_STYLE('',(#8027));
#7884=FILL_AREA_STYLE('',(#8028));
#7885=FILL_AREA_STYLE('',(#8029));
#7886=FILL_AREA_STYLE('',(#8030));
#7887=FILL_AREA_STYLE('',(#8031));
#7888=FILL_AREA_STYLE('',(#8032));
#7889=FILL_AREA_STYLE('',(#8033));
#7890=FILL_AREA_STYLE('',(#8034));
#7891=FILL_AREA_STYLE('',(#8035));
#7892=FILL_AREA_STYLE('',(#8036));
#7893=FILL_AREA_STYLE('',(#8037));
#7894=FILL_AREA_STYLE('',(#8038));
#7895=FILL_AREA_STYLE('',(#8039));
#7896=FILL_AREA_STYLE('',(#8040));
#7897=FILL_AREA_STYLE('',(#8041));
#7898=FILL_AREA_STYLE('',(#8042));
#7899=FILL_AREA_STYLE('',(#8043));
#7900=FILL_AREA_STYLE('',(#8044));
#7901=FILL_AREA_STYLE('',(#8045));
#7902=FILL_AREA_STYLE('',(#8046));
#7903=FILL_AREA_STYLE('',(#8047));
#7904=FILL_AREA_STYLE('',(#8048));
#7905=FILL_AREA_STYLE('',(#8049));
#7906=FILL_AREA_STYLE('',(#8050));
#7907=FILL_AREA_STYLE('',(#8051));
#7908=FILL_AREA_STYLE('',(#8052));
#7909=FILL_AREA_STYLE('',(#8053));
#7910=FILL_AREA_STYLE('',(#8054));
#7911=FILL_AREA_STYLE('',(#8055));
#7912=FILL_AREA_STYLE('',(#8056));
#7913=FILL_AREA_STYLE('',(#8057));
#7914=FILL_AREA_STYLE('',(#8058));
#7915=FILL_AREA_STYLE('',(#8059));
#7916=FILL_AREA_STYLE('',(#8060));
#7917=FILL_AREA_STYLE('',(#8061));
#7918=FILL_AREA_STYLE('',(#8062));
#7919=FILL_AREA_STYLE('',(#8063));
#7920=FILL_AREA_STYLE('',(#8064));
#7921=FILL_AREA_STYLE('',(#8065));
#7922=FILL_AREA_STYLE('',(#8066));
#7923=FILL_AREA_STYLE('',(#8067));
#7924=FILL_AREA_STYLE('',(#8068));
#7925=FILL_AREA_STYLE('',(#8069));
#7926=FILL_AREA_STYLE('',(#8070));
#7927=FILL_AREA_STYLE('',(#8071));
#7928=FILL_AREA_STYLE('',(#8072));
#7929=FILL_AREA_STYLE('',(#8073));
#7930=FILL_AREA_STYLE('',(#8074));
#7931=FILL_AREA_STYLE('',(#8075));
#7932=FILL_AREA_STYLE('',(#8076));
#7933=FILL_AREA_STYLE('',(#8077));
#7934=FILL_AREA_STYLE('',(#8078));
#7935=FILL_AREA_STYLE('',(#8079));
#7936=FILL_AREA_STYLE_COLOUR('',#8080);
#7937=FILL_AREA_STYLE_COLOUR('',#8080);
#7938=FILL_AREA_STYLE_COLOUR('',#8080);
#7939=FILL_AREA_STYLE_COLOUR('',#8080);
#7940=FILL_AREA_STYLE_COLOUR('',#8080);
#7941=FILL_AREA_STYLE_COLOUR('',#8081);
#7942=FILL_AREA_STYLE_COLOUR('',#8080);
#7943=FILL_AREA_STYLE_COLOUR('',#8080);
#7944=FILL_AREA_STYLE_COLOUR('',#8080);
#7945=FILL_AREA_STYLE_COLOUR('',#8080);
#7946=FILL_AREA_STYLE_COLOUR('',#8080);
#7947=FILL_AREA_STYLE_COLOUR('',#8080);
#7948=FILL_AREA_STYLE_COLOUR('',#8080);
#7949=FILL_AREA_STYLE_COLOUR('',#8080);
#7950=FILL_AREA_STYLE_COLOUR('',#8080);
#7951=FILL_AREA_STYLE_COLOUR('',#8080);
#7952=FILL_AREA_STYLE_COLOUR('',#8080);
#7953=FILL_AREA_STYLE_COLOUR('',#8080);
#7954=FILL_AREA_STYLE_COLOUR('',#8080);
#7955=FILL_AREA_STYLE_COLOUR('',#8080);
#7956=FILL_AREA_STYLE_COLOUR('',#8080);
#7957=FILL_AREA_STYLE_COLOUR('',#8080);
#7958=FILL_AREA_STYLE_COLOUR('',#8080);
#7959=FILL_AREA_STYLE_COLOUR('',#8080);
#7960=FILL_AREA_STYLE_COLOUR('',#8080);
#7961=FILL_AREA_STYLE_COLOUR('',#8080);
#7962=FILL_AREA_STYLE_COLOUR('',#8080);
#7963=FILL_AREA_STYLE_COLOUR('',#8080);
#7964=FILL_AREA_STYLE_COLOUR('',#8080);
#7965=FILL_AREA_STYLE_COLOUR('',#8080);
#7966=FILL_AREA_STYLE_COLOUR('',#8080);
#7967=FILL_AREA_STYLE_COLOUR('',#8080);
#7968=FILL_AREA_STYLE_COLOUR('',#8080);
#7969=FILL_AREA_STYLE_COLOUR('',#8080);
#7970=FILL_AREA_STYLE_COLOUR('',#8080);
#7971=FILL_AREA_STYLE_COLOUR('',#8080);
#7972=FILL_AREA_STYLE_COLOUR('',#8080);
#7973=FILL_AREA_STYLE_COLOUR('',#8080);
#7974=FILL_AREA_STYLE_COLOUR('',#8080);
#7975=FILL_AREA_STYLE_COLOUR('',#8080);
#7976=FILL_AREA_STYLE_COLOUR('',#8080);
#7977=FILL_AREA_STYLE_COLOUR('',#8080);
#7978=FILL_AREA_STYLE_COLOUR('',#8080);
#7979=FILL_AREA_STYLE_COLOUR('',#8080);
#7980=FILL_AREA_STYLE_COLOUR('',#8080);
#7981=FILL_AREA_STYLE_COLOUR('',#8080);
#7982=FILL_AREA_STYLE_COLOUR('',#8080);
#7983=FILL_AREA_STYLE_COLOUR('',#8080);
#7984=FILL_AREA_STYLE_COLOUR('',#8080);
#7985=FILL_AREA_STYLE_COLOUR('',#8080);
#7986=FILL_AREA_STYLE_COLOUR('',#8080);
#7987=FILL_AREA_STYLE_COLOUR('',#8080);
#7988=FILL_AREA_STYLE_COLOUR('',#8080);
#7989=FILL_AREA_STYLE_COLOUR('',#8081);
#7990=FILL_AREA_STYLE_COLOUR('',#8081);
#7991=FILL_AREA_STYLE_COLOUR('',#8081);
#7992=FILL_AREA_STYLE_COLOUR('',#8081);
#7993=FILL_AREA_STYLE_COLOUR('',#8081);
#7994=FILL_AREA_STYLE_COLOUR('',#8081);
#7995=FILL_AREA_STYLE_COLOUR('',#8080);
#7996=FILL_AREA_STYLE_COLOUR('',#8080);
#7997=FILL_AREA_STYLE_COLOUR('',#8080);
#7998=FILL_AREA_STYLE_COLOUR('',#8080);
#7999=FILL_AREA_STYLE_COLOUR('',#8080);
#8000=FILL_AREA_STYLE_COLOUR('',#8080);
#8001=FILL_AREA_STYLE_COLOUR('',#8080);
#8002=FILL_AREA_STYLE_COLOUR('',#8080);
#8003=FILL_AREA_STYLE_COLOUR('',#8080);
#8004=FILL_AREA_STYLE_COLOUR('',#8080);
#8005=FILL_AREA_STYLE_COLOUR('',#8080);
#8006=FILL_AREA_STYLE_COLOUR('',#8080);
#8007=FILL_AREA_STYLE_COLOUR('',#8080);
#8008=FILL_AREA_STYLE_COLOUR('',#8080);
#8009=FILL_AREA_STYLE_COLOUR('',#8080);
#8010=FILL_AREA_STYLE_COLOUR('',#8080);
#8011=FILL_AREA_STYLE_COLOUR('',#8080);
#8012=FILL_AREA_STYLE_COLOUR('',#8080);
#8013=FILL_AREA_STYLE_COLOUR('',#8080);
#8014=FILL_AREA_STYLE_COLOUR('',#8080);
#8015=FILL_AREA_STYLE_COLOUR('',#8080);
#8016=FILL_AREA_STYLE_COLOUR('',#8080);
#8017=FILL_AREA_STYLE_COLOUR('',#8080);
#8018=FILL_AREA_STYLE_COLOUR('',#8080);
#8019=FILL_AREA_STYLE_COLOUR('',#8080);
#8020=FILL_AREA_STYLE_COLOUR('',#8080);
#8021=FILL_AREA_STYLE_COLOUR('',#8080);
#8022=FILL_AREA_STYLE_COLOUR('',#8080);
#8023=FILL_AREA_STYLE_COLOUR('',#8080);
#8024=FILL_AREA_STYLE_COLOUR('',#8080);
#8025=FILL_AREA_STYLE_COLOUR('',#8080);
#8026=FILL_AREA_STYLE_COLOUR('',#8080);
#8027=FILL_AREA_STYLE_COLOUR('',#8080);
#8028=FILL_AREA_STYLE_COLOUR('',#8080);
#8029=FILL_AREA_STYLE_COLOUR('',#8080);
#8030=FILL_AREA_STYLE_COLOUR('',#8080);
#8031=FILL_AREA_STYLE_COLOUR('',#8080);
#8032=FILL_AREA_STYLE_COLOUR('',#8080);
#8033=FILL_AREA_STYLE_COLOUR('',#8080);
#8034=FILL_AREA_STYLE_COLOUR('',#8080);
#8035=FILL_AREA_STYLE_COLOUR('',#8080);
#8036=FILL_AREA_STYLE_COLOUR('',#8080);
#8037=FILL_AREA_STYLE_COLOUR('',#8080);
#8038=FILL_AREA_STYLE_COLOUR('',#8080);
#8039=FILL_AREA_STYLE_COLOUR('',#8080);
#8040=FILL_AREA_STYLE_COLOUR('',#8080);
#8041=FILL_AREA_STYLE_COLOUR('',#8080);
#8042=FILL_AREA_STYLE_COLOUR('',#8080);
#8043=FILL_AREA_STYLE_COLOUR('',#8080);
#8044=FILL_AREA_STYLE_COLOUR('',#8080);
#8045=FILL_AREA_STYLE_COLOUR('',#8080);
#8046=FILL_AREA_STYLE_COLOUR('',#8080);
#8047=FILL_AREA_STYLE_COLOUR('',#8080);
#8048=FILL_AREA_STYLE_COLOUR('',#8080);
#8049=FILL_AREA_STYLE_COLOUR('',#8080);
#8050=FILL_AREA_STYLE_COLOUR('',#8080);
#8051=FILL_AREA_STYLE_COLOUR('',#8080);
#8052=FILL_AREA_STYLE_COLOUR('',#8080);
#8053=FILL_AREA_STYLE_COLOUR('',#8080);
#8054=FILL_AREA_STYLE_COLOUR('',#8080);
#8055=FILL_AREA_STYLE_COLOUR('',#8080);
#8056=FILL_AREA_STYLE_COLOUR('',#8080);
#8057=FILL_AREA_STYLE_COLOUR('',#8080);
#8058=FILL_AREA_STYLE_COLOUR('',#8080);
#8059=FILL_AREA_STYLE_COLOUR('',#8080);
#8060=FILL_AREA_STYLE_COLOUR('',#8080);
#8061=FILL_AREA_STYLE_COLOUR('',#8080);
#8062=FILL_AREA_STYLE_COLOUR('',#8080);
#8063=FILL_AREA_STYLE_COLOUR('',#8080);
#8064=FILL_AREA_STYLE_COLOUR('',#8080);
#8065=FILL_AREA_STYLE_COLOUR('',#8080);
#8066=FILL_AREA_STYLE_COLOUR('',#8080);
#8067=FILL_AREA_STYLE_COLOUR('',#8080);
#8068=FILL_AREA_STYLE_COLOUR('',#8080);
#8069=FILL_AREA_STYLE_COLOUR('',#8080);
#8070=FILL_AREA_STYLE_COLOUR('',#8080);
#8071=FILL_AREA_STYLE_COLOUR('',#8081);
#8072=FILL_AREA_STYLE_COLOUR('',#8081);
#8073=FILL_AREA_STYLE_COLOUR('',#8080);
#8074=FILL_AREA_STYLE_COLOUR('',#8080);
#8075=FILL_AREA_STYLE_COLOUR('',#8080);
#8076=FILL_AREA_STYLE_COLOUR('',#8080);
#8077=FILL_AREA_STYLE_COLOUR('',#8080);
#8078=FILL_AREA_STYLE_COLOUR('',#8082);
#8079=FILL_AREA_STYLE_COLOUR('',#8080);
#8080=COLOUR_RGB('',0.690196096897125,0.690196096897125,0.690196096897125);
#8081=COLOUR_RGB('',0.18823529779911,0.18823529779911,0.18823529779911);
#8082=COLOUR_RGB('',0.200000002980232,0.200000002980232,0.200000002980232);
#8083=MANIFOLD_SOLID_BREP('Fillet6',#7063);
#8084=MANIFOLD_SOLID_BREP('Body-Move/Copy1',#7064);
#8085=MANIFOLD_SOLID_BREP('Body-Move/Copy2',#7065);
#8086=MANIFOLD_SOLID_BREP('Mirror1[1]',#7066);
#8087=MANIFOLD_SOLID_BREP('Mirror1[2]',#7067);
#8088=MANIFOLD_SOLID_BREP('Cut-Extrude8[1]',#7068);
#8089=MANIFOLD_SOLID_BREP('Cut-Extrude-Thin4[1]',#7069);
#8090=MANIFOLD_SOLID_BREP('Cut-Extrude-Thin4[2]',#7070);
#8091=MANIFOLD_SOLID_BREP('Cut-Revolve1',#7071);
#8092=SHAPE_DEFINITION_REPRESENTATION(#12710,#8093);
#8093=SHAPE_REPRESENTATION('RIC11-31S15D7-GSMT',(#8094),#12705);
#8094=AXIS2_PLACEMENT_3D('',#10660,#8681,#8682);
#8095=AXIS2_PLACEMENT_3D('',#10661,#8683,#8684);
#8096=AXIS2_PLACEMENT_3D('',#10662,#8685,#8686);
#8097=AXIS2_PLACEMENT_3D('',#10667,#8688,#8689);
#8098=AXIS2_PLACEMENT_3D('',#10670,#8691,#8692);
#8099=AXIS2_PLACEMENT_3D('',#10674,#8694,#8695);
#8100=AXIS2_PLACEMENT_3D('',#10675,#8696,#8697);
#8101=AXIS2_PLACEMENT_3D('',#10676,#8698,#8699);
#8102=AXIS2_PLACEMENT_3D('',#10682,#8702,#8703);
#8103=AXIS2_PLACEMENT_3D('',#10686,#8705,#8706);
#8104=AXIS2_PLACEMENT_3D('',#10694,#8710,#8711);
#8105=AXIS2_PLACEMENT_3D('',#10698,#8713,#8714);
#8106=AXIS2_PLACEMENT_3D('',#10701,#8716,#8717);
#8107=AXIS2_PLACEMENT_3D('',#10707,#8720,#8721);
#8108=AXIS2_PLACEMENT_3D('',#10711,#8723,#8724);
#8109=AXIS2_PLACEMENT_3D('',#10719,#8728,#8729);
#8110=AXIS2_PLACEMENT_3D('',#10723,#8731,#8732);
#8111=AXIS2_PLACEMENT_3D('',#10726,#8734,#8735);
#8112=AXIS2_PLACEMENT_3D('',#10729,#8738,#8739);
#8113=AXIS2_PLACEMENT_3D('',#10731,#8741,#8742);
#8114=AXIS2_PLACEMENT_3D('',#10733,#8744,#8745);
#8115=AXIS2_PLACEMENT_3D('',#10735,#8747,#8748);
#8116=AXIS2_PLACEMENT_3D('',#10737,#8750,#8751);
#8117=AXIS2_PLACEMENT_3D('',#10739,#8753,#8754);
#8118=AXIS2_PLACEMENT_3D('',#10741,#8756,#8757);
#8119=AXIS2_PLACEMENT_3D('',#10750,#8762,#8763);
#8120=AXIS2_PLACEMENT_3D('',#10755,#8766,#8767);
#8121=AXIS2_PLACEMENT_3D('',#10756,#8768,#8769);
#8122=AXIS2_PLACEMENT_3D('',#10757,#8770,#8771);
#8123=AXIS2_PLACEMENT_3D('',#10766,#8776,#8777);
#8124=AXIS2_PLACEMENT_3D('',#10771,#8780,#8781);
#8125=AXIS2_PLACEMENT_3D('',#10772,#8782,#8783);
#8126=AXIS2_PLACEMENT_3D('',#10773,#8784,#8785);
#8127=AXIS2_PLACEMENT_3D('',#10778,#8788,#8789);
#8128=AXIS2_PLACEMENT_3D('',#10786,#8793,#8794);
#8129=AXIS2_PLACEMENT_3D('',#10787,#8795,#8796);
#8130=AXIS2_PLACEMENT_3D('',#10790,#8798,#8799);
#8131=AXIS2_PLACEMENT_3D('',#10798,#8803,#8804);
#8132=AXIS2_PLACEMENT_3D('',#10801,#8806,#8807);
#8133=AXIS2_PLACEMENT_3D('',#10804,#8810,#8811);
#8134=AXIS2_PLACEMENT_3D('',#10806,#8813,#8814);
#8135=AXIS2_PLACEMENT_3D('',#10808,#8816,#8817);
#8136=AXIS2_PLACEMENT_3D('',#10810,#8819,#8820);
#8137=AXIS2_PLACEMENT_3D('',#10813,#8823,#8824);
#8138=AXIS2_PLACEMENT_3D('',#10815,#8826,#8827);
#8139=AXIS2_PLACEMENT_3D('',#10817,#8829,#8830);
#8140=AXIS2_PLACEMENT_3D('',#10819,#8832,#8833);
#8141=AXIS2_PLACEMENT_3D('',#10821,#8835,#8836);
#8142=AXIS2_PLACEMENT_3D('',#10823,#8838,#8839);
#8143=AXIS2_PLACEMENT_3D('',#10824,#8840,#8841);
#8144=AXIS2_PLACEMENT_3D('',#10826,#8843,#8844);
#8145=AXIS2_PLACEMENT_3D('',#10828,#8846,#8847);
#8146=AXIS2_PLACEMENT_3D('',#10829,#8848,#8849);
#8147=AXIS2_PLACEMENT_3D('',#10830,#8850,#8851);
#8148=AXIS2_PLACEMENT_3D('',#10835,#8853,#8854);
#8149=AXIS2_PLACEMENT_3D('',#10838,#8856,#8857);
#8150=AXIS2_PLACEMENT_3D('',#10842,#8859,#8860);
#8151=AXIS2_PLACEMENT_3D('',#10843,#8861,#8862);
#8152=AXIS2_PLACEMENT_3D('',#10844,#8863,#8864);
#8153=AXIS2_PLACEMENT_3D('',#10850,#8867,#8868);
#8154=AXIS2_PLACEMENT_3D('',#10854,#8870,#8871);
#8155=AXIS2_PLACEMENT_3D('',#10862,#8875,#8876);
#8156=AXIS2_PLACEMENT_3D('',#10866,#8878,#8879);
#8157=AXIS2_PLACEMENT_3D('',#10869,#8881,#8882);
#8158=AXIS2_PLACEMENT_3D('',#10875,#8885,#8886);
#8159=AXIS2_PLACEMENT_3D('',#10879,#8888,#8889);
#8160=AXIS2_PLACEMENT_3D('',#10887,#8893,#8894);
#8161=AXIS2_PLACEMENT_3D('',#10891,#8896,#8897);
#8162=AXIS2_PLACEMENT_3D('',#10894,#8899,#8900);
#8163=AXIS2_PLACEMENT_3D('',#10897,#8903,#8904);
#8164=AXIS2_PLACEMENT_3D('',#10899,#8906,#8907);
#8165=AXIS2_PLACEMENT_3D('',#10901,#8909,#8910);
#8166=AXIS2_PLACEMENT_3D('',#10903,#8912,#8913);
#8167=AXIS2_PLACEMENT_3D('',#10905,#8915,#8916);
#8168=AXIS2_PLACEMENT_3D('',#10907,#8918,#8919);
#8169=AXIS2_PLACEMENT_3D('',#10909,#8921,#8922);
#8170=AXIS2_PLACEMENT_3D('',#10918,#8927,#8928);
#8171=AXIS2_PLACEMENT_3D('',#10923,#8931,#8932);
#8172=AXIS2_PLACEMENT_3D('',#10924,#8933,#8934);
#8173=AXIS2_PLACEMENT_3D('',#10925,#8935,#8936);
#8174=AXIS2_PLACEMENT_3D('',#10934,#8941,#8942);
#8175=AXIS2_PLACEMENT_3D('',#10939,#8945,#8946);
#8176=AXIS2_PLACEMENT_3D('',#10940,#8947,#8948);
#8177=AXIS2_PLACEMENT_3D('',#10941,#8949,#8950);
#8178=AXIS2_PLACEMENT_3D('',#10946,#8953,#8954);
#8179=AXIS2_PLACEMENT_3D('',#10954,#8958,#8959);
#8180=AXIS2_PLACEMENT_3D('',#10955,#8960,#8961);
#8181=AXIS2_PLACEMENT_3D('',#10958,#8963,#8964);
#8182=AXIS2_PLACEMENT_3D('',#10966,#8968,#8969);
#8183=AXIS2_PLACEMENT_3D('',#10969,#8971,#8972);
#8184=AXIS2_PLACEMENT_3D('',#10972,#8975,#8976);
#8185=AXIS2_PLACEMENT_3D('',#10974,#8978,#8979);
#8186=AXIS2_PLACEMENT_3D('',#10976,#8981,#8982);
#8187=AXIS2_PLACEMENT_3D('',#10978,#8984,#8985);
#8188=AXIS2_PLACEMENT_3D('',#10981,#8988,#8989);
#8189=AXIS2_PLACEMENT_3D('',#10983,#8991,#8992);
#8190=AXIS2_PLACEMENT_3D('',#10985,#8994,#8995);
#8191=AXIS2_PLACEMENT_3D('',#10987,#8997,#8998);
#8192=AXIS2_PLACEMENT_3D('',#10989,#9000,#9001);
#8193=AXIS2_PLACEMENT_3D('',#10991,#9003,#9004);
#8194=AXIS2_PLACEMENT_3D('',#10992,#9005,#9006);
#8195=AXIS2_PLACEMENT_3D('',#10994,#9008,#9009);
#8196=AXIS2_PLACEMENT_3D('',#10996,#9011,#9012);
#8197=AXIS2_PLACEMENT_3D('',#10997,#9013,#9014);
#8198=AXIS2_PLACEMENT_3D('',#10998,#9015,#9016);
#8199=AXIS2_PLACEMENT_3D('',#11003,#9018,#9019);
#8200=AXIS2_PLACEMENT_3D('',#11006,#9021,#9022);
#8201=AXIS2_PLACEMENT_3D('',#11010,#9024,#9025);
#8202=AXIS2_PLACEMENT_3D('',#11011,#9026,#9027);
#8203=AXIS2_PLACEMENT_3D('',#11012,#9028,#9029);
#8204=AXIS2_PLACEMENT_3D('',#11018,#9032,#9033);
#8205=AXIS2_PLACEMENT_3D('',#11022,#9035,#9036);
#8206=AXIS2_PLACEMENT_3D('',#11030,#9040,#9041);
#8207=AXIS2_PLACEMENT_3D('',#11034,#9043,#9044);
#8208=AXIS2_PLACEMENT_3D('',#11037,#9046,#9047);
#8209=AXIS2_PLACEMENT_3D('',#11043,#9050,#9051);
#8210=AXIS2_PLACEMENT_3D('',#11047,#9053,#9054);
#8211=AXIS2_PLACEMENT_3D('',#11055,#9058,#9059);
#8212=AXIS2_PLACEMENT_3D('',#11059,#9061,#9062);
#8213=AXIS2_PLACEMENT_3D('',#11062,#9064,#9065);
#8214=AXIS2_PLACEMENT_3D('',#11065,#9068,#9069);
#8215=AXIS2_PLACEMENT_3D('',#11067,#9071,#9072);
#8216=AXIS2_PLACEMENT_3D('',#11069,#9074,#9075);
#8217=AXIS2_PLACEMENT_3D('',#11071,#9077,#9078);
#8218=AXIS2_PLACEMENT_3D('',#11073,#9080,#9081);
#8219=AXIS2_PLACEMENT_3D('',#11075,#9083,#9084);
#8220=AXIS2_PLACEMENT_3D('',#11077,#9086,#9087);
#8221=AXIS2_PLACEMENT_3D('',#11086,#9092,#9093);
#8222=AXIS2_PLACEMENT_3D('',#11091,#9096,#9097);
#8223=AXIS2_PLACEMENT_3D('',#11092,#9098,#9099);
#8224=AXIS2_PLACEMENT_3D('',#11093,#9100,#9101);
#8225=AXIS2_PLACEMENT_3D('',#11102,#9106,#9107);
#8226=AXIS2_PLACEMENT_3D('',#11107,#9110,#9111);
#8227=AXIS2_PLACEMENT_3D('',#11108,#9112,#9113);
#8228=AXIS2_PLACEMENT_3D('',#11109,#9114,#9115);
#8229=AXIS2_PLACEMENT_3D('',#11114,#9118,#9119);
#8230=AXIS2_PLACEMENT_3D('',#11122,#9123,#9124);
#8231=AXIS2_PLACEMENT_3D('',#11123,#9125,#9126);
#8232=AXIS2_PLACEMENT_3D('',#11126,#9128,#9129);
#8233=AXIS2_PLACEMENT_3D('',#11134,#9133,#9134);
#8234=AXIS2_PLACEMENT_3D('',#11137,#9136,#9137);
#8235=AXIS2_PLACEMENT_3D('',#11140,#9140,#9141);
#8236=AXIS2_PLACEMENT_3D('',#11142,#9143,#9144);
#8237=AXIS2_PLACEMENT_3D('',#11144,#9146,#9147);
#8238=AXIS2_PLACEMENT_3D('',#11146,#9149,#9150);
#8239=AXIS2_PLACEMENT_3D('',#11149,#9153,#9154);
#8240=AXIS2_PLACEMENT_3D('',#11151,#9156,#9157);
#8241=AXIS2_PLACEMENT_3D('',#11153,#9159,#9160);
#8242=AXIS2_PLACEMENT_3D('',#11155,#9162,#9163);
#8243=AXIS2_PLACEMENT_3D('',#11157,#9165,#9166);
#8244=AXIS2_PLACEMENT_3D('',#11159,#9168,#9169);
#8245=AXIS2_PLACEMENT_3D('',#11160,#9170,#9171);
#8246=AXIS2_PLACEMENT_3D('',#11162,#9173,#9174);
#8247=AXIS2_PLACEMENT_3D('',#11164,#9176,#9177);
#8248=AXIS2_PLACEMENT_3D('',#11165,#9178,#9179);
#8249=AXIS2_PLACEMENT_3D('',#11166,#9180,#9181);
#8250=AXIS2_PLACEMENT_3D('',#11171,#9183,#9184);
#8251=AXIS2_PLACEMENT_3D('',#11174,#9186,#9187);
#8252=AXIS2_PLACEMENT_3D('',#11178,#9189,#9190);
#8253=AXIS2_PLACEMENT_3D('',#11179,#9191,#9192);
#8254=AXIS2_PLACEMENT_3D('',#11180,#9193,#9194);
#8255=AXIS2_PLACEMENT_3D('',#11186,#9197,#9198);
#8256=AXIS2_PLACEMENT_3D('',#11190,#9200,#9201);
#8257=AXIS2_PLACEMENT_3D('',#11198,#9205,#9206);
#8258=AXIS2_PLACEMENT_3D('',#11202,#9208,#9209);
#8259=AXIS2_PLACEMENT_3D('',#11205,#9211,#9212);
#8260=AXIS2_PLACEMENT_3D('',#11211,#9215,#9216);
#8261=AXIS2_PLACEMENT_3D('',#11215,#9218,#9219);
#8262=AXIS2_PLACEMENT_3D('',#11223,#9223,#9224);
#8263=AXIS2_PLACEMENT_3D('',#11227,#9226,#9227);
#8264=AXIS2_PLACEMENT_3D('',#11230,#9229,#9230);
#8265=AXIS2_PLACEMENT_3D('',#11233,#9233,#9234);
#8266=AXIS2_PLACEMENT_3D('',#11235,#9236,#9237);
#8267=AXIS2_PLACEMENT_3D('',#11237,#9239,#9240);
#8268=AXIS2_PLACEMENT_3D('',#11239,#9242,#9243);
#8269=AXIS2_PLACEMENT_3D('',#11241,#9245,#9246);
#8270=AXIS2_PLACEMENT_3D('',#11243,#9248,#9249);
#8271=AXIS2_PLACEMENT_3D('',#11245,#9251,#9252);
#8272=AXIS2_PLACEMENT_3D('',#11254,#9257,#9258);
#8273=AXIS2_PLACEMENT_3D('',#11257,#9260,#9261);
#8274=AXIS2_PLACEMENT_3D('',#11258,#9262,#9263);
#8275=AXIS2_PLACEMENT_3D('',#11261,#9265,#9266);
#8276=AXIS2_PLACEMENT_3D('',#11270,#9271,#9272);
#8277=AXIS2_PLACEMENT_3D('',#11273,#9274,#9275);
#8278=AXIS2_PLACEMENT_3D('',#11274,#9276,#9277);
#8279=AXIS2_PLACEMENT_3D('',#11277,#9279,#9280);
#8280=AXIS2_PLACEMENT_3D('',#11280,#9282,#9283);
#8281=AXIS2_PLACEMENT_3D('',#11288,#9287,#9288);
#8282=AXIS2_PLACEMENT_3D('',#11291,#9290,#9291);
#8283=AXIS2_PLACEMENT_3D('',#11294,#9293,#9294);
#8284=AXIS2_PLACEMENT_3D('',#11302,#9298,#9299);
#8285=AXIS2_PLACEMENT_3D('',#11305,#9301,#9302);
#8286=AXIS2_PLACEMENT_3D('',#11308,#9305,#9306);
#8287=AXIS2_PLACEMENT_3D('',#11310,#9308,#9309);
#8288=AXIS2_PLACEMENT_3D('',#11312,#9311,#9312);
#8289=AXIS2_PLACEMENT_3D('',#11314,#9314,#9315);
#8290=AXIS2_PLACEMENT_3D('',#11317,#9318,#9319);
#8291=AXIS2_PLACEMENT_3D('',#11319,#9321,#9322);
#8292=AXIS2_PLACEMENT_3D('',#11321,#9324,#9325);
#8293=AXIS2_PLACEMENT_3D('',#11323,#9327,#9328);
#8294=AXIS2_PLACEMENT_3D('',#11325,#9330,#9331);
#8295=AXIS2_PLACEMENT_3D('',#11327,#9333,#9334);
#8296=AXIS2_PLACEMENT_3D('',#11328,#9335,#9336);
#8297=AXIS2_PLACEMENT_3D('',#11330,#9338,#9339);
#8298=AXIS2_PLACEMENT_3D('',#11332,#9341,#9342);
#8299=AXIS2_PLACEMENT_3D('',#11333,#9343,#9344);
#8300=AXIS2_PLACEMENT_3D('',#11334,#9345,#9346);
#8301=AXIS2_PLACEMENT_3D('',#11339,#9348,#9349);
#8302=AXIS2_PLACEMENT_3D('',#11342,#9351,#9352);
#8303=AXIS2_PLACEMENT_3D('',#11346,#9354,#9355);
#8304=AXIS2_PLACEMENT_3D('',#11347,#9356,#9357);
#8305=AXIS2_PLACEMENT_3D('',#11348,#9358,#9359);
#8306=AXIS2_PLACEMENT_3D('',#11354,#9362,#9363);
#8307=AXIS2_PLACEMENT_3D('',#11358,#9365,#9366);
#8308=AXIS2_PLACEMENT_3D('',#11366,#9370,#9371);
#8309=AXIS2_PLACEMENT_3D('',#11370,#9373,#9374);
#8310=AXIS2_PLACEMENT_3D('',#11373,#9376,#9377);
#8311=AXIS2_PLACEMENT_3D('',#11379,#9380,#9381);
#8312=AXIS2_PLACEMENT_3D('',#11383,#9383,#9384);
#8313=AXIS2_PLACEMENT_3D('',#11391,#9388,#9389);
#8314=AXIS2_PLACEMENT_3D('',#11395,#9391,#9392);
#8315=AXIS2_PLACEMENT_3D('',#11398,#9394,#9395);
#8316=AXIS2_PLACEMENT_3D('',#11401,#9398,#9399);
#8317=AXIS2_PLACEMENT_3D('',#11403,#9401,#9402);
#8318=AXIS2_PLACEMENT_3D('',#11405,#9404,#9405);
#8319=AXIS2_PLACEMENT_3D('',#11407,#9407,#9408);
#8320=AXIS2_PLACEMENT_3D('',#11409,#9410,#9411);
#8321=AXIS2_PLACEMENT_3D('',#11411,#9413,#9414);
#8322=AXIS2_PLACEMENT_3D('',#11413,#9416,#9417);
#8323=AXIS2_PLACEMENT_3D('',#11422,#9422,#9423);
#8324=AXIS2_PLACEMENT_3D('',#11425,#9425,#9426);
#8325=AXIS2_PLACEMENT_3D('',#11426,#9427,#9428);
#8326=AXIS2_PLACEMENT_3D('',#11429,#9430,#9431);
#8327=AXIS2_PLACEMENT_3D('',#11438,#9436,#9437);
#8328=AXIS2_PLACEMENT_3D('',#11441,#9439,#9440);
#8329=AXIS2_PLACEMENT_3D('',#11442,#9441,#9442);
#8330=AXIS2_PLACEMENT_3D('',#11445,#9444,#9445);
#8331=AXIS2_PLACEMENT_3D('',#11448,#9447,#9448);
#8332=AXIS2_PLACEMENT_3D('',#11456,#9452,#9453);
#8333=AXIS2_PLACEMENT_3D('',#11459,#9455,#9456);
#8334=AXIS2_PLACEMENT_3D('',#11462,#9458,#9459);
#8335=AXIS2_PLACEMENT_3D('',#11470,#9463,#9464);
#8336=AXIS2_PLACEMENT_3D('',#11473,#9466,#9467);
#8337=AXIS2_PLACEMENT_3D('',#11476,#9470,#9471);
#8338=AXIS2_PLACEMENT_3D('',#11478,#9473,#9474);
#8339=AXIS2_PLACEMENT_3D('',#11480,#9476,#9477);
#8340=AXIS2_PLACEMENT_3D('',#11482,#9479,#9480);
#8341=AXIS2_PLACEMENT_3D('',#11485,#9483,#9484);
#8342=AXIS2_PLACEMENT_3D('',#11487,#9486,#9487);
#8343=AXIS2_PLACEMENT_3D('',#11489,#9489,#9490);
#8344=AXIS2_PLACEMENT_3D('',#11491,#9492,#9493);
#8345=AXIS2_PLACEMENT_3D('',#11493,#9495,#9496);
#8346=AXIS2_PLACEMENT_3D('',#11495,#9498,#9499);
#8347=AXIS2_PLACEMENT_3D('',#11496,#9500,#9501);
#8348=AXIS2_PLACEMENT_3D('',#11498,#9503,#9504);
#8349=AXIS2_PLACEMENT_3D('',#11500,#9506,#9507);
#8350=AXIS2_PLACEMENT_3D('',#11501,#9508,#9509);
#8351=AXIS2_PLACEMENT_3D('',#11510,#9514,#9515);
#8352=AXIS2_PLACEMENT_3D('',#11532,#9527,#9528);
#8353=AXIS2_PLACEMENT_3D('',#11538,#9532,#9533);
#8354=AXIS2_PLACEMENT_3D('',#11544,#9537,#9538);
#8355=AXIS2_PLACEMENT_3D('',#11553,#9543,#9544);
#8356=AXIS2_PLACEMENT_3D('',#11559,#9548,#9549);
#8357=AXIS2_PLACEMENT_3D('',#11568,#9554,#9555);
#8358=AXIS2_PLACEMENT_3D('',#11579,#9562,#9563);
#8359=AXIS2_PLACEMENT_3D('',#11585,#9567,#9568);
#8360=AXIS2_PLACEMENT_3D('',#11594,#9573,#9574);
#8361=AXIS2_PLACEMENT_3D('',#11600,#9578,#9579);
#8362=AXIS2_PLACEMENT_3D('',#11604,#9581,#9582);
#8363=AXIS2_PLACEMENT_3D('',#11608,#9584,#9585);
#8364=AXIS2_PLACEMENT_3D('',#11612,#9587,#9588);
#8365=AXIS2_PLACEMENT_3D('',#11616,#9590,#9591);
#8366=AXIS2_PLACEMENT_3D('',#11617,#9592,#9593);
#8367=AXIS2_PLACEMENT_3D('',#11623,#9597,#9598);
#8368=AXIS2_PLACEMENT_3D('',#11632,#9605,#9606);
#8369=AXIS2_PLACEMENT_3D('',#11638,#9610,#9611);
#8370=AXIS2_PLACEMENT_3D('',#11639,#9612,#9613);
#8371=AXIS2_PLACEMENT_3D('',#11640,#9614,#9615);
#8372=AXIS2_PLACEMENT_3D('',#11652,#9623,#9624);
#8373=AXIS2_PLACEMENT_3D('',#11653,#9625,#9626);
#8374=AXIS2_PLACEMENT_3D('',#11654,#9627,#9628);
#8375=AXIS2_PLACEMENT_3D('',#11660,#9632,#9633);
#8376=AXIS2_PLACEMENT_3D('',#11661,#9634,#9635);
#8377=AXIS2_PLACEMENT_3D('',#11662,#9636,#9637);
#8378=AXIS2_PLACEMENT_3D('',#11663,#9638,#9639);
#8379=AXIS2_PLACEMENT_3D('',#11664,#9640,#9641);
#8380=AXIS2_PLACEMENT_3D('',#11667,#9644,#9645);
#8381=AXIS2_PLACEMENT_3D('',#11669,#9647,#9648);
#8382=AXIS2_PLACEMENT_3D('',#11672,#9651,#9652);
#8383=AXIS2_PLACEMENT_3D('',#11673,#9653,#9654);
#8384=AXIS2_PLACEMENT_3D('',#11675,#9656,#9657);
#8385=AXIS2_PLACEMENT_3D('',#11676,#9658,#9659);
#8386=AXIS2_PLACEMENT_3D('',#11678,#9661,#9662);
#8387=AXIS2_PLACEMENT_3D('',#11680,#9664,#9665);
#8388=AXIS2_PLACEMENT_3D('',#11681,#9666,#9667);
#8389=AXIS2_PLACEMENT_3D('',#11682,#9668,#9669);
#8390=AXIS2_PLACEMENT_3D('',#11683,#9670,#9671);
#8391=AXIS2_PLACEMENT_3D('',#11692,#9676,#9677);
#8392=AXIS2_PLACEMENT_3D('',#11698,#9681,#9682);
#8393=AXIS2_PLACEMENT_3D('',#11707,#9687,#9688);
#8394=AXIS2_PLACEMENT_3D('',#11713,#9692,#9693);
#8395=AXIS2_PLACEMENT_3D('',#11722,#9698,#9699);
#8396=AXIS2_PLACEMENT_3D('',#11728,#9703,#9704);
#8397=AXIS2_PLACEMENT_3D('',#11737,#9709,#9710);
#8398=AXIS2_PLACEMENT_3D('',#11743,#9714,#9715);
#8399=AXIS2_PLACEMENT_3D('',#11749,#9719,#9720);
#8400=AXIS2_PLACEMENT_3D('',#11758,#9725,#9726);
#8401=AXIS2_PLACEMENT_3D('',#11764,#9730,#9731);
#8402=AXIS2_PLACEMENT_3D('',#11770,#9735,#9736);
#8403=AXIS2_PLACEMENT_3D('',#11779,#9741,#9742);
#8404=AXIS2_PLACEMENT_3D('',#11785,#9746,#9747);
#8405=AXIS2_PLACEMENT_3D('',#11791,#9751,#9752);
#8406=AXIS2_PLACEMENT_3D('',#11800,#9757,#9758);
#8407=AXIS2_PLACEMENT_3D('',#11806,#9762,#9763);
#8408=AXIS2_PLACEMENT_3D('',#11812,#9767,#9768);
#8409=AXIS2_PLACEMENT_3D('',#11821,#9773,#9774);
#8410=AXIS2_PLACEMENT_3D('',#11830,#9779,#9780);
#8411=AXIS2_PLACEMENT_3D('',#11839,#9785,#9786);
#8412=AXIS2_PLACEMENT_3D('',#11848,#9791,#9792);
#8413=AXIS2_PLACEMENT_3D('',#11854,#9796,#9797);
#8414=AXIS2_PLACEMENT_3D('',#11860,#9801,#9802);
#8415=AXIS2_PLACEMENT_3D('',#11862,#9804,#9805);
#8416=AXIS2_PLACEMENT_3D('',#11864,#9807,#9808);
#8417=AXIS2_PLACEMENT_3D('',#11868,#9810,#9811);
#8418=AXIS2_PLACEMENT_3D('',#11869,#9812,#9813);
#8419=AXIS2_PLACEMENT_3D('',#11870,#9814,#9815);
#8420=AXIS2_PLACEMENT_3D('',#11871,#9816,#9817);
#8421=AXIS2_PLACEMENT_3D('',#11875,#9819,#9820);
#8422=AXIS2_PLACEMENT_3D('',#11876,#9821,#9822);
#8423=AXIS2_PLACEMENT_3D('',#11878,#9824,#9825);
#8424=AXIS2_PLACEMENT_3D('',#11879,#9826,#9827);
#8425=AXIS2_PLACEMENT_3D('',#11880,#9828,#9829);
#8426=AXIS2_PLACEMENT_3D('',#11882,#9831,#9832);
#8427=AXIS2_PLACEMENT_3D('',#11888,#9836,#9837);
#8428=AXIS2_PLACEMENT_3D('',#11894,#9841,#9842);
#8429=AXIS2_PLACEMENT_3D('',#11896,#9844,#9845);
#8430=AXIS2_PLACEMENT_3D('',#11898,#9847,#9848);
#8431=AXIS2_PLACEMENT_3D('',#11902,#9850,#9851);
#8432=AXIS2_PLACEMENT_3D('',#11903,#9852,#9853);
#8433=AXIS2_PLACEMENT_3D('',#11904,#9854,#9855);
#8434=AXIS2_PLACEMENT_3D('',#11905,#9856,#9857);
#8435=AXIS2_PLACEMENT_3D('',#11909,#9859,#9860);
#8436=AXIS2_PLACEMENT_3D('',#11910,#9861,#9862);
#8437=AXIS2_PLACEMENT_3D('',#11912,#9864,#9865);
#8438=AXIS2_PLACEMENT_3D('',#11913,#9866,#9867);
#8439=AXIS2_PLACEMENT_3D('',#11914,#9868,#9869);
#8440=AXIS2_PLACEMENT_3D('',#11916,#9871,#9872);
#8441=AXIS2_PLACEMENT_3D('',#11920,#9874,#9875);
#8442=AXIS2_PLACEMENT_3D('',#11924,#9877,#9878);
#8443=AXIS2_PLACEMENT_3D('',#11925,#9879,#9880);
#8444=AXIS2_PLACEMENT_3D('',#11926,#9881,#9882);
#8445=AXIS2_PLACEMENT_3D('',#11930,#9884,#9885);
#8446=AXIS2_PLACEMENT_3D('',#11931,#9886,#9887);
#8447=AXIS2_PLACEMENT_3D('',#11932,#9888,#9889);
#8448=AXIS2_PLACEMENT_3D('',#11936,#9892,#9893);
#8449=AXIS2_PLACEMENT_3D('',#11940,#9896,#9897);
#8450=AXIS2_PLACEMENT_3D('',#11941,#9898,#9899);
#8451=AXIS2_PLACEMENT_3D('',#11947,#9903,#9904);
#8452=AXIS2_PLACEMENT_3D('',#11951,#9906,#9907);
#8453=AXIS2_PLACEMENT_3D('',#11954,#9909,#9910);
#8454=AXIS2_PLACEMENT_3D('',#11955,#9911,#9912);
#8455=AXIS2_PLACEMENT_3D('',#11956,#9913,#9914);
#8456=AXIS2_PLACEMENT_3D('',#11959,#9916,#9917);
#8457=AXIS2_PLACEMENT_3D('',#11960,#9918,#9919);
#8458=AXIS2_PLACEMENT_3D('',#11961,#9920,#9921);
#8459=AXIS2_PLACEMENT_3D('',#11964,#9923,#9924);
#8460=AXIS2_PLACEMENT_3D('',#11968,#9927,#9928);
#8461=AXIS2_PLACEMENT_3D('',#11969,#9929,#9930);
#8462=AXIS2_PLACEMENT_3D('',#11978,#9935,#9936);
#8463=AXIS2_PLACEMENT_3D('',#11987,#9941,#9942);
#8464=AXIS2_PLACEMENT_3D('',#11988,#9943,#9944);
#8465=AXIS2_PLACEMENT_3D('',#11997,#9949,#9950);
#8466=AXIS2_PLACEMENT_3D('',#12003,#9954,#9955);
#8467=AXIS2_PLACEMENT_3D('',#12012,#9960,#9961);
#8468=AXIS2_PLACEMENT_3D('',#12013,#9962,#9963);
#8469=AXIS2_PLACEMENT_3D('',#12019,#9967,#9968);
#8470=AXIS2_PLACEMENT_3D('',#12028,#9973,#9974);
#8471=AXIS2_PLACEMENT_3D('',#12034,#9978,#9979);
#8472=AXIS2_PLACEMENT_3D('',#12040,#9983,#9984);
#8473=AXIS2_PLACEMENT_3D('',#12042,#9986,#9987);
#8474=AXIS2_PLACEMENT_3D('',#12044,#9989,#9990);
#8475=AXIS2_PLACEMENT_3D('',#12046,#9992,#9993);
#8476=AXIS2_PLACEMENT_3D('',#12047,#9994,#9995);
#8477=AXIS2_PLACEMENT_3D('',#12048,#9996,#9997);
#8478=AXIS2_PLACEMENT_3D('',#12049,#9998,#9999);
#8479=AXIS2_PLACEMENT_3D('',#12050,#10000,#10001);
#8480=AXIS2_PLACEMENT_3D('',#12051,#10002,#10003);
#8481=AXIS2_PLACEMENT_3D('',#12052,#10004,#10005);
#8482=AXIS2_PLACEMENT_3D('',#12053,#10006,#10007);
#8483=AXIS2_PLACEMENT_3D('',#12062,#10012,#10013);
#8484=AXIS2_PLACEMENT_3D('',#12068,#10017,#10018);
#8485=AXIS2_PLACEMENT_3D('',#12074,#10022,#10023);
#8486=AXIS2_PLACEMENT_3D('',#12076,#10025,#10026);
#8487=AXIS2_PLACEMENT_3D('',#12078,#10028,#10029);
#8488=AXIS2_PLACEMENT_3D('',#12080,#10031,#10032);
#8489=AXIS2_PLACEMENT_3D('',#12081,#10033,#10034);
#8490=AXIS2_PLACEMENT_3D('',#12082,#10035,#10036);
#8491=AXIS2_PLACEMENT_3D('',#12083,#10037,#10038);
#8492=AXIS2_PLACEMENT_3D('',#12087,#10040,#10041);
#8493=AXIS2_PLACEMENT_3D('',#12088,#10042,#10043);
#8494=AXIS2_PLACEMENT_3D('',#12089,#10044,#10045);
#8495=AXIS2_PLACEMENT_3D('',#12090,#10046,#10047);
#8496=AXIS2_PLACEMENT_3D('',#12091,#10048,#10049);
#8497=AXIS2_PLACEMENT_3D('',#12092,#10050,#10051);
#8498=AXIS2_PLACEMENT_3D('',#12101,#10056,#10057);
#8499=AXIS2_PLACEMENT_3D('',#12102,#10058,#10059);
#8500=AXIS2_PLACEMENT_3D('',#12106,#10061,#10062);
#8501=AXIS2_PLACEMENT_3D('',#12107,#10063,#10064);
#8502=AXIS2_PLACEMENT_3D('',#12113,#10068,#10069);
#8503=AXIS2_PLACEMENT_3D('',#12114,#10070,#10071);
#8504=AXIS2_PLACEMENT_3D('',#12115,#10072,#10073);
#8505=AXIS2_PLACEMENT_3D('',#12116,#10074,#10075);
#8506=AXIS2_PLACEMENT_3D('',#12122,#10079,#10080);
#8507=AXIS2_PLACEMENT_3D('',#12130,#10085,#10086);
#8508=AXIS2_PLACEMENT_3D('',#12133,#10089,#10090);
#8509=AXIS2_PLACEMENT_3D('',#12142,#10095,#10096);
#8510=AXIS2_PLACEMENT_3D('',#12143,#10097,#10098);
#8511=AXIS2_PLACEMENT_3D('',#12147,#10100,#10101);
#8512=AXIS2_PLACEMENT_3D('',#12148,#10102,#10103);
#8513=AXIS2_PLACEMENT_3D('',#12154,#10107,#10108);
#8514=AXIS2_PLACEMENT_3D('',#12155,#10109,#10110);
#8515=AXIS2_PLACEMENT_3D('',#12156,#10111,#10112);
#8516=AXIS2_PLACEMENT_3D('',#12157,#10113,#10114);
#8517=AXIS2_PLACEMENT_3D('',#12163,#10118,#10119);
#8518=AXIS2_PLACEMENT_3D('',#12168,#10123,#10124);
#8519=AXIS2_PLACEMENT_3D('',#12174,#10128,#10129);
#8520=AXIS2_PLACEMENT_3D('',#12182,#10134,#10135);
#8521=AXIS2_PLACEMENT_3D('',#12190,#10140,#10141);
#8522=AXIS2_PLACEMENT_3D('',#12194,#10143,#10144);
#8523=AXIS2_PLACEMENT_3D('',#12196,#10146,#10147);
#8524=AXIS2_PLACEMENT_3D('',#12197,#10148,#10149);
#8525=AXIS2_PLACEMENT_3D('',#12201,#10151,#10152);
#8526=AXIS2_PLACEMENT_3D('',#12203,#10154,#10155);
#8527=AXIS2_PLACEMENT_3D('',#12204,#10156,#10157);
#8528=AXIS2_PLACEMENT_3D('',#12206,#10159,#10160);
#8529=AXIS2_PLACEMENT_3D('',#12208,#10162,#10163);
#8530=AXIS2_PLACEMENT_3D('',#12217,#10168,#10169);
#8531=AXIS2_PLACEMENT_3D('',#12226,#10174,#10175);
#8532=AXIS2_PLACEMENT_3D('',#12230,#10177,#10178);
#8533=AXIS2_PLACEMENT_3D('',#12232,#10180,#10181);
#8534=AXIS2_PLACEMENT_3D('',#12233,#10182,#10183);
#8535=AXIS2_PLACEMENT_3D('',#12237,#10185,#10186);
#8536=AXIS2_PLACEMENT_3D('',#12239,#10188,#10189);
#8537=AXIS2_PLACEMENT_3D('',#12240,#10190,#10191);
#8538=AXIS2_PLACEMENT_3D('',#12242,#10193,#10194);
#8539=AXIS2_PLACEMENT_3D('',#12244,#10196,#10197);
#8540=AXIS2_PLACEMENT_3D('',#12253,#10202,#10203);
#8541=AXIS2_PLACEMENT_3D('',#12259,#10207,#10208);
#8542=AXIS2_PLACEMENT_3D('',#12265,#10212,#10213);
#8543=AXIS2_PLACEMENT_3D('',#12274,#10218,#10219);
#8544=AXIS2_PLACEMENT_3D('',#12280,#10223,#10224);
#8545=AXIS2_PLACEMENT_3D('',#12286,#10228,#10229);
#8546=AXIS2_PLACEMENT_3D('',#12289,#10232,#10233);
#8547=AXIS2_PLACEMENT_3D('',#12292,#10236,#10237);
#8548=AXIS2_PLACEMENT_3D('',#12295,#10240,#10241);
#8549=AXIS2_PLACEMENT_3D('',#12298,#10244,#10245);
#8550=AXIS2_PLACEMENT_3D('',#12299,#10246,#10247);
#8551=AXIS2_PLACEMENT_3D('',#12300,#10248,#10249);
#8552=AXIS2_PLACEMENT_3D('',#12313,#10258,#10259);
#8553=AXIS2_PLACEMENT_3D('',#12328,#10270,#10271);
#8554=AXIS2_PLACEMENT_3D('',#12331,#10274,#10275);
#8555=AXIS2_PLACEMENT_3D('',#12336,#10280,#10281);
#8556=AXIS2_PLACEMENT_3D('',#12337,#10282,#10283);
#8557=AXIS2_PLACEMENT_3D('',#12339,#10285,#10286);
#8558=AXIS2_PLACEMENT_3D('',#12341,#10288,#10289);
#8559=AXIS2_PLACEMENT_3D('',#12342,#10290,#10291);
#8560=AXIS2_PLACEMENT_3D('',#12343,#10292,#10293);
#8561=AXIS2_PLACEMENT_3D('',#12346,#10296,#10297);
#8562=AXIS2_PLACEMENT_3D('',#12349,#10300,#10301);
#8563=AXIS2_PLACEMENT_3D('',#12350,#10302,#10303);
#8564=AXIS2_PLACEMENT_3D('',#12351,#10304,#10305);
#8565=AXIS2_PLACEMENT_3D('',#12353,#10307,#10308);
#8566=AXIS2_PLACEMENT_3D('',#12355,#10310,#10311);
#8567=AXIS2_PLACEMENT_3D('',#12356,#10312,#10313);
#8568=AXIS2_PLACEMENT_3D('',#12357,#10314,#10315);
#8569=AXIS2_PLACEMENT_3D('',#12358,#10316,#10317);
#8570=AXIS2_PLACEMENT_3D('',#12359,#10318,#10319);
#8571=AXIS2_PLACEMENT_3D('',#12360,#10320,#10321);
#8572=AXIS2_PLACEMENT_3D('',#12361,#10322,#10323);
#8573=AXIS2_PLACEMENT_3D('',#12362,#10324,#10325);
#8574=AXIS2_PLACEMENT_3D('',#12364,#10327,#10328);
#8575=AXIS2_PLACEMENT_3D('',#12366,#10330,#10331);
#8576=AXIS2_PLACEMENT_3D('',#12367,#10332,#10333);
#8577=AXIS2_PLACEMENT_3D('',#12368,#10334,#10335);
#8578=AXIS2_PLACEMENT_3D('',#12369,#10336,#10337);
#8579=AXIS2_PLACEMENT_3D('',#12378,#10342,#10343);
#8580=AXIS2_PLACEMENT_3D('',#12387,#10348,#10349);
#8581=AXIS2_PLACEMENT_3D('',#12393,#10353,#10354);
#8582=AXIS2_PLACEMENT_3D('',#12402,#10359,#10360);
#8583=AXIS2_PLACEMENT_3D('',#12408,#10364,#10365);
#8584=AXIS2_PLACEMENT_3D('',#12417,#10370,#10371);
#8585=AXIS2_PLACEMENT_3D('',#12426,#10376,#10377);
#8586=AXIS2_PLACEMENT_3D('',#12432,#10381,#10382);
#8587=AXIS2_PLACEMENT_3D('',#12433,#10383,#10384);
#8588=AXIS2_PLACEMENT_3D('',#12435,#10385,#10386);
#8589=AXIS2_PLACEMENT_3D('',#12450,#10394,#10395);
#8590=AXIS2_PLACEMENT_3D('',#12454,#10397,#10398);
#8591=AXIS2_PLACEMENT_3D('',#12465,#10405,#10406);
#8592=AXIS2_PLACEMENT_3D('',#12468,#10408,#10409);
#8593=AXIS2_PLACEMENT_3D('',#12470,#10410,#10411);
#8594=AXIS2_PLACEMENT_3D('',#12480,#10417,#10418);
#8595=AXIS2_PLACEMENT_3D('',#12484,#10420,#10421);
#8596=AXIS2_PLACEMENT_3D('',#12485,#10422,#10423);
#8597=AXIS2_PLACEMENT_3D('',#12487,#10425,#10426);
#8598=AXIS2_PLACEMENT_3D('',#12489,#10428,#10429);
#8599=AXIS2_PLACEMENT_3D('',#12491,#10431,#10432);
#8600=AXIS2_PLACEMENT_3D('',#12493,#10434,#10435);
#8601=AXIS2_PLACEMENT_3D('',#12502,#10440,#10441);
#8602=AXIS2_PLACEMENT_3D('',#12505,#10444,#10445);
#8603=AXIS2_PLACEMENT_3D('',#12511,#10449,#10450);
#8604=AXIS2_PLACEMENT_3D('',#12517,#10454,#10455);
#8605=AXIS2_PLACEMENT_3D('',#12518,#10456,#10457);
#8606=AXIS2_PLACEMENT_3D('',#12522,#10459,#10460);
#8607=AXIS2_PLACEMENT_3D('',#12524,#10462,#10463);
#8608=AXIS2_PLACEMENT_3D('',#12526,#10465,#10466);
#8609=AXIS2_PLACEMENT_3D('',#12528,#10468,#10469);
#8610=AXIS2_PLACEMENT_3D('',#12534,#10473,#10474);
#8611=AXIS2_PLACEMENT_3D('',#12540,#10478,#10479);
#8612=AXIS2_PLACEMENT_3D('',#12546,#10483,#10484);
#8613=AXIS2_PLACEMENT_3D('',#12548,#10486,#10487);
#8614=AXIS2_PLACEMENT_3D('',#12557,#10494,#10495);
#8615=AXIS2_PLACEMENT_3D('',#12559,#10497,#10498);
#8616=AXIS2_PLACEMENT_3D('',#12560,#10499,#10500);
#8617=AXIS2_PLACEMENT_3D('',#12561,#10501,#10502);
#8618=AXIS2_PLACEMENT_3D('',#12562,#10503,#10504);
#8619=AXIS2_PLACEMENT_3D('',#12564,#10506,#10507);
#8620=AXIS2_PLACEMENT_3D('',#12565,#10508,#10509);
#8621=AXIS2_PLACEMENT_3D('',#12566,#10510,#10511);
#8622=AXIS2_PLACEMENT_3D('',#12567,#10512,#10513);
#8623=AXIS2_PLACEMENT_3D('',#12568,#10514,#10515);
#8624=AXIS2_PLACEMENT_3D('',#12570,#10516,#10517);
#8625=AXIS2_PLACEMENT_3D('',#12571,#10518,#10519);
#8626=AXIS2_PLACEMENT_3D('',#12572,#10520,#10521);
#8627=AXIS2_PLACEMENT_3D('',#12574,#10522,#10523);
#8628=AXIS2_PLACEMENT_3D('',#12575,#10524,#10525);
#8629=AXIS2_PLACEMENT_3D('',#12579,#10527,#10528);
#8630=AXIS2_PLACEMENT_3D('',#12583,#10530,#10531);
#8631=AXIS2_PLACEMENT_3D('',#12584,#10532,#10533);
#8632=AXIS2_PLACEMENT_3D('',#12603,#10538,#10539);
#8633=AXIS2_PLACEMENT_3D('',#12604,#10540,#10541);
#8634=AXIS2_PLACEMENT_3D('',#12605,#10542,#10543);
#8635=AXIS2_PLACEMENT_3D('',#12608,#10545,#10546);
#8636=AXIS2_PLACEMENT_3D('',#12609,#10547,#10548);
#8637=AXIS2_PLACEMENT_3D('',#12610,#10549,#10550);
#8638=AXIS2_PLACEMENT_3D('',#12611,#10551,#10552);
#8639=AXIS2_PLACEMENT_3D('',#12613,#10553,#10554);
#8640=AXIS2_PLACEMENT_3D('',#12614,#10555,#10556);
#8641=AXIS2_PLACEMENT_3D('',#12615,#10557,#10558);
#8642=AXIS2_PLACEMENT_3D('',#12618,#10559,#10560);
#8643=AXIS2_PLACEMENT_3D('',#12619,#10561,#10562);
#8644=AXIS2_PLACEMENT_3D('',#12620,#10563,#10564);
#8645=AXIS2_PLACEMENT_3D('',#12625,#10567,#10568);
#8646=AXIS2_PLACEMENT_3D('',#12626,#10569,#10570);
#8647=AXIS2_PLACEMENT_3D('',#12627,#10571,#10572);
#8648=AXIS2_PLACEMENT_3D('',#12630,#10573,#10574);
#8649=AXIS2_PLACEMENT_3D('',#12631,#10575,#10576);
#8650=AXIS2_PLACEMENT_3D('',#12632,#10577,#10578);
#8651=AXIS2_PLACEMENT_3D('',#12633,#10579,#10580);
#8652=AXIS2_PLACEMENT_3D('',#12638,#10582,#10583);
#8653=AXIS2_PLACEMENT_3D('',#12642,#10585,#10586);
#8654=AXIS2_PLACEMENT_3D('',#12646,#10588,#10589);
#8655=AXIS2_PLACEMENT_3D('',#12649,#10591,#10592);
#8656=AXIS2_PLACEMENT_3D('',#12654,#10595,#10596);
#8657=AXIS2_PLACEMENT_3D('',#12655,#10597,#10598);
#8658=AXIS2_PLACEMENT_3D('',#12660,#10601,#10602);
#8659=AXIS2_PLACEMENT_3D('',#12661,#10603,#10604);
#8660=AXIS2_PLACEMENT_3D('',#12664,#10606,#10607);
#8661=AXIS2_PLACEMENT_3D('',#12667,#10609,#10610);
#8662=AXIS2_PLACEMENT_3D('',#12670,#10612,#10613);
#8663=AXIS2_PLACEMENT_3D('',#12673,#10615,#10616);
#8664=AXIS2_PLACEMENT_3D('',#12676,#10618,#10619);
#8665=AXIS2_PLACEMENT_3D('',#12679,#10621,#10622);
#8666=AXIS2_PLACEMENT_3D('',#12682,#10624,#10625);
#8667=AXIS2_PLACEMENT_3D('',#12685,#10627,#10628);
#8668=AXIS2_PLACEMENT_3D('',#12690,#10633,#10634);
#8669=AXIS2_PLACEMENT_3D('',#12691,#10635,#10636);
#8670=AXIS2_PLACEMENT_3D('',#12692,#10637,#10638);
#8671=AXIS2_PLACEMENT_3D('',#12693,#10639,#10640);
#8672=AXIS2_PLACEMENT_3D('',#12694,#10641,#10642);
#8673=AXIS2_PLACEMENT_3D('',#12695,#10643,#10644);
#8674=AXIS2_PLACEMENT_3D('',#12696,#10645,#10646);
#8675=AXIS2_PLACEMENT_3D('',#12697,#10647,#10648);
#8676=AXIS2_PLACEMENT_3D('',#12698,#10649,#10650);
#8677=AXIS2_PLACEMENT_3D('',#12699,#10651,#10652);
#8678=AXIS2_PLACEMENT_3D('',#12701,#10654,#10655);
#8679=AXIS2_PLACEMENT_3D('',#12702,#10656,#10657);
#8680=AXIS2_PLACEMENT_3D('',#12703,#10658,#10659);
#8681=DIRECTION('',(0.,0.,1.));
#8682=DIRECTION('',(1.,0.,0.));
#8683=DIRECTION('',(-1.,0.,0.));
#8684=DIRECTION('',(0.,0.,1.));
#8685=DIRECTION('',(1.,0.,0.));
#8686=DIRECTION('',(0.,0.,1.));
#8687=DIRECTION('',(1.,0.,0.));
#8688=DIRECTION('',(-1.,-7.54227598250785E-16,0.));
#8689=DIRECTION('',(0.,1.,0.));
#8690=DIRECTION('',(1.,0.,0.));
#8691=DIRECTION('',(-1.,0.,0.));
#8692=DIRECTION('',(0.,0.,1.));
#8693=DIRECTION('',(-1.,0.,0.));
#8694=DIRECTION('',(1.,0.,0.));
#8695=DIRECTION('',(0.,0.,1.));
#8696=DIRECTION('',(-1.,-7.54227598250785E-16,0.));
#8697=DIRECTION('',(0.,1.,0.));
#8698=DIRECTION('',(0.,0.,1.));
#8699=DIRECTION('',(1.,0.,0.));
#8700=DIRECTION('',(-1.,0.,0.));
#8701=DIRECTION('',(0.,1.,0.));
#8702=DIRECTION('',(0.,0.,-1.));
#8703=DIRECTION('',(1.,0.,0.));
#8704=DIRECTION('',(-1.,0.,0.));
#8705=DIRECTION('',(0.,0.,1.));
#8706=DIRECTION('',(1.,0.,0.));
#8707=DIRECTION('',(0.,1.,0.));
#8708=DIRECTION('',(1.,0.,0.));
#8709=DIRECTION('',(0.,-1.,0.));
#8710=DIRECTION('',(0.,0.,-1.));
#8711=DIRECTION('',(1.,0.,0.));
#8712=DIRECTION('',(1.,0.,0.));
#8713=DIRECTION('',(0.,0.,1.));
#8714=DIRECTION('',(1.,0.,0.));
#8715=DIRECTION('',(0.,-1.,0.));
#8716=DIRECTION('',(0.,0.,1.));
#8717=DIRECTION('',(1.,0.,0.));
#8718=DIRECTION('',(-1.,0.,0.));
#8719=DIRECTION('',(0.,-1.,0.));
#8720=DIRECTION('',(0.,0.,1.));
#8721=DIRECTION('',(1.,0.,0.));
#8722=DIRECTION('',(1.,0.,0.));
#8723=DIRECTION('',(0.,0.,-1.));
#8724=DIRECTION('',(1.,0.,0.));
#8725=DIRECTION('',(0.,-1.,0.));
#8726=DIRECTION('',(1.,0.,0.));
#8727=DIRECTION('',(0.,1.,0.));
#8728=DIRECTION('',(0.,0.,1.));
#8729=DIRECTION('',(1.,0.,0.));
#8730=DIRECTION('',(-1.,0.,0.));
#8731=DIRECTION('',(0.,0.,-1.));
#8732=DIRECTION('',(1.,0.,0.));
#8733=DIRECTION('',(0.,1.,0.));
#8734=DIRECTION('',(-1.,0.,0.));
#8735=DIRECTION('',(0.,0.,1.));
#8736=DIRECTION('',(0.,0.,-1.));
#8737=DIRECTION('',(0.,0.,-1.));
#8738=DIRECTION('',(0.,0.,-1.));
#8739=DIRECTION('',(-1.,0.,0.));
#8740=DIRECTION('',(0.,0.,-1.));
#8741=DIRECTION('',(0.,-1.,0.));
#8742=DIRECTION('',(0.,0.,-1.));
#8743=DIRECTION('',(0.,0.,-1.));
#8744=DIRECTION('',(0.,0.,-1.));
#8745=DIRECTION('',(-1.,0.,0.));
#8746=DIRECTION('',(0.,0.,-1.));
#8747=DIRECTION('',(-1.,0.,0.));
#8748=DIRECTION('',(0.,0.,1.));
#8749=DIRECTION('',(0.,0.,-1.));
#8750=DIRECTION('',(0.,1.,0.));
#8751=DIRECTION('',(0.,0.,1.));
#8752=DIRECTION('',(0.,0.,-1.));
#8753=DIRECTION('',(0.,-1.,0.));
#8754=DIRECTION('',(0.,0.,-1.));
#8755=DIRECTION('',(0.,0.,-1.));
#8756=DIRECTION('',(1.,5.78241158658936E-16,0.));
#8757=DIRECTION('',(-5.78241158658936E-16,1.,0.));
#8758=DIRECTION('',(5.78241158658936E-16,-1.,0.));
#8759=DIRECTION('',(0.,0.,-1.));
#8760=DIRECTION('',(-5.78241158658936E-16,1.,0.));
#8761=DIRECTION('',(0.,0.,-1.));
#8762=DIRECTION('',(0.,0.,-1.));
#8763=DIRECTION('',(-1.,0.,0.));
#8764=DIRECTION('',(0.,-1.,0.));
#8765=DIRECTION('',(5.78241158658936E-16,-1.,0.));
#8766=DIRECTION('',(0.,0.,-1.));
#8767=DIRECTION('',(-1.,0.,0.));
#8768=DIRECTION('',(0.,0.,1.));
#8769=DIRECTION('',(-1.,0.,0.));
#8770=DIRECTION('',(1.,5.78241158658936E-16,0.));
#8771=DIRECTION('',(-5.78241158658936E-16,1.,0.));
#8772=DIRECTION('',(-5.78241158658936E-16,1.,0.));
#8773=DIRECTION('',(0.,0.,1.));
#8774=DIRECTION('',(-5.78241158658936E-16,1.,0.));
#8775=DIRECTION('',(0.,0.,1.));
#8776=DIRECTION('',(0.,0.,1.));
#8777=DIRECTION('',(1.,0.,0.));
#8778=DIRECTION('',(-5.78241158658936E-16,1.,0.));
#8779=DIRECTION('',(0.,1.,0.));
#8780=DIRECTION('',(0.,0.,-1.));
#8781=DIRECTION('',(1.,0.,0.));
#8782=DIRECTION('',(0.,0.,1.));
#8783=DIRECTION('',(1.,0.,0.));
#8784=DIRECTION('',(0.,0.,1.));
#8785=DIRECTION('',(1.,0.,0.));
#8786=DIRECTION('',(1.,0.,0.));
#8787=DIRECTION('',(-1.,0.,0.));
#8788=DIRECTION('',(0.,0.,1.));
#8789=DIRECTION('',(-1.,0.,0.));
#8790=DIRECTION('',(-2.9909025447876E-16,1.,0.));
#8791=DIRECTION('',(1.,0.,0.));
#8792=DIRECTION('',(-2.9909025447876E-16,-1.,0.));
#8793=DIRECTION('',(0.,0.,-1.));
#8794=DIRECTION('',(-1.,0.,0.));
#8795=DIRECTION('',(0.,0.,1.));
#8796=DIRECTION('',(1.,0.,0.));
#8797=DIRECTION('',(1.,0.,0.));
#8798=DIRECTION('',(0.,0.,-1.));
#8799=DIRECTION('',(-1.,0.,0.));
#8800=DIRECTION('',(-2.9909025447876E-16,-1.,0.));
#8801=DIRECTION('',(1.,0.,0.));
#8802=DIRECTION('',(-2.9909025447876E-16,1.,0.));
#8803=DIRECTION('',(0.,0.,1.));
#8804=DIRECTION('',(-1.,0.,0.));
#8805=DIRECTION('',(-1.,0.,0.));
#8806=DIRECTION('',(-1.,0.,0.));
#8807=DIRECTION('',(0.,0.,1.));
#8808=DIRECTION('',(0.,0.,-1.));
#8809=DIRECTION('',(0.,0.,-1.));
#8810=DIRECTION('',(0.,0.,-1.));
#8811=DIRECTION('',(-1.,0.,0.));
#8812=DIRECTION('',(0.,0.,-1.));
#8813=DIRECTION('',(0.,-1.,0.));
#8814=DIRECTION('',(0.,0.,-1.));
#8815=DIRECTION('',(0.,0.,-1.));
#8816=DIRECTION('',(0.,0.,-1.));
#8817=DIRECTION('',(-1.,0.,0.));
#8818=DIRECTION('',(0.,0.,-1.));
#8819=DIRECTION('',(-1.,-2.9909025447876E-16,0.));
#8820=DIRECTION('',(2.9909025447876E-16,-1.,0.));
#8821=DIRECTION('',(0.,0.,-1.));
#8822=DIRECTION('',(0.,0.,-1.));
#8823=DIRECTION('',(0.,1.,0.));
#8824=DIRECTION('',(0.,0.,1.));
#8825=DIRECTION('',(0.,0.,-1.));
#8826=DIRECTION('',(1.,-2.9909025447876E-16,0.));
#8827=DIRECTION('',(2.9909025447876E-16,1.,0.));
#8828=DIRECTION('',(0.,0.,-1.));
#8829=DIRECTION('',(0.,0.,-1.));
#8830=DIRECTION('',(-1.,0.,0.));
#8831=DIRECTION('',(0.,0.,-1.));
#8832=DIRECTION('',(0.,1.,0.));
#8833=DIRECTION('',(0.,0.,1.));
#8834=DIRECTION('',(0.,0.,-1.));
#8835=DIRECTION('',(0.,0.,-1.));
#8836=DIRECTION('',(-1.,0.,0.));
#8837=DIRECTION('',(0.,0.,-1.));
#8838=DIRECTION('',(1.,7.54227598250785E-16,0.));
#8839=DIRECTION('',(-7.54227598250785E-16,1.,0.));
#8840=DIRECTION('',(0.,0.,-1.));
#8841=DIRECTION('',(-1.,0.,0.));
#8842=DIRECTION('',(0.,0.,-1.));
#8843=DIRECTION('',(0.,-1.,0.));
#8844=DIRECTION('',(0.,0.,-1.));
#8845=DIRECTION('',(0.,0.,-1.));
#8846=DIRECTION('',(0.,0.,-1.));
#8847=DIRECTION('',(-1.,0.,0.));
#8848=DIRECTION('',(-1.,0.,0.));
#8849=DIRECTION('',(0.,0.,1.));
#8850=DIRECTION('',(1.,0.,0.));
#8851=DIRECTION('',(0.,0.,1.));
#8852=DIRECTION('',(1.,0.,0.));
#8853=DIRECTION('',(-1.,-7.54227598250785E-16,0.));
#8854=DIRECTION('',(0.,1.,0.));
#8855=DIRECTION('',(1.,0.,0.));
#8856=DIRECTION('',(-1.,0.,0.));
#8857=DIRECTION('',(0.,0.,1.));
#8858=DIRECTION('',(-1.,0.,0.));
#8859=DIRECTION('',(1.,0.,0.));
#8860=DIRECTION('',(0.,0.,1.));
#8861=DIRECTION('',(-1.,-7.54227598250785E-16,0.));
#8862=DIRECTION('',(0.,1.,0.));
#8863=DIRECTION('',(0.,0.,1.));
#8864=DIRECTION('',(1.,0.,0.));
#8865=DIRECTION('',(-1.,0.,0.));
#8866=DIRECTION('',(0.,1.,0.));
#8867=DIRECTION('',(0.,0.,-1.));
#8868=DIRECTION('',(1.,0.,0.));
#8869=DIRECTION('',(-1.,0.,0.));
#8870=DIRECTION('',(0.,0.,1.));
#8871=DIRECTION('',(1.,0.,0.));
#8872=DIRECTION('',(0.,1.,0.));
#8873=DIRECTION('',(1.,0.,0.));
#8874=DIRECTION('',(0.,-1.,0.));
#8875=DIRECTION('',(0.,0.,-1.));
#8876=DIRECTION('',(1.,0.,0.));
#8877=DIRECTION('',(1.,0.,0.));
#8878=DIRECTION('',(0.,0.,1.));
#8879=DIRECTION('',(1.,0.,0.));
#8880=DIRECTION('',(0.,-1.,0.));
#8881=DIRECTION('',(0.,0.,1.));
#8882=DIRECTION('',(1.,0.,0.));
#8883=DIRECTION('',(-1.,0.,0.));
#8884=DIRECTION('',(0.,-1.,0.));
#8885=DIRECTION('',(0.,0.,1.));
#8886=DIRECTION('',(1.,0.,0.));
#8887=DIRECTION('',(1.,0.,0.));
#8888=DIRECTION('',(0.,0.,-1.));
#8889=DIRECTION('',(1.,0.,0.));
#8890=DIRECTION('',(0.,-1.,0.));
#8891=DIRECTION('',(1.,0.,0.));
#8892=DIRECTION('',(0.,1.,0.));
#8893=DIRECTION('',(0.,0.,1.));
#8894=DIRECTION('',(1.,0.,0.));
#8895=DIRECTION('',(-1.,0.,0.));
#8896=DIRECTION('',(0.,0.,-1.));
#8897=DIRECTION('',(1.,0.,0.));
#8898=DIRECTION('',(0.,1.,0.));
#8899=DIRECTION('',(-1.,0.,0.));
#8900=DIRECTION('',(0.,0.,1.));
#8901=DIRECTION('',(0.,0.,-1.));
#8902=DIRECTION('',(0.,0.,-1.));
#8903=DIRECTION('',(0.,0.,-1.));
#8904=DIRECTION('',(-1.,0.,0.));
#8905=DIRECTION('',(0.,0.,-1.));
#8906=DIRECTION('',(0.,-1.,0.));
#8907=DIRECTION('',(0.,0.,-1.));
#8908=DIRECTION('',(0.,0.,-1.));
#8909=DIRECTION('',(0.,0.,-1.));
#8910=DIRECTION('',(-1.,0.,0.));
#8911=DIRECTION('',(0.,0.,-1.));
#8912=DIRECTION('',(-1.,0.,0.));
#8913=DIRECTION('',(0.,0.,1.));
#8914=DIRECTION('',(0.,0.,-1.));
#8915=DIRECTION('',(0.,1.,0.));
#8916=DIRECTION('',(0.,0.,1.));
#8917=DIRECTION('',(0.,0.,-1.));
#8918=DIRECTION('',(0.,-1.,0.));
#8919=DIRECTION('',(0.,0.,-1.));
#8920=DIRECTION('',(0.,0.,-1.));
#8921=DIRECTION('',(1.,5.78241158658936E-16,0.));
#8922=DIRECTION('',(-5.78241158658936E-16,1.,0.));
#8923=DIRECTION('',(5.78241158658936E-16,-1.,0.));
#8924=DIRECTION('',(0.,0.,-1.));
#8925=DIRECTION('',(-5.78241158658936E-16,1.,0.));
#8926=DIRECTION('',(0.,0.,-1.));
#8927=DIRECTION('',(0.,0.,-1.));
#8928=DIRECTION('',(-1.,0.,0.));
#8929=DIRECTION('',(0.,-1.,0.));
#8930=DIRECTION('',(5.78241158658936E-16,-1.,0.));
#8931=DIRECTION('',(0.,0.,-1.));
#8932=DIRECTION('',(-1.,0.,0.));
#8933=DIRECTION('',(0.,0.,1.));
#8934=DIRECTION('',(-1.,0.,0.));
#8935=DIRECTION('',(1.,5.78241158658936E-16,0.));
#8936=DIRECTION('',(-5.78241158658936E-16,1.,0.));
#8937=DIRECTION('',(-5.78241158658936E-16,1.,0.));
#8938=DIRECTION('',(0.,0.,1.));
#8939=DIRECTION('',(-5.78241158658936E-16,1.,0.));
#8940=DIRECTION('',(0.,0.,1.));
#8941=DIRECTION('',(0.,0.,1.));
#8942=DIRECTION('',(1.,0.,0.));
#8943=DIRECTION('',(-5.78241158658936E-16,1.,0.));
#8944=DIRECTION('',(0.,1.,0.));
#8945=DIRECTION('',(0.,0.,-1.));
#8946=DIRECTION('',(1.,0.,0.));
#8947=DIRECTION('',(0.,0.,1.));
#8948=DIRECTION('',(1.,0.,0.));
#8949=DIRECTION('',(0.,0.,1.));
#8950=DIRECTION('',(1.,0.,0.));
#8951=DIRECTION('',(1.,0.,0.));
#8952=DIRECTION('',(-1.,0.,0.));
#8953=DIRECTION('',(0.,0.,1.));
#8954=DIRECTION('',(-1.,0.,0.));
#8955=DIRECTION('',(-2.9909025447876E-16,1.,0.));
#8956=DIRECTION('',(1.,0.,0.));
#8957=DIRECTION('',(-2.9909025447876E-16,-1.,0.));
#8958=DIRECTION('',(0.,0.,-1.));
#8959=DIRECTION('',(-1.,0.,0.));
#8960=DIRECTION('',(0.,0.,1.));
#8961=DIRECTION('',(1.,0.,0.));
#8962=DIRECTION('',(1.,0.,0.));
#8963=DIRECTION('',(0.,0.,-1.));
#8964=DIRECTION('',(-1.,0.,0.));
#8965=DIRECTION('',(-2.9909025447876E-16,-1.,0.));
#8966=DIRECTION('',(1.,0.,0.));
#8967=DIRECTION('',(-2.9909025447876E-16,1.,0.));
#8968=DIRECTION('',(0.,0.,1.));
#8969=DIRECTION('',(-1.,0.,0.));
#8970=DIRECTION('',(-1.,0.,0.));
#8971=DIRECTION('',(-1.,0.,0.));
#8972=DIRECTION('',(0.,0.,1.));
#8973=DIRECTION('',(0.,0.,-1.));
#8974=DIRECTION('',(0.,0.,-1.));
#8975=DIRECTION('',(0.,0.,-1.));
#8976=DIRECTION('',(-1.,0.,0.));
#8977=DIRECTION('',(0.,0.,-1.));
#8978=DIRECTION('',(0.,-1.,0.));
#8979=DIRECTION('',(0.,0.,-1.));
#8980=DIRECTION('',(0.,0.,-1.));
#8981=DIRECTION('',(0.,0.,-1.));
#8982=DIRECTION('',(-1.,0.,0.));
#8983=DIRECTION('',(0.,0.,-1.));
#8984=DIRECTION('',(-1.,-2.9909025447876E-16,0.));
#8985=DIRECTION('',(2.9909025447876E-16,-1.,0.));
#8986=DIRECTION('',(0.,0.,-1.));
#8987=DIRECTION('',(0.,0.,-1.));
#8988=DIRECTION('',(0.,1.,0.));
#8989=DIRECTION('',(0.,0.,1.));
#8990=DIRECTION('',(0.,0.,-1.));
#8991=DIRECTION('',(1.,-2.9909025447876E-16,0.));
#8992=DIRECTION('',(2.9909025447876E-16,1.,0.));
#8993=DIRECTION('',(0.,0.,-1.));
#8994=DIRECTION('',(0.,0.,-1.));
#8995=DIRECTION('',(-1.,0.,0.));
#8996=DIRECTION('',(0.,0.,-1.));
#8997=DIRECTION('',(0.,1.,0.));
#8998=DIRECTION('',(0.,0.,1.));
#8999=DIRECTION('',(0.,0.,-1.));
#9000=DIRECTION('',(0.,0.,-1.));
#9001=DIRECTION('',(-1.,0.,0.));
#9002=DIRECTION('',(0.,0.,-1.));
#9003=DIRECTION('',(1.,7.54227598250785E-16,0.));
#9004=DIRECTION('',(-7.54227598250785E-16,1.,0.));
#9005=DIRECTION('',(0.,0.,-1.));
#9006=DIRECTION('',(-1.,0.,0.));
#9007=DIRECTION('',(0.,0.,-1.));
#9008=DIRECTION('',(0.,-1.,0.));
#9009=DIRECTION('',(0.,0.,-1.));
#9010=DIRECTION('',(0.,0.,-1.));
#9011=DIRECTION('',(0.,0.,-1.));
#9012=DIRECTION('',(-1.,0.,0.));
#9013=DIRECTION('',(-1.,0.,0.));
#9014=DIRECTION('',(0.,0.,1.));
#9015=DIRECTION('',(1.,0.,0.));
#9016=DIRECTION('',(0.,0.,1.));
#9017=DIRECTION('',(1.,0.,0.));
#9018=DIRECTION('',(-1.,-7.54227598250785E-16,0.));
#9019=DIRECTION('',(0.,1.,0.));
#9020=DIRECTION('',(1.,0.,0.));
#9021=DIRECTION('',(-1.,0.,0.));
#9022=DIRECTION('',(0.,0.,1.));
#9023=DIRECTION('',(-1.,0.,0.));
#9024=DIRECTION('',(1.,0.,0.));
#9025=DIRECTION('',(0.,0.,1.));
#9026=DIRECTION('',(-1.,-7.54227598250785E-16,0.));
#9027=DIRECTION('',(0.,1.,0.));
#9028=DIRECTION('',(0.,0.,1.));
#9029=DIRECTION('',(1.,0.,0.));
#9030=DIRECTION('',(-1.,0.,0.));
#9031=DIRECTION('',(0.,1.,0.));
#9032=DIRECTION('',(0.,0.,-1.));
#9033=DIRECTION('',(1.,0.,0.));
#9034=DIRECTION('',(-1.,0.,0.));
#9035=DIRECTION('',(0.,0.,1.));
#9036=DIRECTION('',(1.,0.,0.));
#9037=DIRECTION('',(0.,1.,0.));
#9038=DIRECTION('',(1.,0.,0.));
#9039=DIRECTION('',(0.,-1.,0.));
#9040=DIRECTION('',(0.,0.,-1.));
#9041=DIRECTION('',(1.,0.,0.));
#9042=DIRECTION('',(1.,0.,0.));
#9043=DIRECTION('',(0.,0.,1.));
#9044=DIRECTION('',(1.,0.,0.));
#9045=DIRECTION('',(0.,-1.,0.));
#9046=DIRECTION('',(0.,0.,1.));
#9047=DIRECTION('',(1.,0.,0.));
#9048=DIRECTION('',(-1.,0.,0.));
#9049=DIRECTION('',(0.,-1.,0.));
#9050=DIRECTION('',(0.,0.,1.));
#9051=DIRECTION('',(1.,0.,0.));
#9052=DIRECTION('',(1.,0.,0.));
#9053=DIRECTION('',(0.,0.,-1.));
#9054=DIRECTION('',(1.,0.,0.));
#9055=DIRECTION('',(0.,-1.,0.));
#9056=DIRECTION('',(1.,0.,0.));
#9057=DIRECTION('',(0.,1.,0.));
#9058=DIRECTION('',(0.,0.,1.));
#9059=DIRECTION('',(1.,0.,0.));
#9060=DIRECTION('',(-1.,0.,0.));
#9061=DIRECTION('',(0.,0.,-1.));
#9062=DIRECTION('',(1.,0.,0.));
#9063=DIRECTION('',(0.,1.,0.));
#9064=DIRECTION('',(-1.,0.,0.));
#9065=DIRECTION('',(0.,0.,1.));
#9066=DIRECTION('',(0.,0.,-1.));
#9067=DIRECTION('',(0.,0.,-1.));
#9068=DIRECTION('',(0.,0.,-1.));
#9069=DIRECTION('',(-1.,0.,0.));
#9070=DIRECTION('',(0.,0.,-1.));
#9071=DIRECTION('',(0.,-1.,0.));
#9072=DIRECTION('',(0.,0.,-1.));
#9073=DIRECTION('',(0.,0.,-1.));
#9074=DIRECTION('',(0.,0.,-1.));
#9075=DIRECTION('',(-1.,0.,0.));
#9076=DIRECTION('',(0.,0.,-1.));
#9077=DIRECTION('',(-1.,0.,0.));
#9078=DIRECTION('',(0.,0.,1.));
#9079=DIRECTION('',(0.,0.,-1.));
#9080=DIRECTION('',(0.,1.,0.));
#9081=DIRECTION('',(0.,0.,1.));
#9082=DIRECTION('',(0.,0.,-1.));
#9083=DIRECTION('',(0.,-1.,0.));
#9084=DIRECTION('',(0.,0.,-1.));
#9085=DIRECTION('',(0.,0.,-1.));
#9086=DIRECTION('',(1.,5.78241158658936E-16,0.));
#9087=DIRECTION('',(-5.78241158658936E-16,1.,0.));
#9088=DIRECTION('',(5.78241158658936E-16,-1.,0.));
#9089=DIRECTION('',(0.,0.,-1.));
#9090=DIRECTION('',(-5.78241158658936E-16,1.,0.));
#9091=DIRECTION('',(0.,0.,-1.));
#9092=DIRECTION('',(0.,0.,-1.));
#9093=DIRECTION('',(-1.,0.,0.));
#9094=DIRECTION('',(0.,-1.,0.));
#9095=DIRECTION('',(5.78241158658936E-16,-1.,0.));
#9096=DIRECTION('',(0.,0.,-1.));
#9097=DIRECTION('',(-1.,0.,0.));
#9098=DIRECTION('',(0.,0.,1.));
#9099=DIRECTION('',(-1.,0.,0.));
#9100=DIRECTION('',(1.,5.78241158658936E-16,0.));
#9101=DIRECTION('',(-5.78241158658936E-16,1.,0.));
#9102=DIRECTION('',(-5.78241158658936E-16,1.,0.));
#9103=DIRECTION('',(0.,0.,1.));
#9104=DIRECTION('',(-5.78241158658936E-16,1.,0.));
#9105=DIRECTION('',(0.,0.,1.));
#9106=DIRECTION('',(0.,0.,1.));
#9107=DIRECTION('',(1.,0.,0.));
#9108=DIRECTION('',(-5.78241158658936E-16,1.,0.));
#9109=DIRECTION('',(0.,1.,0.));
#9110=DIRECTION('',(0.,0.,-1.));
#9111=DIRECTION('',(1.,0.,0.));
#9112=DIRECTION('',(0.,0.,1.));
#9113=DIRECTION('',(1.,0.,0.));
#9114=DIRECTION('',(0.,0.,1.));
#9115=DIRECTION('',(1.,0.,0.));
#9116=DIRECTION('',(1.,0.,0.));
#9117=DIRECTION('',(-1.,0.,0.));
#9118=DIRECTION('',(0.,0.,1.));
#9119=DIRECTION('',(-1.,0.,0.));
#9120=DIRECTION('',(-2.9909025447876E-16,1.,0.));
#9121=DIRECTION('',(1.,0.,0.));
#9122=DIRECTION('',(-2.9909025447876E-16,-1.,0.));
#9123=DIRECTION('',(0.,0.,-1.));
#9124=DIRECTION('',(-1.,0.,0.));
#9125=DIRECTION('',(0.,0.,1.));
#9126=DIRECTION('',(1.,0.,0.));
#9127=DIRECTION('',(1.,0.,0.));
#9128=DIRECTION('',(0.,0.,-1.));
#9129=DIRECTION('',(-1.,0.,0.));
#9130=DIRECTION('',(-2.9909025447876E-16,-1.,0.));
#9131=DIRECTION('',(1.,0.,0.));
#9132=DIRECTION('',(-2.9909025447876E-16,1.,0.));
#9133=DIRECTION('',(0.,0.,1.));
#9134=DIRECTION('',(-1.,0.,0.));
#9135=DIRECTION('',(-1.,0.,0.));
#9136=DIRECTION('',(-1.,0.,0.));
#9137=DIRECTION('',(0.,0.,1.));
#9138=DIRECTION('',(0.,0.,-1.));
#9139=DIRECTION('',(0.,0.,-1.));
#9140=DIRECTION('',(0.,0.,-1.));
#9141=DIRECTION('',(-1.,0.,0.));
#9142=DIRECTION('',(0.,0.,-1.));
#9143=DIRECTION('',(0.,-1.,0.));
#9144=DIRECTION('',(0.,0.,-1.));
#9145=DIRECTION('',(0.,0.,-1.));
#9146=DIRECTION('',(0.,0.,-1.));
#9147=DIRECTION('',(-1.,0.,0.));
#9148=DIRECTION('',(0.,0.,-1.));
#9149=DIRECTION('',(-1.,-2.9909025447876E-16,0.));
#9150=DIRECTION('',(2.9909025447876E-16,-1.,0.));
#9151=DIRECTION('',(0.,0.,-1.));
#9152=DIRECTION('',(0.,0.,-1.));
#9153=DIRECTION('',(0.,1.,0.));
#9154=DIRECTION('',(0.,0.,1.));
#9155=DIRECTION('',(0.,0.,-1.));
#9156=DIRECTION('',(1.,-2.9909025447876E-16,0.));
#9157=DIRECTION('',(2.9909025447876E-16,1.,0.));
#9158=DIRECTION('',(0.,0.,-1.));
#9159=DIRECTION('',(0.,0.,-1.));
#9160=DIRECTION('',(-1.,0.,0.));
#9161=DIRECTION('',(0.,0.,-1.));
#9162=DIRECTION('',(0.,1.,0.));
#9163=DIRECTION('',(0.,0.,1.));
#9164=DIRECTION('',(0.,0.,-1.));
#9165=DIRECTION('',(0.,0.,-1.));
#9166=DIRECTION('',(-1.,0.,0.));
#9167=DIRECTION('',(0.,0.,-1.));
#9168=DIRECTION('',(1.,7.54227598250785E-16,0.));
#9169=DIRECTION('',(-7.54227598250785E-16,1.,0.));
#9170=DIRECTION('',(0.,0.,-1.));
#9171=DIRECTION('',(-1.,0.,0.));
#9172=DIRECTION('',(0.,0.,-1.));
#9173=DIRECTION('',(0.,-1.,0.));
#9174=DIRECTION('',(0.,0.,-1.));
#9175=DIRECTION('',(0.,0.,-1.));
#9176=DIRECTION('',(0.,0.,-1.));
#9177=DIRECTION('',(-1.,0.,0.));
#9178=DIRECTION('',(-1.,0.,0.));
#9179=DIRECTION('',(0.,0.,1.));
#9180=DIRECTION('',(-1.,0.,0.));
#9181=DIRECTION('',(0.,0.,1.));
#9182=DIRECTION('',(1.,0.,0.));
#9183=DIRECTION('',(1.,-7.54227598250785E-16,0.));
#9184=DIRECTION('',(0.,-1.,0.));
#9185=DIRECTION('',(1.,0.,0.));
#9186=DIRECTION('',(-1.,0.,0.));
#9187=DIRECTION('',(0.,0.,1.));
#9188=DIRECTION('',(-1.,0.,0.));
#9189=DIRECTION('',(1.,-7.54227598250785E-16,0.));
#9190=DIRECTION('',(0.,-1.,0.));
#9191=DIRECTION('',(-1.,0.,0.));
#9192=DIRECTION('',(0.,0.,1.));
#9193=DIRECTION('',(0.,0.,1.));
#9194=DIRECTION('',(1.,0.,0.));
#9195=DIRECTION('',(-1.,0.,0.));
#9196=DIRECTION('',(0.,1.,0.));
#9197=DIRECTION('',(0.,0.,-1.));
#9198=DIRECTION('',(1.,0.,0.));
#9199=DIRECTION('',(1.,0.,0.));
#9200=DIRECTION('',(0.,0.,1.));
#9201=DIRECTION('',(1.,0.,0.));
#9202=DIRECTION('',(0.,1.,0.));
#9203=DIRECTION('',(1.,0.,0.));
#9204=DIRECTION('',(0.,-1.,0.));
#9205=DIRECTION('',(0.,0.,-1.));
#9206=DIRECTION('',(1.,0.,0.));
#9207=DIRECTION('',(-1.,0.,0.));
#9208=DIRECTION('',(0.,0.,1.));
#9209=DIRECTION('',(1.,0.,0.));
#9210=DIRECTION('',(0.,-1.,0.));
#9211=DIRECTION('',(0.,0.,1.));
#9212=DIRECTION('',(1.,0.,0.));
#9213=DIRECTION('',(-1.,0.,0.));
#9214=DIRECTION('',(0.,-1.,0.));
#9215=DIRECTION('',(0.,0.,1.));
#9216=DIRECTION('',(1.,0.,0.));
#9217=DIRECTION('',(-1.,0.,0.));
#9218=DIRECTION('',(0.,0.,-1.));
#9219=DIRECTION('',(1.,0.,0.));
#9220=DIRECTION('',(0.,-1.,0.));
#9221=DIRECTION('',(1.,0.,0.));
#9222=DIRECTION('',(0.,1.,0.));
#9223=DIRECTION('',(0.,0.,1.));
#9224=DIRECTION('',(1.,0.,0.));
#9225=DIRECTION('',(1.,0.,0.));
#9226=DIRECTION('',(0.,0.,-1.));
#9227=DIRECTION('',(1.,0.,0.));
#9228=DIRECTION('',(0.,1.,0.));
#9229=DIRECTION('',(-1.,0.,0.));
#9230=DIRECTION('',(0.,0.,1.));
#9231=DIRECTION('',(0.,0.,-1.));
#9232=DIRECTION('',(0.,0.,-1.));
#9233=DIRECTION('',(0.,0.,-1.));
#9234=DIRECTION('',(-1.,0.,0.));
#9235=DIRECTION('',(0.,0.,-1.));
#9236=DIRECTION('',(0.,1.,0.));
#9237=DIRECTION('',(0.,0.,-1.));
#9238=DIRECTION('',(0.,0.,-1.));
#9239=DIRECTION('',(0.,0.,-1.));
#9240=DIRECTION('',(-1.,0.,0.));
#9241=DIRECTION('',(0.,0.,-1.));
#9242=DIRECTION('',(-1.,0.,0.));
#9243=DIRECTION('',(0.,0.,1.));
#9244=DIRECTION('',(0.,0.,-1.));
#9245=DIRECTION('',(0.,-1.,0.));
#9246=DIRECTION('',(0.,0.,1.));
#9247=DIRECTION('',(0.,0.,-1.));
#9248=DIRECTION('',(0.,1.,0.));
#9249=DIRECTION('',(0.,0.,-1.));
#9250=DIRECTION('',(0.,0.,-1.));
#9251=DIRECTION('',(1.,-5.78241158658936E-16,0.));
#9252=DIRECTION('',(-5.78241158658936E-16,-1.,0.));
#9253=DIRECTION('',(5.78241158658936E-16,1.,0.));
#9254=DIRECTION('',(0.,0.,-1.));
#9255=DIRECTION('',(-5.78241158658936E-16,-1.,0.));
#9256=DIRECTION('',(0.,0.,-1.));
#9257=DIRECTION('',(0.,0.,-1.));
#9258=DIRECTION('',(-1.,0.,0.));
#9259=DIRECTION('',(0.,1.,0.));
#9260=DIRECTION('',(0.,0.,-1.));
#9261=DIRECTION('',(-1.,0.,0.));
#9262=DIRECTION('',(0.,0.,1.));
#9263=DIRECTION('',(-1.,0.,0.));
#9264=DIRECTION('',(5.78241158658936E-16,1.,0.));
#9265=DIRECTION('',(1.,-5.78241158658936E-16,0.));
#9266=DIRECTION('',(-5.78241158658936E-16,-1.,0.));
#9267=DIRECTION('',(-5.78241158658936E-16,-1.,0.));
#9268=DIRECTION('',(0.,0.,1.));
#9269=DIRECTION('',(-5.78241158658936E-16,-1.,0.));
#9270=DIRECTION('',(0.,0.,1.));
#9271=DIRECTION('',(0.,0.,1.));
#9272=DIRECTION('',(1.,0.,0.));
#9273=DIRECTION('',(-5.78241158658936E-16,-1.,0.));
#9274=DIRECTION('',(0.,0.,-1.));
#9275=DIRECTION('',(1.,0.,0.));
#9276=DIRECTION('',(0.,0.,1.));
#9277=DIRECTION('',(1.,0.,0.));
#9278=DIRECTION('',(0.,-1.,0.));
#9279=DIRECTION('',(0.,0.,1.));
#9280=DIRECTION('',(1.,0.,0.));
#9281=DIRECTION('',(1.,0.,0.));
#9282=DIRECTION('',(0.,0.,1.));
#9283=DIRECTION('',(-1.,0.,0.));
#9284=DIRECTION('',(-2.9909025447876E-16,1.,0.));
#9285=DIRECTION('',(1.,0.,0.));
#9286=DIRECTION('',(-2.9909025447876E-16,-1.,0.));
#9287=DIRECTION('',(0.,0.,-1.));
#9288=DIRECTION('',(-1.,0.,0.));
#9289=DIRECTION('',(-1.,0.,0.));
#9290=DIRECTION('',(0.,0.,1.));
#9291=DIRECTION('',(1.,0.,0.));
#9292=DIRECTION('',(-1.,0.,0.));
#9293=DIRECTION('',(0.,0.,-1.));
#9294=DIRECTION('',(-1.,0.,0.));
#9295=DIRECTION('',(-2.9909025447876E-16,-1.,0.));
#9296=DIRECTION('',(1.,0.,0.));
#9297=DIRECTION('',(-2.9909025447876E-16,1.,0.));
#9298=DIRECTION('',(0.,0.,1.));
#9299=DIRECTION('',(-1.,0.,0.));
#9300=DIRECTION('',(1.,0.,0.));
#9301=DIRECTION('',(-1.,0.,0.));
#9302=DIRECTION('',(0.,0.,1.));
#9303=DIRECTION('',(0.,0.,-1.));
#9304=DIRECTION('',(0.,0.,-1.));
#9305=DIRECTION('',(0.,0.,-1.));
#9306=DIRECTION('',(-1.,0.,0.));
#9307=DIRECTION('',(0.,0.,-1.));
#9308=DIRECTION('',(0.,1.,0.));
#9309=DIRECTION('',(0.,0.,-1.));
#9310=DIRECTION('',(0.,0.,-1.));
#9311=DIRECTION('',(0.,0.,-1.));
#9312=DIRECTION('',(-1.,0.,0.));
#9313=DIRECTION('',(0.,0.,-1.));
#9314=DIRECTION('',(-1.,2.9909025447876E-16,0.));
#9315=DIRECTION('',(2.9909025447876E-16,1.,0.));
#9316=DIRECTION('',(0.,0.,-1.));
#9317=DIRECTION('',(0.,0.,-1.));
#9318=DIRECTION('',(0.,-1.,0.));
#9319=DIRECTION('',(0.,0.,1.));
#9320=DIRECTION('',(0.,0.,-1.));
#9321=DIRECTION('',(1.,2.9909025447876E-16,0.));
#9322=DIRECTION('',(2.9909025447876E-16,-1.,0.));
#9323=DIRECTION('',(0.,0.,-1.));
#9324=DIRECTION('',(0.,0.,-1.));
#9325=DIRECTION('',(-1.,0.,0.));
#9326=DIRECTION('',(0.,0.,-1.));
#9327=DIRECTION('',(0.,-1.,0.));
#9328=DIRECTION('',(0.,0.,1.));
#9329=DIRECTION('',(0.,0.,-1.));
#9330=DIRECTION('',(0.,0.,-1.));
#9331=DIRECTION('',(-1.,0.,0.));
#9332=DIRECTION('',(0.,0.,-1.));
#9333=DIRECTION('',(1.,-7.54227598250785E-16,0.));
#9334=DIRECTION('',(-7.54227598250785E-16,-1.,0.));
#9335=DIRECTION('',(0.,0.,-1.));
#9336=DIRECTION('',(-1.,0.,0.));
#9337=DIRECTION('',(0.,0.,-1.));
#9338=DIRECTION('',(0.,1.,0.));
#9339=DIRECTION('',(0.,0.,-1.));
#9340=DIRECTION('',(0.,0.,-1.));
#9341=DIRECTION('',(0.,0.,-1.));
#9342=DIRECTION('',(-1.,0.,0.));
#9343=DIRECTION('',(-1.,0.,0.));
#9344=DIRECTION('',(0.,0.,1.));
#9345=DIRECTION('',(-1.,0.,0.));
#9346=DIRECTION('',(0.,0.,1.));
#9347=DIRECTION('',(1.,0.,0.));
#9348=DIRECTION('',(1.,-7.54227598250785E-16,0.));
#9349=DIRECTION('',(0.,-1.,0.));
#9350=DIRECTION('',(1.,0.,0.));
#9351=DIRECTION('',(-1.,0.,0.));
#9352=DIRECTION('',(0.,0.,1.));
#9353=DIRECTION('',(-1.,0.,0.));
#9354=DIRECTION('',(1.,-7.54227598250785E-16,0.));
#9355=DIRECTION('',(0.,-1.,0.));
#9356=DIRECTION('',(-1.,0.,0.));
#9357=DIRECTION('',(0.,0.,1.));
#9358=DIRECTION('',(0.,0.,1.));
#9359=DIRECTION('',(1.,0.,0.));
#9360=DIRECTION('',(-1.,0.,0.));
#9361=DIRECTION('',(0.,1.,0.));
#9362=DIRECTION('',(0.,0.,-1.));
#9363=DIRECTION('',(1.,0.,0.));
#9364=DIRECTION('',(1.,0.,0.));
#9365=DIRECTION('',(0.,0.,1.));
#9366=DIRECTION('',(1.,0.,0.));
#9367=DIRECTION('',(0.,1.,0.));
#9368=DIRECTION('',(1.,0.,0.));
#9369=DIRECTION('',(0.,-1.,0.));
#9370=DIRECTION('',(0.,0.,-1.));
#9371=DIRECTION('',(1.,0.,0.));
#9372=DIRECTION('',(-1.,0.,0.));
#9373=DIRECTION('',(0.,0.,1.));
#9374=DIRECTION('',(1.,0.,0.));
#9375=DIRECTION('',(0.,-1.,0.));
#9376=DIRECTION('',(0.,0.,1.));
#9377=DIRECTION('',(1.,0.,0.));
#9378=DIRECTION('',(-1.,0.,0.));
#9379=DIRECTION('',(0.,-1.,0.));
#9380=DIRECTION('',(0.,0.,1.));
#9381=DIRECTION('',(1.,0.,0.));
#9382=DIRECTION('',(-1.,0.,0.));
#9383=DIRECTION('',(0.,0.,-1.));
#9384=DIRECTION('',(1.,0.,0.));
#9385=DIRECTION('',(0.,-1.,0.));
#9386=DIRECTION('',(1.,0.,0.));
#9387=DIRECTION('',(0.,1.,0.));
#9388=DIRECTION('',(0.,0.,1.));
#9389=DIRECTION('',(1.,0.,0.));
#9390=DIRECTION('',(1.,0.,0.));
#9391=DIRECTION('',(0.,0.,-1.));
#9392=DIRECTION('',(1.,0.,0.));
#9393=DIRECTION('',(0.,1.,0.));
#9394=DIRECTION('',(-1.,0.,0.));
#9395=DIRECTION('',(0.,0.,1.));
#9396=DIRECTION('',(0.,0.,-1.));
#9397=DIRECTION('',(0.,0.,-1.));
#9398=DIRECTION('',(0.,0.,-1.));
#9399=DIRECTION('',(-1.,0.,0.));
#9400=DIRECTION('',(0.,0.,-1.));
#9401=DIRECTION('',(0.,1.,0.));
#9402=DIRECTION('',(0.,0.,-1.));
#9403=DIRECTION('',(0.,0.,-1.));
#9404=DIRECTION('',(0.,0.,-1.));
#9405=DIRECTION('',(-1.,0.,0.));
#9406=DIRECTION('',(0.,0.,-1.));
#9407=DIRECTION('',(-1.,0.,0.));
#9408=DIRECTION('',(0.,0.,1.));
#9409=DIRECTION('',(0.,0.,-1.));
#9410=DIRECTION('',(0.,-1.,0.));
#9411=DIRECTION('',(0.,0.,1.));
#9412=DIRECTION('',(0.,0.,-1.));
#9413=DIRECTION('',(0.,1.,0.));
#9414=DIRECTION('',(0.,0.,-1.));
#9415=DIRECTION('',(0.,0.,-1.));
#9416=DIRECTION('',(1.,-5.78241158658936E-16,0.));
#9417=DIRECTION('',(-5.78241158658936E-16,-1.,0.));
#9418=DIRECTION('',(5.78241158658936E-16,1.,0.));
#9419=DIRECTION('',(0.,0.,-1.));
#9420=DIRECTION('',(-5.78241158658936E-16,-1.,0.));
#9421=DIRECTION('',(0.,0.,-1.));
#9422=DIRECTION('',(0.,0.,-1.));
#9423=DIRECTION('',(-1.,0.,0.));
#9424=DIRECTION('',(0.,1.,0.));
#9425=DIRECTION('',(0.,0.,-1.));
#9426=DIRECTION('',(-1.,0.,0.));
#9427=DIRECTION('',(0.,0.,1.));
#9428=DIRECTION('',(-1.,0.,0.));
#9429=DIRECTION('',(5.78241158658936E-16,1.,0.));
#9430=DIRECTION('',(1.,-5.78241158658936E-16,0.));
#9431=DIRECTION('',(-5.78241158658936E-16,-1.,0.));
#9432=DIRECTION('',(-5.78241158658936E-16,-1.,0.));
#9433=DIRECTION('',(0.,0.,1.));
#9434=DIRECTION('',(-5.78241158658936E-16,-1.,0.));
#9435=DIRECTION('',(0.,0.,1.));
#9436=DIRECTION('',(0.,0.,1.));
#9437=DIRECTION('',(1.,0.,0.));
#9438=DIRECTION('',(-5.78241158658936E-16,-1.,0.));
#9439=DIRECTION('',(0.,0.,-1.));
#9440=DIRECTION('',(1.,0.,0.));
#9441=DIRECTION('',(0.,0.,1.));
#9442=DIRECTION('',(1.,0.,0.));
#9443=DIRECTION('',(0.,-1.,0.));
#9444=DIRECTION('',(0.,0.,1.));
#9445=DIRECTION('',(1.,0.,0.));
#9446=DIRECTION('',(1.,0.,0.));
#9447=DIRECTION('',(0.,0.,1.));
#9448=DIRECTION('',(-1.,0.,0.));
#9449=DIRECTION('',(-2.9909025447876E-16,1.,0.));
#9450=DIRECTION('',(1.,0.,0.));
#9451=DIRECTION('',(-2.9909025447876E-16,-1.,0.));
#9452=DIRECTION('',(0.,0.,-1.));
#9453=DIRECTION('',(-1.,0.,0.));
#9454=DIRECTION('',(-1.,0.,0.));
#9455=DIRECTION('',(0.,0.,1.));
#9456=DIRECTION('',(1.,0.,0.));
#9457=DIRECTION('',(-1.,0.,0.));
#9458=DIRECTION('',(0.,0.,-1.));
#9459=DIRECTION('',(-1.,0.,0.));
#9460=DIRECTION('',(-2.9909025447876E-16,-1.,0.));
#9461=DIRECTION('',(1.,0.,0.));
#9462=DIRECTION('',(-2.9909025447876E-16,1.,0.));
#9463=DIRECTION('',(0.,0.,1.));
#9464=DIRECTION('',(-1.,0.,0.));
#9465=DIRECTION('',(1.,0.,0.));
#9466=DIRECTION('',(-1.,0.,0.));
#9467=DIRECTION('',(0.,0.,1.));
#9468=DIRECTION('',(0.,0.,-1.));
#9469=DIRECTION('',(0.,0.,-1.));
#9470=DIRECTION('',(0.,0.,-1.));
#9471=DIRECTION('',(-1.,0.,0.));
#9472=DIRECTION('',(0.,0.,-1.));
#9473=DIRECTION('',(0.,1.,0.));
#9474=DIRECTION('',(0.,0.,-1.));
#9475=DIRECTION('',(0.,0.,-1.));
#9476=DIRECTION('',(0.,0.,-1.));
#9477=DIRECTION('',(-1.,0.,0.));
#9478=DIRECTION('',(0.,0.,-1.));
#9479=DIRECTION('',(-1.,2.9909025447876E-16,0.));
#9480=DIRECTION('',(2.9909025447876E-16,1.,0.));
#9481=DIRECTION('',(0.,0.,-1.));
#9482=DIRECTION('',(0.,0.,-1.));
#9483=DIRECTION('',(0.,-1.,0.));
#9484=DIRECTION('',(0.,0.,1.));
#9485=DIRECTION('',(0.,0.,-1.));
#9486=DIRECTION('',(1.,2.9909025447876E-16,0.));
#9487=DIRECTION('',(2.9909025447876E-16,-1.,0.));
#9488=DIRECTION('',(0.,0.,-1.));
#9489=DIRECTION('',(0.,0.,-1.));
#9490=DIRECTION('',(-1.,0.,0.));
#9491=DIRECTION('',(0.,0.,-1.));
#9492=DIRECTION('',(0.,-1.,0.));
#9493=DIRECTION('',(0.,0.,1.));
#9494=DIRECTION('',(0.,0.,-1.));
#9495=DIRECTION('',(0.,0.,-1.));
#9496=DIRECTION('',(-1.,0.,0.));
#9497=DIRECTION('',(0.,0.,-1.));
#9498=DIRECTION('',(1.,-7.54227598250785E-16,0.));
#9499=DIRECTION('',(-7.54227598250785E-16,-1.,0.));
#9500=DIRECTION('',(0.,0.,-1.));
#9501=DIRECTION('',(-1.,0.,0.));
#9502=DIRECTION('',(0.,0.,-1.));
#9503=DIRECTION('',(0.,1.,0.));
#9504=DIRECTION('',(0.,0.,-1.));
#9505=DIRECTION('',(0.,0.,-1.));
#9506=DIRECTION('',(0.,0.,-1.));
#9507=DIRECTION('',(-1.,0.,0.));
#9508=DIRECTION('',(6.93889390390721E-15,1.35074987221761E-28,-1.));
#9509=DIRECTION('',(-1.,0.,-6.93889390390721E-15));
#9510=DIRECTION('',(0.,1.,1.35074987221761E-28));
#9511=DIRECTION('',(-1.,-1.95156391047391E-14,-6.93889390390721E-15));
#9512=DIRECTION('',(1.94663571878079E-14,-1.,0.));
#9513=DIRECTION('',(-1.,-1.95156391047391E-14,-6.93889390390721E-15));
#9514=DIRECTION('',(-1.,-1.953056979633E-14,-6.94101132467612E-15));
#9515=DIRECTION('',(1.953056979633E-14,-1.,0.));
#9516=DIRECTION('',(1.95305697963301E-14,-1.,-4.33680868994202E-16));
#9517=DIRECTION('',(6.94101132467612E-15,8.18265790555098E-17,-1.));
#9518=DIRECTION('',(1.97127667724637E-14,-1.,0.));
#9519=DIRECTION('',(-6.94101132467612E-15,-1.6365315811102E-16,1.));
#9520=DIRECTION('',(1.953056979633E-14,-1.,0.));
#9521=DIRECTION('',(-6.94101132467612E-15,-2.93966381527306E-31,1.));
#9522=DIRECTION('',(-1.953056979633E-14,1.,0.));
#9523=DIRECTION('',(-6.94101132467612E-15,1.6365315811102E-16,1.));
#9524=DIRECTION('',(6.94101132467612E-15,-8.18265790555098E-17,-1.));
#9525=DIRECTION('',(-1.953056979633E-14,1.,-4.33680868994202E-16));
#9526=DIRECTION('',(-6.94101132467612E-15,-2.93966381526993E-31,1.));
#9527=DIRECTION('',(1.95156391047391E-14,-1.,1.35164305652759E-28));
#9528=DIRECTION('',(1.,1.95156391047391E-14,0.));
#9529=DIRECTION('',(1.,1.95156391047391E-14,8.46355932592046E-30));
#9530=DIRECTION('',(-1.,-1.95156391047391E-14,8.46355932592046E-30));
#9531=DIRECTION('',(0.,-1.35164305652759E-28,-1.));
#9532=DIRECTION('',(6.93889390390721E-15,1.36784797186593E-28,-1.));
#9533=DIRECTION('',(-1.,0.,-6.93889390390721E-15));
#9534=DIRECTION('',(-1.,-1.95156391047391E-14,-6.93889390390721E-15));
#9535=DIRECTION('',(-1.,-1.95156391047391E-14,-6.93889390390721E-15));
#9536=DIRECTION('',(0.,1.,1.36784797186593E-28));
#9537=DIRECTION('',(1.,0.,0.));
#9538=DIRECTION('',(0.,0.,-1.));
#9539=DIRECTION('',(0.,1.,-2.26268279475236E-16));
#9540=DIRECTION('',(0.,0.,-1.));
#9541=DIRECTION('',(0.,-1.,4.33680868994202E-16));
#9542=DIRECTION('',(0.,8.18265790555098E-17,1.));
#9543=DIRECTION('',(0.,1.,0.));
#9544=DIRECTION('',(0.,0.,1.));
#9545=DIRECTION('',(-1.,0.,0.));
#9546=DIRECTION('',(0.,0.,1.));
#9547=DIRECTION('',(-1.,0.,0.));
#9548=DIRECTION('',(-1.,0.,0.));
#9549=DIRECTION('',(0.,0.,1.));
#9550=DIRECTION('',(0.,-1.6365315811102E-16,-1.));
#9551=DIRECTION('',(0.,-1.,0.));
#9552=DIRECTION('',(0.,1.6365315811102E-16,1.));
#9553=DIRECTION('',(0.,-1.,2.26268279475236E-16));
#9554=DIRECTION('',(0.,-1.,1.6365315811102E-16));
#9555=DIRECTION('',(0.,-1.6365315811102E-16,-1.));
#9556=DIRECTION('',(-1.,0.,0.));
#9557=DIRECTION('',(-1.,0.,0.));
#9558=DIRECTION('',(0.,-1.6365315811102E-16,1.));
#9559=DIRECTION('',(-1.,0.,0.));
#9560=DIRECTION('',(0.,1.6365315811102E-16,-1.));
#9561=DIRECTION('',(1.,0.,0.));
#9562=DIRECTION('',(-1.,0.,0.));
#9563=DIRECTION('',(0.,0.,1.));
#9564=DIRECTION('',(0.,1.,0.));
#9565=DIRECTION('',(0.,1.6365315811102E-16,-1.));
#9566=DIRECTION('',(0.,1.,-1.50845519650157E-16));
#9567=DIRECTION('',(1.,0.,0.));
#9568=DIRECTION('',(0.,0.,-1.));
#9569=DIRECTION('',(0.,-1.,1.50845519650157E-16));
#9570=DIRECTION('',(0.,-8.18265790555098E-17,1.));
#9571=DIRECTION('',(0.,1.,4.33680868994202E-16));
#9572=DIRECTION('',(0.,0.,-1.));
#9573=DIRECTION('',(0.,1.,0.));
#9574=DIRECTION('',(0.,0.,1.));
#9575=DIRECTION('',(1.,0.,0.));
#9576=DIRECTION('',(-1.,0.,0.));
#9577=DIRECTION('',(0.,0.,1.));
#9578=DIRECTION('',(1.,0.,0.));
#9579=DIRECTION('',(0.,0.,-1.));
#9580=DIRECTION('',(0.,1.,0.));
#9581=DIRECTION('',(-1.,0.,0.));
#9582=DIRECTION('',(0.,2.60208521396521E-15,-1.));
#9583=DIRECTION('',(0.,0.,-1.));
#9584=DIRECTION('',(-1.,0.,0.));
#9585=DIRECTION('',(0.,0.,-1.));
#9586=DIRECTION('',(0.,1.,0.));
#9587=DIRECTION('',(-1.,0.,0.));
#9588=DIRECTION('',(0.,0.,-1.));
#9589=DIRECTION('',(0.,0.,-1.));
#9590=DIRECTION('',(-1.,0.,0.));
#9591=DIRECTION('',(0.,0.,-1.));
#9592=DIRECTION('',(1.,0.,0.));
#9593=DIRECTION('',(0.,0.,-1.));
#9594=DIRECTION('',(0.,-1.6365315811102E-16,1.));
#9595=DIRECTION('',(0.,8.18265790555098E-17,-1.));
#9596=DIRECTION('',(0.,1.,0.));
#9597=DIRECTION('',(0.,-1.50845519650157E-16,-1.));
#9598=DIRECTION('',(0.,1.,-1.50845519650157E-16));
#9599=DIRECTION('',(1.,0.,0.));
#9600=DIRECTION('',(-1.,0.,0.));
#9601=DIRECTION('',(0.,1.,0.));
#9602=DIRECTION('',(1.,0.,0.));
#9603=DIRECTION('',(-1.,0.,0.));
#9604=DIRECTION('',(0.,1.,0.));
#9605=DIRECTION('',(0.,-1.,-7.41334818793507E-17));
#9606=DIRECTION('',(0.,7.41334818793507E-17,-1.));
#9607=DIRECTION('',(1.,0.,0.));
#9608=DIRECTION('',(-1.,0.,0.));
#9609=DIRECTION('',(0.,0.,-1.));
#9610=DIRECTION('',(1.,0.,0.));
#9611=DIRECTION('',(0.,0.,-1.));
#9612=DIRECTION('',(-1.,0.,0.));
#9613=DIRECTION('',(0.,0.,-1.));
#9614=DIRECTION('',(0.,2.26268279475236E-16,1.));
#9615=DIRECTION('',(0.,-1.,2.26268279475236E-16));
#9616=DIRECTION('',(1.,0.,0.));
#9617=DIRECTION('',(0.,1.,0.));
#9618=DIRECTION('',(-1.,0.,0.));
#9619=DIRECTION('',(0.,1.,0.));
#9620=DIRECTION('',(1.,0.,0.));
#9621=DIRECTION('',(-1.,0.,0.));
#9622=DIRECTION('',(0.,1.,0.));
#9623=DIRECTION('',(1.,0.,0.));
#9624=DIRECTION('',(0.,0.,-1.));
#9625=DIRECTION('',(-1.,0.,0.));
#9626=DIRECTION('',(0.,0.,-1.));
#9627=DIRECTION('',(0.,1.,0.));
#9628=DIRECTION('',(0.,0.,1.));
#9629=DIRECTION('',(1.,0.,0.));
#9630=DIRECTION('',(-1.,0.,0.));
#9631=DIRECTION('',(0.,0.,-1.));
#9632=DIRECTION('',(1.,0.,0.));
#9633=DIRECTION('',(0.,0.,-1.));
#9634=DIRECTION('',(-1.,0.,0.));
#9635=DIRECTION('',(0.,0.,-1.));
#9636=DIRECTION('',(1.,0.,0.));
#9637=DIRECTION('',(0.,0.,-1.));
#9638=DIRECTION('',(-1.,0.,0.));
#9639=DIRECTION('',(0.,2.60208521396521E-15,-1.));
#9640=DIRECTION('',(0.,-1.,8.18265790555098E-17));
#9641=DIRECTION('',(0.,-8.18265790555098E-17,-1.));
#9642=DIRECTION('',(0.,-8.18265790555098E-17,-1.));
#9643=DIRECTION('',(-1.,0.,0.));
#9644=DIRECTION('',(0.,-4.33680868994202E-16,-1.));
#9645=DIRECTION('',(0.,1.,-4.33680868994202E-16));
#9646=DIRECTION('',(0.,1.,-4.33680868994202E-16));
#9647=DIRECTION('',(0.,1.,-1.6365315811102E-16));
#9648=DIRECTION('',(0.,1.6365315811102E-16,1.));
#9649=DIRECTION('',(-1.,0.,0.));
#9650=DIRECTION('',(0.,1.6365315811102E-16,1.));
#9651=DIRECTION('',(0.,0.,-1.));
#9652=DIRECTION('',(-1.,0.,0.));
#9653=DIRECTION('',(0.,1.,1.6365315811102E-16));
#9654=DIRECTION('',(0.,-1.6365315811102E-16,1.));
#9655=DIRECTION('',(-1.,0.,0.));
#9656=DIRECTION('',(0.,0.,1.));
#9657=DIRECTION('',(1.,0.,0.));
#9658=DIRECTION('',(0.,-1.,-8.18265790555098E-17));
#9659=DIRECTION('',(0.,8.18265790555098E-17,-1.));
#9660=DIRECTION('',(-1.,0.,0.));
#9661=DIRECTION('',(0.,-4.33680868994202E-16,1.));
#9662=DIRECTION('',(0.,-1.,-4.33680868994202E-16));
#9663=DIRECTION('',(0.,-1.,-4.33680868994202E-16));
#9664=DIRECTION('',(1.,0.,0.));
#9665=DIRECTION('',(0.,0.,-1.));
#9666=DIRECTION('',(1.,0.,0.));
#9667=DIRECTION('',(0.,0.,-1.));
#9668=DIRECTION('',(1.,0.,0.));
#9669=DIRECTION('',(0.,0.,-1.));
#9670=DIRECTION('',(0.,-1.82602471155453E-16,-1.));
#9671=DIRECTION('',(0.,1.,-1.82602471155453E-16));
#9672=DIRECTION('',(0.,-1.,1.82602471155453E-16));
#9673=DIRECTION('',(-1.,0.,0.));
#9674=DIRECTION('',(0.,-1.,1.82602471155453E-16));
#9675=DIRECTION('',(1.,0.,0.));
#9676=DIRECTION('',(1.,0.,0.));
#9677=DIRECTION('',(0.,0.,-1.));
#9678=DIRECTION('',(0.,8.67361737988439E-14,-1.));
#9679=DIRECTION('',(0.,1.,0.));
#9680=DIRECTION('',(0.,0.,1.));
#9681=DIRECTION('',(0.,-1.82602471155453E-16,-1.));
#9682=DIRECTION('',(0.,1.,-1.82602471155453E-16));
#9683=DIRECTION('',(0.,-1.,1.82602471155453E-16));
#9684=DIRECTION('',(-1.,0.,0.));
#9685=DIRECTION('',(0.,-1.,1.82602471155453E-16));
#9686=DIRECTION('',(-1.,6.55375434796019E-31,-1.19673173928333E-46));
#9687=DIRECTION('',(1.,0.,0.));
#9688=DIRECTION('',(0.,0.,-1.));
#9689=DIRECTION('',(0.,1.,0.));
#9690=DIRECTION('',(0.,0.,1.));
#9691=DIRECTION('',(0.,-1.82602471155453E-16,-1.));
#9692=DIRECTION('',(0.,-1.82602471155453E-16,-1.));
#9693=DIRECTION('',(0.,1.,-1.82602471155453E-16));
#9694=DIRECTION('',(0.,-1.,0.));
#9695=DIRECTION('',(-1.,0.,0.));
#9696=DIRECTION('',(0.,-1.,1.82602471155453E-16));
#9697=DIRECTION('',(1.,0.,0.));
#9698=DIRECTION('',(1.,0.,0.));
#9699=DIRECTION('',(0.,0.,-1.));
#9700=DIRECTION('',(0.,1.6365315811102E-16,-1.));
#9701=DIRECTION('',(0.,1.,0.));
#9702=DIRECTION('',(0.,-8.18265790555098E-17,1.));
#9703=DIRECTION('',(1.,0.,0.));
#9704=DIRECTION('',(0.,0.,-1.));
#9705=DIRECTION('',(0.,4.33680868994201E-15,1.));
#9706=DIRECTION('',(0.,-1.,1.82602471155453E-16));
#9707=DIRECTION('',(0.,-4.33680868994201E-15,-1.));
#9708=DIRECTION('',(0.,-1.,1.82602471155453E-16));
#9709=DIRECTION('',(0.,-1.82602471155453E-16,-1.));
#9710=DIRECTION('',(0.,1.,-1.82602471155453E-16));
#9711=DIRECTION('',(1.,0.,0.));
#9712=DIRECTION('',(-1.,0.,0.));
#9713=DIRECTION('',(0.,-1.,4.33680868994201E-15));
#9714=DIRECTION('',(0.,-1.82602471155453E-16,-1.));
#9715=DIRECTION('',(0.,1.,-1.82602471155453E-16));
#9716=DIRECTION('',(0.,-1.,4.33680868994201E-15));
#9717=DIRECTION('',(-1.,0.,0.));
#9718=DIRECTION('',(1.,0.,0.));
#9719=DIRECTION('',(1.,0.,0.));
#9720=DIRECTION('',(0.,0.,-1.));
#9721=DIRECTION('',(0.,-4.33680868994197E-15,1.));
#9722=DIRECTION('',(0.,-1.,1.82602471155453E-16));
#9723=DIRECTION('',(0.,4.33680868994197E-15,-1.));
#9724=DIRECTION('',(0.,-1.,1.82602471155453E-16));
#9725=DIRECTION('',(0.,-1.82602471155453E-16,-1.));
#9726=DIRECTION('',(0.,1.,-1.82602471155453E-16));
#9727=DIRECTION('',(1.,0.,0.));
#9728=DIRECTION('',(-1.,0.,0.));
#9729=DIRECTION('',(0.,-1.,-4.33680868994197E-15));
#9730=DIRECTION('',(0.,-1.82602471155453E-16,-1.));
#9731=DIRECTION('',(0.,1.,-1.82602471155453E-16));
#9732=DIRECTION('',(0.,-1.,-4.33680868994197E-15));
#9733=DIRECTION('',(-1.,0.,0.));
#9734=DIRECTION('',(1.,0.,0.));
#9735=DIRECTION('',(1.,0.,0.));
#9736=DIRECTION('',(0.,0.,-1.));
#9737=DIRECTION('',(0.,0.,-1.));
#9738=DIRECTION('',(0.,-1.,1.82602471155453E-16));
#9739=DIRECTION('',(0.,0.,1.));
#9740=DIRECTION('',(0.,-1.,1.82602471155453E-16));
#9741=DIRECTION('',(0.,-1.82602471155453E-16,-1.));
#9742=DIRECTION('',(0.,1.,-1.82602471155453E-16));
#9743=DIRECTION('',(1.,0.,0.));
#9744=DIRECTION('',(0.,-1.,0.));
#9745=DIRECTION('',(-1.,0.,0.));
#9746=DIRECTION('',(0.,-1.82602471155453E-16,-1.));
#9747=DIRECTION('',(0.,1.,-1.82602471155453E-16));
#9748=DIRECTION('',(-1.,0.,0.));
#9749=DIRECTION('',(0.,-1.,0.));
#9750=DIRECTION('',(1.,0.,0.));
#9751=DIRECTION('',(1.,0.,0.));
#9752=DIRECTION('',(0.,0.,-1.));
#9753=DIRECTION('',(0.,0.,-1.));
#9754=DIRECTION('',(0.,-1.,1.82602471155453E-16));
#9755=DIRECTION('',(0.,0.,1.));
#9756=DIRECTION('',(0.,-1.,1.82602471155453E-16));
#9757=DIRECTION('',(0.,-1.82602471155453E-16,-1.));
#9758=DIRECTION('',(0.,1.,-1.82602471155453E-16));
#9759=DIRECTION('',(1.,0.,0.));
#9760=DIRECTION('',(0.,-1.,0.));
#9761=DIRECTION('',(-1.,0.,0.));
#9762=DIRECTION('',(0.,-1.82602471155453E-16,-1.));
#9763=DIRECTION('',(0.,1.,-1.82602471155453E-16));
#9764=DIRECTION('',(-1.,0.,0.));
#9765=DIRECTION('',(0.,-1.,0.));
#9766=DIRECTION('',(1.,0.,0.));
#9767=DIRECTION('',(1.49339945156283E-14,-0.447213595499968,-0.894427190999911));
#9768=DIRECTION('',(0.,0.894427190999911,-0.447213595499968));
#9769=DIRECTION('',(1.43645580506448E-14,-0.894427190999911,0.447213595499968));
#9770=DIRECTION('',(1.,-3.01882143015906E-29,-6.96092829079675E-15));
#9771=DIRECTION('',(1.43645580506448E-14,-0.894427190999911,0.447213595499968));
#9772=DIRECTION('',(1.,6.90566244476266E-29,1.6696713456277E-14));
#9773=DIRECTION('',(-2.10557118004331E-15,0.429056814568295,-0.903277504354287));
#9774=DIRECTION('',(0.,0.903277504354287,0.429056814568295));
#9775=DIRECTION('',(2.06196125530942E-14,-0.903277504354287,-0.429056814568295));
#9776=DIRECTION('',(-1.,-9.60727734495959E-30,2.33103467084403E-15));
#9777=DIRECTION('',(2.06196125530942E-14,-0.903277504354287,-0.429056814568295));
#9778=DIRECTION('',(1.,1.01092514170725E-29,-2.33103467084403E-15));
#9779=DIRECTION('',(-2.52132374939202E-15,0.447213595499968,-0.894427190999911));
#9780=DIRECTION('',(0.,0.894427190999911,0.447213595499968));
#9781=DIRECTION('',(1.,-1.95156391047391E-14,-1.25767452008324E-14));
#9782=DIRECTION('',(2.05727873124736E-14,-0.894427190999911,-0.447213595499968));
#9783=DIRECTION('',(1.,-1.95156391047391E-14,6.96092829079675E-15));
#9784=DIRECTION('',(2.05727873124736E-14,-0.894427190999911,-0.447213595499968));
#9785=DIRECTION('',(1.46410647170443E-14,-0.429056814568295,-0.903277504354287));
#9786=DIRECTION('',(0.,0.903277504354287,-0.429056814568295));
#9787=DIRECTION('',(-1.,-1.95156391047391E-14,-6.93889390390721E-15));
#9788=DIRECTION('',(1.46634361353982E-14,-0.903277504354287,0.429056814568295));
#9789=DIRECTION('',(1.,1.95156391047391E-14,6.93889390390721E-15));
#9790=DIRECTION('',(1.46634361353982E-14,-0.903277504354287,0.429056814568295));
#9791=DIRECTION('',(1.,1.95156391047388E-14,6.9388939039072E-15));
#9792=DIRECTION('',(-1.95156391047388E-14,1.,0.));
#9793=DIRECTION('',(6.93889390390722E-15,-8.67361737988403E-16,-1.));
#9794=DIRECTION('',(1.95156391047388E-14,-1.,9.63735264431541E-16));
#9795=DIRECTION('',(-6.93889390390722E-15,8.67361737988403E-16,1.));
#9796=DIRECTION('',(1.,1.95156391047388E-14,6.9388939039072E-15));
#9797=DIRECTION('',(-1.95156391047388E-14,1.,0.));
#9798=DIRECTION('',(6.93889390390722E-15,-8.67361737988403E-16,-1.));
#9799=DIRECTION('',(-6.93889390390722E-15,8.67361737988403E-16,1.));
#9800=DIRECTION('',(-1.95156391047388E-14,1.,-9.63735264431541E-16));
#9801=DIRECTION('',(1.95156391047391E-14,-1.,8.67361737988538E-16));
#9802=DIRECTION('',(1.,1.95156391047391E-14,0.));
#9803=DIRECTION('',(-1.,-1.95156391047391E-14,-7.04419501764363E-15));
#9804=DIRECTION('',(-1.95156391047391E-14,1.,-8.67361737988538E-16));
#9805=DIRECTION('',(-1.,-1.95156391047391E-14,0.));
#9806=DIRECTION('',(-1.,-1.95156391047391E-14,-7.04419501764363E-15));
#9807=DIRECTION('',(0.,-1.,0.));
#9808=DIRECTION('',(-1.,0.,-8.67361737988255E-15));
#9809=DIRECTION('',(0.,1.,0.));
#9810=DIRECTION('',(0.,1.,0.));
#9811=DIRECTION('',(0.,0.,-1.));
#9812=DIRECTION('',(0.,-1.,0.));
#9813=DIRECTION('',(0.,0.,-1.));
#9814=DIRECTION('',(0.,-1.,0.));
#9815=DIRECTION('',(-1.,0.,-7.22801448323649E-15));
#9816=DIRECTION('',(0.,1.,0.));
#9817=DIRECTION('',(0.,0.,-1.));
#9818=DIRECTION('',(0.,1.,0.));
#9819=DIRECTION('',(0.,-1.,0.));
#9820=DIRECTION('',(0.,0.,-1.));
#9821=DIRECTION('',(0.,1.,0.));
#9822=DIRECTION('',(0.,0.,1.));
#9823=DIRECTION('',(4.33680868994129E-15,0.,-1.));
#9824=DIRECTION('',(0.,-1.,0.));
#9825=DIRECTION('',(0.,0.,-1.));
#9826=DIRECTION('',(0.,1.,0.));
#9827=DIRECTION('',(0.,0.,1.));
#9828=DIRECTION('',(0.,1.,0.));
#9829=DIRECTION('',(1.4456028966473E-15,0.,-1.));
#9830=DIRECTION('',(4.33680868994129E-15,0.,-1.));
#9831=DIRECTION('',(1.,-1.95156391047391E-14,6.93889390390722E-15));
#9832=DIRECTION('',(1.95156391047391E-14,1.,0.));
#9833=DIRECTION('',(6.93889390390722E-15,1.0842021724855E-16,-1.));
#9834=DIRECTION('',(-1.95156391047391E-14,-1.,1.69718478700904E-30));
#9835=DIRECTION('',(-6.93889390390722E-15,0.,1.));
#9836=DIRECTION('',(1.,-1.95156391047391E-14,6.93889390390722E-15));
#9837=DIRECTION('',(1.95156391047391E-14,1.,0.));
#9838=DIRECTION('',(6.93889390390722E-15,1.0842021724855E-16,-1.));
#9839=DIRECTION('',(-6.93889390390722E-15,0.,1.));
#9840=DIRECTION('',(1.95156391047391E-14,1.,-1.69718478700904E-30));
#9841=DIRECTION('',(-1.95156391047391E-14,-1.,-1.08420217248686E-16));
#9842=DIRECTION('',(1.,-1.95156391047391E-14,0.));
#9843=DIRECTION('',(-1.,1.95156391047391E-14,-7.04419501764363E-15));
#9844=DIRECTION('',(1.95156391047391E-14,1.,1.35416949214727E-28));
#9845=DIRECTION('',(-1.,1.95156391047391E-14,0.));
#9846=DIRECTION('',(-1.,1.95156391047391E-14,-7.04419501764363E-15));
#9847=DIRECTION('',(0.,-1.,0.));
#9848=DIRECTION('',(-1.,0.,-8.67361737988555E-15));
#9849=DIRECTION('',(0.,1.,0.));
#9850=DIRECTION('',(0.,1.,0.));
#9851=DIRECTION('',(0.,0.,-1.));
#9852=DIRECTION('',(0.,-1.,0.));
#9853=DIRECTION('',(0.,0.,-1.));
#9854=DIRECTION('',(0.,-1.,0.));
#9855=DIRECTION('',(-1.,0.,-7.22801448323691E-15));
#9856=DIRECTION('',(0.,1.,0.));
#9857=DIRECTION('',(0.,0.,-1.));
#9858=DIRECTION('',(0.,1.,0.));
#9859=DIRECTION('',(0.,-1.,0.));
#9860=DIRECTION('',(0.,0.,-1.));
#9861=DIRECTION('',(0.,1.,0.));
#9862=DIRECTION('',(0.,0.,1.));
#9863=DIRECTION('',(4.3368086899428E-15,3.85185988877516E-30,-1.));
#9864=DIRECTION('',(0.,-1.,0.));
#9865=DIRECTION('',(0.,0.,-1.));
#9866=DIRECTION('',(0.,1.,0.));
#9867=DIRECTION('',(0.,0.,1.));
#9868=DIRECTION('',(0.,1.,0.));
#9869=DIRECTION('',(-6.50521303491322E-15,0.,-1.));
#9870=DIRECTION('',(4.3368086899428E-15,4.3368086899428E-15,-1.));
#9871=DIRECTION('',(0.,1.,4.33680868994197E-15));
#9872=DIRECTION('',(-1.,0.,8.6736173798839E-15));
#9873=DIRECTION('',(0.,-1.,-4.33680868994197E-15));
#9874=DIRECTION('',(0.,-1.,-4.33680868994197E-15));
#9875=DIRECTION('',(0.,-4.33680868994197E-15,1.));
#9876=DIRECTION('',(1.6718141878359E-30,1.,4.81867632215774E-15));
#9877=DIRECTION('',(0.,1.,4.33680868994197E-15));
#9878=DIRECTION('',(0.,-4.33680868994193E-15,1.));
#9879=DIRECTION('',(0.,1.,4.33680868994197E-15));
#9880=DIRECTION('',(-1.,0.,7.22801448323668E-15));
#9881=DIRECTION('',(0.,1.,4.33680868994197E-15));
#9882=DIRECTION('',(0.,-4.33680868994201E-15,1.));
#9883=DIRECTION('',(-1.6718141878359E-30,-1.,-4.81867632215774E-15));
#9884=DIRECTION('',(0.,-1.,-4.33680868994197E-15));
#9885=DIRECTION('',(2.89120579329467E-15,-4.33680868994201E-15,1.));
#9886=DIRECTION('',(0.,-1.,-4.33680868994197E-15));
#9887=DIRECTION('',(0.,4.33680868994197E-15,-1.));
#9888=DIRECTION('',(0.,1.,4.33680868994197E-15));
#9889=DIRECTION('',(0.,-4.33680868994201E-15,1.));
#9890=DIRECTION('',(0.,-4.33680868994197E-15,1.));
#9891=DIRECTION('',(-1.,-3.01156984015459E-29,6.94461509263334E-15));
#9892=DIRECTION('',(0.,-1.,-4.33680868994197E-15));
#9893=DIRECTION('',(0.,4.33680868994197E-15,-1.));
#9894=DIRECTION('',(-1.,-3.01174670820348E-29,6.94461509263334E-15));
#9895=DIRECTION('',(0.,-4.33680868994193E-15,1.));
#9896=DIRECTION('',(0.,-1.,-4.33680868994197E-15));
#9897=DIRECTION('',(0.,-4.33680868994201E-15,1.));
#9898=DIRECTION('',(2.18952885050753E-44,1.,-4.33680868994201E-15));
#9899=DIRECTION('',(0.,4.33680868994201E-15,1.));
#9900=DIRECTION('',(6.93889390390722E-15,4.33680868994201E-15,1.));
#9901=DIRECTION('',(-1.,3.01174670820348E-29,6.94461509263334E-15));
#9902=DIRECTION('',(6.93889390390722E-15,4.33680868994201E-15,1.));
#9903=DIRECTION('',(0.,1.,-4.33680868994201E-15));
#9904=DIRECTION('',(-1.,0.,8.67361737988398E-15));
#9905=DIRECTION('',(0.,-1.,4.33680868994201E-15));
#9906=DIRECTION('',(0.,-1.,4.33680868994201E-15));
#9907=DIRECTION('',(0.,4.33680868994197E-15,1.));
#9908=DIRECTION('',(3.34362837567248E-30,1.,-3.85494105772623E-15));
#9909=DIRECTION('',(0.,1.,-4.33680868994201E-15));
#9910=DIRECTION('',(0.,4.33680868994201E-15,1.));
#9911=DIRECTION('',(0.,1.,-4.33680868994201E-15));
#9912=DIRECTION('',(-1.,0.,7.22801448323669E-15));
#9913=DIRECTION('',(0.,1.,-4.33680868994201E-15));
#9914=DIRECTION('',(0.,4.33680868994201E-15,1.));
#9915=DIRECTION('',(3.34362837567248E-30,1.,-3.85494105772623E-15));
#9916=DIRECTION('',(0.,-1.,4.33680868994201E-15));
#9917=DIRECTION('',(7.22801448323669E-15,4.33680868994201E-15,1.));
#9918=DIRECTION('',(0.,-1.,4.33680868994201E-15));
#9919=DIRECTION('',(0.,-4.33680868994201E-15,-1.));
#9920=DIRECTION('',(0.,1.,-4.33680868994201E-15));
#9921=DIRECTION('',(0.,4.33680868994201E-15,1.));
#9922=DIRECTION('',(0.,4.33680868994201E-15,1.));
#9923=DIRECTION('',(0.,-1.,4.33680868994201E-15));
#9924=DIRECTION('',(0.,-4.33680868994201E-15,-1.));
#9925=DIRECTION('',(-1.,3.01192357625237E-29,6.94461509263334E-15));
#9926=DIRECTION('',(0.,4.33680868994201E-15,1.));
#9927=DIRECTION('',(0.,-1.,4.33680868994201E-15));
#9928=DIRECTION('',(0.,4.33680868994201E-15,1.));
#9929=DIRECTION('',(0.,0.,1.));
#9930=DIRECTION('',(1.,0.,0.));
#9931=DIRECTION('',(0.,1.,0.));
#9932=DIRECTION('',(1.,0.,0.));
#9933=DIRECTION('',(0.,1.,0.));
#9934=DIRECTION('',(-1.,0.,0.));
#9935=DIRECTION('',(0.,-4.33680868994202E-16,1.));
#9936=DIRECTION('',(0.,-1.,-4.33680868994202E-16));
#9937=DIRECTION('',(0.,1.,0.));
#9938=DIRECTION('',(-1.,0.,0.));
#9939=DIRECTION('',(0.,1.,0.));
#9940=DIRECTION('',(-1.,0.,0.));
#9941=DIRECTION('',(0.,1.,1.6365315811102E-16));
#9942=DIRECTION('',(0.,-1.6365315811102E-16,1.));
#9943=DIRECTION('',(0.,-1.,-1.6365315811102E-16));
#9944=DIRECTION('',(0.,0.,1.));
#9945=DIRECTION('',(-1.,0.,0.));
#9946=DIRECTION('',(-1.,0.,0.));
#9947=DIRECTION('',(0.,1.6365315811102E-16,-1.));
#9948=DIRECTION('',(-1.,5.6778595058586E-31,-3.46944695195361E-15));
#9949=DIRECTION('',(0.,-4.33680868994202E-16,-1.));
#9950=DIRECTION('',(0.,1.,-4.33680868994202E-16));
#9951=DIRECTION('',(0.,-1.,0.));
#9952=DIRECTION('',(1.,0.,0.));
#9953=DIRECTION('',(0.,-1.,0.));
#9954=DIRECTION('',(0.,0.,-1.));
#9955=DIRECTION('',(-1.,0.,0.));
#9956=DIRECTION('',(0.,-1.,0.));
#9957=DIRECTION('',(-1.,0.,0.));
#9958=DIRECTION('',(0.,-1.,0.));
#9959=DIRECTION('',(-1.,0.,0.));
#9960=DIRECTION('',(0.,-1.,-8.18265790555098E-17));
#9961=DIRECTION('',(0.,8.18265790555098E-17,-1.));
#9962=DIRECTION('',(0.,1.,8.18265790555098E-17));
#9963=DIRECTION('',(-7.2280144832367E-16,0.,-1.));
#9964=DIRECTION('',(1.,-2.8389297529293E-31,3.46944695195361E-15));
#9965=DIRECTION('',(0.,-8.18265790555098E-17,1.));
#9966=DIRECTION('',(-1.,0.,0.));
#9967=DIRECTION('',(2.20343868895192E-17,0.,1.));
#9968=DIRECTION('',(1.,0.,-2.20343868895192E-17));
#9969=DIRECTION('',(0.,-1.,0.));
#9970=DIRECTION('',(1.,0.,-2.20343868895192E-17));
#9971=DIRECTION('',(0.,-1.,0.));
#9972=DIRECTION('',(1.,0.,-2.20343868895192E-17));
#9973=DIRECTION('',(1.,0.,0.));
#9974=DIRECTION('',(0.,0.,-1.));
#9975=DIRECTION('',(0.,0.,-1.));
#9976=DIRECTION('',(0.,1.,0.));
#9977=DIRECTION('',(0.,0.,1.));
#9978=DIRECTION('',(1.,0.,0.));
#9979=DIRECTION('',(0.,0.,-1.));
#9980=DIRECTION('',(0.,-1.,0.));
#9981=DIRECTION('',(0.,0.,-1.));
#9982=DIRECTION('',(0.,0.,1.));
#9983=DIRECTION('',(0.,1.,0.));
#9984=DIRECTION('',(0.,0.,1.));
#9985=DIRECTION('',(-1.,0.,6.12323399573677E-17));
#9986=DIRECTION('',(0.,-1.,0.));
#9987=DIRECTION('',(0.,0.,-1.));
#9988=DIRECTION('',(-1.,0.,6.12323399573677E-17));
#9989=DIRECTION('',(0.,1.,0.));
#9990=DIRECTION('',(-1.,0.,0.));
#9991=DIRECTION('',(0.,-1.,0.));
#9992=DIRECTION('',(0.,-1.,0.));
#9993=DIRECTION('',(-4.33680868994201E-15,0.,1.));
#9994=DIRECTION('',(0.,1.,0.));
#9995=DIRECTION('',(0.,0.,1.));
#9996=DIRECTION('',(0.,1.,0.));
#9997=DIRECTION('',(-1.,0.,0.));
#9998=DIRECTION('',(0.,1.,0.));
#9999=DIRECTION('',(0.,0.,1.));
#10000=DIRECTION('',(0.,-1.,0.));
#10001=DIRECTION('',(1.44560289664734E-15,0.,1.));
#10002=DIRECTION('',(0.,-1.,0.));
#10003=DIRECTION('',(0.,0.,-1.));
#10004=DIRECTION('',(0.,-1.,0.));
#10005=DIRECTION('',(0.,0.,-1.));
#10006=DIRECTION('',(2.20343868895192E-17,0.,-1.));
#10007=DIRECTION('',(-1.,0.,-2.20343868895192E-17));
#10008=DIRECTION('',(0.,1.,0.));
#10009=DIRECTION('',(1.,0.,2.20343868895192E-17));
#10010=DIRECTION('',(0.,1.,0.));
#10011=DIRECTION('',(1.,0.,2.20343868895192E-17));
#10012=DIRECTION('',(1.,0.,0.));
#10013=DIRECTION('',(0.,0.,-1.));
#10014=DIRECTION('',(0.,0.,1.));
#10015=DIRECTION('',(0.,-1.,-2.65552944032596E-32));
#10016=DIRECTION('',(0.,0.,-1.));
#10017=DIRECTION('',(1.,0.,0.));
#10018=DIRECTION('',(0.,0.,-1.));
#10019=DIRECTION('',(0.,1.,2.65552944032596E-32));
#10020=DIRECTION('',(0.,0.,1.));
#10021=DIRECTION('',(0.,0.,-1.));
#10022=DIRECTION('',(0.,-1.,0.));
#10023=DIRECTION('',(0.,0.,-1.));
#10024=DIRECTION('',(-1.,0.,6.12323399573677E-17));
#10025=DIRECTION('',(0.,1.,0.));
#10026=DIRECTION('',(0.,0.,1.));
#10027=DIRECTION('',(-1.,0.,6.12323399573677E-17));
#10028=DIRECTION('',(0.,-1.,0.));
#10029=DIRECTION('',(-1.,0.,0.));
#10030=DIRECTION('',(0.,1.,0.));
#10031=DIRECTION('',(0.,1.,0.));
#10032=DIRECTION('',(-4.33680868994201E-15,0.,-1.));
#10033=DIRECTION('',(0.,-1.,0.));
#10034=DIRECTION('',(0.,0.,-1.));
#10035=DIRECTION('',(0.,-1.,0.));
#10036=DIRECTION('',(-1.,0.,0.));
#10037=DIRECTION('',(0.,1.,-8.18265790555098E-17));
#10038=DIRECTION('',(0.,0.,-1.));
#10039=DIRECTION('',(0.,1.,0.));
#10040=DIRECTION('',(0.,-1.,1.6365315811102E-16));
#10041=DIRECTION('',(0.,0.,1.));
#10042=DIRECTION('',(0.,-1.,0.));
#10043=DIRECTION('',(0.,0.,-1.));
#10044=DIRECTION('',(0.,1.,0.));
#10045=DIRECTION('',(3.61400724161834E-15,0.,-1.));
#10046=DIRECTION('',(0.,1.,0.));
#10047=DIRECTION('',(0.,0.,1.));
#10048=DIRECTION('',(0.,1.,0.));
#10049=DIRECTION('',(0.,0.,1.));
#10050=DIRECTION('',(1.,8.14294081136156E-31,3.46944695195361E-15));
#10051=DIRECTION('',(3.46944695195361E-15,0.,-1.));
#10052=DIRECTION('',(0.,-1.,2.34704289303987E-16));
#10053=DIRECTION('',(3.46944695195361E-15,-1.82602471155453E-16,-1.));
#10054=DIRECTION('',(0.,-1.,2.34704289303987E-16));
#10055=DIRECTION('',(3.46944695195361E-15,-1.82602471155453E-16,-1.));
#10056=DIRECTION('',(3.46944695195361E-15,-1.82602471155453E-16,-1.));
#10057=DIRECTION('',(-1.,0.,-3.46514052893001E-15));
#10058=DIRECTION('',(3.46944695195361E-15,-1.82602471155453E-16,-1.));
#10059=DIRECTION('',(-1.,0.,-3.46514052893001E-15));
#10060=DIRECTION('',(3.46944695195361E-15,-1.82602471155453E-16,-1.));
#10061=DIRECTION('',(3.46944695195361E-15,-1.82602471155453E-16,-1.));
#10062=DIRECTION('',(-1.,0.,-3.46514052893001E-15));
#10063=DIRECTION('',(-1.,-8.14294081136156E-31,-3.46944695195361E-15));
#10064=DIRECTION('',(-3.46944695195361E-15,0.,1.));
#10065=DIRECTION('',(0.,1.,-2.34704289303987E-16));
#10066=DIRECTION('',(3.46944695195361E-15,-1.82602471155453E-16,-1.));
#10067=DIRECTION('',(0.,1.,-2.34704289303987E-16));
#10068=DIRECTION('',(3.46944695195361E-15,-1.82602471155453E-16,-1.));
#10069=DIRECTION('',(-1.,0.,-3.46514052893001E-15));
#10070=DIRECTION('',(3.46944695195361E-15,-1.82602471155453E-16,-1.));
#10071=DIRECTION('',(-1.,0.,-3.46514052893001E-15));
#10072=DIRECTION('',(3.46944695195361E-15,-1.82602471155453E-16,-1.));
#10073=DIRECTION('',(-1.,0.,-3.46514052893001E-15));
#10074=DIRECTION('',(1.,0.,3.46944695195361E-15));
#10075=DIRECTION('',(3.46944695195361E-15,0.,-1.));
#10076=DIRECTION('',(0.,-1.,0.));
#10077=DIRECTION('',(0.,-1.,0.));
#10078=DIRECTION('',(3.46944695195361E-15,-1.82602471155453E-16,-1.));
#10079=DIRECTION('',(6.55375434796019E-31,1.,-1.82602471155453E-16));
#10080=DIRECTION('',(0.,1.82602471155453E-16,1.));
#10081=DIRECTION('',(3.46944695195361E-15,-1.82602471155453E-16,-1.));
#10082=DIRECTION('',(1.,0.,3.58908305374512E-15));
#10083=DIRECTION('',(3.46944695195361E-15,-1.82602471155453E-16,-1.));
#10084=DIRECTION('',(1.,0.,3.58908305374512E-15));
#10085=DIRECTION('',(1.,1.60067315856652E-30,3.46944695195361E-15));
#10086=DIRECTION('',(3.46944695195361E-15,0.,-1.));
#10087=DIRECTION('',(0.,-1.,4.61362626589576E-16));
#10088=DIRECTION('',(0.,-1.,4.61362626589576E-16));
#10089=DIRECTION('',(-1.,0.,0.));
#10090=DIRECTION('',(0.,0.,1.));
#10091=DIRECTION('',(0.,-1.,0.));
#10092=DIRECTION('',(0.,0.,1.));
#10093=DIRECTION('',(0.,-1.,0.));
#10094=DIRECTION('',(0.,0.,1.));
#10095=DIRECTION('',(0.,0.,1.));
#10096=DIRECTION('',(1.,0.,0.));
#10097=DIRECTION('',(0.,0.,1.));
#10098=DIRECTION('',(1.,0.,0.));
#10099=DIRECTION('',(0.,0.,1.));
#10100=DIRECTION('',(0.,0.,1.));
#10101=DIRECTION('',(1.,0.,0.));
#10102=DIRECTION('',(1.,0.,0.));
#10103=DIRECTION('',(0.,0.,-1.));
#10104=DIRECTION('',(0.,1.,0.));
#10105=DIRECTION('',(0.,0.,1.));
#10106=DIRECTION('',(0.,1.,0.));
#10107=DIRECTION('',(0.,0.,1.));
#10108=DIRECTION('',(1.,0.,0.));
#10109=DIRECTION('',(0.,0.,1.));
#10110=DIRECTION('',(1.,0.,0.));
#10111=DIRECTION('',(0.,0.,1.));
#10112=DIRECTION('',(1.,0.,0.));
#10113=DIRECTION('',(1.,0.,0.));
#10114=DIRECTION('',(0.,0.,-1.));
#10115=DIRECTION('',(0.,1.,0.));
#10116=DIRECTION('',(0.,1.,0.));
#10117=DIRECTION('',(0.,0.,1.));
#10118=DIRECTION('',(0.,-1.,0.));
#10119=DIRECTION('',(0.,0.,-1.));
#10120=DIRECTION('',(3.46944695195361E-15,-1.82602471155453E-16,-1.));
#10121=DIRECTION('',(-1.,0.,-2.9909025447876E-15));
#10122=DIRECTION('',(-1.,0.,-2.9909025447876E-15));
#10123=DIRECTION('',(1.,0.,0.));
#10124=DIRECTION('',(0.,0.,-1.));
#10125=DIRECTION('',(0.,1.,0.));
#10126=DIRECTION('',(0.,1.,0.));
#10127=DIRECTION('',(0.,-1.6365315811102E-16,-1.));
#10128=DIRECTION('',(-6.33529586969486E-31,-1.,1.82602471155453E-16));
#10129=DIRECTION('',(0.,-1.82602471155453E-16,-1.));
#10130=DIRECTION('',(-3.49148133884313E-15,1.82602471155453E-16,1.));
#10131=DIRECTION('',(1.,0.,3.46944695195361E-15));
#10132=DIRECTION('',(0.,-1.82602471155453E-16,-1.));
#10133=DIRECTION('',(1.,0.,3.46944695195361E-15));
#10134=DIRECTION('',(6.33529586969486E-31,1.,-1.82602471155453E-16));
#10135=DIRECTION('',(0.,1.82602471155453E-16,1.));
#10136=DIRECTION('',(-1.,0.,-3.46944695195361E-15));
#10137=DIRECTION('',(0.,-1.82602471155453E-16,-1.));
#10138=DIRECTION('',(-1.,0.,-3.46944695195361E-15));
#10139=DIRECTION('',(-3.49148133884313E-15,1.82602471155453E-16,1.));
#10140=DIRECTION('',(0.,-1.,0.));
#10141=DIRECTION('',(3.52365706057785E-15,0.,-1.));
#10142=DIRECTION('',(0.,1.,0.));
#10143=DIRECTION('',(0.,1.,0.));
#10144=DIRECTION('',(-1.15196480826584E-14,0.,-1.));
#10145=DIRECTION('',(0.,-1.,1.82602471155453E-16));
#10146=DIRECTION('',(0.,-1.,0.));
#10147=DIRECTION('',(0.,0.,-1.));
#10148=DIRECTION('',(0.,-1.,0.));
#10149=DIRECTION('',(3.47848197005765E-15,0.,-1.));
#10150=DIRECTION('',(0.,1.,0.));
#10151=DIRECTION('',(0.,-1.,0.));
#10152=DIRECTION('',(0.,0.,-1.));
#10153=DIRECTION('',(0.,1.,-1.82602471155453E-16));
#10154=DIRECTION('',(0.,1.,0.));
#10155=DIRECTION('',(-1.15422356279186E-14,0.,-1.));
#10156=DIRECTION('',(0.,1.,0.));
#10157=DIRECTION('',(0.,0.,1.));
#10158=DIRECTION('',(1.,0.,8.67361737988394E-15));
#10159=DIRECTION('',(0.,1.,0.));
#10160=DIRECTION('',(0.,0.,1.));
#10161=DIRECTION('',(1.,0.,8.67361737988394E-15));
#10162=DIRECTION('',(9.50294380454228E-31,-1.,2.7390370673318E-16));
#10163=DIRECTION('',(0.,-2.7390370673318E-16,-1.));
#10164=DIRECTION('',(-1.,0.,3.46944695195361E-15));
#10165=DIRECTION('',(0.,2.7390370673318E-16,1.));
#10166=DIRECTION('',(-1.,0.,3.46944695195361E-15));
#10167=DIRECTION('',(-3.49148133884313E-15,-2.7390370673318E-16,-1.));
#10168=DIRECTION('',(-9.50294380454228E-31,1.,-2.7390370673318E-16));
#10169=DIRECTION('',(0.,2.7390370673318E-16,1.));
#10170=DIRECTION('',(1.,0.,-3.46944695195361E-15));
#10171=DIRECTION('',(0.,2.7390370673318E-16,1.));
#10172=DIRECTION('',(1.,0.,-3.46944695195361E-15));
#10173=DIRECTION('',(-3.49148133884313E-15,-2.7390370673318E-16,-1.));
#10174=DIRECTION('',(0.,1.,0.));
#10175=DIRECTION('',(3.52365706057785E-15,0.,1.));
#10176=DIRECTION('',(0.,-1.,0.));
#10177=DIRECTION('',(0.,-1.,0.));
#10178=DIRECTION('',(-1.24683249835832E-14,0.,1.));
#10179=DIRECTION('',(0.,1.,-2.7390370673318E-16));
#10180=DIRECTION('',(0.,1.,0.));
#10181=DIRECTION('',(0.,0.,1.));
#10182=DIRECTION('',(0.,1.,0.));
#10183=DIRECTION('',(3.47848197005765E-15,0.,1.));
#10184=DIRECTION('',(0.,-1.,0.));
#10185=DIRECTION('',(0.,1.,0.));
#10186=DIRECTION('',(0.,0.,1.));
#10187=DIRECTION('',(0.,1.,-2.7390370673318E-16));
#10188=DIRECTION('',(0.,-1.,0.));
#10189=DIRECTION('',(-9.78040709762963E-15,0.,1.));
#10190=DIRECTION('',(0.,-1.,0.));
#10191=DIRECTION('',(0.,0.,-1.));
#10192=DIRECTION('',(1.,0.,-1.73472347597679E-14));
#10193=DIRECTION('',(0.,-1.,0.));
#10194=DIRECTION('',(0.,0.,-1.));
#10195=DIRECTION('',(1.,0.,-1.73472347597679E-14));
#10196=DIRECTION('',(0.,0.,-1.));
#10197=DIRECTION('',(-1.,0.,0.));
#10198=DIRECTION('',(0.,-1.,0.));
#10199=DIRECTION('',(-1.,0.,0.));
#10200=DIRECTION('',(0.,-1.,0.));
#10201=DIRECTION('',(-1.,0.,0.));
#10202=DIRECTION('',(0.,-1.,0.));
#10203=DIRECTION('',(0.,0.,-1.));
#10204=DIRECTION('',(0.,0.,1.));
#10205=DIRECTION('',(0.,0.,1.));
#10206=DIRECTION('',(-1.,0.,0.));
#10207=DIRECTION('',(0.,0.,1.));
#10208=DIRECTION('',(1.,0.,0.));
#10209=DIRECTION('',(0.,1.,0.));
#10210=DIRECTION('',(0.,1.,0.));
#10211=DIRECTION('',(-1.,0.,0.));
#10212=DIRECTION('',(0.,0.,1.));
#10213=DIRECTION('',(1.,0.,0.));
#10214=DIRECTION('',(0.,1.,0.));
#10215=DIRECTION('',(-1.,0.,0.));
#10216=DIRECTION('',(0.,1.,0.));
#10217=DIRECTION('',(-1.,0.,0.));
#10218=DIRECTION('',(0.,1.,8.94187358750932E-17));
#10219=DIRECTION('',(0.,-8.94187358750932E-17,1.));
#10220=DIRECTION('',(0.,8.94187358750932E-17,-1.));
#10221=DIRECTION('',(0.,8.94187358750932E-17,-1.));
#10222=DIRECTION('',(-1.,0.,0.));
#10223=DIRECTION('',(0.,0.,-1.));
#10224=DIRECTION('',(-1.,0.,0.));
#10225=DIRECTION('',(0.,-1.,0.));
#10226=DIRECTION('',(0.,-1.,0.));
#10227=DIRECTION('',(-1.,0.,0.));
#10228=DIRECTION('',(0.,-1.,-8.67361737988404E-16));
#10229=DIRECTION('',(0.,8.67361737988404E-16,-1.));
#10230=DIRECTION('',(0.,-8.67361737988404E-16,1.));
#10231=DIRECTION('',(0.,-8.67361737988404E-16,1.));
#10232=DIRECTION('',(0.,1.,0.));
#10233=DIRECTION('',(0.,0.,1.));
#10234=DIRECTION('',(0.,0.,-1.));
#10235=DIRECTION('',(0.,0.,-1.));
#10236=DIRECTION('',(0.,-1.,0.));
#10237=DIRECTION('',(0.,0.,-1.));
#10238=DIRECTION('',(0.,0.,1.));
#10239=DIRECTION('',(0.,0.,1.));
#10240=DIRECTION('',(0.,1.,0.));
#10241=DIRECTION('',(0.,0.,1.));
#10242=DIRECTION('',(0.,0.,-1.));
#10243=DIRECTION('',(0.,0.,-1.));
#10244=DIRECTION('',(-1.,0.,0.));
#10245=DIRECTION('',(0.,0.,1.));
#10246=DIRECTION('',(-1.,0.,0.));
#10247=DIRECTION('',(0.,0.,1.));
#10248=DIRECTION('',(3.46944695195361E-15,2.7390370673318E-16,1.));
#10249=DIRECTION('',(1.,0.,-3.46944695195361E-15));
#10250=DIRECTION('',(-1.,5.6778595058586E-31,3.46944695195361E-15));
#10251=DIRECTION('',(1.,-2.8389297529293E-31,-3.46944695195361E-15));
#10252=DIRECTION('',(0.,1.,0.));
#10253=DIRECTION('',(-1.,0.,0.));
#10254=DIRECTION('',(0.,-1.,1.82602471155453E-16));
#10255=DIRECTION('',(0.,-1.,1.82602471155453E-16));
#10256=DIRECTION('',(1.,0.,0.));
#10257=DIRECTION('',(0.,1.,0.));
#10258=DIRECTION('',(3.46944695195361E-15,2.7390370673318E-16,1.));
#10259=DIRECTION('',(1.,0.,-3.46944695195361E-15));
#10260=DIRECTION('',(-1.,0.,0.));
#10261=DIRECTION('',(-1.,0.,0.));
#10262=DIRECTION('',(0.,-1.,-4.33680868994197E-15));
#10263=DIRECTION('',(0.,1.,0.));
#10264=DIRECTION('',(1.,0.,0.));
#10265=DIRECTION('',(0.,1.,-2.7390370673318E-16));
#10266=DIRECTION('',(0.,1.,-2.7390370673318E-16));
#10267=DIRECTION('',(-1.,0.,0.));
#10268=DIRECTION('',(0.,-1.,4.33680868994201E-15));
#10269=DIRECTION('',(0.,1.,0.));
#10270=DIRECTION('',(-3.46944695195361E-15,1.82602471155453E-16,1.));
#10271=DIRECTION('',(1.,0.,3.46944695195361E-15));
#10272=DIRECTION('',(0.,-1.,0.));
#10273=DIRECTION('',(0.,-1.,4.61362626589576E-16));
#10274=DIRECTION('',(-3.46944695195361E-15,1.82602471155453E-16,1.));
#10275=DIRECTION('',(1.,0.,3.46944695195361E-15));
#10276=DIRECTION('',(0.,-1.,0.));
#10277=DIRECTION('',(0.,-1.,4.61362626589576E-16));
#10278=DIRECTION('',(0.,-1.,1.82602471155453E-16));
#10279=DIRECTION('',(0.,-1.,1.82602471155453E-16));
#10280=DIRECTION('',(-1.,0.,0.));
#10281=DIRECTION('',(0.,0.,1.));
#10282=DIRECTION('',(1.,0.,0.));
#10283=DIRECTION('',(0.,0.,-1.));
#10284=DIRECTION('',(0.,8.18265790555098E-17,1.));
#10285=DIRECTION('',(1.,0.,0.));
#10286=DIRECTION('',(0.,0.,-1.));
#10287=DIRECTION('',(0.,0.,1.));
#10288=DIRECTION('',(1.,1.60067315856652E-30,3.46944695195361E-15));
#10289=DIRECTION('',(3.46944695195361E-15,0.,-1.));
#10290=DIRECTION('',(1.,0.,3.46944695195361E-15));
#10291=DIRECTION('',(3.46944695195361E-15,0.,-1.));
#10292=DIRECTION('',(1.,3.17644695688865E-29,-6.93889390390722E-15));
#10293=DIRECTION('',(-6.93889390390722E-15,0.,-1.));
#10294=DIRECTION('',(-6.93889390390722E-15,4.33680868994201E-15,-1.));
#10295=DIRECTION('',(6.93889390390722E-15,-4.44522890719056E-15,1.));
#10296=DIRECTION('',(1.,3.17644695688865E-29,-6.93889390390722E-15));
#10297=DIRECTION('',(-6.93889390390722E-15,0.,-1.));
#10298=DIRECTION('',(-6.93889390390722E-15,4.33680868994201E-15,-1.));
#10299=DIRECTION('',(6.93889390390722E-15,-4.44522890719056E-15,1.));
#10300=DIRECTION('',(7.54705357539736E-31,1.,4.44522890719056E-15));
#10301=DIRECTION('',(0.,-4.44522890719056E-15,1.));
#10302=DIRECTION('',(3.28429327576129E-44,-1.,-4.33680868994201E-15));
#10303=DIRECTION('',(0.,4.33680868994201E-15,-1.));
#10304=DIRECTION('',(-1.,3.00926553810507E-29,6.93889390390722E-15));
#10305=DIRECTION('',(6.93889390390722E-15,0.,1.));
#10306=DIRECTION('',(-6.93889390390722E-15,-4.22838847269346E-15,-1.));
#10307=DIRECTION('',(-1.,3.00926553810507E-29,6.93889390390722E-15));
#10308=DIRECTION('',(6.93889390390722E-15,0.,1.));
#10309=DIRECTION('',(-6.93889390390722E-15,-4.22838847269346E-15,-1.));
#10310=DIRECTION('',(-7.54705357539785E-31,-1.,4.22838847269346E-15));
#10311=DIRECTION('',(0.,-4.22838847269346E-15,-1.));
#10312=DIRECTION('',(0.,-1.,0.));
#10313=DIRECTION('',(-1.,0.,-7.22801448323649E-15));
#10314=DIRECTION('',(0.,-1.,0.));
#10315=DIRECTION('',(-1.,0.,-7.22801448323691E-15));
#10316=DIRECTION('',(0.,1.,4.33680868994197E-15));
#10317=DIRECTION('',(-1.,0.,7.22801448323668E-15));
#10318=DIRECTION('',(0.,1.,-4.33680868994201E-15));
#10319=DIRECTION('',(-1.,0.,7.22801448323669E-15));
#10320=DIRECTION('',(0.,-1.,8.18265790555098E-17));
#10321=DIRECTION('',(0.,-8.18265790555098E-17,-1.));
#10322=DIRECTION('',(0.,1.,-1.6365315811102E-16));
#10323=DIRECTION('',(0.,1.6365315811102E-16,1.));
#10324=DIRECTION('',(0.,1.,0.));
#10325=DIRECTION('',(0.,0.,1.));
#10326=DIRECTION('',(0.,0.,1.));
#10327=DIRECTION('',(0.,-1.,0.));
#10328=DIRECTION('',(0.,0.,-1.));
#10329=DIRECTION('',(0.,0.,1.));
#10330=DIRECTION('',(-1.,0.,0.));
#10331=DIRECTION('',(0.,0.,1.));
#10332=DIRECTION('',(-1.,0.,0.));
#10333=DIRECTION('',(0.,0.,1.));
#10334=DIRECTION('',(-1.,0.,0.));
#10335=DIRECTION('',(0.,0.,1.));
#10336=DIRECTION('',(0.,-1.82602471155453E-16,-1.));
#10337=DIRECTION('',(0.,1.,-1.82602471155453E-16));
#10338=DIRECTION('',(1.,0.,0.));
#10339=DIRECTION('',(0.,1.,0.));
#10340=DIRECTION('',(-1.,0.,0.));
#10341=DIRECTION('',(0.,-1.,1.82602471155453E-16));
#10342=DIRECTION('',(0.,1.,8.67361737988439E-14));
#10343=DIRECTION('',(0.,-8.67361737988439E-14,1.));
#10344=DIRECTION('',(0.,8.67361737988439E-14,-1.));
#10345=DIRECTION('',(1.,0.,0.));
#10346=DIRECTION('',(0.,8.67361737988439E-14,-1.));
#10347=DIRECTION('',(-1.,0.,0.));
#10348=DIRECTION('',(0.,-1.82602471155453E-16,-1.));
#10349=DIRECTION('',(0.,1.,-1.82602471155453E-16));
#10350=DIRECTION('',(0.,-1.,1.82602471155453E-16));
#10351=DIRECTION('',(0.,-1.,1.82602471155453E-16));
#10352=DIRECTION('',(1.,0.,0.));
#10353=DIRECTION('',(0.,-1.,0.));
#10354=DIRECTION('',(0.,0.,-1.));
#10355=DIRECTION('',(0.,0.,1.));
#10356=DIRECTION('',(-1.,0.,0.));
#10357=DIRECTION('',(0.,0.,1.));
#10358=DIRECTION('',(-1.,0.,0.));
#10359=DIRECTION('',(0.,-1.82602471155453E-16,-1.));
#10360=DIRECTION('',(0.,1.,-1.82602471155453E-16));
#10361=DIRECTION('',(0.,-1.,1.82602471155453E-16));
#10362=DIRECTION('',(0.,-1.,1.82602471155453E-16));
#10363=DIRECTION('',(-1.,0.,0.));
#10364=DIRECTION('',(0.,-1.82602471155453E-16,-1.));
#10365=DIRECTION('',(0.,1.,-1.82602471155453E-16));
#10366=DIRECTION('',(-1.,6.55375434796019E-31,-1.19673173928333E-46));
#10367=DIRECTION('',(0.,-1.,1.82602471155453E-16));
#10368=DIRECTION('',(1.,0.,0.));
#10369=DIRECTION('',(0.,1.,0.));
#10370=DIRECTION('',(0.,-1.82602471155453E-16,-1.));
#10371=DIRECTION('',(0.,1.,-1.82602471155453E-16));
#10372=DIRECTION('',(0.,-1.,1.82602471155453E-16));
#10373=DIRECTION('',(1.,0.,0.));
#10374=DIRECTION('',(0.,-1.,1.82602471155453E-16));
#10375=DIRECTION('',(-1.,0.,0.));
#10376=DIRECTION('',(1.,0.,0.));
#10377=DIRECTION('',(0.,0.,-1.));
#10378=DIRECTION('',(0.,1.6365315811102E-16,1.));
#10379=DIRECTION('',(0.,1.,1.35074987221761E-28));
#10380=DIRECTION('',(0.,-8.18265790555098E-17,-1.));
#10381=DIRECTION('',(-1.,0.,0.));
#10382=DIRECTION('',(0.,0.,1.));
#10383=DIRECTION('',(-1.,0.,0.));
#10384=DIRECTION('',(0.,0.,1.));
#10385=DIRECTION('',(-1.,0.,0.));
#10386=DIRECTION('',(0.,0.,1.));
#10387=DIRECTION('',(3.46944695195361E-15,-1.82602471155453E-16,-1.));
#10388=DIRECTION('',(0.,1.,4.33680868994202E-16));
#10389=DIRECTION('',(0.,-8.18265790555098E-17,1.));
#10390=DIRECTION('',(0.,1.,-1.50845519650157E-16));
#10391=DIRECTION('',(0.,1.6365315811102E-16,-1.));
#10392=DIRECTION('',(0.,1.,0.));
#10393=DIRECTION('',(3.46944695195361E-15,-1.82602471155453E-16,-1.));
#10394=DIRECTION('',(-1.,0.,0.));
#10395=DIRECTION('',(0.,0.,1.));
#10396=DIRECTION('',(0.,7.41334818793507E-17,-1.));
#10397=DIRECTION('',(-1.,0.,0.));
#10398=DIRECTION('',(0.,0.,1.));
#10399=DIRECTION('',(0.,0.,1.));
#10400=DIRECTION('',(0.,-1.,0.));
#10401=DIRECTION('',(0.,-1.6365315811102E-16,-1.));
#10402=DIRECTION('',(0.,8.18265790555098E-17,1.));
#10403=DIRECTION('',(0.,-1.,4.33680868994202E-16));
#10404=DIRECTION('',(0.,0.,1.));
#10405=DIRECTION('',(-1.,0.,0.));
#10406=DIRECTION('',(0.,0.,1.));
#10407=DIRECTION('',(0.,0.,1.));
#10408=DIRECTION('',(1.,0.,0.));
#10409=DIRECTION('',(0.,0.,-1.));
#10410=DIRECTION('',(1.,0.,0.));
#10411=DIRECTION('',(0.,0.,-1.));
#10412=DIRECTION('',(0.,0.,1.));
#10413=DIRECTION('',(0.,1.,-4.33680868994202E-16));
#10414=DIRECTION('',(0.,-1.35164305652759E-28,-1.));
#10415=DIRECTION('',(0.,-1.,-4.33680868994202E-16));
#10416=DIRECTION('',(0.,0.,1.));
#10417=DIRECTION('',(-1.,0.,0.));
#10418=DIRECTION('',(0.,0.,-1.));
#10419=DIRECTION('',(0.,0.,-1.));
#10420=DIRECTION('',(-1.,0.,0.));
#10421=DIRECTION('',(0.,0.,-1.));
#10422=DIRECTION('',(0.,1.,0.));
#10423=DIRECTION('',(0.,0.,1.));
#10424=DIRECTION('',(-1.,0.,0.));
#10425=DIRECTION('',(6.55375434796019E-31,1.,-1.82602471155453E-16));
#10426=DIRECTION('',(0.,1.82602471155453E-16,1.));
#10427=DIRECTION('',(-1.,0.,0.));
#10428=DIRECTION('',(1.,0.,0.));
#10429=DIRECTION('',(0.,0.,-1.));
#10430=DIRECTION('',(-1.,0.,0.));
#10431=DIRECTION('',(1.,0.,0.));
#10432=DIRECTION('',(0.,0.,-1.));
#10433=DIRECTION('',(1.,0.,0.));
#10434=DIRECTION('',(1.,0.,0.));
#10435=DIRECTION('',(0.,0.,-1.));
#10436=DIRECTION('',(0.,1.,1.36784797186593E-28));
#10437=DIRECTION('',(0.,-1.6365315811102E-16,1.));
#10438=DIRECTION('',(0.,1.,0.));
#10439=DIRECTION('',(0.,8.18265790555098E-17,-1.));
#10440=DIRECTION('',(0.,-1.50845519650157E-16,-1.));
#10441=DIRECTION('',(0.,1.,-1.50845519650157E-16));
#10442=DIRECTION('',(1.,0.,0.));
#10443=DIRECTION('',(-1.,0.,0.));
#10444=DIRECTION('',(0.,1.,1.6365315811102E-16));
#10445=DIRECTION('',(0.,-1.6365315811102E-16,1.));
#10446=DIRECTION('',(-1.,-1.95156391047391E-14,-6.93889390390721E-15));
#10447=DIRECTION('',(-6.94101132467612E-15,-1.6365315811102E-16,1.));
#10448=DIRECTION('',(-1.,0.,0.));
#10449=DIRECTION('',(0.,-1.,-8.18265790555098E-17));
#10450=DIRECTION('',(0.,8.18265790555098E-17,-1.));
#10451=DIRECTION('',(-1.,0.,0.));
#10452=DIRECTION('',(6.94101132467612E-15,8.18265790555098E-17,-1.));
#10453=DIRECTION('',(-1.,-1.95156391047391E-14,-6.93889390390721E-15));
#10454=DIRECTION('',(1.,0.,0.));
#10455=DIRECTION('',(0.,0.,-1.));
#10456=DIRECTION('',(-1.,0.,0.));
#10457=DIRECTION('',(0.,0.,-1.));
#10458=DIRECTION('',(0.,0.,-1.));
#10459=DIRECTION('',(-1.,0.,0.));
#10460=DIRECTION('',(0.,0.,-1.));
#10461=DIRECTION('',(0.,-1.6365315811102E-16,-1.));
#10462=DIRECTION('',(1.,0.,0.));
#10463=DIRECTION('',(0.,0.,-1.));
#10464=DIRECTION('',(-1.,0.,0.));
#10465=DIRECTION('',(1.,0.,0.));
#10466=DIRECTION('',(0.,0.,-1.));
#10467=DIRECTION('',(1.,0.,0.));
#10468=DIRECTION('',(0.,-1.,0.));
#10469=DIRECTION('',(0.,0.,-1.));
#10470=DIRECTION('',(-1.,0.,0.));
#10471=DIRECTION('',(-6.94101132467612E-15,-2.93966381527306E-31,1.));
#10472=DIRECTION('',(-1.,0.,0.));
#10473=DIRECTION('',(0.,1.,-1.6365315811102E-16));
#10474=DIRECTION('',(0.,1.6365315811102E-16,1.));
#10475=DIRECTION('',(-1.,0.,0.));
#10476=DIRECTION('',(-6.94101132467612E-15,1.6365315811102E-16,1.));
#10477=DIRECTION('',(-1.,-1.95156391047391E-14,-6.93889390390721E-15));
#10478=DIRECTION('',(0.,-1.,8.18265790555098E-17));
#10479=DIRECTION('',(0.,-8.18265790555098E-17,-1.));
#10480=DIRECTION('',(-1.,-1.95156391047391E-14,-6.93889390390721E-15));
#10481=DIRECTION('',(6.94101132467612E-15,-8.18265790555098E-17,-1.));
#10482=DIRECTION('',(-1.,0.,0.));
#10483=DIRECTION('',(6.93889390390721E-15,1.35074987221761E-28,-1.));
#10484=DIRECTION('',(-1.,0.,-6.93889390390721E-15));
#10485=DIRECTION('',(1.94663571878079E-14,-1.,0.));
#10486=DIRECTION('',(-1.,-1.953056979633E-14,-6.94101132467612E-15));
#10487=DIRECTION('',(1.953056979633E-14,-1.,0.));
#10488=DIRECTION('',(-6.94101132467612E-15,-2.93966381526993E-31,1.));
#10489=DIRECTION('',(-1.953056979633E-14,1.,-4.33680868994202E-16));
#10490=DIRECTION('',(-1.953056979633E-14,1.,0.));
#10491=DIRECTION('',(1.953056979633E-14,-1.,0.));
#10492=DIRECTION('',(1.97127667724637E-14,-1.,0.));
#10493=DIRECTION('',(1.95305697963301E-14,-1.,-4.33680868994202E-16));
#10494=DIRECTION('',(0.,-4.33680868994202E-16,-1.));
#10495=DIRECTION('',(0.,1.,-4.33680868994202E-16));
#10496=DIRECTION('',(-1.,-1.95156391047391E-14,8.46355932592046E-30));
#10497=DIRECTION('',(0.,0.,-1.));
#10498=DIRECTION('',(-1.,0.,0.));
#10499=DIRECTION('',(6.93889390390721E-15,1.36784797186593E-28,-1.));
#10500=DIRECTION('',(-1.,0.,-6.93889390390721E-15));
#10501=DIRECTION('',(0.,0.,1.));
#10502=DIRECTION('',(1.,0.,0.));
#10503=DIRECTION('',(0.,-4.33680868994202E-16,1.));
#10504=DIRECTION('',(0.,-1.,-4.33680868994202E-16));
#10505=DIRECTION('',(1.,1.95156391047391E-14,8.46355932592046E-30));
#10506=DIRECTION('',(0.,-1.,-7.41334818793507E-17));
#10507=DIRECTION('',(0.,7.41334818793507E-17,-1.));
#10508=DIRECTION('',(0.,1.,0.));
#10509=DIRECTION('',(0.,0.,1.));
#10510=DIRECTION('',(1.95156391047391E-14,-1.,1.35164305652759E-28));
#10511=DIRECTION('',(1.,1.95156391047391E-14,0.));
#10512=DIRECTION('',(1.,0.,0.));
#10513=DIRECTION('',(0.,0.,-1.));
#10514=DIRECTION('',(-1.,0.,0.));
#10515=DIRECTION('',(0.,0.,1.));
#10516=DIRECTION('',(-1.,0.,0.));
#10517=DIRECTION('',(0.,0.,1.));
#10518=DIRECTION('',(1.,0.,0.));
#10519=DIRECTION('',(0.,0.,-1.));
#10520=DIRECTION('',(1.,0.,0.));
#10521=DIRECTION('',(0.,0.,-1.));
#10522=DIRECTION('',(-1.,0.,0.));
#10523=DIRECTION('',(0.,0.,1.));
#10524=DIRECTION('',(-1.,0.,0.));
#10525=DIRECTION('',(0.,0.,1.));
#10526=DIRECTION('',(-1.,0.,0.));
#10527=DIRECTION('',(-1.,0.,0.));
#10528=DIRECTION('',(0.,0.,-1.));
#10529=DIRECTION('',(-1.,0.,0.));
#10530=DIRECTION('',(-1.,0.,0.));
#10531=DIRECTION('',(0.,0.,1.));
#10532=DIRECTION('',(0.,-1.,-8.34619221520643E-17));
#10533=DIRECTION('',(0.,8.34619221520643E-17,-1.));
#10534=DIRECTION('',(0.,8.34619221520643E-17,-1.));
#10535=DIRECTION('',(1.,0.,0.));
#10536=DIRECTION('',(0.,8.34619221520643E-17,-1.));
#10537=DIRECTION('',(1.,0.,0.));
#10538=DIRECTION('',(1.,0.,0.));
#10539=DIRECTION('',(0.,0.,-1.));
#10540=DIRECTION('',(1.,0.,0.));
#10541=DIRECTION('',(0.,0.,-1.));
#10542=DIRECTION('',(-1.,0.,0.));
#10543=DIRECTION('',(0.,0.,1.));
#10544=DIRECTION('',(-0.707106781186546,0.,0.707106781186549));
#10545=DIRECTION('',(1.,0.,0.));
#10546=DIRECTION('',(0.,0.,-1.));
#10547=DIRECTION('',(-1.,0.,0.));
#10548=DIRECTION('',(0.,0.,-1.));
#10549=DIRECTION('',(1.,0.,0.));
#10550=DIRECTION('',(0.,0.,-1.));
#10551=DIRECTION('',(1.,0.,0.));
#10552=DIRECTION('',(0.,0.,-1.));
#10553=DIRECTION('',(1.,0.,0.));
#10554=DIRECTION('',(0.,0.,-1.));
#10555=DIRECTION('',(-1.,0.,0.));
#10556=DIRECTION('',(0.,0.,1.));
#10557=DIRECTION('',(-1.,0.,0.));
#10558=DIRECTION('',(0.,0.,1.));
#10559=DIRECTION('',(-1.,0.,0.));
#10560=DIRECTION('',(0.,0.,1.));
#10561=DIRECTION('',(-1.,0.,0.));
#10562=DIRECTION('',(0.,0.,1.));
#10563=DIRECTION('',(-1.,0.,0.));
#10564=DIRECTION('',(0.,0.,1.));
#10565=DIRECTION('',(-1.,0.,0.));
#10566=DIRECTION('',(-1.,0.,0.));
#10567=DIRECTION('',(-1.,0.,0.));
#10568=DIRECTION('',(0.,0.,1.));
#10569=DIRECTION('',(1.,0.,0.));
#10570=DIRECTION('',(0.,0.,-1.));
#10571=DIRECTION('',(-1.,0.,0.));
#10572=DIRECTION('',(0.,0.,1.));
#10573=DIRECTION('',(-1.,0.,0.));
#10574=DIRECTION('',(0.,0.,1.));
#10575=DIRECTION('',(-1.,0.,0.));
#10576=DIRECTION('',(0.,0.,1.));
#10577=DIRECTION('',(1.,0.,0.));
#10578=DIRECTION('',(0.,0.,-1.));
#10579=DIRECTION('',(-1.,0.,0.));
#10580=DIRECTION('',(0.,0.,-1.));
#10581=DIRECTION('',(0.,0.,-1.));
#10582=DIRECTION('',(-1.,0.,0.));
#10583=DIRECTION('',(0.,0.,-1.));
#10584=DIRECTION('',(0.,1.,0.));
#10585=DIRECTION('',(-1.,0.,0.));
#10586=DIRECTION('',(0.,0.,-1.));
#10587=DIRECTION('',(0.,0.,-1.));
#10588=DIRECTION('',(-1.,0.,0.));
#10589=DIRECTION('',(0.,2.60208521396521E-15,-1.));
#10590=DIRECTION('',(0.,1.,0.));
#10591=DIRECTION('',(-1.,0.,0.));
#10592=DIRECTION('',(0.,0.,1.));
#10593=DIRECTION('',(-0.707106781186546,8.65956056235495E-17,-0.707106781186549));
#10594=DIRECTION('',(-0.707106781186546,0.,0.707106781186549));
#10595=DIRECTION('',(-1.,0.,0.));
#10596=DIRECTION('',(0.,0.,-1.));
#10597=DIRECTION('',(-1.,0.,0.));
#10598=DIRECTION('',(0.,0.,1.));
#10599=DIRECTION('',(-1.,0.,0.));
#10600=DIRECTION('',(-1.,0.,0.));
#10601=DIRECTION('',(-1.,0.,0.));
#10602=DIRECTION('',(0.,0.,1.));
#10603=DIRECTION('',(1.,0.,0.));
#10604=DIRECTION('',(0.,0.,-1.));
#10605=DIRECTION('',(-1.,0.,0.));
#10606=DIRECTION('',(1.,0.,0.));
#10607=DIRECTION('',(0.,2.60208521396521E-15,1.));
#10608=DIRECTION('',(1.,0.,0.));
#10609=DIRECTION('',(1.,0.,0.));
#10610=DIRECTION('',(0.,0.,-1.));
#10611=DIRECTION('',(-1.,0.,0.));
#10612=DIRECTION('',(1.,0.,0.));
#10613=DIRECTION('',(0.,0.,1.));
#10614=DIRECTION('',(1.,0.,0.));
#10615=DIRECTION('',(1.,0.,0.));
#10616=DIRECTION('',(0.,0.,-1.));
#10617=DIRECTION('',(-1.,0.,0.));
#10618=DIRECTION('',(1.,0.,0.));
#10619=DIRECTION('',(0.,0.,1.));
#10620=DIRECTION('',(1.,0.,0.));
#10621=DIRECTION('',(1.,0.,0.));
#10622=DIRECTION('',(0.,0.,-1.));
#10623=DIRECTION('',(-1.,0.,0.));
#10624=DIRECTION('',(1.,0.,0.));
#10625=DIRECTION('',(0.,0.,1.));
#10626=DIRECTION('',(1.,0.,0.));
#10627=DIRECTION('',(-1.,0.,0.));
#10628=DIRECTION('',(0.,0.,1.));
#10629=DIRECTION('',(0.,7.41334818793507E-17,-1.));
#10630=DIRECTION('',(0.,1.,-1.50845519650157E-16));
#10631=DIRECTION('',(0.,0.,1.));
#10632=DIRECTION('',(0.,-1.,2.26268279475236E-16));
#10633=DIRECTION('',(-1.,0.,0.));
#10634=DIRECTION('',(0.,0.,1.));
#10635=DIRECTION('',(0.,1.,0.));
#10636=DIRECTION('',(0.,0.,1.));
#10637=DIRECTION('',(0.,2.26268279475236E-16,1.));
#10638=DIRECTION('',(0.,-1.,2.26268279475236E-16));
#10639=DIRECTION('',(0.,-1.,-7.41334818793507E-17));
#10640=DIRECTION('',(0.,7.41334818793507E-17,-1.));
#10641=DIRECTION('',(0.,-1.50845519650157E-16,-1.));
#10642=DIRECTION('',(0.,1.,-1.50845519650157E-16));
#10643=DIRECTION('',(-1.,0.,0.));
#10644=DIRECTION('',(0.,0.,1.));
#10645=DIRECTION('',(-1.,0.,0.));
#10646=DIRECTION('',(0.,0.,-1.));
#10647=DIRECTION('',(-1.,0.,0.));
#10648=DIRECTION('',(0.,0.,1.));
#10649=DIRECTION('',(-1.,0.,0.));
#10650=DIRECTION('',(0.,0.,1.));
#10651=DIRECTION('',(-1.,0.,0.));
#10652=DIRECTION('',(0.,0.,1.));
#10653=DIRECTION('',(-0.707106781186546,8.65956056235495E-17,-0.707106781186549));
#10654=DIRECTION('',(-1.,0.,0.));
#10655=DIRECTION('',(0.,0.,1.));
#10656=DIRECTION('',(-1.,0.,0.));
#10657=DIRECTION('',(0.,-4.44089209850063E-15,-1.));
#10658=DIRECTION('',(-1.,0.,0.));
#10659=DIRECTION('',(0.,0.,1.));
#10660=CARTESIAN_POINT('',(0.,0.,0.));
#10661=CARTESIAN_POINT('',(-4.,8.05,0.));
#10662=CARTESIAN_POINT('',(-3.8,8.05,0.));
#10663=CARTESIAN_POINT('',(-3.8,8.05,-0.45));
#10664=CARTESIAN_POINT('',(-3.8,8.5,0.));
#10665=CARTESIAN_POINT('',(-3.65,8.05,-0.45));
#10666=CARTESIAN_POINT('',(-4.,8.05,-0.45));
#10667=CARTESIAN_POINT('',(-4.,8.05,0.));
#10668=CARTESIAN_POINT('',(-4.,8.5,0.));
#10669=CARTESIAN_POINT('',(-4.,8.5,0.));
#10670=CARTESIAN_POINT('',(-3.65,8.05,0.));
#10671=CARTESIAN_POINT('',(-3.65,8.05,0.45));
#10672=CARTESIAN_POINT('',(-3.8,8.05,0.45));
#10673=CARTESIAN_POINT('',(-4.,8.05,0.45));
#10674=CARTESIAN_POINT('',(-3.8,8.05,0.));
#10675=CARTESIAN_POINT('',(-4.,8.05,0.));
#10676=CARTESIAN_POINT('',(-3.65,7.35,-0.25));
#10677=CARTESIAN_POINT('',(-3.8,7.925,-0.25));
#10678=CARTESIAN_POINT('',(-3.7,7.925,-0.25));
#10679=CARTESIAN_POINT('',(-3.8,7.925,-0.25));
#10680=CARTESIAN_POINT('',(-3.7,7.925,-0.25));
#10681=CARTESIAN_POINT('',(-3.7,7.35,-0.25));
#10682=CARTESIAN_POINT('',(-3.65,7.35,-0.25));
#10683=CARTESIAN_POINT('',(-3.65,7.3,-0.25));
#10684=CARTESIAN_POINT('',(-2.45,7.3,-0.25));
#10685=CARTESIAN_POINT('',(-2.45,7.3,-0.25));
#10686=CARTESIAN_POINT('',(-2.45,6.95,-0.25));
#10687=CARTESIAN_POINT('',(-2.1,6.95,-0.25));
#10688=CARTESIAN_POINT('',(-2.1,6.225,-0.25));
#10689=CARTESIAN_POINT('',(-2.1,6.225,-0.25));
#10690=CARTESIAN_POINT('',(-2.2,6.225,-0.25));
#10691=CARTESIAN_POINT('',(-2.2,6.225,-0.25));
#10692=CARTESIAN_POINT('',(-2.2,6.225,-0.25));
#10693=CARTESIAN_POINT('',(-2.2,6.95,-0.25));
#10694=CARTESIAN_POINT('',(-2.45,6.95,-0.25));
#10695=CARTESIAN_POINT('',(-2.45,7.2,-0.25));
#10696=CARTESIAN_POINT('',(-2.45,7.2,-0.25));
#10697=CARTESIAN_POINT('',(-3.65,7.2,-0.25));
#10698=CARTESIAN_POINT('',(-3.65,7.35,-0.25));
#10699=CARTESIAN_POINT('',(-3.8,7.35,-0.25));
#10700=CARTESIAN_POINT('',(-3.8,7.925,-0.25));
#10701=CARTESIAN_POINT('',(-3.65,7.35,0.25));
#10702=CARTESIAN_POINT('',(-3.8,7.925,0.25));
#10703=CARTESIAN_POINT('',(-3.7,7.925,0.25));
#10704=CARTESIAN_POINT('',(-3.8,7.925,0.25));
#10705=CARTESIAN_POINT('',(-3.8,7.925,0.25));
#10706=CARTESIAN_POINT('',(-3.8,7.35,0.25));
#10707=CARTESIAN_POINT('',(-3.65,7.35,0.25));
#10708=CARTESIAN_POINT('',(-3.65,7.2,0.25));
#10709=CARTESIAN_POINT('',(-2.45,7.2,0.25));
#10710=CARTESIAN_POINT('',(-2.45,7.2,0.25));
#10711=CARTESIAN_POINT('',(-2.45,6.95,0.25));
#10712=CARTESIAN_POINT('',(-2.2,6.95,0.25));
#10713=CARTESIAN_POINT('',(-2.2,6.225,0.25));
#10714=CARTESIAN_POINT('',(-2.2,6.225,0.25));
#10715=CARTESIAN_POINT('',(-2.2,6.225,0.25));
#10716=CARTESIAN_POINT('',(-2.1,6.225,0.25));
#10717=CARTESIAN_POINT('',(-2.1,6.225,0.25));
#10718=CARTESIAN_POINT('',(-2.1,6.95,0.25));
#10719=CARTESIAN_POINT('',(-2.45,6.95,0.25));
#10720=CARTESIAN_POINT('',(-2.45,7.3,0.25));
#10721=CARTESIAN_POINT('',(-2.45,7.3,0.25));
#10722=CARTESIAN_POINT('',(-3.65,7.3,0.25));
#10723=CARTESIAN_POINT('',(-3.65,7.35,0.25));
#10724=CARTESIAN_POINT('',(-3.7,7.35,0.25));
#10725=CARTESIAN_POINT('',(-3.7,7.925,0.25));
#10726=CARTESIAN_POINT('',(-3.7,7.925,0.25));
#10727=CARTESIAN_POINT('',(-3.7,7.925,0.25));
#10728=CARTESIAN_POINT('',(-3.7,7.35,0.25));
#10729=CARTESIAN_POINT('',(-3.65,7.35,0.25));
#10730=CARTESIAN_POINT('',(-3.65,7.3,0.25));
#10731=CARTESIAN_POINT('',(-2.45,7.3,0.25));
#10732=CARTESIAN_POINT('',(-2.45,7.3,0.25));
#10733=CARTESIAN_POINT('',(-2.45,6.95,0.25));
#10734=CARTESIAN_POINT('',(-2.1,6.95,0.25));
#10735=CARTESIAN_POINT('',(-2.1,6.225,0.25));
#10736=CARTESIAN_POINT('',(-2.1,6.225,0.25));
#10737=CARTESIAN_POINT('',(-2.2,6.225,0.25));
#10738=CARTESIAN_POINT('',(-2.2,6.225,0.25));
#10739=CARTESIAN_POINT('',(-3.8,7.925,0.25));
#10740=CARTESIAN_POINT('',(-3.8,7.925,0.25));
#10741=CARTESIAN_POINT('',(-3.65,-2.04898497524796E-15,0.));
#10742=CARTESIAN_POINT('',(-3.65,8.5,0.45));
#10743=CARTESIAN_POINT('',(-3.65,7.2,0.45));
#10744=CARTESIAN_POINT('',(-3.65,7.,0.45));
#10745=CARTESIAN_POINT('',(-3.65,7.,0.75));
#10746=CARTESIAN_POINT('',(-3.65,7.,0.75));
#10747=CARTESIAN_POINT('',(-3.65,8.5,0.75));
#10748=CARTESIAN_POINT('',(-3.65,7.2,0.75));
#10749=CARTESIAN_POINT('',(-3.65,7.2,0.75));
#10750=CARTESIAN_POINT('',(-3.65,8.5,0.45));
#10751=CARTESIAN_POINT('',(-3.8,8.5,0.45));
#10752=CARTESIAN_POINT('',(-3.8,7.35,0.45));
#10753=CARTESIAN_POINT('',(-4.,8.5,0.45));
#10754=CARTESIAN_POINT('',(-4.,7.35,0.45));
#10755=CARTESIAN_POINT('',(-3.65,7.35,0.45));
#10756=CARTESIAN_POINT('',(-3.65,7.35,0.45));
#10757=CARTESIAN_POINT('',(-3.65,-2.04898497524796E-15,0.));
#10758=CARTESIAN_POINT('',(-3.65,7.35,-0.75));
#10759=CARTESIAN_POINT('',(-3.65,7.,-0.75));
#10760=CARTESIAN_POINT('',(-3.65,7.2,-0.75));
#10761=CARTESIAN_POINT('',(-3.65,7.,-0.75));
#10762=CARTESIAN_POINT('',(-3.65,7.,-0.45));
#10763=CARTESIAN_POINT('',(-3.65,7.,-0.45));
#10764=CARTESIAN_POINT('',(-3.65,7.2,-0.45));
#10765=CARTESIAN_POINT('',(-3.65,7.2,0.75));
#10766=CARTESIAN_POINT('',(-3.65,7.,-0.45));
#10767=CARTESIAN_POINT('',(-4.,7.,-0.45));
#10768=CARTESIAN_POINT('',(-4.,7.35,-0.45));
#10769=CARTESIAN_POINT('',(-3.8,8.5,-0.45));
#10770=CARTESIAN_POINT('',(-3.8,7.35,-0.45));
#10771=CARTESIAN_POINT('',(-3.65,7.35,-0.45));
#10772=CARTESIAN_POINT('',(-3.65,7.35,-0.45));
#10773=CARTESIAN_POINT('',(-3.65,7.35,-0.75));
#10774=CARTESIAN_POINT('',(-3.65,7.,-0.75));
#10775=CARTESIAN_POINT('',(-2.45,7.,-0.75));
#10776=CARTESIAN_POINT('',(-3.65,7.2,-0.75));
#10777=CARTESIAN_POINT('',(-2.45,7.2,-0.75));
#10778=CARTESIAN_POINT('',(-2.45,6.95,-0.75));
#10779=CARTESIAN_POINT('',(-2.2,6.95,-0.75));
#10780=CARTESIAN_POINT('',(-2.2,6.95,-0.75));
#10781=CARTESIAN_POINT('',(-2.2,5.5,-0.75));
#10782=CARTESIAN_POINT('',(-2.4,5.5,-0.75));
#10783=CARTESIAN_POINT('',(-2.4,5.5,-0.75));
#10784=CARTESIAN_POINT('',(-2.4,6.95,-0.75));
#10785=CARTESIAN_POINT('',(-2.4,6.95,-0.75));
#10786=CARTESIAN_POINT('',(-2.45,6.95,-0.75));
#10787=CARTESIAN_POINT('',(-3.65,7.35,0.75));
#10788=CARTESIAN_POINT('',(-3.65,7.,0.75));
#10789=CARTESIAN_POINT('',(-2.45,7.,0.75));
#10790=CARTESIAN_POINT('',(-2.45,6.95,0.75));
#10791=CARTESIAN_POINT('',(-2.4,6.95,0.75));
#10792=CARTESIAN_POINT('',(-2.4,6.95,0.75));
#10793=CARTESIAN_POINT('',(-2.4,5.5,0.75));
#10794=CARTESIAN_POINT('',(-2.4,5.5,0.75));
#10795=CARTESIAN_POINT('',(-2.2,5.5,0.75));
#10796=CARTESIAN_POINT('',(-2.2,6.95,0.75));
#10797=CARTESIAN_POINT('',(-2.2,6.95,0.75));
#10798=CARTESIAN_POINT('',(-2.45,6.95,0.75));
#10799=CARTESIAN_POINT('',(-2.45,7.2,0.75));
#10800=CARTESIAN_POINT('',(-3.65,7.2,0.75));
#10801=CARTESIAN_POINT('',(-3.8,8.5,0.75));
#10802=CARTESIAN_POINT('',(-3.8,7.35,0.75));
#10803=CARTESIAN_POINT('',(-3.8,7.35,0.75));
#10804=CARTESIAN_POINT('',(-3.65,7.35,0.75));
#10805=CARTESIAN_POINT('',(-3.65,7.2,0.75));
#10806=CARTESIAN_POINT('',(-3.65,7.2,0.75));
#10807=CARTESIAN_POINT('',(-2.45,7.2,0.75));
#10808=CARTESIAN_POINT('',(-2.45,6.95,0.75));
#10809=CARTESIAN_POINT('',(-2.2,6.95,0.75));
#10810=CARTESIAN_POINT('',(-2.2,6.95,0.75));
#10811=CARTESIAN_POINT('',(-2.2,5.5,0.75));
#10812=CARTESIAN_POINT('',(-2.2,6.95,0.75));
#10813=CARTESIAN_POINT('',(-2.4,5.5,0.75));
#10814=CARTESIAN_POINT('',(-2.4,5.5,0.75));
#10815=CARTESIAN_POINT('',(-2.4,6.95,0.75));
#10816=CARTESIAN_POINT('',(-2.4,6.95,0.75));
#10817=CARTESIAN_POINT('',(-2.45,6.95,0.75));
#10818=CARTESIAN_POINT('',(-2.45,7.,0.75));
#10819=CARTESIAN_POINT('',(-3.65,7.,0.75));
#10820=CARTESIAN_POINT('',(-3.65,7.,0.75));
#10821=CARTESIAN_POINT('',(-3.65,7.35,0.75));
#10822=CARTESIAN_POINT('',(-4.,7.35,0.75));
#10823=CARTESIAN_POINT('',(-4.,8.5,0.75));
#10824=CARTESIAN_POINT('',(-3.65,7.35,0.75));
#10825=CARTESIAN_POINT('',(-3.65,7.2,0.75));
#10826=CARTESIAN_POINT('',(-3.65,7.2,0.75));
#10827=CARTESIAN_POINT('',(-2.45,7.2,0.75));
#10828=CARTESIAN_POINT('',(-2.45,6.95,0.75));
#10829=CARTESIAN_POINT('',(-4.,8.05,-2.5));
#10830=CARTESIAN_POINT('',(-3.8,8.05,-2.5));
#10831=CARTESIAN_POINT('',(-3.8,8.05,-2.95));
#10832=CARTESIAN_POINT('',(-3.8,8.5,-2.5));
#10833=CARTESIAN_POINT('',(-3.65,8.05,-2.95));
#10834=CARTESIAN_POINT('',(-4.,8.05,-2.95));
#10835=CARTESIAN_POINT('',(-4.,8.05,-2.5));
#10836=CARTESIAN_POINT('',(-4.,8.5,-2.5));
#10837=CARTESIAN_POINT('',(-4.,8.5,-2.5));
#10838=CARTESIAN_POINT('',(-3.65,8.05,-2.5));
#10839=CARTESIAN_POINT('',(-3.65,8.05,-2.05));
#10840=CARTESIAN_POINT('',(-3.8,8.05,-2.05));
#10841=CARTESIAN_POINT('',(-4.,8.05,-2.05));
#10842=CARTESIAN_POINT('',(-3.8,8.05,-2.5));
#10843=CARTESIAN_POINT('',(-4.,8.05,-2.5));
#10844=CARTESIAN_POINT('',(-3.65,7.35,-2.75));
#10845=CARTESIAN_POINT('',(-3.8,7.925,-2.75));
#10846=CARTESIAN_POINT('',(-3.7,7.925,-2.75));
#10847=CARTESIAN_POINT('',(-3.8,7.925,-2.75));
#10848=CARTESIAN_POINT('',(-3.7,7.925,-2.75));
#10849=CARTESIAN_POINT('',(-3.7,7.35,-2.75));
#10850=CARTESIAN_POINT('',(-3.65,7.35,-2.75));
#10851=CARTESIAN_POINT('',(-3.65,7.3,-2.75));
#10852=CARTESIAN_POINT('',(-2.45,7.3,-2.75));
#10853=CARTESIAN_POINT('',(-2.45,7.3,-2.75));
#10854=CARTESIAN_POINT('',(-2.45,6.95,-2.75));
#10855=CARTESIAN_POINT('',(-2.1,6.95,-2.75));
#10856=CARTESIAN_POINT('',(-2.1,6.225,-2.75));
#10857=CARTESIAN_POINT('',(-2.1,6.225,-2.75));
#10858=CARTESIAN_POINT('',(-2.2,6.225,-2.75));
#10859=CARTESIAN_POINT('',(-2.2,6.225,-2.75));
#10860=CARTESIAN_POINT('',(-2.2,6.225,-2.75));
#10861=CARTESIAN_POINT('',(-2.2,6.95,-2.75));
#10862=CARTESIAN_POINT('',(-2.45,6.95,-2.75));
#10863=CARTESIAN_POINT('',(-2.45,7.2,-2.75));
#10864=CARTESIAN_POINT('',(-2.45,7.2,-2.75));
#10865=CARTESIAN_POINT('',(-3.65,7.2,-2.75));
#10866=CARTESIAN_POINT('',(-3.65,7.35,-2.75));
#10867=CARTESIAN_POINT('',(-3.8,7.35,-2.75));
#10868=CARTESIAN_POINT('',(-3.8,7.925,-2.75));
#10869=CARTESIAN_POINT('',(-3.65,7.35,-2.25));
#10870=CARTESIAN_POINT('',(-3.8,7.925,-2.25));
#10871=CARTESIAN_POINT('',(-3.7,7.925,-2.25));
#10872=CARTESIAN_POINT('',(-3.8,7.925,-2.25));
#10873=CARTESIAN_POINT('',(-3.8,7.925,-2.25));
#10874=CARTESIAN_POINT('',(-3.8,7.35,-2.25));
#10875=CARTESIAN_POINT('',(-3.65,7.35,-2.25));
#10876=CARTESIAN_POINT('',(-3.65,7.2,-2.25));
#10877=CARTESIAN_POINT('',(-2.45,7.2,-2.25));
#10878=CARTESIAN_POINT('',(-2.45,7.2,-2.25));
#10879=CARTESIAN_POINT('',(-2.45,6.95,-2.25));
#10880=CARTESIAN_POINT('',(-2.2,6.95,-2.25));
#10881=CARTESIAN_POINT('',(-2.2,6.225,-2.25));
#10882=CARTESIAN_POINT('',(-2.2,6.225,-2.25));
#10883=CARTESIAN_POINT('',(-2.2,6.225,-2.25));
#10884=CARTESIAN_POINT('',(-2.1,6.225,-2.25));
#10885=CARTESIAN_POINT('',(-2.1,6.225,-2.25));
#10886=CARTESIAN_POINT('',(-2.1,6.95,-2.25));
#10887=CARTESIAN_POINT('',(-2.45,6.95,-2.25));
#10888=CARTESIAN_POINT('',(-2.45,7.3,-2.25));
#10889=CARTESIAN_POINT('',(-2.45,7.3,-2.25));
#10890=CARTESIAN_POINT('',(-3.65,7.3,-2.25));
#10891=CARTESIAN_POINT('',(-3.65,7.35,-2.25));
#10892=CARTESIAN_POINT('',(-3.7,7.35,-2.25));
#10893=CARTESIAN_POINT('',(-3.7,7.925,-2.25));
#10894=CARTESIAN_POINT('',(-3.7,7.925,-2.25));
#10895=CARTESIAN_POINT('',(-3.7,7.925,-2.25));
#10896=CARTESIAN_POINT('',(-3.7,7.35,-2.25));
#10897=CARTESIAN_POINT('',(-3.65,7.35,-2.25));
#10898=CARTESIAN_POINT('',(-3.65,7.3,-2.25));
#10899=CARTESIAN_POINT('',(-2.45,7.3,-2.25));
#10900=CARTESIAN_POINT('',(-2.45,7.3,-2.25));
#10901=CARTESIAN_POINT('',(-2.45,6.95,-2.25));
#10902=CARTESIAN_POINT('',(-2.1,6.95,-2.25));
#10903=CARTESIAN_POINT('',(-2.1,6.225,-2.25));
#10904=CARTESIAN_POINT('',(-2.1,6.225,-2.25));
#10905=CARTESIAN_POINT('',(-2.2,6.225,-2.25));
#10906=CARTESIAN_POINT('',(-2.2,6.225,-2.25));
#10907=CARTESIAN_POINT('',(-3.8,7.925,-2.25));
#10908=CARTESIAN_POINT('',(-3.8,7.925,-2.25));
#10909=CARTESIAN_POINT('',(-3.65,-2.04898497524796E-15,-2.5));
#10910=CARTESIAN_POINT('',(-3.65,8.5,-2.05));
#10911=CARTESIAN_POINT('',(-3.65,7.2,-2.05));
#10912=CARTESIAN_POINT('',(-3.65,7.,-2.05));
#10913=CARTESIAN_POINT('',(-3.65,7.,-1.75));
#10914=CARTESIAN_POINT('',(-3.65,7.,-1.75));
#10915=CARTESIAN_POINT('',(-3.65,8.5,-1.75));
#10916=CARTESIAN_POINT('',(-3.65,7.2,-1.75));
#10917=CARTESIAN_POINT('',(-3.65,7.2,-1.75));
#10918=CARTESIAN_POINT('',(-3.65,8.5,-2.05));
#10919=CARTESIAN_POINT('',(-3.8,8.5,-2.05));
#10920=CARTESIAN_POINT('',(-3.8,7.35,-2.05));
#10921=CARTESIAN_POINT('',(-4.,8.5,-2.05));
#10922=CARTESIAN_POINT('',(-4.,7.35,-2.05));
#10923=CARTESIAN_POINT('',(-3.65,7.35,-2.05));
#10924=CARTESIAN_POINT('',(-3.65,7.35,-2.05));
#10925=CARTESIAN_POINT('',(-3.65,-2.04898497524796E-15,-2.5));
#10926=CARTESIAN_POINT('',(-3.65,7.35,-3.25));
#10927=CARTESIAN_POINT('',(-3.65,7.,-3.25));
#10928=CARTESIAN_POINT('',(-3.65,7.2,-3.25));
#10929=CARTESIAN_POINT('',(-3.65,7.,-3.25));
#10930=CARTESIAN_POINT('',(-3.65,7.,-2.95));
#10931=CARTESIAN_POINT('',(-3.65,7.,-2.95));
#10932=CARTESIAN_POINT('',(-3.65,7.2,-2.95));
#10933=CARTESIAN_POINT('',(-3.65,7.2,-1.75));
#10934=CARTESIAN_POINT('',(-3.65,7.,-2.95));
#10935=CARTESIAN_POINT('',(-4.,7.,-2.95));
#10936=CARTESIAN_POINT('',(-4.,7.35,-2.95));
#10937=CARTESIAN_POINT('',(-3.8,8.5,-2.95));
#10938=CARTESIAN_POINT('',(-3.8,7.35,-2.95));
#10939=CARTESIAN_POINT('',(-3.65,7.35,-2.95));
#10940=CARTESIAN_POINT('',(-3.65,7.35,-2.95));
#10941=CARTESIAN_POINT('',(-3.65,7.35,-3.25));
#10942=CARTESIAN_POINT('',(-3.65,7.,-3.25));
#10943=CARTESIAN_POINT('',(-2.45,7.,-3.25));
#10944=CARTESIAN_POINT('',(-3.65,7.2,-3.25));
#10945=CARTESIAN_POINT('',(-2.45,7.2,-3.25));
#10946=CARTESIAN_POINT('',(-2.45,6.95,-3.25));
#10947=CARTESIAN_POINT('',(-2.2,6.95,-3.25));
#10948=CARTESIAN_POINT('',(-2.2,6.95,-3.25));
#10949=CARTESIAN_POINT('',(-2.2,5.5,-3.25));
#10950=CARTESIAN_POINT('',(-2.4,5.5,-3.25));
#10951=CARTESIAN_POINT('',(-2.4,5.5,-3.25));
#10952=CARTESIAN_POINT('',(-2.4,6.95,-3.25));
#10953=CARTESIAN_POINT('',(-2.4,6.95,-3.25));
#10954=CARTESIAN_POINT('',(-2.45,6.95,-3.25));
#10955=CARTESIAN_POINT('',(-3.65,7.35,-1.75));
#10956=CARTESIAN_POINT('',(-3.65,7.,-1.75));
#10957=CARTESIAN_POINT('',(-2.45,7.,-1.75));
#10958=CARTESIAN_POINT('',(-2.45,6.95,-1.75));
#10959=CARTESIAN_POINT('',(-2.4,6.95,-1.75));
#10960=CARTESIAN_POINT('',(-2.4,6.95,-1.75));
#10961=CARTESIAN_POINT('',(-2.4,5.5,-1.75));
#10962=CARTESIAN_POINT('',(-2.4,5.5,-1.75));
#10963=CARTESIAN_POINT('',(-2.2,5.5,-1.75));
#10964=CARTESIAN_POINT('',(-2.2,6.95,-1.75));
#10965=CARTESIAN_POINT('',(-2.2,6.95,-1.75));
#10966=CARTESIAN_POINT('',(-2.45,6.95,-1.75));
#10967=CARTESIAN_POINT('',(-2.45,7.2,-1.75));
#10968=CARTESIAN_POINT('',(-3.65,7.2,-1.75));
#10969=CARTESIAN_POINT('',(-3.8,8.5,-1.75));
#10970=CARTESIAN_POINT('',(-3.8,7.35,-1.75));
#10971=CARTESIAN_POINT('',(-3.8,7.35,-1.75));
#10972=CARTESIAN_POINT('',(-3.65,7.35,-1.75));
#10973=CARTESIAN_POINT('',(-3.65,7.2,-1.75));
#10974=CARTESIAN_POINT('',(-3.65,7.2,-1.75));
#10975=CARTESIAN_POINT('',(-2.45,7.2,-1.75));
#10976=CARTESIAN_POINT('',(-2.45,6.95,-1.75));
#10977=CARTESIAN_POINT('',(-2.2,6.95,-1.75));
#10978=CARTESIAN_POINT('',(-2.2,6.95,-1.75));
#10979=CARTESIAN_POINT('',(-2.2,5.5,-1.75));
#10980=CARTESIAN_POINT('',(-2.2,6.95,-1.75));
#10981=CARTESIAN_POINT('',(-2.4,5.5,-1.75));
#10982=CARTESIAN_POINT('',(-2.4,5.5,-1.75));
#10983=CARTESIAN_POINT('',(-2.4,6.95,-1.75));
#10984=CARTESIAN_POINT('',(-2.4,6.95,-1.75));
#10985=CARTESIAN_POINT('',(-2.45,6.95,-1.75));
#10986=CARTESIAN_POINT('',(-2.45,7.,-1.75));
#10987=CARTESIAN_POINT('',(-3.65,7.,-1.75));
#10988=CARTESIAN_POINT('',(-3.65,7.,-1.75));
#10989=CARTESIAN_POINT('',(-3.65,7.35,-1.75));
#10990=CARTESIAN_POINT('',(-4.,7.35,-1.75));
#10991=CARTESIAN_POINT('',(-4.,8.5,-1.75));
#10992=CARTESIAN_POINT('',(-3.65,7.35,-1.75));
#10993=CARTESIAN_POINT('',(-3.65,7.2,-1.75));
#10994=CARTESIAN_POINT('',(-3.65,7.2,-1.75));
#10995=CARTESIAN_POINT('',(-2.45,7.2,-1.75));
#10996=CARTESIAN_POINT('',(-2.45,6.95,-1.75));
#10997=CARTESIAN_POINT('',(-4.,8.05,2.5));
#10998=CARTESIAN_POINT('',(-3.8,8.05,2.5));
#10999=CARTESIAN_POINT('',(-3.8,8.05,2.05));
#11000=CARTESIAN_POINT('',(-3.8,8.5,2.5));
#11001=CARTESIAN_POINT('',(-3.65,8.05,2.05));
#11002=CARTESIAN_POINT('',(-4.,8.05,2.05));
#11003=CARTESIAN_POINT('',(-4.,8.05,2.5));
#11004=CARTESIAN_POINT('',(-4.,8.5,2.5));
#11005=CARTESIAN_POINT('',(-4.,8.5,2.5));
#11006=CARTESIAN_POINT('',(-3.65,8.05,2.5));
#11007=CARTESIAN_POINT('',(-3.65,8.05,2.95));
#11008=CARTESIAN_POINT('',(-3.8,8.05,2.95));
#11009=CARTESIAN_POINT('',(-4.,8.05,2.95));
#11010=CARTESIAN_POINT('',(-3.8,8.05,2.5));
#11011=CARTESIAN_POINT('',(-4.,8.05,2.5));
#11012=CARTESIAN_POINT('',(-3.65,7.35,2.25));
#11013=CARTESIAN_POINT('',(-3.8,7.925,2.25));
#11014=CARTESIAN_POINT('',(-3.7,7.925,2.25));
#11015=CARTESIAN_POINT('',(-3.8,7.925,2.25));
#11016=CARTESIAN_POINT('',(-3.7,7.925,2.25));
#11017=CARTESIAN_POINT('',(-3.7,7.35,2.25));
#11018=CARTESIAN_POINT('',(-3.65,7.35,2.25));
#11019=CARTESIAN_POINT('',(-3.65,7.3,2.25));
#11020=CARTESIAN_POINT('',(-2.45,7.3,2.25));
#11021=CARTESIAN_POINT('',(-2.45,7.3,2.25));
#11022=CARTESIAN_POINT('',(-2.45,6.95,2.25));
#11023=CARTESIAN_POINT('',(-2.1,6.95,2.25));
#11024=CARTESIAN_POINT('',(-2.1,6.225,2.25));
#11025=CARTESIAN_POINT('',(-2.1,6.225,2.25));
#11026=CARTESIAN_POINT('',(-2.2,6.225,2.25));
#11027=CARTESIAN_POINT('',(-2.2,6.225,2.25));
#11028=CARTESIAN_POINT('',(-2.2,6.225,2.25));
#11029=CARTESIAN_POINT('',(-2.2,6.95,2.25));
#11030=CARTESIAN_POINT('',(-2.45,6.95,2.25));
#11031=CARTESIAN_POINT('',(-2.45,7.2,2.25));
#11032=CARTESIAN_POINT('',(-2.45,7.2,2.25));
#11033=CARTESIAN_POINT('',(-3.65,7.2,2.25));
#11034=CARTESIAN_POINT('',(-3.65,7.35,2.25));
#11035=CARTESIAN_POINT('',(-3.8,7.35,2.25));
#11036=CARTESIAN_POINT('',(-3.8,7.925,2.25));
#11037=CARTESIAN_POINT('',(-3.65,7.35,2.75));
#11038=CARTESIAN_POINT('',(-3.8,7.925,2.75));
#11039=CARTESIAN_POINT('',(-3.7,7.925,2.75));
#11040=CARTESIAN_POINT('',(-3.8,7.925,2.75));
#11041=CARTESIAN_POINT('',(-3.8,7.925,2.75));
#11042=CARTESIAN_POINT('',(-3.8,7.35,2.75));
#11043=CARTESIAN_POINT('',(-3.65,7.35,2.75));
#11044=CARTESIAN_POINT('',(-3.65,7.2,2.75));
#11045=CARTESIAN_POINT('',(-2.45,7.2,2.75));
#11046=CARTESIAN_POINT('',(-2.45,7.2,2.75));
#11047=CARTESIAN_POINT('',(-2.45,6.95,2.75));
#11048=CARTESIAN_POINT('',(-2.2,6.95,2.75));
#11049=CARTESIAN_POINT('',(-2.2,6.225,2.75));
#11050=CARTESIAN_POINT('',(-2.2,6.225,2.75));
#11051=CARTESIAN_POINT('',(-2.2,6.225,2.75));
#11052=CARTESIAN_POINT('',(-2.1,6.225,2.75));
#11053=CARTESIAN_POINT('',(-2.1,6.225,2.75));
#11054=CARTESIAN_POINT('',(-2.1,6.95,2.75));
#11055=CARTESIAN_POINT('',(-2.45,6.95,2.75));
#11056=CARTESIAN_POINT('',(-2.45,7.3,2.75));
#11057=CARTESIAN_POINT('',(-2.45,7.3,2.75));
#11058=CARTESIAN_POINT('',(-3.65,7.3,2.75));
#11059=CARTESIAN_POINT('',(-3.65,7.35,2.75));
#11060=CARTESIAN_POINT('',(-3.7,7.35,2.75));
#11061=CARTESIAN_POINT('',(-3.7,7.925,2.75));
#11062=CARTESIAN_POINT('',(-3.7,7.925,2.75));
#11063=CARTESIAN_POINT('',(-3.7,7.925,2.75));
#11064=CARTESIAN_POINT('',(-3.7,7.35,2.75));
#11065=CARTESIAN_POINT('',(-3.65,7.35,2.75));
#11066=CARTESIAN_POINT('',(-3.65,7.3,2.75));
#11067=CARTESIAN_POINT('',(-2.45,7.3,2.75));
#11068=CARTESIAN_POINT('',(-2.45,7.3,2.75));
#11069=CARTESIAN_POINT('',(-2.45,6.95,2.75));
#11070=CARTESIAN_POINT('',(-2.1,6.95,2.75));
#11071=CARTESIAN_POINT('',(-2.1,6.225,2.75));
#11072=CARTESIAN_POINT('',(-2.1,6.225,2.75));
#11073=CARTESIAN_POINT('',(-2.2,6.225,2.75));
#11074=CARTESIAN_POINT('',(-2.2,6.225,2.75));
#11075=CARTESIAN_POINT('',(-3.8,7.925,2.75));
#11076=CARTESIAN_POINT('',(-3.8,7.925,2.75));
#11077=CARTESIAN_POINT('',(-3.65,-2.04898497524796E-15,2.5));
#11078=CARTESIAN_POINT('',(-3.65,8.5,2.95));
#11079=CARTESIAN_POINT('',(-3.65,7.2,2.95));
#11080=CARTESIAN_POINT('',(-3.65,7.,2.95));
#11081=CARTESIAN_POINT('',(-3.65,7.,3.25));
#11082=CARTESIAN_POINT('',(-3.65,7.,3.25));
#11083=CARTESIAN_POINT('',(-3.65,8.5,3.25));
#11084=CARTESIAN_POINT('',(-3.65,7.2,3.25));
#11085=CARTESIAN_POINT('',(-3.65,7.2,3.25));
#11086=CARTESIAN_POINT('',(-3.65,8.5,2.95));
#11087=CARTESIAN_POINT('',(-3.8,8.5,2.95));
#11088=CARTESIAN_POINT('',(-3.8,7.35,2.95));
#11089=CARTESIAN_POINT('',(-4.,8.5,2.95));
#11090=CARTESIAN_POINT('',(-4.,7.35,2.95));
#11091=CARTESIAN_POINT('',(-3.65,7.35,2.95));
#11092=CARTESIAN_POINT('',(-3.65,7.35,2.95));
#11093=CARTESIAN_POINT('',(-3.65,-2.04898497524796E-15,2.5));
#11094=CARTESIAN_POINT('',(-3.65,7.35,1.75));
#11095=CARTESIAN_POINT('',(-3.65,7.,1.75));
#11096=CARTESIAN_POINT('',(-3.65,7.2,1.75));
#11097=CARTESIAN_POINT('',(-3.65,7.,1.75));
#11098=CARTESIAN_POINT('',(-3.65,7.,2.05));
#11099=CARTESIAN_POINT('',(-3.65,7.,2.05));
#11100=CARTESIAN_POINT('',(-3.65,7.2,2.05));
#11101=CARTESIAN_POINT('',(-3.65,7.2,3.25));
#11102=CARTESIAN_POINT('',(-3.65,7.,2.05));
#11103=CARTESIAN_POINT('',(-4.,7.,2.05));
#11104=CARTESIAN_POINT('',(-4.,7.35,2.05));
#11105=CARTESIAN_POINT('',(-3.8,8.5,2.05));
#11106=CARTESIAN_POINT('',(-3.8,7.35,2.05));
#11107=CARTESIAN_POINT('',(-3.65,7.35,2.05));
#11108=CARTESIAN_POINT('',(-3.65,7.35,2.05));
#11109=CARTESIAN_POINT('',(-3.65,7.35,1.75));
#11110=CARTESIAN_POINT('',(-3.65,7.,1.75));
#11111=CARTESIAN_POINT('',(-2.45,7.,1.75));
#11112=CARTESIAN_POINT('',(-3.65,7.2,1.75));
#11113=CARTESIAN_POINT('',(-2.45,7.2,1.75));
#11114=CARTESIAN_POINT('',(-2.45,6.95,1.75));
#11115=CARTESIAN_POINT('',(-2.2,6.95,1.75));
#11116=CARTESIAN_POINT('',(-2.2,6.95,1.75));
#11117=CARTESIAN_POINT('',(-2.2,5.5,1.75));
#11118=CARTESIAN_POINT('',(-2.4,5.5,1.75));
#11119=CARTESIAN_POINT('',(-2.4,5.5,1.75));
#11120=CARTESIAN_POINT('',(-2.4,6.95,1.75));
#11121=CARTESIAN_POINT('',(-2.4,6.95,1.75));
#11122=CARTESIAN_POINT('',(-2.45,6.95,1.75));
#11123=CARTESIAN_POINT('',(-3.65,7.35,3.25));
#11124=CARTESIAN_POINT('',(-3.65,7.,3.25));
#11125=CARTESIAN_POINT('',(-2.45,7.,3.25));
#11126=CARTESIAN_POINT('',(-2.45,6.95,3.25));
#11127=CARTESIAN_POINT('',(-2.4,6.95,3.25));
#11128=CARTESIAN_POINT('',(-2.4,6.95,3.25));
#11129=CARTESIAN_POINT('',(-2.4,5.5,3.25));
#11130=CARTESIAN_POINT('',(-2.4,5.5,3.25));
#11131=CARTESIAN_POINT('',(-2.2,5.5,3.25));
#11132=CARTESIAN_POINT('',(-2.2,6.95,3.25));
#11133=CARTESIAN_POINT('',(-2.2,6.95,3.25));
#11134=CARTESIAN_POINT('',(-2.45,6.95,3.25));
#11135=CARTESIAN_POINT('',(-2.45,7.2,3.25));
#11136=CARTESIAN_POINT('',(-3.65,7.2,3.25));
#11137=CARTESIAN_POINT('',(-3.8,8.5,3.25));
#11138=CARTESIAN_POINT('',(-3.8,7.35,3.25));
#11139=CARTESIAN_POINT('',(-3.8,7.35,3.25));
#11140=CARTESIAN_POINT('',(-3.65,7.35,3.25));
#11141=CARTESIAN_POINT('',(-3.65,7.2,3.25));
#11142=CARTESIAN_POINT('',(-3.65,7.2,3.25));
#11143=CARTESIAN_POINT('',(-2.45,7.2,3.25));
#11144=CARTESIAN_POINT('',(-2.45,6.95,3.25));
#11145=CARTESIAN_POINT('',(-2.2,6.95,3.25));
#11146=CARTESIAN_POINT('',(-2.2,6.95,3.25));
#11147=CARTESIAN_POINT('',(-2.2,5.5,3.25));
#11148=CARTESIAN_POINT('',(-2.2,6.95,3.25));
#11149=CARTESIAN_POINT('',(-2.4,5.5,3.25));
#11150=CARTESIAN_POINT('',(-2.4,5.5,3.25));
#11151=CARTESIAN_POINT('',(-2.4,6.95,3.25));
#11152=CARTESIAN_POINT('',(-2.4,6.95,3.25));
#11153=CARTESIAN_POINT('',(-2.45,6.95,3.25));
#11154=CARTESIAN_POINT('',(-2.45,7.,3.25));
#11155=CARTESIAN_POINT('',(-3.65,7.,3.25));
#11156=CARTESIAN_POINT('',(-3.65,7.,3.25));
#11157=CARTESIAN_POINT('',(-3.65,7.35,3.25));
#11158=CARTESIAN_POINT('',(-4.,7.35,3.25));
#11159=CARTESIAN_POINT('',(-4.,8.5,3.25));
#11160=CARTESIAN_POINT('',(-3.65,7.35,3.25));
#11161=CARTESIAN_POINT('',(-3.65,7.2,3.25));
#11162=CARTESIAN_POINT('',(-3.65,7.2,3.25));
#11163=CARTESIAN_POINT('',(-2.45,7.2,3.25));
#11164=CARTESIAN_POINT('',(-2.45,6.95,3.25));
#11165=CARTESIAN_POINT('',(-4.,-8.05,2.5));
#11166=CARTESIAN_POINT('',(-3.8,-8.05,2.5));
#11167=CARTESIAN_POINT('',(-3.8,-8.05,2.05));
#11168=CARTESIAN_POINT('',(-3.8,-8.5,2.5));
#11169=CARTESIAN_POINT('',(-4.,-8.5,2.5));
#11170=CARTESIAN_POINT('',(-4.,-8.5,2.5));
#11171=CARTESIAN_POINT('',(-4.,-8.05,2.5));
#11172=CARTESIAN_POINT('',(-4.,-8.05,2.05));
#11173=CARTESIAN_POINT('',(-3.65,-8.05,2.05));
#11174=CARTESIAN_POINT('',(-3.65,-8.05,2.5));
#11175=CARTESIAN_POINT('',(-3.65,-8.05,2.95));
#11176=CARTESIAN_POINT('',(-3.8,-8.05,2.95));
#11177=CARTESIAN_POINT('',(-4.,-8.05,2.95));
#11178=CARTESIAN_POINT('',(-4.,-8.05,2.5));
#11179=CARTESIAN_POINT('',(-3.8,-8.05,2.5));
#11180=CARTESIAN_POINT('',(-3.65,-7.35,2.25));
#11181=CARTESIAN_POINT('',(-3.8,-7.925,2.25));
#11182=CARTESIAN_POINT('',(-3.7,-7.925,2.25));
#11183=CARTESIAN_POINT('',(-3.8,-7.925,2.25));
#11184=CARTESIAN_POINT('',(-3.8,-7.925,2.25));
#11185=CARTESIAN_POINT('',(-3.8,-7.35,2.25));
#11186=CARTESIAN_POINT('',(-3.65,-7.35,2.25));
#11187=CARTESIAN_POINT('',(-3.65,-7.2,2.25));
#11188=CARTESIAN_POINT('',(-2.45,-7.2,2.25));
#11189=CARTESIAN_POINT('',(-2.45,-7.2,2.25));
#11190=CARTESIAN_POINT('',(-2.45,-6.95,2.25));
#11191=CARTESIAN_POINT('',(-2.2,-6.95,2.25));
#11192=CARTESIAN_POINT('',(-2.2,-6.225,2.25));
#11193=CARTESIAN_POINT('',(-2.2,-6.225,2.25));
#11194=CARTESIAN_POINT('',(-2.2,-6.225,2.25));
#11195=CARTESIAN_POINT('',(-2.1,-6.225,2.25));
#11196=CARTESIAN_POINT('',(-2.1,-6.225,2.25));
#11197=CARTESIAN_POINT('',(-2.1,-6.95,2.25));
#11198=CARTESIAN_POINT('',(-2.45,-6.95,2.25));
#11199=CARTESIAN_POINT('',(-2.45,-7.3,2.25));
#11200=CARTESIAN_POINT('',(-2.45,-7.3,2.25));
#11201=CARTESIAN_POINT('',(-3.65,-7.3,2.25));
#11202=CARTESIAN_POINT('',(-3.65,-7.35,2.25));
#11203=CARTESIAN_POINT('',(-3.7,-7.35,2.25));
#11204=CARTESIAN_POINT('',(-3.7,-7.925,2.25));
#11205=CARTESIAN_POINT('',(-3.65,-7.35,2.75));
#11206=CARTESIAN_POINT('',(-3.8,-7.925,2.75));
#11207=CARTESIAN_POINT('',(-3.7,-7.925,2.75));
#11208=CARTESIAN_POINT('',(-3.8,-7.925,2.75));
#11209=CARTESIAN_POINT('',(-3.7,-7.925,2.75));
#11210=CARTESIAN_POINT('',(-3.7,-7.35,2.75));
#11211=CARTESIAN_POINT('',(-3.65,-7.35,2.75));
#11212=CARTESIAN_POINT('',(-3.65,-7.3,2.75));
#11213=CARTESIAN_POINT('',(-2.45,-7.3,2.75));
#11214=CARTESIAN_POINT('',(-2.45,-7.3,2.75));
#11215=CARTESIAN_POINT('',(-2.45,-6.95,2.75));
#11216=CARTESIAN_POINT('',(-2.1,-6.95,2.75));
#11217=CARTESIAN_POINT('',(-2.1,-6.225,2.75));
#11218=CARTESIAN_POINT('',(-2.1,-6.225,2.75));
#11219=CARTESIAN_POINT('',(-2.2,-6.225,2.75));
#11220=CARTESIAN_POINT('',(-2.2,-6.225,2.75));
#11221=CARTESIAN_POINT('',(-2.2,-6.225,2.75));
#11222=CARTESIAN_POINT('',(-2.2,-6.95,2.75));
#11223=CARTESIAN_POINT('',(-2.45,-6.95,2.75));
#11224=CARTESIAN_POINT('',(-2.45,-7.2,2.75));
#11225=CARTESIAN_POINT('',(-2.45,-7.2,2.75));
#11226=CARTESIAN_POINT('',(-3.65,-7.2,2.75));
#11227=CARTESIAN_POINT('',(-3.65,-7.35,2.75));
#11228=CARTESIAN_POINT('',(-3.8,-7.35,2.75));
#11229=CARTESIAN_POINT('',(-3.8,-7.925,2.75));
#11230=CARTESIAN_POINT('',(-3.7,-7.925,2.75));
#11231=CARTESIAN_POINT('',(-3.7,-7.35,2.75));
#11232=CARTESIAN_POINT('',(-3.7,-7.925,2.75));
#11233=CARTESIAN_POINT('',(-3.65,-7.35,2.75));
#11234=CARTESIAN_POINT('',(-3.65,-7.3,2.75));
#11235=CARTESIAN_POINT('',(-2.45,-7.3,2.75));
#11236=CARTESIAN_POINT('',(-2.45,-7.3,2.75));
#11237=CARTESIAN_POINT('',(-2.45,-6.95,2.75));
#11238=CARTESIAN_POINT('',(-2.1,-6.95,2.75));
#11239=CARTESIAN_POINT('',(-2.1,-6.225,2.75));
#11240=CARTESIAN_POINT('',(-2.1,-6.225,2.75));
#11241=CARTESIAN_POINT('',(-2.2,-6.225,2.75));
#11242=CARTESIAN_POINT('',(-2.2,-6.225,2.75));
#11243=CARTESIAN_POINT('',(-3.8,-7.925,2.75));
#11244=CARTESIAN_POINT('',(-3.8,-7.925,2.75));
#11245=CARTESIAN_POINT('',(-3.65,2.04898497524796E-15,2.5));
#11246=CARTESIAN_POINT('',(-3.65,-8.5,2.95));
#11247=CARTESIAN_POINT('',(-3.65,-7.2,2.95));
#11248=CARTESIAN_POINT('',(-3.65,-7.,2.95));
#11249=CARTESIAN_POINT('',(-3.65,-7.2,3.25));
#11250=CARTESIAN_POINT('',(-3.65,-7.2,3.25));
#11251=CARTESIAN_POINT('',(-3.65,-8.5,3.25));
#11252=CARTESIAN_POINT('',(-3.65,-7.,3.25));
#11253=CARTESIAN_POINT('',(-3.65,-7.,3.25));
#11254=CARTESIAN_POINT('',(-3.65,-8.5,2.95));
#11255=CARTESIAN_POINT('',(-3.8,-8.5,2.95));
#11256=CARTESIAN_POINT('',(-3.8,-7.35,2.95));
#11257=CARTESIAN_POINT('',(-3.65,-7.35,2.95));
#11258=CARTESIAN_POINT('',(-3.65,-7.35,2.95));
#11259=CARTESIAN_POINT('',(-4.,-7.35,2.95));
#11260=CARTESIAN_POINT('',(-4.,-8.5,2.95));
#11261=CARTESIAN_POINT('',(-3.65,2.04898497524796E-15,2.5));
#11262=CARTESIAN_POINT('',(-3.65,-7.35,1.75));
#11263=CARTESIAN_POINT('',(-3.65,-7.,1.75));
#11264=CARTESIAN_POINT('',(-3.65,-7.2,1.75));
#11265=CARTESIAN_POINT('',(-3.65,-7.2,3.25));
#11266=CARTESIAN_POINT('',(-3.65,-7.2,2.05));
#11267=CARTESIAN_POINT('',(-3.65,-7.,2.05));
#11268=CARTESIAN_POINT('',(-3.65,-7.,2.05));
#11269=CARTESIAN_POINT('',(-3.65,-7.,1.75));
#11270=CARTESIAN_POINT('',(-3.65,-7.,2.05));
#11271=CARTESIAN_POINT('',(-4.,-7.,2.05));
#11272=CARTESIAN_POINT('',(-4.,-7.35,2.05));
#11273=CARTESIAN_POINT('',(-3.65,-7.35,2.05));
#11274=CARTESIAN_POINT('',(-3.65,-7.35,2.05));
#11275=CARTESIAN_POINT('',(-3.8,-7.35,2.05));
#11276=CARTESIAN_POINT('',(-3.8,-8.5,2.05));
#11277=CARTESIAN_POINT('',(-3.65,-7.35,1.75));
#11278=CARTESIAN_POINT('',(-3.65,-7.,1.75));
#11279=CARTESIAN_POINT('',(-2.45,-7.,1.75));
#11280=CARTESIAN_POINT('',(-2.45,-6.95,1.75));
#11281=CARTESIAN_POINT('',(-2.4,-6.95,1.75));
#11282=CARTESIAN_POINT('',(-2.4,-6.95,1.75));
#11283=CARTESIAN_POINT('',(-2.4,-5.5,1.75));
#11284=CARTESIAN_POINT('',(-2.4,-5.5,1.75));
#11285=CARTESIAN_POINT('',(-2.2,-5.5,1.75));
#11286=CARTESIAN_POINT('',(-2.2,-6.95,1.75));
#11287=CARTESIAN_POINT('',(-2.2,-6.95,1.75));
#11288=CARTESIAN_POINT('',(-2.45,-6.95,1.75));
#11289=CARTESIAN_POINT('',(-2.45,-7.2,1.75));
#11290=CARTESIAN_POINT('',(-3.65,-7.2,1.75));
#11291=CARTESIAN_POINT('',(-3.65,-7.35,3.25));
#11292=CARTESIAN_POINT('',(-3.65,-7.2,3.25));
#11293=CARTESIAN_POINT('',(-2.45,-7.2,3.25));
#11294=CARTESIAN_POINT('',(-2.45,-6.95,3.25));
#11295=CARTESIAN_POINT('',(-2.2,-6.95,3.25));
#11296=CARTESIAN_POINT('',(-2.2,-6.95,3.25));
#11297=CARTESIAN_POINT('',(-2.2,-5.5,3.25));
#11298=CARTESIAN_POINT('',(-2.4,-5.5,3.25));
#11299=CARTESIAN_POINT('',(-2.4,-5.5,3.25));
#11300=CARTESIAN_POINT('',(-2.4,-6.95,3.25));
#11301=CARTESIAN_POINT('',(-2.4,-6.95,3.25));
#11302=CARTESIAN_POINT('',(-2.45,-6.95,3.25));
#11303=CARTESIAN_POINT('',(-2.45,-7.,3.25));
#11304=CARTESIAN_POINT('',(-3.65,-7.,3.25));
#11305=CARTESIAN_POINT('',(-3.8,-8.5,3.25));
#11306=CARTESIAN_POINT('',(-3.8,-7.35,3.25));
#11307=CARTESIAN_POINT('',(-3.8,-7.35,3.25));
#11308=CARTESIAN_POINT('',(-3.65,-7.35,3.25));
#11309=CARTESIAN_POINT('',(-3.65,-7.2,3.25));
#11310=CARTESIAN_POINT('',(-3.65,-7.2,3.25));
#11311=CARTESIAN_POINT('',(-2.45,-7.2,3.25));
#11312=CARTESIAN_POINT('',(-2.45,-6.95,3.25));
#11313=CARTESIAN_POINT('',(-2.2,-6.95,3.25));
#11314=CARTESIAN_POINT('',(-2.2,-6.95,3.25));
#11315=CARTESIAN_POINT('',(-2.2,-6.95,3.25));
#11316=CARTESIAN_POINT('',(-2.2,-5.5,3.25));
#11317=CARTESIAN_POINT('',(-2.4,-5.5,3.25));
#11318=CARTESIAN_POINT('',(-2.4,-5.5,3.25));
#11319=CARTESIAN_POINT('',(-2.4,-6.95,3.25));
#11320=CARTESIAN_POINT('',(-2.4,-6.95,3.25));
#11321=CARTESIAN_POINT('',(-2.45,-6.95,3.25));
#11322=CARTESIAN_POINT('',(-2.45,-7.,3.25));
#11323=CARTESIAN_POINT('',(-3.65,-7.,3.25));
#11324=CARTESIAN_POINT('',(-3.65,-7.,3.25));
#11325=CARTESIAN_POINT('',(-3.65,-7.35,3.25));
#11326=CARTESIAN_POINT('',(-4.,-7.35,3.25));
#11327=CARTESIAN_POINT('',(-4.,-8.5,3.25));
#11328=CARTESIAN_POINT('',(-3.65,-7.35,3.25));
#11329=CARTESIAN_POINT('',(-3.65,-7.2,3.25));
#11330=CARTESIAN_POINT('',(-3.65,-7.2,3.25));
#11331=CARTESIAN_POINT('',(-2.45,-7.2,3.25));
#11332=CARTESIAN_POINT('',(-2.45,-6.95,3.25));
#11333=CARTESIAN_POINT('',(-4.,-8.05,-2.5));
#11334=CARTESIAN_POINT('',(-3.8,-8.05,-2.5));
#11335=CARTESIAN_POINT('',(-3.8,-8.05,-2.95));
#11336=CARTESIAN_POINT('',(-3.8,-8.5,-2.5));
#11337=CARTESIAN_POINT('',(-4.,-8.5,-2.5));
#11338=CARTESIAN_POINT('',(-4.,-8.5,-2.5));
#11339=CARTESIAN_POINT('',(-4.,-8.05,-2.5));
#11340=CARTESIAN_POINT('',(-4.,-8.05,-2.95));
#11341=CARTESIAN_POINT('',(-3.65,-8.05,-2.95));
#11342=CARTESIAN_POINT('',(-3.65,-8.05,-2.5));
#11343=CARTESIAN_POINT('',(-3.65,-8.05,-2.05));
#11344=CARTESIAN_POINT('',(-3.8,-8.05,-2.05));
#11345=CARTESIAN_POINT('',(-4.,-8.05,-2.05));
#11346=CARTESIAN_POINT('',(-4.,-8.05,-2.5));
#11347=CARTESIAN_POINT('',(-3.8,-8.05,-2.5));
#11348=CARTESIAN_POINT('',(-3.65,-7.35,-2.75));
#11349=CARTESIAN_POINT('',(-3.8,-7.925,-2.75));
#11350=CARTESIAN_POINT('',(-3.7,-7.925,-2.75));
#11351=CARTESIAN_POINT('',(-3.8,-7.925,-2.75));
#11352=CARTESIAN_POINT('',(-3.8,-7.925,-2.75));
#11353=CARTESIAN_POINT('',(-3.8,-7.35,-2.75));
#11354=CARTESIAN_POINT('',(-3.65,-7.35,-2.75));
#11355=CARTESIAN_POINT('',(-3.65,-7.2,-2.75));
#11356=CARTESIAN_POINT('',(-2.45,-7.2,-2.75));
#11357=CARTESIAN_POINT('',(-2.45,-7.2,-2.75));
#11358=CARTESIAN_POINT('',(-2.45,-6.95,-2.75));
#11359=CARTESIAN_POINT('',(-2.2,-6.95,-2.75));
#11360=CARTESIAN_POINT('',(-2.2,-6.225,-2.75));
#11361=CARTESIAN_POINT('',(-2.2,-6.225,-2.75));
#11362=CARTESIAN_POINT('',(-2.2,-6.225,-2.75));
#11363=CARTESIAN_POINT('',(-2.1,-6.225,-2.75));
#11364=CARTESIAN_POINT('',(-2.1,-6.225,-2.75));
#11365=CARTESIAN_POINT('',(-2.1,-6.95,-2.75));
#11366=CARTESIAN_POINT('',(-2.45,-6.95,-2.75));
#11367=CARTESIAN_POINT('',(-2.45,-7.3,-2.75));
#11368=CARTESIAN_POINT('',(-2.45,-7.3,-2.75));
#11369=CARTESIAN_POINT('',(-3.65,-7.3,-2.75));
#11370=CARTESIAN_POINT('',(-3.65,-7.35,-2.75));
#11371=CARTESIAN_POINT('',(-3.7,-7.35,-2.75));
#11372=CARTESIAN_POINT('',(-3.7,-7.925,-2.75));
#11373=CARTESIAN_POINT('',(-3.65,-7.35,-2.25));
#11374=CARTESIAN_POINT('',(-3.8,-7.925,-2.25));
#11375=CARTESIAN_POINT('',(-3.7,-7.925,-2.25));
#11376=CARTESIAN_POINT('',(-3.8,-7.925,-2.25));
#11377=CARTESIAN_POINT('',(-3.7,-7.925,-2.25));
#11378=CARTESIAN_POINT('',(-3.7,-7.35,-2.25));
#11379=CARTESIAN_POINT('',(-3.65,-7.35,-2.25));
#11380=CARTESIAN_POINT('',(-3.65,-7.3,-2.25));
#11381=CARTESIAN_POINT('',(-2.45,-7.3,-2.25));
#11382=CARTESIAN_POINT('',(-2.45,-7.3,-2.25));
#11383=CARTESIAN_POINT('',(-2.45,-6.95,-2.25));
#11384=CARTESIAN_POINT('',(-2.1,-6.95,-2.25));
#11385=CARTESIAN_POINT('',(-2.1,-6.225,-2.25));
#11386=CARTESIAN_POINT('',(-2.1,-6.225,-2.25));
#11387=CARTESIAN_POINT('',(-2.2,-6.225,-2.25));
#11388=CARTESIAN_POINT('',(-2.2,-6.225,-2.25));
#11389=CARTESIAN_POINT('',(-2.2,-6.225,-2.25));
#11390=CARTESIAN_POINT('',(-2.2,-6.95,-2.25));
#11391=CARTESIAN_POINT('',(-2.45,-6.95,-2.25));
#11392=CARTESIAN_POINT('',(-2.45,-7.2,-2.25));
#11393=CARTESIAN_POINT('',(-2.45,-7.2,-2.25));
#11394=CARTESIAN_POINT('',(-3.65,-7.2,-2.25));
#11395=CARTESIAN_POINT('',(-3.65,-7.35,-2.25));
#11396=CARTESIAN_POINT('',(-3.8,-7.35,-2.25));
#11397=CARTESIAN_POINT('',(-3.8,-7.925,-2.25));
#11398=CARTESIAN_POINT('',(-3.7,-7.925,-2.25));
#11399=CARTESIAN_POINT('',(-3.7,-7.35,-2.25));
#11400=CARTESIAN_POINT('',(-3.7,-7.925,-2.25));
#11401=CARTESIAN_POINT('',(-3.65,-7.35,-2.25));
#11402=CARTESIAN_POINT('',(-3.65,-7.3,-2.25));
#11403=CARTESIAN_POINT('',(-2.45,-7.3,-2.25));
#11404=CARTESIAN_POINT('',(-2.45,-7.3,-2.25));
#11405=CARTESIAN_POINT('',(-2.45,-6.95,-2.25));
#11406=CARTESIAN_POINT('',(-2.1,-6.95,-2.25));
#11407=CARTESIAN_POINT('',(-2.1,-6.225,-2.25));
#11408=CARTESIAN_POINT('',(-2.1,-6.225,-2.25));
#11409=CARTESIAN_POINT('',(-2.2,-6.225,-2.25));
#11410=CARTESIAN_POINT('',(-2.2,-6.225,-2.25));
#11411=CARTESIAN_POINT('',(-3.8,-7.925,-2.25));
#11412=CARTESIAN_POINT('',(-3.8,-7.925,-2.25));
#11413=CARTESIAN_POINT('',(-3.65,2.04898497524796E-15,-2.5));
#11414=CARTESIAN_POINT('',(-3.65,-8.5,-2.05));
#11415=CARTESIAN_POINT('',(-3.65,-7.2,-2.05));
#11416=CARTESIAN_POINT('',(-3.65,-7.,-2.05));
#11417=CARTESIAN_POINT('',(-3.65,-7.2,-1.75));
#11418=CARTESIAN_POINT('',(-3.65,-7.2,-1.75));
#11419=CARTESIAN_POINT('',(-3.65,-8.5,-1.75));
#11420=CARTESIAN_POINT('',(-3.65,-7.,-1.75));
#11421=CARTESIAN_POINT('',(-3.65,-7.,-1.75));
#11422=CARTESIAN_POINT('',(-3.65,-8.5,-2.05));
#11423=CARTESIAN_POINT('',(-3.8,-8.5,-2.05));
#11424=CARTESIAN_POINT('',(-3.8,-7.35,-2.05));
#11425=CARTESIAN_POINT('',(-3.65,-7.35,-2.05));
#11426=CARTESIAN_POINT('',(-3.65,-7.35,-2.05));
#11427=CARTESIAN_POINT('',(-4.,-7.35,-2.05));
#11428=CARTESIAN_POINT('',(-4.,-8.5,-2.05));
#11429=CARTESIAN_POINT('',(-3.65,2.04898497524796E-15,-2.5));
#11430=CARTESIAN_POINT('',(-3.65,-7.35,-3.25));
#11431=CARTESIAN_POINT('',(-3.65,-7.,-3.25));
#11432=CARTESIAN_POINT('',(-3.65,-7.2,-3.25));
#11433=CARTESIAN_POINT('',(-3.65,-7.2,-1.75));
#11434=CARTESIAN_POINT('',(-3.65,-7.2,-2.95));
#11435=CARTESIAN_POINT('',(-3.65,-7.,-2.95));
#11436=CARTESIAN_POINT('',(-3.65,-7.,-2.95));
#11437=CARTESIAN_POINT('',(-3.65,-7.,-3.25));
#11438=CARTESIAN_POINT('',(-3.65,-7.,-2.95));
#11439=CARTESIAN_POINT('',(-4.,-7.,-2.95));
#11440=CARTESIAN_POINT('',(-4.,-7.35,-2.95));
#11441=CARTESIAN_POINT('',(-3.65,-7.35,-2.95));
#11442=CARTESIAN_POINT('',(-3.65,-7.35,-2.95));
#11443=CARTESIAN_POINT('',(-3.8,-7.35,-2.95));
#11444=CARTESIAN_POINT('',(-3.8,-8.5,-2.95));
#11445=CARTESIAN_POINT('',(-3.65,-7.35,-3.25));
#11446=CARTESIAN_POINT('',(-3.65,-7.,-3.25));
#11447=CARTESIAN_POINT('',(-2.45,-7.,-3.25));
#11448=CARTESIAN_POINT('',(-2.45,-6.95,-3.25));
#11449=CARTESIAN_POINT('',(-2.4,-6.95,-3.25));
#11450=CARTESIAN_POINT('',(-2.4,-6.95,-3.25));
#11451=CARTESIAN_POINT('',(-2.4,-5.5,-3.25));
#11452=CARTESIAN_POINT('',(-2.4,-5.5,-3.25));
#11453=CARTESIAN_POINT('',(-2.2,-5.5,-3.25));
#11454=CARTESIAN_POINT('',(-2.2,-6.95,-3.25));
#11455=CARTESIAN_POINT('',(-2.2,-6.95,-3.25));
#11456=CARTESIAN_POINT('',(-2.45,-6.95,-3.25));
#11457=CARTESIAN_POINT('',(-2.45,-7.2,-3.25));
#11458=CARTESIAN_POINT('',(-3.65,-7.2,-3.25));
#11459=CARTESIAN_POINT('',(-3.65,-7.35,-1.75));
#11460=CARTESIAN_POINT('',(-3.65,-7.2,-1.75));
#11461=CARTESIAN_POINT('',(-2.45,-7.2,-1.75));
#11462=CARTESIAN_POINT('',(-2.45,-6.95,-1.75));
#11463=CARTESIAN_POINT('',(-2.2,-6.95,-1.75));
#11464=CARTESIAN_POINT('',(-2.2,-6.95,-1.75));
#11465=CARTESIAN_POINT('',(-2.2,-5.5,-1.75));
#11466=CARTESIAN_POINT('',(-2.4,-5.5,-1.75));
#11467=CARTESIAN_POINT('',(-2.4,-5.5,-1.75));
#11468=CARTESIAN_POINT('',(-2.4,-6.95,-1.75));
#11469=CARTESIAN_POINT('',(-2.4,-6.95,-1.75));
#11470=CARTESIAN_POINT('',(-2.45,-6.95,-1.75));
#11471=CARTESIAN_POINT('',(-2.45,-7.,-1.75));
#11472=CARTESIAN_POINT('',(-3.65,-7.,-1.75));
#11473=CARTESIAN_POINT('',(-3.8,-8.5,-1.75));
#11474=CARTESIAN_POINT('',(-3.8,-7.35,-1.75));
#11475=CARTESIAN_POINT('',(-3.8,-7.35,-1.75));
#11476=CARTESIAN_POINT('',(-3.65,-7.35,-1.75));
#11477=CARTESIAN_POINT('',(-3.65,-7.2,-1.75));
#11478=CARTESIAN_POINT('',(-3.65,-7.2,-1.75));
#11479=CARTESIAN_POINT('',(-2.45,-7.2,-1.75));
#11480=CARTESIAN_POINT('',(-2.45,-6.95,-1.75));
#11481=CARTESIAN_POINT('',(-2.2,-6.95,-1.75));
#11482=CARTESIAN_POINT('',(-2.2,-6.95,-1.75));
#11483=CARTESIAN_POINT('',(-2.2,-6.95,-1.75));
#11484=CARTESIAN_POINT('',(-2.2,-5.5,-1.75));
#11485=CARTESIAN_POINT('',(-2.4,-5.5,-1.75));
#11486=CARTESIAN_POINT('',(-2.4,-5.5,-1.75));
#11487=CARTESIAN_POINT('',(-2.4,-6.95,-1.75));
#11488=CARTESIAN_POINT('',(-2.4,-6.95,-1.75));
#11489=CARTESIAN_POINT('',(-2.45,-6.95,-1.75));
#11490=CARTESIAN_POINT('',(-2.45,-7.,-1.75));
#11491=CARTESIAN_POINT('',(-3.65,-7.,-1.75));
#11492=CARTESIAN_POINT('',(-3.65,-7.,-1.75));
#11493=CARTESIAN_POINT('',(-3.65,-7.35,-1.75));
#11494=CARTESIAN_POINT('',(-4.,-7.35,-1.75));
#11495=CARTESIAN_POINT('',(-4.,-8.5,-1.75));
#11496=CARTESIAN_POINT('',(-3.65,-7.35,-1.75));
#11497=CARTESIAN_POINT('',(-3.65,-7.2,-1.75));
#11498=CARTESIAN_POINT('',(-3.65,-7.2,-1.75));
#11499=CARTESIAN_POINT('',(-2.45,-7.2,-1.75));
#11500=CARTESIAN_POINT('',(-2.45,-6.95,-1.75));
#11501=CARTESIAN_POINT('',(-2.65000000000013,0.630000000000008,4.30000000000002));
#11502=CARTESIAN_POINT('',(-2.65333333333333,-6.,4.30000000000002));
#11503=CARTESIAN_POINT('',(-2.65333333333333,-1.12999999999999,4.30000000000002));
#11504=CARTESIAN_POINT('',(-2.65333333333333,0.629999999999999,4.30000000000002));
#11505=CARTESIAN_POINT('',(-2.65000000000013,0.630000000000008,4.30000000000002));
#11506=CARTESIAN_POINT('',(-2.65000000000013,0.630000000000008,4.30000000000002));
#11507=CARTESIAN_POINT('',(-2.65000000000013,0.630000000000008,4.30000000000002));
#11508=CARTESIAN_POINT('',(-2.6500000000001,-1.12999999999999,4.30000000000002));
#11509=CARTESIAN_POINT('',(-2.6500000000001,-1.12999999999999,4.30000000000002));
#11510=CARTESIAN_POINT('',(-2.65000000000009,-5.17634753060719E-14,-1.83947387207768E-14));
#11511=CARTESIAN_POINT('',(-2.65000000000012,2.63,-3.2));
#11512=CARTESIAN_POINT('',(-2.65000000000012,2.52999999999999,-3.2));
#11513=CARTESIAN_POINT('',(-2.65000000000008,0.629999999999999,-3.2));
#11514=CARTESIAN_POINT('',(-2.65000000000006,0.629999999999999,-5.85));
#11515=CARTESIAN_POINT('',(-2.65000000000007,0.630000000000009,-4.30000000000005));
#11516=CARTESIAN_POINT('',(-2.65000000000007,0.630000000000008,-4.30000000000005));
#11517=CARTESIAN_POINT('',(-2.65000000000004,-1.12999999999999,-4.30000000000005));
#11518=CARTESIAN_POINT('',(-2.65000000000003,-1.13,-5.85));
#11519=CARTESIAN_POINT('',(-2.65000000000005,-1.13,-3.2));
#11520=CARTESIAN_POINT('',(-2.65000000000001,-3.13,-3.2));
#11521=CARTESIAN_POINT('',(-2.65000000000001,-3.12999999999998,-3.2));
#11522=CARTESIAN_POINT('',(-2.65000000000003,-3.12999999999998,-1.83947387207764E-14));
#11523=CARTESIAN_POINT('',(-2.65000000000005,-3.12999999999998,3.2));
#11524=CARTESIAN_POINT('',(-2.65000000000005,-3.13,3.2));
#11525=CARTESIAN_POINT('',(-2.65000000000009,-1.13,3.2));
#11526=CARTESIAN_POINT('',(-2.65000000000011,-1.13,5.85));
#11527=CARTESIAN_POINT('',(-2.65000000000014,0.629999999999999,5.85));
#11528=CARTESIAN_POINT('',(-2.65000000000013,0.629999999999999,3.2));
#11529=CARTESIAN_POINT('',(-2.65000000000017,2.63,3.2));
#11530=CARTESIAN_POINT('',(-2.65000000000016,2.52999999999999,3.2));
#11531=CARTESIAN_POINT('',(-2.65000000000014,2.52999999999999,-1.83947387207771E-14));
#11532=CARTESIAN_POINT('',(-2.65000000000014,2.52999999999999,-1.83947387207771E-14));
#11533=CARTESIAN_POINT('',(-2.55,2.52999999999999,-3.2));
#11534=CARTESIAN_POINT('',(-2.65333333333333,2.52999999999999,-3.2));
#11535=CARTESIAN_POINT('',(-2.55,2.52999999999999,3.2));
#11536=CARTESIAN_POINT('',(-2.65333333333333,2.52999999999999,3.2));
#11537=CARTESIAN_POINT('',(-2.65333333333333,2.52999999999999,5.85));
#11538=CARTESIAN_POINT('',(-2.65000000000007,0.630000000000008,-4.30000000000005));
#11539=CARTESIAN_POINT('',(-2.65000000000004,-1.12999999999999,-4.30000000000005));
#11540=CARTESIAN_POINT('',(-2.65333333333333,-1.12999999999999,-4.30000000000005));
#11541=CARTESIAN_POINT('',(-2.65000000000007,0.630000000000009,-4.30000000000005));
#11542=CARTESIAN_POINT('',(-2.65333333333333,0.630000000000009,-4.30000000000005));
#11543=CARTESIAN_POINT('',(-2.65333333333333,-6.,-4.30000000000005));
#11544=CARTESIAN_POINT('',(-2.55,0.,0.));
#11545=CARTESIAN_POINT('',(-2.55,-6.,5.35));
#11546=CARTESIAN_POINT('',(-2.55,0.629999999999999,5.35));
#11547=CARTESIAN_POINT('',(-2.55,2.63,5.35));
#11548=CARTESIAN_POINT('',(-2.55,2.63,5.85));
#11549=CARTESIAN_POINT('',(-2.55,2.63,3.2));
#11550=CARTESIAN_POINT('',(-2.55,2.63,3.2));
#11551=CARTESIAN_POINT('',(-2.55,0.629999999999999,3.2));
#11552=CARTESIAN_POINT('',(-2.55,0.629999999999999,5.85));
#11553=CARTESIAN_POINT('',(-2.55,2.63,5.85));
#11554=CARTESIAN_POINT('',(-4.,2.63,5.35));
#11555=CARTESIAN_POINT('',(-2.65333333333333,2.63,5.35));
#11556=CARTESIAN_POINT('',(-2.65333333333333,2.63,5.85));
#11557=CARTESIAN_POINT('',(-2.65333333333333,2.63,3.2));
#11558=CARTESIAN_POINT('',(-2.55,2.63,3.2));
#11559=CARTESIAN_POINT('',(-2.55,0.,0.));
#11560=CARTESIAN_POINT('',(-2.55,-1.13,5.85));
#11561=CARTESIAN_POINT('',(-2.55,-1.13,5.35));
#11562=CARTESIAN_POINT('',(-2.55,-1.13,3.2));
#11563=CARTESIAN_POINT('',(-2.55,-3.13,3.2));
#11564=CARTESIAN_POINT('',(-2.55,-3.13,3.2));
#11565=CARTESIAN_POINT('',(-2.55,-3.13,5.85));
#11566=CARTESIAN_POINT('',(-2.55,-3.13,5.35));
#11567=CARTESIAN_POINT('',(-2.55,-6.,5.35));
#11568=CARTESIAN_POINT('',(-2.55,-3.13,5.85));
#11569=CARTESIAN_POINT('',(-2.55,-3.13,3.2));
#11570=CARTESIAN_POINT('',(-2.55,-3.13,-3.2));
#11571=CARTESIAN_POINT('',(-2.55,-3.13,-3.2));
#11572=CARTESIAN_POINT('',(-2.55,-3.13,-5.85));
#11573=CARTESIAN_POINT('',(-2.55,-3.13,-5.35));
#11574=CARTESIAN_POINT('',(-4.,-3.13,-5.35));
#11575=CARTESIAN_POINT('',(-2.65333333333333,-3.13,-5.35));
#11576=CARTESIAN_POINT('',(-2.65333333333333,-3.13,5.85));
#11577=CARTESIAN_POINT('',(-2.65333333333333,-3.13,5.35));
#11578=CARTESIAN_POINT('',(-4.,-3.13,5.35));
#11579=CARTESIAN_POINT('',(-2.55,0.,0.));
#11580=CARTESIAN_POINT('',(-2.55,-3.13,-3.2));
#11581=CARTESIAN_POINT('',(-2.55,-1.13,-3.2));
#11582=CARTESIAN_POINT('',(-2.55,-1.13,-5.85));
#11583=CARTESIAN_POINT('',(-2.55,-1.13,-5.35));
#11584=CARTESIAN_POINT('',(-2.55,-6.,-5.35));
#11585=CARTESIAN_POINT('',(-2.55,0.,0.));
#11586=CARTESIAN_POINT('',(-2.55,-6.,-5.35));
#11587=CARTESIAN_POINT('',(-2.55,2.63,-5.35));
#11588=CARTESIAN_POINT('',(-2.55,0.629999999999999,-5.35));
#11589=CARTESIAN_POINT('',(-2.55,0.629999999999999,-5.85));
#11590=CARTESIAN_POINT('',(-2.55,0.629999999999999,-3.2));
#11591=CARTESIAN_POINT('',(-2.55,2.63,-3.2));
#11592=CARTESIAN_POINT('',(-2.55,2.63,-3.2));
#11593=CARTESIAN_POINT('',(-2.55,2.63,-5.85));
#11594=CARTESIAN_POINT('',(-2.55,2.63,-5.85));
#11595=CARTESIAN_POINT('',(-4.,2.63,-5.35));
#11596=CARTESIAN_POINT('',(-2.65333333333333,2.63,-5.35));
#11597=CARTESIAN_POINT('',(-2.55,2.63,-3.2));
#11598=CARTESIAN_POINT('',(-2.65333333333333,2.63,-3.2));
#11599=CARTESIAN_POINT('',(-2.65333333333333,2.63,5.85));
#11600=CARTESIAN_POINT('',(-1.33333333333333,-6.,5.85));
#11601=CARTESIAN_POINT('',(-1.33333333333333,-6.,-5.35));
#11602=CARTESIAN_POINT('',(-1.33333333333333,-5.,-5.35));
#11603=CARTESIAN_POINT('',(-1.33333333333333,4.5,-5.35));
#11604=CARTESIAN_POINT('',(-1.33333333333333,4.5,-4.35));
#11605=CARTESIAN_POINT('',(-1.33333333333333,5.5,-4.35));
#11606=CARTESIAN_POINT('',(-1.33333333333333,5.5,5.85));
#11607=CARTESIAN_POINT('',(-1.33333333333333,5.5,4.35));
#11608=CARTESIAN_POINT('',(-1.33333333333333,4.5,4.35));
#11609=CARTESIAN_POINT('',(-1.33333333333333,4.5,5.35));
#11610=CARTESIAN_POINT('',(-1.33333333333333,-6.,5.35));
#11611=CARTESIAN_POINT('',(-1.33333333333333,-5.,5.35));
#11612=CARTESIAN_POINT('',(-1.33333333333333,-5.,4.35));
#11613=CARTESIAN_POINT('',(-1.33333333333333,-6.,4.35));
#11614=CARTESIAN_POINT('',(-1.33333333333333,-6.,5.85));
#11615=CARTESIAN_POINT('',(-1.33333333333333,-6.,-4.34999999999999));
#11616=CARTESIAN_POINT('',(-1.33333333333333,-5.,-4.34999999999999));
#11617=CARTESIAN_POINT('',(-2.65333333333333,-6.,5.85));
#11618=CARTESIAN_POINT('',(-2.65333333333333,-1.13,5.85));
#11619=CARTESIAN_POINT('',(-2.65333333333333,-1.13,-5.35));
#11620=CARTESIAN_POINT('',(-2.65333333333333,0.629999999999998,5.85));
#11621=CARTESIAN_POINT('',(-2.65333333333333,0.629999999999999,-5.34999999999999));
#11622=CARTESIAN_POINT('',(-2.65333333333333,-6.,-5.34999999999999));
#11623=CARTESIAN_POINT('',(-4.,-6.,-5.35));
#11624=CARTESIAN_POINT('',(-4.,-1.13,-5.35));
#11625=CARTESIAN_POINT('',(-4.,0.629999999999999,-5.35));
#11626=CARTESIAN_POINT('',(-2.65333333333333,-6.,-5.34999999999999));
#11627=CARTESIAN_POINT('',(-2.65333333333333,4.5,-5.34999999999999));
#11628=CARTESIAN_POINT('',(-4.,4.5,-5.35));
#11629=CARTESIAN_POINT('',(-4.,-5.,-5.35));
#11630=CARTESIAN_POINT('',(-2.65333333333333,-5.,-5.34999999999999));
#11631=CARTESIAN_POINT('',(-2.65333333333333,-6.,-5.34999999999999));
#11632=CARTESIAN_POINT('',(-4.,-6.,5.85));
#11633=CARTESIAN_POINT('',(-4.,-6.,-4.34999999999999));
#11634=CARTESIAN_POINT('',(-2.65333333333333,-6.,-4.34999999999999));
#11635=CARTESIAN_POINT('',(-4.,-6.,4.35));
#11636=CARTESIAN_POINT('',(-2.65333333333333,-6.,4.35));
#11637=CARTESIAN_POINT('',(-2.65333333333333,-6.,5.85));
#11638=CARTESIAN_POINT('',(-4.,-5.,-4.34999999999999));
#11639=CARTESIAN_POINT('',(-2.65333333333333,-5.,-4.34999999999999));
#11640=CARTESIAN_POINT('',(-4.,-6.,5.35));
#11641=CARTESIAN_POINT('',(-4.,0.629999999999999,5.35));
#11642=CARTESIAN_POINT('',(-2.65333333333333,0.629999999999999,5.35));
#11643=CARTESIAN_POINT('',(-2.65333333333333,-6.,5.35));
#11644=CARTESIAN_POINT('',(-2.65333333333333,-1.13,5.35));
#11645=CARTESIAN_POINT('',(-4.,-1.13,5.35));
#11646=CARTESIAN_POINT('',(-2.65333333333333,-6.,5.35));
#11647=CARTESIAN_POINT('',(-2.65333333333333,-5.,5.35));
#11648=CARTESIAN_POINT('',(-4.,-5.,5.35));
#11649=CARTESIAN_POINT('',(-4.,4.5,5.35));
#11650=CARTESIAN_POINT('',(-2.65333333333333,4.5,5.35));
#11651=CARTESIAN_POINT('',(-2.65333333333333,-6.,5.35));
#11652=CARTESIAN_POINT('',(-4.,-5.,4.35));
#11653=CARTESIAN_POINT('',(-2.65333333333333,-5.,4.35));
#11654=CARTESIAN_POINT('',(-4.,5.5,5.85));
#11655=CARTESIAN_POINT('',(-4.,5.5,4.35));
#11656=CARTESIAN_POINT('',(-2.65333333333333,5.5,4.35));
#11657=CARTESIAN_POINT('',(-4.,5.5,-4.35));
#11658=CARTESIAN_POINT('',(-2.65333333333333,5.5,-4.35));
#11659=CARTESIAN_POINT('',(-2.65333333333333,5.5,5.85));
#11660=CARTESIAN_POINT('',(-4.,4.5,4.35));
#11661=CARTESIAN_POINT('',(-2.65333333333333,4.5,4.35));
#11662=CARTESIAN_POINT('',(-4.,4.5,-4.35));
#11663=CARTESIAN_POINT('',(-2.65333333333333,4.5,-4.35));
#11664=CARTESIAN_POINT('',(-2.55,0.629999999999999,5.85));
#11665=CARTESIAN_POINT('',(-2.65333333333333,0.629999999999999,5.85));
#11666=CARTESIAN_POINT('',(-2.55,0.629999999999999,3.2));
#11667=CARTESIAN_POINT('',(-2.55,2.63,3.2));
#11668=CARTESIAN_POINT('',(-2.65333333333333,-6.,3.20000000000001));
#11669=CARTESIAN_POINT('',(-2.55,-1.13,5.85));
#11670=CARTESIAN_POINT('',(-2.55,-1.13,3.2));
#11671=CARTESIAN_POINT('',(-2.65333333333333,-1.13,5.85));
#11672=CARTESIAN_POINT('',(-2.55,-3.13,3.2));
#11673=CARTESIAN_POINT('',(-2.55,-1.13,-5.85));
#11674=CARTESIAN_POINT('',(-2.55,-1.13,-3.2));
#11675=CARTESIAN_POINT('',(-2.55,-3.13,-3.2));
#11676=CARTESIAN_POINT('',(-2.55,0.629999999999999,-5.85));
#11677=CARTESIAN_POINT('',(-2.55,0.629999999999999,-3.2));
#11678=CARTESIAN_POINT('',(-2.55,2.63,-3.2));
#11679=CARTESIAN_POINT('',(-2.65333333333333,-6.,-3.2));
#11680=CARTESIAN_POINT('',(-2.65333333333333,-6.,5.85));
#11681=CARTESIAN_POINT('',(-2.65333333333333,-6.,5.85));
#11682=CARTESIAN_POINT('',(-2.65333333333333,-6.,5.85));
#11683=CARTESIAN_POINT('',(-2.66333333333333,4.5,-5.36000000000001));
#11684=CARTESIAN_POINT('',(-4.,4.5,-5.36000000000001));
#11685=CARTESIAN_POINT('',(-4.,-3.13,-5.36000000000001));
#11686=CARTESIAN_POINT('',(-4.,-5.,-5.36000000000001));
#11687=CARTESIAN_POINT('',(-2.66333333333333,-5.,-5.36000000000001));
#11688=CARTESIAN_POINT('',(-2.66333333333333,-5.,-5.36000000000001));
#11689=CARTESIAN_POINT('',(-2.66333333333333,4.5,-5.36000000000001));
#11690=CARTESIAN_POINT('',(-2.66333333333333,-3.13,-5.36000000000001));
#11691=CARTESIAN_POINT('',(-4.,-3.13,-5.36000000000001));
#11692=CARTESIAN_POINT('',(-2.66333333333333,0.,0.));
#11693=CARTESIAN_POINT('',(-2.66333333333333,-5.,-5.35000000000001));
#11694=CARTESIAN_POINT('',(-2.66333333333333,-5.,-5.35000000000001));
#11695=CARTESIAN_POINT('',(-2.66333333333333,-6.,-5.35));
#11696=CARTESIAN_POINT('',(-2.66333333333333,-3.13,-5.35000000000001));
#11697=CARTESIAN_POINT('',(-2.66333333333333,-3.13,5.35));
#11698=CARTESIAN_POINT('',(-2.66333333333333,4.5,-5.36000000000001));
#11699=CARTESIAN_POINT('',(-2.66333333333333,4.5,-5.36000000000001));
#11700=CARTESIAN_POINT('',(-2.66333333333333,4.5,-5.36000000000001));
#11701=CARTESIAN_POINT('',(-2.66333333333333,2.63,-5.36000000000001));
#11702=CARTESIAN_POINT('',(-2.66333333333333,4.5,-5.36000000000001));
#11703=CARTESIAN_POINT('',(-4.,4.5,-5.36000000000001));
#11704=CARTESIAN_POINT('',(-4.,4.5,-5.36000000000001));
#11705=CARTESIAN_POINT('',(-4.,2.63,-5.36000000000001));
#11706=CARTESIAN_POINT('',(-3.99999999999996,2.63,-5.36000000000001));
#11707=CARTESIAN_POINT('',(-2.66333333333333,0.,0.));
#11708=CARTESIAN_POINT('',(-2.66333333333333,-6.,-5.35));
#11709=CARTESIAN_POINT('',(-2.66333333333333,2.63,-5.35000000000001));
#11710=CARTESIAN_POINT('',(-2.66333333333333,4.5,-5.35000000000001));
#11711=CARTESIAN_POINT('',(-2.66333333333333,4.5,-5.36000000000001));
#11712=CARTESIAN_POINT('',(-2.66333333333333,2.63,-5.35000000000001));
#11713=CARTESIAN_POINT('',(-2.66333333333333,4.5,-5.36000000000001));
#11714=CARTESIAN_POINT('',(-3.50908712114633,0.749999999999997,-5.36000000000001));
#11715=CARTESIAN_POINT('',(-3.50908712114633,0.629999999999999,-5.36000000000001));
#11716=CARTESIAN_POINT('',(-3.50908712114633,-1.13,-5.36000000000001));
#11717=CARTESIAN_POINT('',(-2.55,-1.13,-5.36000000000001));
#11718=CARTESIAN_POINT('',(-2.66333333333333,-1.13,-5.36000000000001));
#11719=CARTESIAN_POINT('',(-2.66333333333333,4.5,-5.36000000000001));
#11720=CARTESIAN_POINT('',(-2.66333333333333,0.629999999999999,-5.36000000000001));
#11721=CARTESIAN_POINT('',(-2.55,0.629999999999999,-5.36000000000001));
#11722=CARTESIAN_POINT('',(-2.66333333333333,0.,0.));
#11723=CARTESIAN_POINT('',(-2.66333333333333,-1.13,-5.85));
#11724=CARTESIAN_POINT('',(-2.66333333333333,-1.13,-5.35000000000001));
#11725=CARTESIAN_POINT('',(-2.66333333333333,-6.,-5.35));
#11726=CARTESIAN_POINT('',(-2.66333333333333,0.629999999999999,-5.35000000000001));
#11727=CARTESIAN_POINT('',(-2.66333333333333,0.629999999999999,-5.85));
#11728=CARTESIAN_POINT('',(-2.66333333333333,0.,0.));
#11729=CARTESIAN_POINT('',(-2.66333333333333,0.730000000000006,5.25000000000001));
#11730=CARTESIAN_POINT('',(-2.66333333333333,0.730000000000007,5.34));
#11731=CARTESIAN_POINT('',(-2.66333333333333,0.730000000000007,5.35));
#11732=CARTESIAN_POINT('',(-2.66333333333333,4.5,5.35));
#11733=CARTESIAN_POINT('',(-2.66333333333333,2.53,5.35));
#11734=CARTESIAN_POINT('',(-2.66333333333333,2.53,5.25));
#11735=CARTESIAN_POINT('',(-2.66333333333333,2.53,5.34));
#11736=CARTESIAN_POINT('',(-2.66333333333333,4.5,5.34));
#11737=CARTESIAN_POINT('',(-2.66333333333333,4.5,5.34));
#11738=CARTESIAN_POINT('',(-2.55,0.730000000000007,5.34));
#11739=CARTESIAN_POINT('',(-3.14321159799855,0.730000000000006,5.34000000000001));
#11740=CARTESIAN_POINT('',(-2.55,2.53,5.34));
#11741=CARTESIAN_POINT('',(-3.14321159799855,2.53,5.34));
#11742=CARTESIAN_POINT('',(-3.14321159799855,2.53,5.34));
#11743=CARTESIAN_POINT('',(-2.66333333333333,4.5,5.35));
#11744=CARTESIAN_POINT('',(-3.14160797830996,2.53,5.35));
#11745=CARTESIAN_POINT('',(-3.14160797830996,2.53,5.35));
#11746=CARTESIAN_POINT('',(-3.14160797830996,0.730000000000007,5.35));
#11747=CARTESIAN_POINT('',(-2.55,2.53,5.35));
#11748=CARTESIAN_POINT('',(-2.55,0.730000000000007,5.35));
#11749=CARTESIAN_POINT('',(-2.66333333333333,0.,0.));
#11750=CARTESIAN_POINT('',(-2.66333333333333,-3.03000000000001,5.25));
#11751=CARTESIAN_POINT('',(-2.66333333333333,-3.03000000000001,5.34));
#11752=CARTESIAN_POINT('',(-2.66333333333333,-3.03000000000001,5.35));
#11753=CARTESIAN_POINT('',(-2.66333333333333,4.5,5.35));
#11754=CARTESIAN_POINT('',(-2.66333333333333,-1.23,5.35));
#11755=CARTESIAN_POINT('',(-2.66333333333333,-1.23,5.25000000000001));
#11756=CARTESIAN_POINT('',(-2.66333333333333,-1.23,5.34));
#11757=CARTESIAN_POINT('',(-2.66333333333333,4.5,5.34));
#11758=CARTESIAN_POINT('',(-2.66333333333333,4.5,5.34));
#11759=CARTESIAN_POINT('',(-2.55,-3.03000000000001,5.34));
#11760=CARTESIAN_POINT('',(-3.14321159799856,-3.03000000000001,5.33999999999999));
#11761=CARTESIAN_POINT('',(-2.55,-1.23,5.34));
#11762=CARTESIAN_POINT('',(-3.14321159799856,-1.23,5.34));
#11763=CARTESIAN_POINT('',(-3.14321159799856,-1.23,5.34));
#11764=CARTESIAN_POINT('',(-2.66333333333333,4.5,5.35));
#11765=CARTESIAN_POINT('',(-3.14160797830996,-1.23,5.35));
#11766=CARTESIAN_POINT('',(-3.14160797830996,-1.23,5.35));
#11767=CARTESIAN_POINT('',(-3.14160797830996,-3.03000000000001,5.35));
#11768=CARTESIAN_POINT('',(-2.55,-1.23,5.35));
#11769=CARTESIAN_POINT('',(-2.55,-3.03000000000001,5.35));
#11770=CARTESIAN_POINT('',(-2.66333333333333,0.,0.));
#11771=CARTESIAN_POINT('',(-2.66333333333333,2.53,-5.25000000000001));
#11772=CARTESIAN_POINT('',(-2.66333333333333,2.53,-5.35000000000001));
#11773=CARTESIAN_POINT('',(-2.66333333333333,2.53,-5.36000000000001));
#11774=CARTESIAN_POINT('',(-2.66333333333333,4.5,-5.36000000000001));
#11775=CARTESIAN_POINT('',(-2.66333333333333,0.730000000000001,-5.36000000000001));
#11776=CARTESIAN_POINT('',(-2.66333333333333,0.730000000000001,-5.25000000000001));
#11777=CARTESIAN_POINT('',(-2.66333333333333,0.730000000000001,-5.35000000000001));
#11778=CARTESIAN_POINT('',(-2.66333333333333,4.5,-5.35000000000001));
#11779=CARTESIAN_POINT('',(-2.66333333333333,4.5,-5.35000000000001));
#11780=CARTESIAN_POINT('',(-2.54999999999998,0.730000000000001,-5.35000000000001));
#11781=CARTESIAN_POINT('',(-3.14160797830992,0.730000000000001,-5.35000000000001));
#11782=CARTESIAN_POINT('',(-3.14160797830992,0.73,-5.35000000000001));
#11783=CARTESIAN_POINT('',(-3.14160797830992,2.53,-5.35000000000001));
#11784=CARTESIAN_POINT('',(-2.54999999999998,2.53,-5.35000000000001));
#11785=CARTESIAN_POINT('',(-2.66333333333333,4.5,-5.36000000000001));
#11786=CARTESIAN_POINT('',(-2.54999999999998,2.53,-5.36000000000001));
#11787=CARTESIAN_POINT('',(-3.13983048412231,2.53,-5.36000000000001));
#11788=CARTESIAN_POINT('',(-3.13983048412231,0.73,-5.36000000000001));
#11789=CARTESIAN_POINT('',(-3.13983048412231,0.730000000000001,-5.36000000000001));
#11790=CARTESIAN_POINT('',(-2.54999999999998,0.730000000000001,-5.36000000000001));
#11791=CARTESIAN_POINT('',(-2.66333333333333,0.,0.));
#11792=CARTESIAN_POINT('',(-2.66333333333333,-1.22999999999997,-5.25));
#11793=CARTESIAN_POINT('',(-2.66333333333333,-1.22999999999997,-5.35000000000001));
#11794=CARTESIAN_POINT('',(-2.66333333333333,-1.22999999999997,-5.36000000000001));
#11795=CARTESIAN_POINT('',(-2.66333333333333,4.5,-5.36000000000001));
#11796=CARTESIAN_POINT('',(-2.66333333333333,-3.03,-5.36000000000001));
#11797=CARTESIAN_POINT('',(-2.66333333333333,-3.03,-5.25));
#11798=CARTESIAN_POINT('',(-2.66333333333333,-3.03,-5.35000000000001));
#11799=CARTESIAN_POINT('',(-2.66333333333333,4.5,-5.35000000000001));
#11800=CARTESIAN_POINT('',(-2.66333333333333,4.5,-5.35000000000001));
#11801=CARTESIAN_POINT('',(-2.54999999999998,-3.03,-5.35000000000001));
#11802=CARTESIAN_POINT('',(-3.14160797830996,-3.03,-5.35000000000001));
#11803=CARTESIAN_POINT('',(-3.14160797830996,-3.03,-5.35000000000001));
#11804=CARTESIAN_POINT('',(-3.14160797830996,-1.22999999999997,-5.35000000000001));
#11805=CARTESIAN_POINT('',(-2.54999999999998,-1.22999999999997,-5.35000000000001));
#11806=CARTESIAN_POINT('',(-2.66333333333333,4.5,-5.36000000000001));
#11807=CARTESIAN_POINT('',(-2.54999999999998,-1.22999999999997,-5.36000000000001));
#11808=CARTESIAN_POINT('',(-3.13983048412234,-1.22999999999997,-5.36000000000001));
#11809=CARTESIAN_POINT('',(-3.13983048412234,-3.03,-5.36000000000001));
#11810=CARTESIAN_POINT('',(-3.13983048412234,-3.03,-5.36000000000001));
#11811=CARTESIAN_POINT('',(-2.54999999999998,-3.03,-5.36000000000001));
#11812=CARTESIAN_POINT('',(-2.65000000000015,1.84600000000001,3.692));
#11813=CARTESIAN_POINT('',(-3.15000000000012,1.846,3.69199999999999));
#11814=CARTESIAN_POINT('',(-3.15000000000001,2.52999999999999,3.35));
#11815=CARTESIAN_POINT('',(-3.1500000000001,0.73,4.25000000000001));
#11816=CARTESIAN_POINT('',(-3.15000000000001,2.52999999999999,3.35));
#11817=CARTESIAN_POINT('',(-2.65000000000016,2.52999999999999,3.35));
#11818=CARTESIAN_POINT('',(-2.65000000000015,1.84600000000001,3.692));
#11819=CARTESIAN_POINT('',(-2.65000000000014,0.729999999999999,4.25000000000002));
#11820=CARTESIAN_POINT('',(-3.15000000000003,0.730000000000003,4.25000000000001));
#11821=CARTESIAN_POINT('',(-2.65000000000008,-1.87451810300875,3.94635390107085));
#11822=CARTESIAN_POINT('',(-3.15000000000005,-1.87451810300876,3.94635390107085));
#11823=CARTESIAN_POINT('',(-3.15000000000006,-1.22999999999999,4.25250000000002));
#11824=CARTESIAN_POINT('',(-3.15000000000002,-3.03000000000001,3.39749999999999));
#11825=CARTESIAN_POINT('',(-3.15000000000001,-1.23,4.25250000000001));
#11826=CARTESIAN_POINT('',(-2.65000000000001,-1.23,4.25250000000001));
#11827=CARTESIAN_POINT('',(-2.65000000000008,-1.87451810300875,3.94635390107085));
#11828=CARTESIAN_POINT('',(-2.65000000000006,-3.03000000000001,3.39749999999999));
#11829=CARTESIAN_POINT('',(-3.15,-3.03,3.39749999999999));
#11830=CARTESIAN_POINT('',(-2.6500000000001,1.84600000000001,-3.69200000000003));
#11831=CARTESIAN_POINT('',(-3.15000000000002,0.730000000000011,-4.25000000000005));
#11832=CARTESIAN_POINT('',(-3.15000000000004,0.73000000000001,-4.25000000000005));
#11833=CARTESIAN_POINT('',(-2.65000000000008,0.730000000000001,-4.25000000000006));
#11834=CARTESIAN_POINT('',(-2.6500000000001,1.84600000000001,-3.69200000000003));
#11835=CARTESIAN_POINT('',(-2.64999999999997,2.53,-3.35));
#11836=CARTESIAN_POINT('',(-3.14999999999997,2.53000000000001,-3.35000000000001));
#11837=CARTESIAN_POINT('',(-3.15000000000008,2.52999999999998,-3.35000000000004));
#11838=CARTESIAN_POINT('',(-3.15000000000007,1.846,-3.69200000000004));
#11839=CARTESIAN_POINT('',(-2.65000000000003,-1.87451810300875,-3.94635390107089));
#11840=CARTESIAN_POINT('',(-3.15,-1.22999999999999,-4.25250000000006));
#11841=CARTESIAN_POINT('',(-2.65000000000004,-1.22999999999997,-4.25250000000006));
#11842=CARTESIAN_POINT('',(-3.15,-1.22999999999998,-4.25250000000006));
#11843=CARTESIAN_POINT('',(-3.14999999999999,-1.87451810300876,-3.94635390107089));
#11844=CARTESIAN_POINT('',(-3.14999999999997,-3.03000000000001,-3.39750000000003));
#11845=CARTESIAN_POINT('',(-3.14999999999997,-3.03000000000001,-3.39750000000003));
#11846=CARTESIAN_POINT('',(-2.64999999999998,-3.03,-3.39750000000003));
#11847=CARTESIAN_POINT('',(-2.65000000000003,-1.87451810300875,-3.94635390107089));
#11848=CARTESIAN_POINT('',(-2.65000000000006,-5.1716443627559E-14,-1.80411241501591E-14));
#11849=CARTESIAN_POINT('',(-2.65,-3.03,-1.54130180840539E-14));
#11850=CARTESIAN_POINT('',(-2.65,-3.03,-5.25000000000001));
#11851=CARTESIAN_POINT('',(-2.65,-1.22999999999998,-5.25000000000001));
#11852=CARTESIAN_POINT('',(-2.65,-1.22999999999997,-5.25000000000001));
#11853=CARTESIAN_POINT('',(-2.65000000000003,-1.22999999999997,-1.69742692124333E-14));
#11854=CARTESIAN_POINT('',(-3.15000000000006,-6.14742631799285E-14,-2.15215882955575E-14));
#11855=CARTESIAN_POINT('',(-3.14999999999998,-3.03000000000001,-3.35000000000001));
#11856=CARTESIAN_POINT('',(-3.14999999999996,-3.03000000000001,-5.25000000000001));
#11857=CARTESIAN_POINT('',(-3.15,-1.22999999999999,-5.35000000000001));
#11858=CARTESIAN_POINT('',(-3.15,-1.22999999999997,-5.25000000000001));
#11859=CARTESIAN_POINT('',(-3.15,-1.22999999999999,-5.25000000000001));
#11860=CARTESIAN_POINT('',(-3.14999999999998,-3.03000000000001,-3.35000000000001));
#11861=CARTESIAN_POINT('',(-2.64999999999996,-3.03,-5.25));
#11862=CARTESIAN_POINT('',(-3.15,-1.22999999999999,-5.35000000000001));
#11863=CARTESIAN_POINT('',(-3.15,-1.22999999999999,-5.25000000000001));
#11864=CARTESIAN_POINT('',(-2.54999999999998,-3.03,-5.25));
#11865=CARTESIAN_POINT('',(-2.54999999999998,-3.03,-5.35000000000002));
#11866=CARTESIAN_POINT('',(-2.54999999999998,-3.03,-5.35000000000002));
#11867=CARTESIAN_POINT('',(-2.54999999999998,-1.22999999999997,-5.35000000000002));
#11868=CARTESIAN_POINT('',(-2.54999999999998,-1.22999999999997,-5.25));
#11869=CARTESIAN_POINT('',(-2.54999999999998,-3.03,-5.25));
#11870=CARTESIAN_POINT('',(-2.54999999999998,-3.03,-5.25));
#11871=CARTESIAN_POINT('',(-2.54999999999998,-1.22999999999997,-5.25));
#11872=CARTESIAN_POINT('',(-2.54999999999998,-1.22999999999997,-5.85000000000002));
#11873=CARTESIAN_POINT('',(-2.54999999999998,-3.03,-5.85000000000002));
#11874=CARTESIAN_POINT('',(-2.54999999999996,-3.03,-5.85));
#11875=CARTESIAN_POINT('',(-2.54999999999998,-3.03,-5.25));
#11876=CARTESIAN_POINT('',(-2.54999999999998,-3.03,-5.25));
#11877=CARTESIAN_POINT('',(-2.54999999999998,-3.03,-5.35000000000002));
#11878=CARTESIAN_POINT('',(-2.54999999999998,-3.03,-5.25));
#11879=CARTESIAN_POINT('',(-2.54999999999998,-1.22999999999997,-5.25));
#11880=CARTESIAN_POINT('',(-2.54999999999998,-1.22999999999997,-5.25));
#11881=CARTESIAN_POINT('',(-2.54999999999998,-1.22999999999997,-5.35000000000002));
#11882=CARTESIAN_POINT('',(-2.65000000000005,5.17164436275595E-14,-1.80411241501591E-14));
#11883=CARTESIAN_POINT('',(-2.65000000000003,0.730000000000001,-1.79619773915676E-14));
#11884=CARTESIAN_POINT('',(-2.64999999999996,0.730000000000001,-5.25000000000001));
#11885=CARTESIAN_POINT('',(-2.64999999999996,2.53,-5.25000000000001));
#11886=CARTESIAN_POINT('',(-2.64999999999996,2.53,-5.25000000000001));
#11887=CARTESIAN_POINT('',(-2.65,2.53,-1.80411241501588E-14));
#11888=CARTESIAN_POINT('',(-3.15000000000005,6.1474263179929E-14,-2.15215882955575E-14));
#11889=CARTESIAN_POINT('',(-3.15000000000001,0.730000000000011,-3.35000000000001));
#11890=CARTESIAN_POINT('',(-3.15,0.730000000000011,-5.25000000000001));
#11891=CARTESIAN_POINT('',(-3.14999999999996,2.53000000000001,-5.35000000000001));
#11892=CARTESIAN_POINT('',(-3.14999999999996,2.53,-5.25000000000001));
#11893=CARTESIAN_POINT('',(-3.14999999999996,2.53000000000001,-5.25000000000001));
#11894=CARTESIAN_POINT('',(-3.15000000000001,0.730000000000011,-3.35000000000001));
#11895=CARTESIAN_POINT('',(-2.65,0.730000000000001,-5.25000000000001));
#11896=CARTESIAN_POINT('',(-3.14999999999996,2.53000000000001,-5.35000000000001));
#11897=CARTESIAN_POINT('',(-3.14999999999996,2.53000000000001,-5.25000000000001));
#11898=CARTESIAN_POINT('',(-2.54999999999998,0.73,-5.25000000000001));
#11899=CARTESIAN_POINT('',(-2.54999999999998,0.73,-5.34999999999999));
#11900=CARTESIAN_POINT('',(-2.54999999999998,0.730000000000001,-5.34999999999999));
#11901=CARTESIAN_POINT('',(-2.54999999999998,2.53,-5.34999999999999));
#11902=CARTESIAN_POINT('',(-2.54999999999998,2.53,-5.25000000000001));
#11903=CARTESIAN_POINT('',(-2.54999999999998,0.730000000000001,-5.25000000000001));
#11904=CARTESIAN_POINT('',(-2.54999999999998,0.73,-5.25000000000001));
#11905=CARTESIAN_POINT('',(-2.54999999999998,2.53,-5.25000000000001));
#11906=CARTESIAN_POINT('',(-2.54999999999998,2.53,-5.84999999999999));
#11907=CARTESIAN_POINT('',(-2.54999999999998,0.73,-5.84999999999999));
#11908=CARTESIAN_POINT('',(-2.54999999999996,0.730000000000001,-5.85));
#11909=CARTESIAN_POINT('',(-2.54999999999998,0.730000000000001,-5.25000000000001));
#11910=CARTESIAN_POINT('',(-2.54999999999998,0.730000000000001,-5.25000000000001));
#11911=CARTESIAN_POINT('',(-2.54999999999998,0.730000000000001,-5.34999999999999));
#11912=CARTESIAN_POINT('',(-2.54999999999998,0.730000000000001,-5.25000000000001));
#11913=CARTESIAN_POINT('',(-2.54999999999998,2.53,-5.25000000000001));
#11914=CARTESIAN_POINT('',(-2.54999999999998,2.53,-5.25000000000001));
#11915=CARTESIAN_POINT('',(-2.54999999999998,2.53,-5.34999999999999));
#11916=CARTESIAN_POINT('',(-2.55,-1.23,5.25000000000001));
#11917=CARTESIAN_POINT('',(-2.55,-1.23,5.35000000000001));
#11918=CARTESIAN_POINT('',(-2.55,-1.23,5.35000000000001));
#11919=CARTESIAN_POINT('',(-2.55,-3.03000000000001,5.35));
#11920=CARTESIAN_POINT('',(-2.55,-3.03000000000001,5.25));
#11921=CARTESIAN_POINT('',(-2.65,-3.03000000000001,5.25));
#11922=CARTESIAN_POINT('',(-2.65,-3.03000000000001,5.25));
#11923=CARTESIAN_POINT('',(-2.65,-1.23,5.25000000000001));
#11924=CARTESIAN_POINT('',(-2.55,-1.23,5.25000000000001));
#11925=CARTESIAN_POINT('',(-2.55,-1.23,5.25000000000001));
#11926=CARTESIAN_POINT('',(-2.55,-1.23,5.25000000000001));
#11927=CARTESIAN_POINT('',(-3.15,-1.23,5.25000000000001));
#11928=CARTESIAN_POINT('',(-3.15,-3.03000000000001,5.25));
#11929=CARTESIAN_POINT('',(-3.15,-3.03000000000001,5.25000000000001));
#11930=CARTESIAN_POINT('',(-2.55,-3.03000000000001,5.25));
#11931=CARTESIAN_POINT('',(-2.55,-1.23,5.25000000000001));
#11932=CARTESIAN_POINT('',(-2.55,-1.23,5.25000000000001));
#11933=CARTESIAN_POINT('',(-2.55,-1.23,5.85));
#11934=CARTESIAN_POINT('',(-2.55,-1.23,5.35000000000001));
#11935=CARTESIAN_POINT('',(-2.65,-1.23,5.25000000000001));
#11936=CARTESIAN_POINT('',(-2.55,-3.03000000000001,5.25));
#11937=CARTESIAN_POINT('',(-3.15,-3.03000000000001,5.25));
#11938=CARTESIAN_POINT('',(-2.55,-3.03000000000001,5.35));
#11939=CARTESIAN_POINT('',(-2.55,-3.03000000000001,5.85));
#11940=CARTESIAN_POINT('',(-2.55,-3.03000000000001,5.25));
#11941=CARTESIAN_POINT('',(-3.15,2.53,5.35));
#11942=CARTESIAN_POINT('',(-3.15,2.53,5.35));
#11943=CARTESIAN_POINT('',(-3.15,2.53,5.25));
#11944=CARTESIAN_POINT('',(-2.65,2.53,5.25));
#11945=CARTESIAN_POINT('',(-2.65,2.53,5.25));
#11946=CARTESIAN_POINT('',(-2.65000000000003,2.52999999999998,7.06899816460583E-15));
#11947=CARTESIAN_POINT('',(-2.55,2.53,5.25));
#11948=CARTESIAN_POINT('',(-2.55,2.53,5.35));
#11949=CARTESIAN_POINT('',(-2.55,2.53,5.35));
#11950=CARTESIAN_POINT('',(-2.55,0.730000000000007,5.35000000000001));
#11951=CARTESIAN_POINT('',(-2.55,0.730000000000006,5.25000000000001));
#11952=CARTESIAN_POINT('',(-2.65,0.730000000000006,5.25000000000001));
#11953=CARTESIAN_POINT('',(-2.65,0.730000000000004,5.25000000000001));
#11954=CARTESIAN_POINT('',(-2.55,2.53,5.25));
#11955=CARTESIAN_POINT('',(-2.55,2.53,5.25));
#11956=CARTESIAN_POINT('',(-2.55,2.53,5.25));
#11957=CARTESIAN_POINT('',(-3.15,2.02384405530628E-14,5.25000000000001));
#11958=CARTESIAN_POINT('',(-3.15,0.730000000000006,5.25000000000001));
#11959=CARTESIAN_POINT('',(-2.55,0.730000000000006,5.25000000000001));
#11960=CARTESIAN_POINT('',(-2.55,2.53,5.25));
#11961=CARTESIAN_POINT('',(-2.55,2.53,5.25));
#11962=CARTESIAN_POINT('',(-2.55,2.53,5.85));
#11963=CARTESIAN_POINT('',(-2.55,2.53,5.35));
#11964=CARTESIAN_POINT('',(-2.55,0.730000000000006,5.25000000000001));
#11965=CARTESIAN_POINT('',(-3.15,0.730000000000007,5.25000000000001));
#11966=CARTESIAN_POINT('',(-2.55,0.730000000000007,5.35000000000001));
#11967=CARTESIAN_POINT('',(-2.55,0.730000000000009,5.85000000000001));
#11968=CARTESIAN_POINT('',(-2.55,0.730000000000006,5.25000000000001));
#11969=CARTESIAN_POINT('',(-2.55,2.63,5.85));
#11970=CARTESIAN_POINT('',(-3.99160797830996,-1.25,5.85));
#11971=CARTESIAN_POINT('',(-3.99160797830996,0.629999999999999,5.85));
#11972=CARTESIAN_POINT('',(-3.99160797830996,0.749999999999999,5.85));
#11973=CARTESIAN_POINT('',(-3.4,0.749999999999999,5.85));
#11974=CARTESIAN_POINT('',(-3.4,0.749999999999999,5.85));
#11975=CARTESIAN_POINT('',(-3.4,-1.25,5.85));
#11976=CARTESIAN_POINT('',(-3.4,0.629999999999999,5.85));
#11977=CARTESIAN_POINT('',(-2.55,0.629999999999999,5.85));
#11978=CARTESIAN_POINT('',(-2.55,-3.13,5.85));
#11979=CARTESIAN_POINT('',(-3.99160797830996,-1.25,5.85));
#11980=CARTESIAN_POINT('',(-3.99160797830996,-1.25,5.85));
#11981=CARTESIAN_POINT('',(-3.99160797830996,-1.13,5.85));
#11982=CARTESIAN_POINT('',(-2.55,-1.13,5.85));
#11983=CARTESIAN_POINT('',(-3.4,-1.13,5.85));
#11984=CARTESIAN_POINT('',(-3.4,-1.25,5.85));
#11985=CARTESIAN_POINT('',(-3.4,-1.25,5.85));
#11986=CARTESIAN_POINT('',(-3.4,-1.25,5.85));
#11987=CARTESIAN_POINT('',(-2.55,-1.13,-5.85));
#11988=CARTESIAN_POINT('',(-3.39999999999996,-1.13,-5.95000000000001));
#11989=CARTESIAN_POINT('',(-3.99160797830992,-1.13,-5.85));
#11990=CARTESIAN_POINT('',(-2.55,-1.13,-5.85));
#11991=CARTESIAN_POINT('',(-3.39999999999996,-1.13,-5.85));
#11992=CARTESIAN_POINT('',(-2.55,-1.13,-5.85));
#11993=CARTESIAN_POINT('',(-2.55,-1.13,-5.85));
#11994=CARTESIAN_POINT('',(-2.55,-1.13,-5.85));
#11995=CARTESIAN_POINT('',(-2.55,-1.13,-5.35000000000001));
#11996=CARTESIAN_POINT('',(2.02962646689286E-14,-1.13,-5.35));
#11997=CARTESIAN_POINT('',(-2.55,-3.13,-5.85));
#11998=CARTESIAN_POINT('',(-3.99160797830992,0.749999999999997,-5.85));
#11999=CARTESIAN_POINT('',(-3.99160797830992,-1.25,-5.85));
#12000=CARTESIAN_POINT('',(-3.39999999999996,-1.25,-5.85));
#12001=CARTESIAN_POINT('',(-3.39999999999996,-1.25,-5.85000000000001));
#12002=CARTESIAN_POINT('',(-3.39999999999996,0.749999999999997,-5.85000000000001));
#12003=CARTESIAN_POINT('',(-2.55,2.63,-5.85));
#12004=CARTESIAN_POINT('',(-3.99160797830992,0.749999999999997,-5.85));
#12005=CARTESIAN_POINT('',(-3.99160797830992,0.749999999999997,-5.85));
#12006=CARTESIAN_POINT('',(-3.99160797830992,0.629999999999999,-5.85));
#12007=CARTESIAN_POINT('',(-2.55,0.629999999999999,-5.85));
#12008=CARTESIAN_POINT('',(-3.39999999999996,0.629999999999999,-5.85000000000001));
#12009=CARTESIAN_POINT('',(-3.39999999999996,0.749999999999997,-5.85000000000001));
#12010=CARTESIAN_POINT('',(-3.39999999999996,0.749999999999997,-5.85));
#12011=CARTESIAN_POINT('',(-3.39999999999996,0.749999999999997,-5.85));
#12012=CARTESIAN_POINT('',(-2.55,0.629999999999999,-5.85));
#12013=CARTESIAN_POINT('',(-3.39999999999996,0.629999999999999,-5.95000000000001));
#12014=CARTESIAN_POINT('',(2.02962646689286E-14,0.629999999999999,-5.35));
#12015=CARTESIAN_POINT('',(-2.55,0.629999999999999,-5.35000000000001));
#12016=CARTESIAN_POINT('',(-2.55,0.629999999999999,-5.85));
#12017=CARTESIAN_POINT('',(-2.55,0.629999999999999,-5.85));
#12018=CARTESIAN_POINT('',(-2.55,0.629999999999999,-5.85));
#12019=CARTESIAN_POINT('',(-3.99999999999996,-1.25,-7.50000000000001));
#12020=CARTESIAN_POINT('',(-3.49999999999996,-1.25,-7.50000000000001));
#12021=CARTESIAN_POINT('',(-3.49999999999996,0.749999999999997,-7.50000000000001));
#12022=CARTESIAN_POINT('',(-3.49999999999996,-1.25,-7.50000000000001));
#12023=CARTESIAN_POINT('',(-3.99999999999996,-1.25,-7.50000000000001));
#12024=CARTESIAN_POINT('',(-3.99999999999996,-1.25,-7.50000000000001));
#12025=CARTESIAN_POINT('',(-3.99999999999996,0.,-7.50000000000001));
#12026=CARTESIAN_POINT('',(-3.99999999999996,0.749999999999997,-7.50000000000001));
#12027=CARTESIAN_POINT('',(-3.99999999999996,0.749999999999997,-7.50000000000001));
#12028=CARTESIAN_POINT('',(-3.49999999999996,0.,1.73472347597681E-15));
#12029=CARTESIAN_POINT('',(-3.49999999999996,0.749999999999997,-7.50000000000001));
#12030=CARTESIAN_POINT('',(-3.49999999999996,0.749999999999997,-5.95000000000001));
#12031=CARTESIAN_POINT('',(-3.49999999999996,-1.25,-5.95000000000001));
#12032=CARTESIAN_POINT('',(-3.49999999999996,-1.25,-5.95000000000001));
#12033=CARTESIAN_POINT('',(-3.49999999999996,-1.25,-5.85000000000001));
#12034=CARTESIAN_POINT('',(-3.99999999999996,0.,1.74574066942157E-15));
#12035=CARTESIAN_POINT('',(-3.99999999999996,-1.25,-5.95000000000001));
#12036=CARTESIAN_POINT('',(-3.99999999999996,0.749999999999997,-5.95000000000001));
#12037=CARTESIAN_POINT('',(-3.99999999999996,-1.25,-5.95000000000001));
#12038=CARTESIAN_POINT('',(-3.99999999999996,0.749999999999997,1.74574066942157E-15));
#12039=CARTESIAN_POINT('',(-3.99999999999996,-1.25,1.74574066942157E-15));
#12040=CARTESIAN_POINT('',(-3.99999999999996,-1.25,-5.85000000000001));
#12041=CARTESIAN_POINT('',(-3.99999999999996,-1.25,-5.95000000000001));
#12042=CARTESIAN_POINT('',(-3.99999999999996,0.749999999999997,-7.50000000000001));
#12043=CARTESIAN_POINT('',(-3.49999999999996,0.749999999999997,-5.95000000000001));
#12044=CARTESIAN_POINT('',(-3.39999999999996,0.749999999999997,-5.95000000000001));
#12045=CARTESIAN_POINT('',(-3.39999999999996,0.749999999999997,-5.85000000000001));
#12046=CARTESIAN_POINT('',(-3.39999999999996,-1.25,-5.95000000000001));
#12047=CARTESIAN_POINT('',(-3.39999999999996,0.749999999999997,-5.95000000000001));
#12048=CARTESIAN_POINT('',(-3.39999999999996,0.749999999999997,-5.95000000000001));
#12049=CARTESIAN_POINT('',(-3.39999999999996,0.749999999999997,-5.95000000000001));
#12050=CARTESIAN_POINT('',(-3.39999999999996,-1.25,-5.95000000000001));
#12051=CARTESIAN_POINT('',(-3.39999999999996,0.749999999999997,-5.95000000000001));
#12052=CARTESIAN_POINT('',(-3.39999999999996,-1.25,-5.95000000000001));
#12053=CARTESIAN_POINT('',(-4.,0.749999999999999,7.5));
#12054=CARTESIAN_POINT('',(-3.5,0.749999999999999,7.5));
#12055=CARTESIAN_POINT('',(-3.5,-1.25,7.5));
#12056=CARTESIAN_POINT('',(-3.5,0.749999999999999,7.5));
#12057=CARTESIAN_POINT('',(-4.,0.749999999999999,7.5));
#12058=CARTESIAN_POINT('',(-4.,0.749999999999999,7.5));
#12059=CARTESIAN_POINT('',(-4.,0.,7.5));
#12060=CARTESIAN_POINT('',(-4.,-1.25,7.5));
#12061=CARTESIAN_POINT('',(-4.,-1.25,7.5));
#12062=CARTESIAN_POINT('',(-3.5,0.,-1.73472347597681E-15));
#12063=CARTESIAN_POINT('',(-3.5,-1.25,7.5));
#12064=CARTESIAN_POINT('',(-3.5,-1.25,5.95));
#12065=CARTESIAN_POINT('',(-3.5,0.749999999999999,5.95));
#12066=CARTESIAN_POINT('',(-3.5,0.749999999999999,5.95));
#12067=CARTESIAN_POINT('',(-3.5,0.749999999999999,5.85));
#12068=CARTESIAN_POINT('',(-4.,0.,-1.74574066942157E-15));
#12069=CARTESIAN_POINT('',(-4.,0.749999999999999,5.95));
#12070=CARTESIAN_POINT('',(-4.,-1.25,5.95));
#12071=CARTESIAN_POINT('',(-4.,0.749999999999999,5.95));
#12072=CARTESIAN_POINT('',(-4.,-1.25,-1.74574066942157E-15));
#12073=CARTESIAN_POINT('',(-4.,0.749999999999999,-1.74574066942157E-15));
#12074=CARTESIAN_POINT('',(-4.,0.749999999999999,5.85));
#12075=CARTESIAN_POINT('',(-4.,0.749999999999999,5.95));
#12076=CARTESIAN_POINT('',(-4.,-1.25,7.5));
#12077=CARTESIAN_POINT('',(-3.5,-1.25,5.95));
#12078=CARTESIAN_POINT('',(-3.4,-1.25,5.95));
#12079=CARTESIAN_POINT('',(-3.4,-1.25,5.85));
#12080=CARTESIAN_POINT('',(-3.4,0.749999999999999,5.95));
#12081=CARTESIAN_POINT('',(-3.4,-1.25,5.95));
#12082=CARTESIAN_POINT('',(-3.4,-1.25,5.95));
#12083=CARTESIAN_POINT('',(-3.4,0.629999999999999,5.95));
#12084=CARTESIAN_POINT('',(-3.4,0.629999999999999,5.35));
#12085=CARTESIAN_POINT('',(-3.4,-1.25,5.35));
#12086=CARTESIAN_POINT('',(-3.4,-1.13,5.35));
#12087=CARTESIAN_POINT('',(-3.4,-1.13,5.95));
#12088=CARTESIAN_POINT('',(-3.4,-1.25,5.95));
#12089=CARTESIAN_POINT('',(-3.4,0.749999999999999,5.95));
#12090=CARTESIAN_POINT('',(-3.4,-1.25,5.95));
#12091=CARTESIAN_POINT('',(-3.4,0.749999999999999,5.95));
#12092=CARTESIAN_POINT('',(-0.572401244940132,-2.10436664652182,-5.35));
#12093=CARTESIAN_POINT('',(-0.57240124494013,-2.10436664652182,-5.85));
#12094=CARTESIAN_POINT('',(-0.57240124494013,1.59118463871696,-5.85));
#12095=CARTESIAN_POINT('',(-0.57240124494013,-2.10436664652182,-5.85));
#12096=CARTESIAN_POINT('',(-0.572401244940132,-2.10436664652182,-5.35));
#12097=CARTESIAN_POINT('',(-0.572401244940132,-2.10436664652182,-5.35));
#12098=CARTESIAN_POINT('',(-0.572401244940132,-2.10436664652182,-5.35));
#12099=CARTESIAN_POINT('',(-0.572401244940132,1.59118463871696,-5.35));
#12100=CARTESIAN_POINT('',(-0.572401244940132,1.59118463871696,-5.35));
#12101=CARTESIAN_POINT('',(-1.3233333333333,-2.10436664652182,-5.35));
#12102=CARTESIAN_POINT('',(-1.32333333333329,-2.10436664652182,-5.85));
#12103=CARTESIAN_POINT('',(-2.07426542172646,-2.10436664652182,-5.85));
#12104=CARTESIAN_POINT('',(-2.07426542172646,-2.10436664652182,-5.35));
#12105=CARTESIAN_POINT('',(-2.07426542172646,-2.10436664652182,-5.35));
#12106=CARTESIAN_POINT('',(-1.3233333333333,-2.10436664652182,-5.35));
#12107=CARTESIAN_POINT('',(-2.07426542172646,1.59118463871696,-5.35));
#12108=CARTESIAN_POINT('',(-2.07426542172646,1.59118463871696,-5.85));
#12109=CARTESIAN_POINT('',(-2.07426542172646,1.59118463871696,-5.85));
#12110=CARTESIAN_POINT('',(-2.07426542172646,1.59118463871696,-5.35));
#12111=CARTESIAN_POINT('',(-2.07426542172646,1.59118463871696,-5.35));
#12112=CARTESIAN_POINT('',(-2.07426542172646,1.59118463871696,-5.35));
#12113=CARTESIAN_POINT('',(-1.3233333333333,1.59118463871696,-5.35));
#12114=CARTESIAN_POINT('',(-1.32333333333329,1.59118463871696,-5.85));
#12115=CARTESIAN_POINT('',(-1.3233333333333,1.59118463871696,-5.35));
#12116=CARTESIAN_POINT('',(-2.54999999999996,-1.25,-5.35));
#12117=CARTESIAN_POINT('',(-2.54999999999996,-1.25,-5.35));
#12118=CARTESIAN_POINT('',(-2.54999999999996,-3.13,-5.35));
#12119=CARTESIAN_POINT('',(-2.54999999999996,-1.25,-5.85));
#12120=CARTESIAN_POINT('',(-2.54999999999996,-3.13,-5.85));
#12121=CARTESIAN_POINT('',(-2.54999999999996,-3.13,-5.35));
#12122=CARTESIAN_POINT('',(-3.99999999999996,2.63,-5.35000000000001));
#12123=CARTESIAN_POINT('',(-3.99999999999996,2.63,-5.35000000000001));
#12124=CARTESIAN_POINT('',(-3.99999999999996,2.63,-5.85000000000001));
#12125=CARTESIAN_POINT('',(-3.99999999999996,2.63,-5.85000000000001));
#12126=CARTESIAN_POINT('',(-2.54999999999996,2.63,-5.85));
#12127=CARTESIAN_POINT('',(-2.54999999999996,2.63,-5.35000000000001));
#12128=CARTESIAN_POINT('',(-2.54999999999996,2.63,-5.35000000000001));
#12129=CARTESIAN_POINT('',(-3.99999999999996,2.63,-5.35000000000001));
#12130=CARTESIAN_POINT('',(-2.54999999999996,2.63,-5.35000000000001));
#12131=CARTESIAN_POINT('',(-2.54999999999996,2.63,-5.35000000000001));
#12132=CARTESIAN_POINT('',(-2.54999999999996,2.63,-5.85));
#12133=CARTESIAN_POINT('',(-2.0742654217265,1.59118463871696,5.35));
#12134=CARTESIAN_POINT('',(-2.0742654217265,1.59118463871696,5.85));
#12135=CARTESIAN_POINT('',(-2.0742654217265,1.59118463871696,5.85000000000001));
#12136=CARTESIAN_POINT('',(-2.0742654217265,-2.10436664652182,5.85));
#12137=CARTESIAN_POINT('',(-2.0742654217265,-2.10436664652182,5.35));
#12138=CARTESIAN_POINT('',(-2.0742654217265,-2.10436664652182,5.35000000000001));
#12139=CARTESIAN_POINT('',(-2.0742654217265,1.59118463871696,5.35));
#12140=CARTESIAN_POINT('',(-2.0742654217265,1.59118463871696,5.35));
#12141=CARTESIAN_POINT('',(-2.0742654217265,1.59118463871696,5.35));
#12142=CARTESIAN_POINT('',(-1.32333333333333,-2.10436664652182,5.35));
#12143=CARTESIAN_POINT('',(-1.32333333333333,-2.10436664652182,5.85));
#12144=CARTESIAN_POINT('',(-0.572401244940169,-2.10436664652182,5.85));
#12145=CARTESIAN_POINT('',(-0.572401244940169,-2.10436664652182,5.35));
#12146=CARTESIAN_POINT('',(-0.572401244940169,-2.10436664652182,5.35));
#12147=CARTESIAN_POINT('',(-1.32333333333333,-2.10436664652182,5.35));
#12148=CARTESIAN_POINT('',(-0.572401244940169,1.59118463871696,5.35));
#12149=CARTESIAN_POINT('',(-0.572401244940169,1.59118463871696,5.85));
#12150=CARTESIAN_POINT('',(-0.572401244940169,1.59118463871696,5.85));
#12151=CARTESIAN_POINT('',(-0.572401244940169,1.59118463871696,5.35));
#12152=CARTESIAN_POINT('',(-0.572401244940169,1.59118463871696,5.35));
#12153=CARTESIAN_POINT('',(-0.572401244940169,1.59118463871696,5.35));
#12154=CARTESIAN_POINT('',(-1.32333333333333,1.59118463871696,5.35));
#12155=CARTESIAN_POINT('',(-1.32333333333333,1.59118463871696,5.85));
#12156=CARTESIAN_POINT('',(-1.32333333333333,1.59118463871696,5.35));
#12157=CARTESIAN_POINT('',(-2.55,0.749999999999999,5.35));
#12158=CARTESIAN_POINT('',(-2.55,0.749999999999999,5.35));
#12159=CARTESIAN_POINT('',(-2.55,2.63,5.35));
#12160=CARTESIAN_POINT('',(-2.55,0.749999999999999,5.85));
#12161=CARTESIAN_POINT('',(-2.55,2.63,5.85));
#12162=CARTESIAN_POINT('',(-2.55,2.63,5.35));
#12163=CARTESIAN_POINT('',(-4.,-3.13,5.35));
#12164=CARTESIAN_POINT('',(-3.99999999999996,-3.13,-5.35000000000001));
#12165=CARTESIAN_POINT('',(-3.99999999999996,-3.13,-5.85000000000001));
#12166=CARTESIAN_POINT('',(-2.54999999999996,-3.13,-5.35));
#12167=CARTESIAN_POINT('',(-2.54999999999996,-3.13,-5.85));
#12168=CARTESIAN_POINT('',(-2.55,-3.13,5.35));
#12169=CARTESIAN_POINT('',(-2.55,-3.13,5.35));
#12170=CARTESIAN_POINT('',(-2.55,-1.13,5.35000000000001));
#12171=CARTESIAN_POINT('',(-2.55,-3.13,5.85));
#12172=CARTESIAN_POINT('',(-2.55,-1.13,5.85));
#12173=CARTESIAN_POINT('',(-2.55,-1.13,5.85));
#12174=CARTESIAN_POINT('',(-4.,-5.,-5.85000000000001));
#12175=CARTESIAN_POINT('',(-4.,-5.,-5.85000000000001));
#12176=CARTESIAN_POINT('',(-4.,-5.,-5.85000000000001));
#12177=CARTESIAN_POINT('',(-4.,-5.,-5.85000000000001));
#12178=CARTESIAN_POINT('',(-0.0999999999999994,-5.,-5.85));
#12179=CARTESIAN_POINT('',(-0.0999999999999994,-5.,-5.35));
#12180=CARTESIAN_POINT('',(-0.099999999999999,-5.,-5.35));
#12181=CARTESIAN_POINT('',(2.02962646689286E-14,-5.,-5.35));
#12182=CARTESIAN_POINT('',(1.74574066942157E-15,4.5,-5.85));
#12183=CARTESIAN_POINT('',(2.02962646689286E-14,4.5,-5.35));
#12184=CARTESIAN_POINT('',(-0.099999999999999,4.5,-5.35));
#12185=CARTESIAN_POINT('',(-0.0999999999999994,4.5,-5.85));
#12186=CARTESIAN_POINT('',(-0.0999999999999973,4.5,-5.85));
#12187=CARTESIAN_POINT('',(1.74574066942157E-15,4.5,-5.85));
#12188=CARTESIAN_POINT('',(-4.,4.5,-5.85000000000001));
#12189=CARTESIAN_POINT('',(-4.,4.5,-5.85000000000001));
#12190=CARTESIAN_POINT('',(-0.0999999999999994,-5.,-5.25));
#12191=CARTESIAN_POINT('',(1.73472347597681E-15,-5.,-5.25));
#12192=CARTESIAN_POINT('',(0.,-5.,-5.25));
#12193=CARTESIAN_POINT('',(0.,4.5,-5.25));
#12194=CARTESIAN_POINT('',(-0.0999999999999994,4.5,-5.25));
#12195=CARTESIAN_POINT('',(-0.0999999999999994,4.5,-5.35));
#12196=CARTESIAN_POINT('',(-0.0999999999999994,-5.,-5.25));
#12197=CARTESIAN_POINT('',(-0.0999999999999994,-5.,-5.25));
#12198=CARTESIAN_POINT('',(0.500000000000002,-5.,-5.24999999999999));
#12199=CARTESIAN_POINT('',(0.500000000000002,-5.,-5.24999999999999));
#12200=CARTESIAN_POINT('',(0.5,4.5,-5.25));
#12201=CARTESIAN_POINT('',(-0.0999999999999994,-5.,-5.25));
#12202=CARTESIAN_POINT('',(-0.0999999999999994,4.5,-5.85));
#12203=CARTESIAN_POINT('',(-0.0999999999999994,4.5,-5.25));
#12204=CARTESIAN_POINT('',(-0.0999999999999994,-5.,-5.25));
#12205=CARTESIAN_POINT('',(1.73472347597681E-15,-5.,-5.25));
#12206=CARTESIAN_POINT('',(-0.0999999999999994,4.5,-5.25));
#12207=CARTESIAN_POINT('',(1.73472347597681E-15,4.5,-5.25));
#12208=CARTESIAN_POINT('',(-4.,-5.,5.85000000000002));
#12209=CARTESIAN_POINT('',(2.02962646689287E-14,-5.,5.35));
#12210=CARTESIAN_POINT('',(-0.099999999999999,-5.,5.35));
#12211=CARTESIAN_POINT('',(-4.,-5.,5.35));
#12212=CARTESIAN_POINT('',(-0.0999999999999994,-5.,5.85000000000002));
#12213=CARTESIAN_POINT('',(-0.0999999999999973,-5.,5.85));
#12214=CARTESIAN_POINT('',(-4.,-5.,5.85000000000002));
#12215=CARTESIAN_POINT('',(-4.,-5.,5.85000000000002));
#12216=CARTESIAN_POINT('',(-4.,-5.,5.85000000000002));
#12217=CARTESIAN_POINT('',(1.74574066942157E-15,4.5,5.85));
#12218=CARTESIAN_POINT('',(1.74574066942157E-15,4.5,5.85));
#12219=CARTESIAN_POINT('',(-4.,4.5,5.85000000000001));
#12220=CARTESIAN_POINT('',(-0.0999999999999994,4.5,5.85));
#12221=CARTESIAN_POINT('',(-0.0999999999999994,4.5,5.35));
#12222=CARTESIAN_POINT('',(-0.099999999999999,4.5,5.35));
#12223=CARTESIAN_POINT('',(2.02962646689286E-14,4.5,5.35));
#12224=CARTESIAN_POINT('',(-4.,4.5,5.35));
#12225=CARTESIAN_POINT('',(-4.,4.5,5.85000000000001));
#12226=CARTESIAN_POINT('',(-0.0999999999999994,4.5,5.25));
#12227=CARTESIAN_POINT('',(1.73472347597681E-15,4.5,5.25));
#12228=CARTESIAN_POINT('',(0.,4.5,5.25));
#12229=CARTESIAN_POINT('',(1.73472347597681E-15,-5.,5.25));
#12230=CARTESIAN_POINT('',(-0.0999999999999994,-5.,5.25));
#12231=CARTESIAN_POINT('',(-0.0999999999999994,-5.,5.35));
#12232=CARTESIAN_POINT('',(-0.0999999999999994,4.5,5.25));
#12233=CARTESIAN_POINT('',(-0.0999999999999994,4.5,5.25));
#12234=CARTESIAN_POINT('',(0.500000000000002,4.5,5.24999999999999));
#12235=CARTESIAN_POINT('',(0.500000000000002,4.5,5.24999999999999));
#12236=CARTESIAN_POINT('',(0.5,-5.,5.25));
#12237=CARTESIAN_POINT('',(-0.0999999999999994,4.5,5.25));
#12238=CARTESIAN_POINT('',(-0.0999999999999994,1.6023366843891E-15,5.85));
#12239=CARTESIAN_POINT('',(-0.0999999999999994,-5.,5.25));
#12240=CARTESIAN_POINT('',(-0.0999999999999994,4.5,5.25));
#12241=CARTESIAN_POINT('',(1.73472347597681E-15,4.5,5.25));
#12242=CARTESIAN_POINT('',(-0.0999999999999994,-5.,5.25));
#12243=CARTESIAN_POINT('',(1.73472347597681E-15,-5.,5.25));
#12244=CARTESIAN_POINT('',(0.5,4.5,4.85));
#12245=CARTESIAN_POINT('',(0.,4.5,4.85));
#12246=CARTESIAN_POINT('',(0.,5.5,4.85));
#12247=CARTESIAN_POINT('',(0.,4.5,4.85));
#12248=CARTESIAN_POINT('',(0.5,4.5,4.85));
#12249=CARTESIAN_POINT('',(0.5,4.5,4.85));
#12250=CARTESIAN_POINT('',(0.5,4.5,4.85));
#12251=CARTESIAN_POINT('',(0.5,5.5,4.85));
#12252=CARTESIAN_POINT('',(0.5,5.5,4.85));
#12253=CARTESIAN_POINT('',(0.5,5.5,4.85));
#12254=CARTESIAN_POINT('',(0.,5.5,4.85));
#12255=CARTESIAN_POINT('',(0.,5.5,-4.85));
#12256=CARTESIAN_POINT('',(0.5,5.5,4.85));
#12257=CARTESIAN_POINT('',(0.5,5.5,-4.85));
#12258=CARTESIAN_POINT('',(0.5,5.5,-4.85));
#12259=CARTESIAN_POINT('',(0.5,5.5,-4.85));
#12260=CARTESIAN_POINT('',(0.,5.5,-4.85));
#12261=CARTESIAN_POINT('',(0.,4.5,-4.85));
#12262=CARTESIAN_POINT('',(0.5,5.5,-4.85));
#12263=CARTESIAN_POINT('',(0.5,4.5,-4.85));
#12264=CARTESIAN_POINT('',(0.5,4.5,-4.85));
#12265=CARTESIAN_POINT('',(0.5,-5.,-4.85));
#12266=CARTESIAN_POINT('',(0.,-5.,-4.85));
#12267=CARTESIAN_POINT('',(0.,-6.,-4.85));
#12268=CARTESIAN_POINT('',(0.,-5.,-4.85));
#12269=CARTESIAN_POINT('',(0.5,-5.,-4.85));
#12270=CARTESIAN_POINT('',(0.5,-5.,-4.85));
#12271=CARTESIAN_POINT('',(0.5,-5.,-4.85));
#12272=CARTESIAN_POINT('',(0.5,-6.,-4.85));
#12273=CARTESIAN_POINT('',(0.5,-6.,-4.85));
#12274=CARTESIAN_POINT('',(0.5,-6.,-4.85));
#12275=CARTESIAN_POINT('',(0.,-6.,-4.85));
#12276=CARTESIAN_POINT('',(0.,-6.,4.85));
#12277=CARTESIAN_POINT('',(0.5,-6.,-4.85));
#12278=CARTESIAN_POINT('',(0.5,-6.,4.85));
#12279=CARTESIAN_POINT('',(0.5,-6.,4.85));
#12280=CARTESIAN_POINT('',(0.5,-6.,4.85));
#12281=CARTESIAN_POINT('',(0.,-6.,4.85));
#12282=CARTESIAN_POINT('',(0.,-5.,4.85));
#12283=CARTESIAN_POINT('',(0.5,-6.,4.85));
#12284=CARTESIAN_POINT('',(0.5,-5.,4.85));
#12285=CARTESIAN_POINT('',(0.5,-5.,4.85));
#12286=CARTESIAN_POINT('',(0.5,4.5,5.85));
#12287=CARTESIAN_POINT('',(0.5,4.5,5.85));
#12288=CARTESIAN_POINT('',(0.,4.5,5.85));
#12289=CARTESIAN_POINT('',(0.5,-5.,4.85));
#12290=CARTESIAN_POINT('',(0.,-5.,4.85));
#12291=CARTESIAN_POINT('',(0.5,-5.,4.85));
#12292=CARTESIAN_POINT('',(0.5,4.5,-4.85));
#12293=CARTESIAN_POINT('',(0.,4.5,-4.85));
#12294=CARTESIAN_POINT('',(0.5,4.5,-4.85));
#12295=CARTESIAN_POINT('',(0.5,-5.,-5.85));
#12296=CARTESIAN_POINT('',(0.5,-5.,-5.85));
#12297=CARTESIAN_POINT('',(0.,-5.,-5.85));
#12298=CARTESIAN_POINT('',(0.,0.,0.));
#12299=CARTESIAN_POINT('',(0.5,0.,0.));
#12300=CARTESIAN_POINT('',(2.02962646689286E-14,1.46538483102251E-15,5.35));
#12301=CARTESIAN_POINT('',(2.02962646689286E-14,-1.13,5.35));
#12302=CARTESIAN_POINT('',(2.02962646689286E-14,0.629999999999999,5.35));
#12303=CARTESIAN_POINT('',(-2.55,0.629999999999999,5.35000000000001));
#12304=CARTESIAN_POINT('',(-2.55,0.749999999999999,5.35));
#12305=CARTESIAN_POINT('',(-4.,2.63,5.35));
#12306=CARTESIAN_POINT('',(-4.,2.63,5.35));
#12307=CARTESIAN_POINT('',(-4.,4.5,5.35));
#12308=CARTESIAN_POINT('',(-4.,4.5,5.35));
#12309=CARTESIAN_POINT('',(-4.,-3.13,5.35));
#12310=CARTESIAN_POINT('',(-4.,-3.13,5.35));
#12311=CARTESIAN_POINT('',(-2.55,-3.13,5.35));
#12312=CARTESIAN_POINT('',(-2.55,-3.13,5.35));
#12313=CARTESIAN_POINT('',(2.20420053383502E-14,1.6023366843891E-15,5.85));
#12314=CARTESIAN_POINT('',(-2.55,0.629999999999999,5.85));
#12315=CARTESIAN_POINT('',(-2.55,0.629999999999999,5.85));
#12316=CARTESIAN_POINT('',(-2.55,-1.13,5.85));
#12317=CARTESIAN_POINT('',(-2.55,-1.23,5.85000000000001));
#12318=CARTESIAN_POINT('',(-2.55,-3.13,5.85));
#12319=CARTESIAN_POINT('',(-2.55,-3.13,5.85));
#12320=CARTESIAN_POINT('',(-4.,-3.13,5.85));
#12321=CARTESIAN_POINT('',(-4.,-3.13,5.85));
#12322=CARTESIAN_POINT('',(-4.,4.5,5.85000000000001));
#12323=CARTESIAN_POINT('',(-4.,4.5,5.85000000000001));
#12324=CARTESIAN_POINT('',(-4.,2.63,5.85));
#12325=CARTESIAN_POINT('',(-4.,2.63,5.85));
#12326=CARTESIAN_POINT('',(-2.55,2.53,5.85));
#12327=CARTESIAN_POINT('',(-2.55,0.749999999999999,5.85));
#12328=CARTESIAN_POINT('',(2.02962646689286E-14,-9.76923220681675E-16,-5.35));
#12329=CARTESIAN_POINT('',(-2.54999999999996,-1.25,-5.35));
#12330=CARTESIAN_POINT('',(-2.54999999999996,2.63,-5.35000000000001));
#12331=CARTESIAN_POINT('',(2.20420053383502E-14,-1.0682244562594E-15,-5.85));
#12332=CARTESIAN_POINT('',(-2.54999999999996,-1.25,-5.85));
#12333=CARTESIAN_POINT('',(-2.54999999999996,2.63,-5.85));
#12334=CARTESIAN_POINT('',(-4.,4.5,-5.85000000000001));
#12335=CARTESIAN_POINT('',(-4.,4.5,-5.85000000000001));
#12336=CARTESIAN_POINT('',(-4.,0.,0.));
#12337=CARTESIAN_POINT('',(-2.55,0.749999999999999,5.35));
#12338=CARTESIAN_POINT('',(-2.55,0.629999999999999,5.85));
#12339=CARTESIAN_POINT('',(-2.55,-3.13,5.35));
#12340=CARTESIAN_POINT('',(-2.55,-3.13,5.35));
#12341=CARTESIAN_POINT('',(-2.54999999999996,2.63,-5.35000000000001));
#12342=CARTESIAN_POINT('',(-2.54999999999996,-1.25,-5.35));
#12343=CARTESIAN_POINT('',(-2.65000000000003,-8.25040301697142E-29,1.8041124150159E-14));
#12344=CARTESIAN_POINT('',(-2.65000000000003,-3.02999999999999,4.90059381963477E-15));
#12345=CARTESIAN_POINT('',(-2.65000000000003,-1.22999999999998,1.25734925943147E-14));
#12346=CARTESIAN_POINT('',(-3.15000000000003,-9.75981373205095E-29,2.15215882955574E-14));
#12347=CARTESIAN_POINT('',(-3.15,-3.03000000000001,5.35));
#12348=CARTESIAN_POINT('',(-3.15000000000001,-1.22999999999999,3.35000000000001));
#12349=CARTESIAN_POINT('',(-3.15000000000001,-1.22999999999999,3.35000000000001));
#12350=CARTESIAN_POINT('',(-3.15,-3.03000000000001,5.35));
#12351=CARTESIAN_POINT('',(-2.65000000000003,7.82409039907328E-29,1.8041124150159E-14));
#12352=CARTESIAN_POINT('',(-2.65000000000003,0.729999999999985,1.49544005650929E-14));
#12353=CARTESIAN_POINT('',(-3.15000000000003,9.33350111415281E-29,2.15215882955574E-14));
#12354=CARTESIAN_POINT('',(-3.15000000000001,0.729999999999999,3.35000000000001));
#12355=CARTESIAN_POINT('',(-3.15000000000001,0.729999999999999,3.35000000000001));
#12356=CARTESIAN_POINT('',(-2.54999999999998,-3.03,-5.25));
#12357=CARTESIAN_POINT('',(-2.54999999999998,0.73,-5.25000000000001));
#12358=CARTESIAN_POINT('',(-2.55,-1.23,5.25000000000001));
#12359=CARTESIAN_POINT('',(-2.55,2.53,5.25));
#12360=CARTESIAN_POINT('',(-2.55,0.629999999999999,5.85));
#12361=CARTESIAN_POINT('',(-2.55,-1.13,5.85));
#12362=CARTESIAN_POINT('',(-4.,2.63,5.35));
#12363=CARTESIAN_POINT('',(-4.,2.63,5.35));
#12364=CARTESIAN_POINT('',(-4.,-3.13,5.35));
#12365=CARTESIAN_POINT('',(-4.,-3.13,5.35));
#12366=CARTESIAN_POINT('',(-4.,0.,0.));
#12367=CARTESIAN_POINT('',(-4.,0.,0.));
#12368=CARTESIAN_POINT('',(-4.,0.,0.));
#12369=CARTESIAN_POINT('',(-2.66333333333333,4.5,-5.35000000000001));
#12370=CARTESIAN_POINT('',(-4.,-3.13,-5.35000000000001));
#12371=CARTESIAN_POINT('',(-3.99999999999996,-3.13,-5.35000000000001));
#12372=CARTESIAN_POINT('',(-2.66333333333333,-3.13,-5.35000000000001));
#12373=CARTESIAN_POINT('',(-2.66333333333333,-6.,-5.35));
#12374=CARTESIAN_POINT('',(-2.66333333333333,-5.,-5.35000000000001));
#12375=CARTESIAN_POINT('',(-4.,-5.,-5.35));
#12376=CARTESIAN_POINT('',(-4.,-5.,-5.35000000000001));
#12377=CARTESIAN_POINT('',(-4.,4.5,-5.35000000000001));
#12378=CARTESIAN_POINT('',(-2.66333333333333,-5.,5.35));
#12379=CARTESIAN_POINT('',(-4.,-5.,5.35));
#12380=CARTESIAN_POINT('',(-4.,-5.,5.35));
#12381=CARTESIAN_POINT('',(-4.,-5.,5.34));
#12382=CARTESIAN_POINT('',(-4.,-5.,5.35));
#12383=CARTESIAN_POINT('',(-2.66333333333333,-5.,5.35));
#12384=CARTESIAN_POINT('',(-2.66333333333333,-5.,5.35));
#12385=CARTESIAN_POINT('',(-2.66333333333333,-5.,5.34));
#12386=CARTESIAN_POINT('',(-2.66333333333333,-5.,5.34));
#12387=CARTESIAN_POINT('',(-2.66333333333333,4.5,5.34));
#12388=CARTESIAN_POINT('',(-4.,4.5,5.34));
#12389=CARTESIAN_POINT('',(-4.,-3.13,5.34));
#12390=CARTESIAN_POINT('',(-2.66333333333333,4.5,5.34));
#12391=CARTESIAN_POINT('',(-2.66333333333333,-3.13,5.34));
#12392=CARTESIAN_POINT('',(-4.,-3.13,5.34));
#12393=CARTESIAN_POINT('',(-2.66333333333333,4.5,5.34));
#12394=CARTESIAN_POINT('',(-4.,4.5,5.34));
#12395=CARTESIAN_POINT('',(-4.,4.5,5.34));
#12396=CARTESIAN_POINT('',(-4.,4.5,5.35));
#12397=CARTESIAN_POINT('',(-2.66333333333333,4.5,5.34));
#12398=CARTESIAN_POINT('',(-2.66333333333333,4.5,5.34));
#12399=CARTESIAN_POINT('',(-2.66333333333333,4.5,5.34));
#12400=CARTESIAN_POINT('',(-2.66333333333333,4.5,5.35));
#12401=CARTESIAN_POINT('',(-4.,4.5,5.35));
#12402=CARTESIAN_POINT('',(-2.66333333333333,4.5,5.34));
#12403=CARTESIAN_POINT('',(-2.66333333333333,4.5,5.34));
#12404=CARTESIAN_POINT('',(-2.66333333333333,2.63,5.34));
#12405=CARTESIAN_POINT('',(-4.,4.5,5.34));
#12406=CARTESIAN_POINT('',(-4.,2.63,5.34));
#12407=CARTESIAN_POINT('',(-4.,2.63,5.34));
#12408=CARTESIAN_POINT('',(-2.66333333333333,4.5,-5.35000000000001));
#12409=CARTESIAN_POINT('',(-3.99999999999996,2.63,-5.35000000000001));
#12410=CARTESIAN_POINT('',(-2.66333333333333,2.63,-5.35000000000001));
#12411=CARTESIAN_POINT('',(-4.,2.63,-5.35000000000001));
#12412=CARTESIAN_POINT('',(-4.,4.5,-5.35000000000001));
#12413=CARTESIAN_POINT('',(-4.,4.5,-5.35000000000001));
#12414=CARTESIAN_POINT('',(-4.,4.5,-5.35));
#12415=CARTESIAN_POINT('',(-2.66333333333333,4.5,-5.35000000000001));
#12416=CARTESIAN_POINT('',(-2.66333333333333,-6.,-5.35));
#12417=CARTESIAN_POINT('',(-2.66333333333333,4.5,5.34));
#12418=CARTESIAN_POINT('',(-2.66333333333333,4.5,5.34));
#12419=CARTESIAN_POINT('',(-2.66333333333333,0.629999999999999,5.34));
#12420=CARTESIAN_POINT('',(-2.66333333333333,-1.13,5.34));
#12421=CARTESIAN_POINT('',(-2.55,0.629999999999999,5.34));
#12422=CARTESIAN_POINT('',(-4.,0.629999999999999,5.34));
#12423=CARTESIAN_POINT('',(-4.,4.5,5.34));
#12424=CARTESIAN_POINT('',(-4.,-1.13,5.34));
#12425=CARTESIAN_POINT('',(-2.55,-1.13,5.34));
#12426=CARTESIAN_POINT('',(-2.66333333333333,-6.,5.85));
#12427=CARTESIAN_POINT('',(-2.66333333333333,-1.13,5.85));
#12428=CARTESIAN_POINT('',(-2.66333333333333,-1.12999999999999,4.30000000000002));
#12429=CARTESIAN_POINT('',(-2.66333333333333,-6.,4.30000000000002));
#12430=CARTESIAN_POINT('',(-2.66333333333333,0.630000000000008,4.30000000000002));
#12431=CARTESIAN_POINT('',(-2.66333333333333,0.629999999999999,5.85));
#12432=CARTESIAN_POINT('',(-4.,0.,0.));
#12433=CARTESIAN_POINT('',(-4.,0.,-2.));
#12434=CARTESIAN_POINT('',(-4.,0.,-1.4));
#12435=CARTESIAN_POINT('',(-4.,4.5,-4.35));
#12436=CARTESIAN_POINT('',(-4.,5.5,-4.35));
#12437=CARTESIAN_POINT('',(-3.99999999999996,2.63,-5.35000000000001));
#12438=CARTESIAN_POINT('',(-4.,2.63,-3.2));
#12439=CARTESIAN_POINT('',(-4.,2.63,-3.2));
#12440=CARTESIAN_POINT('',(-4.,0.629999999999999,-3.2));
#12441=CARTESIAN_POINT('',(-4.,0.629999999999999,-5.85));
#12442=CARTESIAN_POINT('',(-4.,0.629999999999999,-5.35));
#12443=CARTESIAN_POINT('',(-4.,-6.,-5.35));
#12444=CARTESIAN_POINT('',(-4.,-1.13,-5.35));
#12445=CARTESIAN_POINT('',(-4.,-1.13,-5.85));
#12446=CARTESIAN_POINT('',(-4.,-1.13,-3.2));
#12447=CARTESIAN_POINT('',(-4.,-3.13,-3.2));
#12448=CARTESIAN_POINT('',(-4.,-3.13,-3.2));
#12449=CARTESIAN_POINT('',(-3.99999999999996,-3.13,-5.35000000000001));
#12450=CARTESIAN_POINT('',(-4.,-5.,-4.34999999999999));
#12451=CARTESIAN_POINT('',(-4.,-6.,-4.34999999999999));
#12452=CARTESIAN_POINT('',(-4.,-6.,5.85));
#12453=CARTESIAN_POINT('',(-4.,-6.,4.35));
#12454=CARTESIAN_POINT('',(-4.,-5.,4.35));
#12455=CARTESIAN_POINT('',(-4.,-3.13,5.35));
#12456=CARTESIAN_POINT('',(-4.,-3.13,3.2));
#12457=CARTESIAN_POINT('',(-4.,-3.13,3.2));
#12458=CARTESIAN_POINT('',(-4.,-1.13,3.2));
#12459=CARTESIAN_POINT('',(-4.,-1.13,5.85));
#12460=CARTESIAN_POINT('',(-4.,0.629999999999999,5.85));
#12461=CARTESIAN_POINT('',(-4.,0.629999999999999,3.2));
#12462=CARTESIAN_POINT('',(-4.,2.63,3.2));
#12463=CARTESIAN_POINT('',(-4.,2.63,3.2));
#12464=CARTESIAN_POINT('',(-4.,2.63,5.35));
#12465=CARTESIAN_POINT('',(-4.,4.5,4.35));
#12466=CARTESIAN_POINT('',(-4.,5.5,4.35));
#12467=CARTESIAN_POINT('',(-4.,5.5,5.85));
#12468=CARTESIAN_POINT('',(-4.,-5.42101086242752E-17,2.5));
#12469=CARTESIAN_POINT('',(-4.,-5.42101086242752E-17,2.));
#12470=CARTESIAN_POINT('',(-2.66333333333333,-6.,5.85));
#12471=CARTESIAN_POINT('',(-2.66333333333333,2.63,5.85));
#12472=CARTESIAN_POINT('',(-2.66333333333333,2.63,3.2));
#12473=CARTESIAN_POINT('',(-2.66333333333333,-6.,3.20000000000001));
#12474=CARTESIAN_POINT('',(-2.66333333333333,2.52999999999998,3.2));
#12475=CARTESIAN_POINT('',(-2.66333333333333,2.52999999999999,5.85));
#12476=CARTESIAN_POINT('',(-2.66333333333333,2.52999999999999,-3.2));
#12477=CARTESIAN_POINT('',(-2.66333333333333,-6.,-3.2));
#12478=CARTESIAN_POINT('',(-2.66333333333333,2.63,-3.2));
#12479=CARTESIAN_POINT('',(-2.66333333333333,2.63,5.85));
#12480=CARTESIAN_POINT('',(-2.66333333333333,4.5,-4.35));
#12481=CARTESIAN_POINT('',(-2.66333333333333,5.5,-4.35));
#12482=CARTESIAN_POINT('',(-2.66333333333333,5.5,5.85));
#12483=CARTESIAN_POINT('',(-2.66333333333333,5.5,4.35));
#12484=CARTESIAN_POINT('',(-2.66333333333333,4.5,4.35));
#12485=CARTESIAN_POINT('',(-4.,2.63,5.35));
#12486=CARTESIAN_POINT('',(-2.55,2.63,3.2));
#12487=CARTESIAN_POINT('',(-3.99999999999996,2.63,-5.35000000000001));
#12488=CARTESIAN_POINT('',(-2.55,2.63,-3.2));
#12489=CARTESIAN_POINT('',(-4.,4.5,-4.35));
#12490=CARTESIAN_POINT('',(-4.,5.5,-4.35));
#12491=CARTESIAN_POINT('',(-4.,4.5,4.35));
#12492=CARTESIAN_POINT('',(-4.,5.5,4.35));
#12493=CARTESIAN_POINT('',(-2.66333333333333,-6.,5.85));
#12494=CARTESIAN_POINT('',(-2.66333333333333,-6.,-4.30000000000005));
#12495=CARTESIAN_POINT('',(-2.66333333333333,-1.12999999999999,-4.30000000000005));
#12496=CARTESIAN_POINT('',(-2.66333333333333,0.630000000000008,-4.30000000000005));
#12497=CARTESIAN_POINT('',(-2.66333333333333,-1.13,5.85));
#12498=CARTESIAN_POINT('',(-2.66333333333333,-1.13,-5.35000000000001));
#12499=CARTESIAN_POINT('',(-2.66333333333333,-6.,-5.35));
#12500=CARTESIAN_POINT('',(-2.66333333333333,0.629999999999999,-5.35000000000001));
#12501=CARTESIAN_POINT('',(-2.66333333333333,0.629999999999998,5.85));
#12502=CARTESIAN_POINT('',(-4.,-6.,-5.35));
#12503=CARTESIAN_POINT('',(-4.,-1.13,-5.35));
#12504=CARTESIAN_POINT('',(-4.,0.629999999999999,-5.35));
#12505=CARTESIAN_POINT('',(-2.55,-1.13,-5.85));
#12506=CARTESIAN_POINT('',(-2.65000000000004,-1.12999999999999,-4.30000000000005));
#12507=CARTESIAN_POINT('',(-3.15000000000001,-1.13,-4.30000000000006));
#12508=CARTESIAN_POINT('',(-3.14999999999999,-1.13,-5.85000000000001));
#12509=CARTESIAN_POINT('',(-3.15000000000001,-1.13,-3.2));
#12510=CARTESIAN_POINT('',(-2.55,-1.13,-3.2));
#12511=CARTESIAN_POINT('',(-2.55,0.629999999999999,-5.85));
#12512=CARTESIAN_POINT('',(-2.55,0.629999999999999,-3.2));
#12513=CARTESIAN_POINT('',(-3.15000000000005,0.629999999999999,-3.2));
#12514=CARTESIAN_POINT('',(-3.15000000000003,0.629999999999999,-5.85));
#12515=CARTESIAN_POINT('',(-3.15000000000004,0.629999999999999,-4.30000000000006));
#12516=CARTESIAN_POINT('',(-2.65000000000007,0.630000000000009,-4.30000000000005));
#12517=CARTESIAN_POINT('',(-2.66333333333333,-6.,5.85));
#12518=CARTESIAN_POINT('',(-2.66333333333333,-5.,4.35));
#12519=CARTESIAN_POINT('',(-2.66333333333333,-6.,4.35));
#12520=CARTESIAN_POINT('',(-2.66333333333333,-6.,5.85));
#12521=CARTESIAN_POINT('',(-2.66333333333333,-6.,-4.34999999999999));
#12522=CARTESIAN_POINT('',(-2.66333333333333,-5.,-4.34999999999999));
#12523=CARTESIAN_POINT('',(-2.66333333333333,-3.13,5.85));
#12524=CARTESIAN_POINT('',(-4.,-5.,4.35));
#12525=CARTESIAN_POINT('',(-4.,-6.,4.35));
#12526=CARTESIAN_POINT('',(-4.,-5.,-4.34999999999999));
#12527=CARTESIAN_POINT('',(-4.,-6.,-4.34999999999999));
#12528=CARTESIAN_POINT('',(-4.,-3.13,5.35));
#12529=CARTESIAN_POINT('',(-2.55,-3.13,-3.2));
#12530=CARTESIAN_POINT('',(-3.14999999999997,-3.12999999999998,-3.2));
#12531=CARTESIAN_POINT('',(-3.15,-3.12999999999998,-2.18641856727297E-14));
#12532=CARTESIAN_POINT('',(-3.15000000000002,-3.12999999999998,3.2));
#12533=CARTESIAN_POINT('',(-2.55,-3.13,3.2));
#12534=CARTESIAN_POINT('',(-2.55,-1.13,5.85));
#12535=CARTESIAN_POINT('',(-2.55,-1.13,3.2));
#12536=CARTESIAN_POINT('',(-3.15000000000006,-1.13,3.2));
#12537=CARTESIAN_POINT('',(-3.15000000000008,-1.13,5.85));
#12538=CARTESIAN_POINT('',(-3.15000000000007,-1.13,4.30000000000001));
#12539=CARTESIAN_POINT('',(-2.6500000000001,-1.12999999999999,4.30000000000002));
#12540=CARTESIAN_POINT('',(-2.55,0.629999999999999,5.85));
#12541=CARTESIAN_POINT('',(-2.65000000000013,0.630000000000008,4.30000000000002));
#12542=CARTESIAN_POINT('',(-3.1500000000001,0.629999999999998,4.30000000000001));
#12543=CARTESIAN_POINT('',(-3.15000000000011,0.629999999999999,5.85));
#12544=CARTESIAN_POINT('',(-3.15000000000009,0.629999999999999,3.2));
#12545=CARTESIAN_POINT('',(-2.55,0.629999999999999,3.2));
#12546=CARTESIAN_POINT('',(-2.65000000000013,0.630000000000008,4.30000000000002));
#12547=CARTESIAN_POINT('',(-3.1500000000001,0.629999999999999,4.30000000000001));
#12548=CARTESIAN_POINT('',(-3.15000000000006,-6.15212948584408E-14,-2.18641856727302E-14));
#12549=CARTESIAN_POINT('',(-3.15000000000011,2.52999999999998,-2.18641856727305E-14));
#12550=CARTESIAN_POINT('',(-3.15000000000008,2.52999999999998,-3.2));
#12551=CARTESIAN_POINT('',(-3.15000000000013,2.52999999999998,3.2));
#12552=CARTESIAN_POINT('',(-3.15000000000013,2.62999999999999,3.2));
#12553=CARTESIAN_POINT('',(-3.15000000000002,-3.13000000000001,3.2));
#12554=CARTESIAN_POINT('',(-3.14999999999997,-3.13000000000001,-3.2));
#12555=CARTESIAN_POINT('',(-3.15000000000004,0.629999999999999,-4.30000000000006));
#12556=CARTESIAN_POINT('',(-3.15000000000009,2.62999999999999,-3.2));
#12557=CARTESIAN_POINT('',(-2.55,2.63,3.2));
#12558=CARTESIAN_POINT('',(-2.55,2.52999999999999,3.2));
#12559=CARTESIAN_POINT('',(-2.55,-3.13,3.2));
#12560=CARTESIAN_POINT('',(-2.65000000000007,0.630000000000008,-4.30000000000005));
#12561=CARTESIAN_POINT('',(-2.55,-3.13,-3.2));
#12562=CARTESIAN_POINT('',(-2.55,2.63,-3.2));
#12563=CARTESIAN_POINT('',(-2.55,2.52999999999999,-3.2));
#12564=CARTESIAN_POINT('',(-4.,-6.,5.85));
#12565=CARTESIAN_POINT('',(-4.,5.5,5.85));
#12566=CARTESIAN_POINT('',(-2.65000000000014,2.52999999999999,-1.83947387207771E-14));
#12567=CARTESIAN_POINT('',(-5.29200545743981,-5.42101086242752E-17,2.5));
#12568=CARTESIAN_POINT('',(-4.8,-5.42101086242752E-17,2.5));
#12569=CARTESIAN_POINT('',(-4.8,-5.42101086242752E-17,3.));
#12570=CARTESIAN_POINT('',(-4.8,0.,2.5));
#12571=CARTESIAN_POINT('',(-4.8,0.,-2.));
#12572=CARTESIAN_POINT('',(-4.8,0.,-2.));
#12573=CARTESIAN_POINT('',(-4.8,0.,-2.6));
#12574=CARTESIAN_POINT('',(-4.8,0.,-2.));
#12575=CARTESIAN_POINT('',(0.,0.,0.));
#12576=CARTESIAN_POINT('',(0.,3.67394039744206E-16,-3.));
#12577=CARTESIAN_POINT('',(15.,3.67394039744206E-16,-3.));
#12578=CARTESIAN_POINT('',(7.6,3.67394039744206E-16,-3.));
#12579=CARTESIAN_POINT('',(15.,0.,0.));
#12580=CARTESIAN_POINT('',(15.,0.,3.));
#12581=CARTESIAN_POINT('',(0.,0.,3.));
#12582=CARTESIAN_POINT('',(7.6,0.,3.));
#12583=CARTESIAN_POINT('',(7.6,0.,0.));
#12584=CARTESIAN_POINT('',(8.5,1.5,2.59807621135332));
#12585=CARTESIAN_POINT('',(15.,1.5,2.59807621135332));
#12586=CARTESIAN_POINT('',(15.1883451608845,1.5,2.38059395267886));
#12587=CARTESIAN_POINT('',(15.3550118275512,1.5,2.18123521556108));
#12588=CARTESIAN_POINT('',(15.5,1.5,2.));
#12589=CARTESIAN_POINT('',(15.,1.5,2.59807621135332));
#12590=CARTESIAN_POINT('',(15.5,1.5,2.));
#12591=CARTESIAN_POINT('',(15.5,1.5,2.59807621135332));
#12592=CARTESIAN_POINT('',(15.5,1.5,-2.));
#12593=CARTESIAN_POINT('',(15.5,1.5,-2.));
#12594=CARTESIAN_POINT('',(15.3550118275515,1.5,-2.18123521556073));
#12595=CARTESIAN_POINT('',(15.1883451608848,1.5,-2.3805939526785));
#12596=CARTESIAN_POINT('',(15.,1.5,-2.59807621135332));
#12597=CARTESIAN_POINT('',(15.,1.5,-2.59807621135332));
#12598=CARTESIAN_POINT('',(8.5,1.5,-2.59807621135332));
#12599=CARTESIAN_POINT('',(8.5,1.5,-2.59807621135332));
#12600=CARTESIAN_POINT('',(8.5,1.5,2.59807621135332));
#12601=CARTESIAN_POINT('',(8.5,1.5,2.59807621135332));
#12602=CARTESIAN_POINT('',(8.5,1.5,2.59807621135332));
#12603=CARTESIAN_POINT('',(8.5,0.,0.));
#12604=CARTESIAN_POINT('',(8.5,0.,0.));
#12605=CARTESIAN_POINT('',(15.,0.,0.));
#12606=CARTESIAN_POINT('',(15.,0.,3.));
#12607=CARTESIAN_POINT('',(15.5,0.,2.5));
#12608=CARTESIAN_POINT('',(15.5,0.,0.));
#12609=CARTESIAN_POINT('',(15.,0.,0.));
#12610=CARTESIAN_POINT('',(15.5,0.,0.));
#12611=CARTESIAN_POINT('',(15.5,0.,0.));
#12612=CARTESIAN_POINT('',(15.5,3.36777869765522E-16,-2.5));
#12613=CARTESIAN_POINT('',(15.5,0.,0.));
#12614=CARTESIAN_POINT('',(7.6,3.,0.));
#12615=CARTESIAN_POINT('',(7.6,0.,0.));
#12616=CARTESIAN_POINT('',(7.6,0.,1.5));
#12617=CARTESIAN_POINT('',(7.6,1.83697019872103E-16,-1.5));
#12618=CARTESIAN_POINT('',(7.6,0.,0.));
#12619=CARTESIAN_POINT('',(7.6,0.,0.));
#12620=CARTESIAN_POINT('',(7.,0.,0.));
#12621=CARTESIAN_POINT('',(7.,1.83697019872103E-16,-1.5));
#12622=CARTESIAN_POINT('',(7.,1.83697019872103E-16,-1.5));
#12623=CARTESIAN_POINT('',(7.,0.,1.5));
#12624=CARTESIAN_POINT('',(7.,0.,1.5));
#12625=CARTESIAN_POINT('',(7.,0.,0.));
#12626=CARTESIAN_POINT('',(7.,3.,0.));
#12627=CARTESIAN_POINT('',(7.,0.,0.));
#12628=CARTESIAN_POINT('',(7.,0.,3.));
#12629=CARTESIAN_POINT('',(7.,3.9801020972289E-16,-3.));
#12630=CARTESIAN_POINT('',(7.,0.,0.));
#12631=CARTESIAN_POINT('',(7.,0.,0.));
#12632=CARTESIAN_POINT('',(-1.32333333333333,-6.,5.85));
#12633=CARTESIAN_POINT('',(-1.32333333333333,-5.,-4.34999999999999));
#12634=CARTESIAN_POINT('',(-1.32333333333333,-5.,-5.35));
#12635=CARTESIAN_POINT('',(-1.32333333333333,-6.,-4.34999999999999));
#12636=CARTESIAN_POINT('',(-1.32333333333333,-6.,5.85));
#12637=CARTESIAN_POINT('',(-1.32333333333333,-6.,4.35));
#12638=CARTESIAN_POINT('',(-1.32333333333333,-5.,4.35));
#12639=CARTESIAN_POINT('',(-1.32333333333333,-5.,5.35));
#12640=CARTESIAN_POINT('',(-1.32333333333333,-6.,5.35));
#12641=CARTESIAN_POINT('',(-1.32333333333333,4.5,5.35));
#12642=CARTESIAN_POINT('',(-1.32333333333333,4.5,4.35));
#12643=CARTESIAN_POINT('',(-1.32333333333333,5.5,4.35));
#12644=CARTESIAN_POINT('',(-1.32333333333333,5.5,5.85));
#12645=CARTESIAN_POINT('',(-1.32333333333333,5.5,-4.35));
#12646=CARTESIAN_POINT('',(-1.32333333333333,4.5,-4.35));
#12647=CARTESIAN_POINT('',(-1.32333333333333,4.5,-5.35));
#12648=CARTESIAN_POINT('',(-1.32333333333333,-6.,-5.35));
#12649=CARTESIAN_POINT('',(6.5,0.,0.));
#12650=CARTESIAN_POINT('',(6.5,4.28626379701574E-16,-3.5));
#12651=CARTESIAN_POINT('',(6.5,4.28626379701574E-16,-3.5));
#12652=CARTESIAN_POINT('',(6.5,0.,3.5));
#12653=CARTESIAN_POINT('',(6.5,0.,3.5));
#12654=CARTESIAN_POINT('',(6.5,0.,0.));
#12655=CARTESIAN_POINT('',(0.,0.,0.));
#12656=CARTESIAN_POINT('',(0.,4.28626379701574E-16,-3.5));
#12657=CARTESIAN_POINT('',(0.,4.28626379701574E-16,-3.5));
#12658=CARTESIAN_POINT('',(0.,0.,3.5));
#12659=CARTESIAN_POINT('',(0.,0.,3.5));
#12660=CARTESIAN_POINT('',(0.,0.,0.));
#12661=CARTESIAN_POINT('',(-4.,4.5,4.35));
#12662=CARTESIAN_POINT('',(-4.,4.5,5.35));
#12663=CARTESIAN_POINT('',(0.,4.5,5.35));
#12664=CARTESIAN_POINT('',(0.,4.5,4.35));
#12665=CARTESIAN_POINT('',(0.,5.5,4.35));
#12666=CARTESIAN_POINT('',(-4.,5.5,4.35));
#12667=CARTESIAN_POINT('',(-4.,4.5,-4.35));
#12668=CARTESIAN_POINT('',(-4.,5.5,-4.35));
#12669=CARTESIAN_POINT('',(0.,5.5,-4.35));
#12670=CARTESIAN_POINT('',(0.,4.5,-4.35));
#12671=CARTESIAN_POINT('',(0.,4.5,-5.35));
#12672=CARTESIAN_POINT('',(-4.,4.5,-5.35));
#12673=CARTESIAN_POINT('',(-4.,-5.,4.35));
#12674=CARTESIAN_POINT('',(-4.,-6.,4.35));
#12675=CARTESIAN_POINT('',(0.,-6.,4.35));
#12676=CARTESIAN_POINT('',(0.,-5.,4.35));
#12677=CARTESIAN_POINT('',(0.,-5.,5.35));
#12678=CARTESIAN_POINT('',(-4.,-5.,5.35));
#12679=CARTESIAN_POINT('',(-4.,-5.,-4.34999999999999));
#12680=CARTESIAN_POINT('',(-4.,-5.,-5.35));
#12681=CARTESIAN_POINT('',(0.,-5.,-5.35));
#12682=CARTESIAN_POINT('',(0.,-5.,-4.34999999999999));
#12683=CARTESIAN_POINT('',(0.,-6.,-4.34999999999999));
#12684=CARTESIAN_POINT('',(-4.,-6.,-4.34999999999999));
#12685=CARTESIAN_POINT('',(0.,0.,0.));
#12686=CARTESIAN_POINT('',(0.,-6.,5.85));
#12687=CARTESIAN_POINT('',(0.,-6.,-5.35));
#12688=CARTESIAN_POINT('',(0.,5.5,5.85));
#12689=CARTESIAN_POINT('',(0.,-6.,5.35));
#12690=CARTESIAN_POINT('',(0.,0.,0.));
#12691=CARTESIAN_POINT('',(-4.,5.5,5.85));
#12692=CARTESIAN_POINT('',(-4.,-6.,5.35));
#12693=CARTESIAN_POINT('',(-4.,-6.,5.85));
#12694=CARTESIAN_POINT('',(-4.,-6.,-5.35));
#12695=CARTESIAN_POINT('',(0.,0.,0.));
#12696=CARTESIAN_POINT('',(6.5,0.,0.));
#12697=CARTESIAN_POINT('',(6.5,0.,0.));
#12698=CARTESIAN_POINT('',(7.,0.,0.));
#12699=CARTESIAN_POINT('',(15.,0.,0.));
#12700=CARTESIAN_POINT('',(15.,3.67394039744206E-16,-3.));
#12701=CARTESIAN_POINT('',(15.,0.,0.));
#12702=CARTESIAN_POINT('',(15.,0.,0.));
#12703=CARTESIAN_POINT('',(0.,0.,0.));
#12704=MECHANICAL_DESIGN_GEOMETRIC_PRESENTATION_REPRESENTATION('',(#7072,
#7073,#7074,#7075,#7076,#7077,#7078,#7079,#7080,#7081,#7082,#7083,#7084,
#7085,#7086,#7087,#7088,#7089,#7090,#7091,#7092,#7093,#7094,#7095,#7096,
#7097,#7098,#7099,#7100,#7101,#7102,#7103,#7104,#7105,#7106,#7107,#7108,
#7109,#7110,#7111,#7112,#7113,#7114,#7115,#7116,#7117,#7118,#7119,#7120,
#7121,#7122,#7123,#7124,#7125,#7126,#7127,#7128,#7129,#7130,#7131,#7132,
#7133,#7134,#7135,#7136,#7137,#7138,#7139,#7140,#7141,#7142,#7143,#7144,
#7145,#7146,#7147,#7148,#7149,#7150,#7151,#7152,#7153,#7154,#7155,#7156,
#7157,#7158,#7159,#7160,#7161,#7162,#7163,#7164,#7165,#7166,#7167,#7168,
#7169,#7170,#7171,#7172,#7173,#7174,#7175,#7176,#7177,#7178,#7179,#7180,
#7181,#7182,#7183,#7184,#7185,#7186,#7187,#7188,#7189,#7190,#7191,#7192,
#7193,#7194,#7195,#7196,#7197,#7198,#7199,#7200,#7201,#7202,#7203,#7204,
#7205,#7206,#7207,#7208,#7209,#7210,#7211,#7212,#7213,#7214,#7215),#12705);
#12705=(
GEOMETRIC_REPRESENTATION_CONTEXT(3)
GLOBAL_UNCERTAINTY_ASSIGNED_CONTEXT((#12706))
GLOBAL_UNIT_ASSIGNED_CONTEXT((#12709,#12708,#12707))
REPRESENTATION_CONTEXT('RIC11-31S15D7-GSMT','TOP_LEVEL_ASSEMBLY_PART')
);
#12706=UNCERTAINTY_MEASURE_WITH_UNIT(LENGTH_MEASURE(0.005),#12709,
'DISTANCE_ACCURACY_VALUE','Maximum Tolerance applied to model');
#12707=(
NAMED_UNIT(*)
SI_UNIT($,.STERADIAN.)
SOLID_ANGLE_UNIT()
);
#12708=(
NAMED_UNIT(*)
PLANE_ANGLE_UNIT()
SI_UNIT($,.RADIAN.)
);
#12709=(
LENGTH_UNIT()
NAMED_UNIT(*)
SI_UNIT(.MILLI.,.METRE.)
);
#12710=PRODUCT_DEFINITION_SHAPE('','',#12711);
#12711=PRODUCT_DEFINITION('','',#12713,#12712);
#12712=PRODUCT_DEFINITION_CONTEXT('',#12719,'design');
#12713=PRODUCT_DEFINITION_FORMATION_WITH_SPECIFIED_SOURCE('','',#12715,
 .NOT_KNOWN.);
#12714=PRODUCT_RELATED_PRODUCT_CATEGORY('','',(#12715));
#12715=PRODUCT('RIC11-31S15D7-GSMT','RIC11-31S15D7-GSMT',
'RIC11-31S15D7-GSMT',(#12717));
#12716=PRODUCT_CATEGORY('','');
#12717=PRODUCT_CONTEXT('',#12719,'mechanical');
#12718=APPLICATION_PROTOCOL_DEFINITION('international standard',
'automotive_design',2010,#12719);
#12719=APPLICATION_CONTEXT(
'core data for automotive mechanical design processes');
ENDSEC;
END-ISO-10303-21;
