Added Component: Designator=P1(61302411121)
Add component (AddParameter): Name = "Color"; Value = "Black"; VariantName = "[No Variations]"
Add component (AddParameter): Name = "Connector Type"; Value = "Male Pin"; VariantName = "[No Variations]"
Add component (AddParameter): Name = "Contact Material"; Value = "Copper"; VariantName = "[No Variations]"
Add component (AddParameter): Name = "Contact Mating Length"; Value = "5.9944mm"; VariantName = "[No Variations]"
Add component (AddParameter): Name = "Contact Plating"; Value = "Gold"; VariantName = "[No Variations]"
Add component (AddParameter): Name = "Contact Resistance"; Value = "20m?"; VariantName = "[No Variations]"
Add component (AddParameter): Name = "Current Rating"; Value = "3A"; VariantName = "[No Variations]"
Add component (AddParameter): Name = "Gender"; Value = "Male"; VariantName = "[No Variations]"
Add component (AddParameter): Name = "Lead Pitch"; Value = "2.54mm"; VariantName = "[No Variations]"
Add component (AddParameter): Name = "Mount"; Value = "Through Hole"; VariantName = "[No Variations]"
Add component (AddParameter): Name = "NexarPartId"; Value = "32855561"; VariantName = "[No Variations]"
Add component (AddParameter): Name = "Number of Contacts"; Value = "24"; VariantName = "[No Variations]"
Add component (AddParameter): Name = "Number of Pins"; Value = "24"; VariantName = "[No Variations]"
Add component (AddParameter): Name = "Number of Positions"; Value = "24"; VariantName = "[No Variations]"
Add component (AddParameter): Name = "Number of Rows"; Value = "1"; VariantName = "[No Variations]"
Add component (AddParameter): Name = "Operating Supply Voltage"; Value = "250V"; VariantName = "[No Variations]"
Add component (AddParameter): Name = "Orientation"; Value = "Vertical"; VariantName = "[No Variations]"
Add component (AddParameter): Name = "Packaging"; Value = "Bulk"; VariantName = "[No Variations]"
Add component (AddParameter): Name = "Pitch"; Value = "2.54mm"; VariantName = "[No Variations]"
Add component (AddParameter): Name = "REACH SVHC"; Value = "Unknown"; VariantName = "[No Variations]"
Add component (AddParameter): Name = "RoHS"; Value = "Compliant"; VariantName = "[No Variations]"
Add component (AddParameter): Name = "Termination"; Value = "Solder"; VariantName = "[No Variations]"
Added Component: Designator=R16_SellSensor1(FP-ERJ2R-MFG)
Add component (AddParameter): Name = "Automotive"; Value = "Yes"; VariantName = "[No Variations]"
Add component (AddParameter): Name = "Automotive Grade"; Value = "Grade 0"; VariantName = "[No Variations]"
Add component (AddParameter): Name = "Category"; Value = "Res"; VariantName = "[No Variations]"
Add component (AddParameter): Name = "ComponentLink2Description"; Value = "Datasheet"; VariantName = "[No Variations]"
Add component (AddParameter): Name = "ComponentLink2URL"; Value = "https://industrial.panasonic.com/cdbs/www-data/pdf/RDA0000/AOA0000C304.pdf"; VariantName = "[No Variations]"
Add component (AddParameter): Name = "Composition"; Value = "Thick Film"; VariantName = "[No Variations]"
Add component (AddParameter): Name = "Device Class L1"; Value = "Passive Components"; VariantName = "[No Variations]"
Add component (AddParameter): Name = "Device Class L2"; Value = "Resistors"; VariantName = "[No Variations]"
Add component (AddParameter): Name = "Device Class L3"; Value = "Chip SMD Resistors"; VariantName = "[No Variations]"
Add component (AddParameter): Name = "Digikey Description"; Value = "RES SMD 15K OHM 1% 1/10W 0402"; VariantName = "[No Variations]"
Add component (AddParameter): Name = "Footprint Url"; Value = "https://b2b-api.panasonic.eu/file_stream/pids/fileversion/1180"; VariantName = "[No Variations]"
Add component (AddParameter): Name = "Height"; Value = "0.4mm"; VariantName = "[No Variations]"
Add component (AddParameter): Name = "Lead Free"; Value = "Yes"; VariantName = "[No Variations]"
Add component (AddParameter): Name = "Manufacturer"; Value = "Panasonic"; VariantName = "[No Variations]"
Add component (AddParameter): Name = "Manufacturer Part Number"; Value = "ERJ-2RKF1502X"; VariantName = "[No Variations]"
Add component (AddParameter): Name = "Mouser Description"; Value = "Res Thick Film 1.0 x 0.5 mm 15K Ohm 1% 0.1W(1/10W) 100ppm/ C Molded SMD Punched Carrier T/R"; VariantName = "[No Variations]"
Add component (AddParameter): Name = "Octopart"; Value = "https://octopart.com/erj-2rkf1502x-panasonic-55404985"; VariantName = "[No Variations]"
Add component (AddParameter): Name = "Package"; Value = "ERJ2R"; VariantName = "[No Variations]"
Add component (AddParameter): Name = "Power Rating"; Value = "0.1W"; VariantName = "[No Variations]"
Add component (AddParameter): Name = "Resistance"; Value = "15k?"; VariantName = "[No Variations]"
Add component (AddParameter): Name = "RoHS"; Value = "TRUE"; VariantName = "[No Variations]"
Add component (AddParameter): Name = "Series"; Value = "ERJ"; VariantName = "[No Variations]"
Add component (AddParameter): Name = "Temperature"; Value = "-55°C to +155°C"; VariantName = "[No Variations]"
Add component (AddParameter): Name = "Temperature Coefficient"; Value = "100ppm/°C"; VariantName = "[No Variations]"
Add component (AddParameter): Name = "Temperature Range High"; Value = "+155°C"; VariantName = "[No Variations]"
Add component (AddParameter): Name = "Temperature Range Low"; Value = "-55°C"; VariantName = "[No Variations]"
Add component (AddParameter): Name = "Tolerance"; Value = "1%"; VariantName = "[No Variations]"
Add component (AddParameter): Name = "Value"; Value = "15k?"; VariantName = "[No Variations]"
Add component (AddParameter): Name = "Voltage Rating"; Value = "50V"; VariantName = "[No Variations]"
Added Component: Designator=R16_SellSensor2(FP-ERJ2R-MFG)
Add component (AddParameter): Name = "Automotive"; Value = "Yes"; VariantName = "[No Variations]"
Add component (AddParameter): Name = "Automotive Grade"; Value = "Grade 0"; VariantName = "[No Variations]"
Add component (AddParameter): Name = "Category"; Value = "Res"; VariantName = "[No Variations]"
Add component (AddParameter): Name = "ComponentLink2Description"; Value = "Datasheet"; VariantName = "[No Variations]"
Add component (AddParameter): Name = "ComponentLink2URL"; Value = "https://industrial.panasonic.com/cdbs/www-data/pdf/RDA0000/AOA0000C304.pdf"; VariantName = "[No Variations]"
Add component (AddParameter): Name = "Composition"; Value = "Thick Film"; VariantName = "[No Variations]"
Add component (AddParameter): Name = "Device Class L1"; Value = "Passive Components"; VariantName = "[No Variations]"
Add component (AddParameter): Name = "Device Class L2"; Value = "Resistors"; VariantName = "[No Variations]"
Add component (AddParameter): Name = "Device Class L3"; Value = "Chip SMD Resistors"; VariantName = "[No Variations]"
Add component (AddParameter): Name = "Digikey Description"; Value = "RES SMD 15K OHM 1% 1/10W 0402"; VariantName = "[No Variations]"
Add component (AddParameter): Name = "Footprint Url"; Value = "https://b2b-api.panasonic.eu/file_stream/pids/fileversion/1180"; VariantName = "[No Variations]"
Add component (AddParameter): Name = "Height"; Value = "0.4mm"; VariantName = "[No Variations]"
Add component (AddParameter): Name = "Lead Free"; Value = "Yes"; VariantName = "[No Variations]"
Add component (AddParameter): Name = "Manufacturer"; Value = "Panasonic"; VariantName = "[No Variations]"
Add component (AddParameter): Name = "Manufacturer Part Number"; Value = "ERJ-2RKF1502X"; VariantName = "[No Variations]"
Add component (AddParameter): Name = "Mouser Description"; Value = "Res Thick Film 1.0 x 0.5 mm 15K Ohm 1% 0.1W(1/10W) 100ppm/ C Molded SMD Punched Carrier T/R"; VariantName = "[No Variations]"
Add component (AddParameter): Name = "Octopart"; Value = "https://octopart.com/erj-2rkf1502x-panasonic-55404985"; VariantName = "[No Variations]"
Add component (AddParameter): Name = "Package"; Value = "ERJ2R"; VariantName = "[No Variations]"
Add component (AddParameter): Name = "Power Rating"; Value = "0.1W"; VariantName = "[No Variations]"
Add component (AddParameter): Name = "Resistance"; Value = "15k?"; VariantName = "[No Variations]"
Add component (AddParameter): Name = "RoHS"; Value = "TRUE"; VariantName = "[No Variations]"
Add component (AddParameter): Name = "Series"; Value = "ERJ"; VariantName = "[No Variations]"
Add component (AddParameter): Name = "Temperature"; Value = "-55°C to +155°C"; VariantName = "[No Variations]"
Add component (AddParameter): Name = "Temperature Coefficient"; Value = "100ppm/°C"; VariantName = "[No Variations]"
Add component (AddParameter): Name = "Temperature Range High"; Value = "+155°C"; VariantName = "[No Variations]"
Add component (AddParameter): Name = "Temperature Range Low"; Value = "-55°C"; VariantName = "[No Variations]"
Add component (AddParameter): Name = "Tolerance"; Value = "1%"; VariantName = "[No Variations]"
Add component (AddParameter): Name = "Value"; Value = "15k?"; VariantName = "[No Variations]"
Add component (AddParameter): Name = "Voltage Rating"; Value = "50V"; VariantName = "[No Variations]"
Added Component: Designator=R16_SellSensor3(FP-ERJ2R-MFG)
Add component (AddParameter): Name = "Automotive"; Value = "Yes"; VariantName = "[No Variations]"
Add component (AddParameter): Name = "Automotive Grade"; Value = "Grade 0"; VariantName = "[No Variations]"
Add component (AddParameter): Name = "Category"; Value = "Res"; VariantName = "[No Variations]"
Add component (AddParameter): Name = "ComponentLink2Description"; Value = "Datasheet"; VariantName = "[No Variations]"
Add component (AddParameter): Name = "ComponentLink2URL"; Value = "https://industrial.panasonic.com/cdbs/www-data/pdf/RDA0000/AOA0000C304.pdf"; VariantName = "[No Variations]"
Add component (AddParameter): Name = "Composition"; Value = "Thick Film"; VariantName = "[No Variations]"
Add component (AddParameter): Name = "Device Class L1"; Value = "Passive Components"; VariantName = "[No Variations]"
Add component (AddParameter): Name = "Device Class L2"; Value = "Resistors"; VariantName = "[No Variations]"
Add component (AddParameter): Name = "Device Class L3"; Value = "Chip SMD Resistors"; VariantName = "[No Variations]"
Add component (AddParameter): Name = "Digikey Description"; Value = "RES SMD 15K OHM 1% 1/10W 0402"; VariantName = "[No Variations]"
Add component (AddParameter): Name = "Footprint Url"; Value = "https://b2b-api.panasonic.eu/file_stream/pids/fileversion/1180"; VariantName = "[No Variations]"
Add component (AddParameter): Name = "Height"; Value = "0.4mm"; VariantName = "[No Variations]"
Add component (AddParameter): Name = "Lead Free"; Value = "Yes"; VariantName = "[No Variations]"
Add component (AddParameter): Name = "Manufacturer"; Value = "Panasonic"; VariantName = "[No Variations]"
Add component (AddParameter): Name = "Manufacturer Part Number"; Value = "ERJ-2RKF1502X"; VariantName = "[No Variations]"
Add component (AddParameter): Name = "Mouser Description"; Value = "Res Thick Film 1.0 x 0.5 mm 15K Ohm 1% 0.1W(1/10W) 100ppm/ C Molded SMD Punched Carrier T/R"; VariantName = "[No Variations]"
Add component (AddParameter): Name = "Octopart"; Value = "https://octopart.com/erj-2rkf1502x-panasonic-55404985"; VariantName = "[No Variations]"
Add component (AddParameter): Name = "Package"; Value = "ERJ2R"; VariantName = "[No Variations]"
Add component (AddParameter): Name = "Power Rating"; Value = "0.1W"; VariantName = "[No Variations]"
Add component (AddParameter): Name = "Resistance"; Value = "15k?"; VariantName = "[No Variations]"
Add component (AddParameter): Name = "RoHS"; Value = "TRUE"; VariantName = "[No Variations]"
Add component (AddParameter): Name = "Series"; Value = "ERJ"; VariantName = "[No Variations]"
Add component (AddParameter): Name = "Temperature"; Value = "-55°C to +155°C"; VariantName = "[No Variations]"
Add component (AddParameter): Name = "Temperature Coefficient"; Value = "100ppm/°C"; VariantName = "[No Variations]"
Add component (AddParameter): Name = "Temperature Range High"; Value = "+155°C"; VariantName = "[No Variations]"
Add component (AddParameter): Name = "Temperature Range Low"; Value = "-55°C"; VariantName = "[No Variations]"
Add component (AddParameter): Name = "Tolerance"; Value = "1%"; VariantName = "[No Variations]"
Add component (AddParameter): Name = "Value"; Value = "15k?"; VariantName = "[No Variations]"
Add component (AddParameter): Name = "Voltage Rating"; Value = "50V"; VariantName = "[No Variations]"
Added Component: Designator=R16_SellSensor4(FP-ERJ2R-MFG)
Add component (AddParameter): Name = "Automotive"; Value = "Yes"; VariantName = "[No Variations]"
Add component (AddParameter): Name = "Automotive Grade"; Value = "Grade 0"; VariantName = "[No Variations]"
Add component (AddParameter): Name = "Category"; Value = "Res"; VariantName = "[No Variations]"
Add component (AddParameter): Name = "ComponentLink2Description"; Value = "Datasheet"; VariantName = "[No Variations]"
Add component (AddParameter): Name = "ComponentLink2URL"; Value = "https://industrial.panasonic.com/cdbs/www-data/pdf/RDA0000/AOA0000C304.pdf"; VariantName = "[No Variations]"
Add component (AddParameter): Name = "Composition"; Value = "Thick Film"; VariantName = "[No Variations]"
Add component (AddParameter): Name = "Device Class L1"; Value = "Passive Components"; VariantName = "[No Variations]"
Add component (AddParameter): Name = "Device Class L2"; Value = "Resistors"; VariantName = "[No Variations]"
Add component (AddParameter): Name = "Device Class L3"; Value = "Chip SMD Resistors"; VariantName = "[No Variations]"
Add component (AddParameter): Name = "Digikey Description"; Value = "RES SMD 15K OHM 1% 1/10W 0402"; VariantName = "[No Variations]"
Add component (AddParameter): Name = "Footprint Url"; Value = "https://b2b-api.panasonic.eu/file_stream/pids/fileversion/1180"; VariantName = "[No Variations]"
Add component (AddParameter): Name = "Height"; Value = "0.4mm"; VariantName = "[No Variations]"
Add component (AddParameter): Name = "Lead Free"; Value = "Yes"; VariantName = "[No Variations]"
Add component (AddParameter): Name = "Manufacturer"; Value = "Panasonic"; VariantName = "[No Variations]"
Add component (AddParameter): Name = "Manufacturer Part Number"; Value = "ERJ-2RKF1502X"; VariantName = "[No Variations]"
Add component (AddParameter): Name = "Mouser Description"; Value = "Res Thick Film 1.0 x 0.5 mm 15K Ohm 1% 0.1W(1/10W) 100ppm/ C Molded SMD Punched Carrier T/R"; VariantName = "[No Variations]"
Add component (AddParameter): Name = "Octopart"; Value = "https://octopart.com/erj-2rkf1502x-panasonic-55404985"; VariantName = "[No Variations]"
Add component (AddParameter): Name = "Package"; Value = "ERJ2R"; VariantName = "[No Variations]"
Add component (AddParameter): Name = "Power Rating"; Value = "0.1W"; VariantName = "[No Variations]"
Add component (AddParameter): Name = "Resistance"; Value = "15k?"; VariantName = "[No Variations]"
Add component (AddParameter): Name = "RoHS"; Value = "TRUE"; VariantName = "[No Variations]"
Add component (AddParameter): Name = "Series"; Value = "ERJ"; VariantName = "[No Variations]"
Add component (AddParameter): Name = "Temperature"; Value = "-55°C to +155°C"; VariantName = "[No Variations]"
Add component (AddParameter): Name = "Temperature Coefficient"; Value = "100ppm/°C"; VariantName = "[No Variations]"
Add component (AddParameter): Name = "Temperature Range High"; Value = "+155°C"; VariantName = "[No Variations]"
Add component (AddParameter): Name = "Temperature Range Low"; Value = "-55°C"; VariantName = "[No Variations]"
Add component (AddParameter): Name = "Tolerance"; Value = "1%"; VariantName = "[No Variations]"
Add component (AddParameter): Name = "Value"; Value = "15k?"; VariantName = "[No Variations]"
Add component (AddParameter): Name = "Voltage Rating"; Value = "50V"; VariantName = "[No Variations]"
Added Component: Designator=R16_SellSensor5(FP-ERJ2R-MFG)
Add component (AddParameter): Name = "Automotive"; Value = "Yes"; VariantName = "[No Variations]"
Add component (AddParameter): Name = "Automotive Grade"; Value = "Grade 0"; VariantName = "[No Variations]"
Add component (AddParameter): Name = "Category"; Value = "Res"; VariantName = "[No Variations]"
Add component (AddParameter): Name = "ComponentLink2Description"; Value = "Datasheet"; VariantName = "[No Variations]"
Add component (AddParameter): Name = "ComponentLink2URL"; Value = "https://industrial.panasonic.com/cdbs/www-data/pdf/RDA0000/AOA0000C304.pdf"; VariantName = "[No Variations]"
Add component (AddParameter): Name = "Composition"; Value = "Thick Film"; VariantName = "[No Variations]"
Add component (AddParameter): Name = "Device Class L1"; Value = "Passive Components"; VariantName = "[No Variations]"
Add component (AddParameter): Name = "Device Class L2"; Value = "Resistors"; VariantName = "[No Variations]"
Add component (AddParameter): Name = "Device Class L3"; Value = "Chip SMD Resistors"; VariantName = "[No Variations]"
Add component (AddParameter): Name = "Digikey Description"; Value = "RES SMD 15K OHM 1% 1/10W 0402"; VariantName = "[No Variations]"
Add component (AddParameter): Name = "Footprint Url"; Value = "https://b2b-api.panasonic.eu/file_stream/pids/fileversion/1180"; VariantName = "[No Variations]"
Add component (AddParameter): Name = "Height"; Value = "0.4mm"; VariantName = "[No Variations]"
Add component (AddParameter): Name = "Lead Free"; Value = "Yes"; VariantName = "[No Variations]"
Add component (AddParameter): Name = "Manufacturer"; Value = "Panasonic"; VariantName = "[No Variations]"
Add component (AddParameter): Name = "Manufacturer Part Number"; Value = "ERJ-2RKF1502X"; VariantName = "[No Variations]"
Add component (AddParameter): Name = "Mouser Description"; Value = "Res Thick Film 1.0 x 0.5 mm 15K Ohm 1% 0.1W(1/10W) 100ppm/ C Molded SMD Punched Carrier T/R"; VariantName = "[No Variations]"
Add component (AddParameter): Name = "Octopart"; Value = "https://octopart.com/erj-2rkf1502x-panasonic-55404985"; VariantName = "[No Variations]"
Add component (AddParameter): Name = "Package"; Value = "ERJ2R"; VariantName = "[No Variations]"
Add component (AddParameter): Name = "Power Rating"; Value = "0.1W"; VariantName = "[No Variations]"
Add component (AddParameter): Name = "Resistance"; Value = "15k?"; VariantName = "[No Variations]"
Add component (AddParameter): Name = "RoHS"; Value = "TRUE"; VariantName = "[No Variations]"
Add component (AddParameter): Name = "Series"; Value = "ERJ"; VariantName = "[No Variations]"
Add component (AddParameter): Name = "Temperature"; Value = "-55°C to +155°C"; VariantName = "[No Variations]"
Add component (AddParameter): Name = "Temperature Coefficient"; Value = "100ppm/°C"; VariantName = "[No Variations]"
Add component (AddParameter): Name = "Temperature Range High"; Value = "+155°C"; VariantName = "[No Variations]"
Add component (AddParameter): Name = "Temperature Range Low"; Value = "-55°C"; VariantName = "[No Variations]"
Add component (AddParameter): Name = "Tolerance"; Value = "1%"; VariantName = "[No Variations]"
Add component (AddParameter): Name = "Value"; Value = "15k?"; VariantName = "[No Variations]"
Add component (AddParameter): Name = "Voltage Rating"; Value = "50V"; VariantName = "[No Variations]"
Added Component: Designator=R16_SellSensor6(FP-ERJ2R-MFG)
Add component (AddParameter): Name = "Automotive"; Value = "Yes"; VariantName = "[No Variations]"
Add component (AddParameter): Name = "Automotive Grade"; Value = "Grade 0"; VariantName = "[No Variations]"
Add component (AddParameter): Name = "Category"; Value = "Res"; VariantName = "[No Variations]"
Add component (AddParameter): Name = "ComponentLink2Description"; Value = "Datasheet"; VariantName = "[No Variations]"
Add component (AddParameter): Name = "ComponentLink2URL"; Value = "https://industrial.panasonic.com/cdbs/www-data/pdf/RDA0000/AOA0000C304.pdf"; VariantName = "[No Variations]"
Add component (AddParameter): Name = "Composition"; Value = "Thick Film"; VariantName = "[No Variations]"
Add component (AddParameter): Name = "Device Class L1"; Value = "Passive Components"; VariantName = "[No Variations]"
Add component (AddParameter): Name = "Device Class L2"; Value = "Resistors"; VariantName = "[No Variations]"
Add component (AddParameter): Name = "Device Class L3"; Value = "Chip SMD Resistors"; VariantName = "[No Variations]"
Add component (AddParameter): Name = "Digikey Description"; Value = "RES SMD 15K OHM 1% 1/10W 0402"; VariantName = "[No Variations]"
Add component (AddParameter): Name = "Footprint Url"; Value = "https://b2b-api.panasonic.eu/file_stream/pids/fileversion/1180"; VariantName = "[No Variations]"
Add component (AddParameter): Name = "Height"; Value = "0.4mm"; VariantName = "[No Variations]"
Add component (AddParameter): Name = "Lead Free"; Value = "Yes"; VariantName = "[No Variations]"
Add component (AddParameter): Name = "Manufacturer"; Value = "Panasonic"; VariantName = "[No Variations]"
Add component (AddParameter): Name = "Manufacturer Part Number"; Value = "ERJ-2RKF1502X"; VariantName = "[No Variations]"
Add component (AddParameter): Name = "Mouser Description"; Value = "Res Thick Film 1.0 x 0.5 mm 15K Ohm 1% 0.1W(1/10W) 100ppm/ C Molded SMD Punched Carrier T/R"; VariantName = "[No Variations]"
Add component (AddParameter): Name = "Octopart"; Value = "https://octopart.com/erj-2rkf1502x-panasonic-55404985"; VariantName = "[No Variations]"
Add component (AddParameter): Name = "Package"; Value = "ERJ2R"; VariantName = "[No Variations]"
Add component (AddParameter): Name = "Power Rating"; Value = "0.1W"; VariantName = "[No Variations]"
Add component (AddParameter): Name = "Resistance"; Value = "15k?"; VariantName = "[No Variations]"
Add component (AddParameter): Name = "RoHS"; Value = "TRUE"; VariantName = "[No Variations]"
Add component (AddParameter): Name = "Series"; Value = "ERJ"; VariantName = "[No Variations]"
Add component (AddParameter): Name = "Temperature"; Value = "-55°C to +155°C"; VariantName = "[No Variations]"
Add component (AddParameter): Name = "Temperature Coefficient"; Value = "100ppm/°C"; VariantName = "[No Variations]"
Add component (AddParameter): Name = "Temperature Range High"; Value = "+155°C"; VariantName = "[No Variations]"
Add component (AddParameter): Name = "Temperature Range Low"; Value = "-55°C"; VariantName = "[No Variations]"
Add component (AddParameter): Name = "Tolerance"; Value = "1%"; VariantName = "[No Variations]"
Add component (AddParameter): Name = "Value"; Value = "15k?"; VariantName = "[No Variations]"
Add component (AddParameter): Name = "Voltage Rating"; Value = "50V"; VariantName = "[No Variations]"
Added Component: Designator=R16_SellSensor7(FP-ERJ2R-MFG)
Add component (AddParameter): Name = "Automotive"; Value = "Yes"; VariantName = "[No Variations]"
Add component (AddParameter): Name = "Automotive Grade"; Value = "Grade 0"; VariantName = "[No Variations]"
Add component (AddParameter): Name = "Category"; Value = "Res"; VariantName = "[No Variations]"
Add component (AddParameter): Name = "ComponentLink2Description"; Value = "Datasheet"; VariantName = "[No Variations]"
Add component (AddParameter): Name = "ComponentLink2URL"; Value = "https://industrial.panasonic.com/cdbs/www-data/pdf/RDA0000/AOA0000C304.pdf"; VariantName = "[No Variations]"
Add component (AddParameter): Name = "Composition"; Value = "Thick Film"; VariantName = "[No Variations]"
Add component (AddParameter): Name = "Device Class L1"; Value = "Passive Components"; VariantName = "[No Variations]"
Add component (AddParameter): Name = "Device Class L2"; Value = "Resistors"; VariantName = "[No Variations]"
Add component (AddParameter): Name = "Device Class L3"; Value = "Chip SMD Resistors"; VariantName = "[No Variations]"
Add component (AddParameter): Name = "Digikey Description"; Value = "RES SMD 15K OHM 1% 1/10W 0402"; VariantName = "[No Variations]"
Add component (AddParameter): Name = "Footprint Url"; Value = "https://b2b-api.panasonic.eu/file_stream/pids/fileversion/1180"; VariantName = "[No Variations]"
Add component (AddParameter): Name = "Height"; Value = "0.4mm"; VariantName = "[No Variations]"
Add component (AddParameter): Name = "Lead Free"; Value = "Yes"; VariantName = "[No Variations]"
Add component (AddParameter): Name = "Manufacturer"; Value = "Panasonic"; VariantName = "[No Variations]"
Add component (AddParameter): Name = "Manufacturer Part Number"; Value = "ERJ-2RKF1502X"; VariantName = "[No Variations]"
Add component (AddParameter): Name = "Mouser Description"; Value = "Res Thick Film 1.0 x 0.5 mm 15K Ohm 1% 0.1W(1/10W) 100ppm/ C Molded SMD Punched Carrier T/R"; VariantName = "[No Variations]"
Add component (AddParameter): Name = "Octopart"; Value = "https://octopart.com/erj-2rkf1502x-panasonic-55404985"; VariantName = "[No Variations]"
Add component (AddParameter): Name = "Package"; Value = "ERJ2R"; VariantName = "[No Variations]"
Add component (AddParameter): Name = "Power Rating"; Value = "0.1W"; VariantName = "[No Variations]"
Add component (AddParameter): Name = "Resistance"; Value = "15k?"; VariantName = "[No Variations]"
Add component (AddParameter): Name = "RoHS"; Value = "TRUE"; VariantName = "[No Variations]"
Add component (AddParameter): Name = "Series"; Value = "ERJ"; VariantName = "[No Variations]"
Add component (AddParameter): Name = "Temperature"; Value = "-55°C to +155°C"; VariantName = "[No Variations]"
Add component (AddParameter): Name = "Temperature Coefficient"; Value = "100ppm/°C"; VariantName = "[No Variations]"
Add component (AddParameter): Name = "Temperature Range High"; Value = "+155°C"; VariantName = "[No Variations]"
Add component (AddParameter): Name = "Temperature Range Low"; Value = "-55°C"; VariantName = "[No Variations]"
Add component (AddParameter): Name = "Tolerance"; Value = "1%"; VariantName = "[No Variations]"
Add component (AddParameter): Name = "Value"; Value = "15k?"; VariantName = "[No Variations]"
Add component (AddParameter): Name = "Voltage Rating"; Value = "50V"; VariantName = "[No Variations]"
Added Component: Designator=R16_SellSensor8(FP-ERJ2R-MFG)
Add component (AddParameter): Name = "Automotive"; Value = "Yes"; VariantName = "[No Variations]"
Add component (AddParameter): Name = "Automotive Grade"; Value = "Grade 0"; VariantName = "[No Variations]"
Add component (AddParameter): Name = "Category"; Value = "Res"; VariantName = "[No Variations]"
Add component (AddParameter): Name = "ComponentLink2Description"; Value = "Datasheet"; VariantName = "[No Variations]"
Add component (AddParameter): Name = "ComponentLink2URL"; Value = "https://industrial.panasonic.com/cdbs/www-data/pdf/RDA0000/AOA0000C304.pdf"; VariantName = "[No Variations]"
Add component (AddParameter): Name = "Composition"; Value = "Thick Film"; VariantName = "[No Variations]"
Add component (AddParameter): Name = "Device Class L1"; Value = "Passive Components"; VariantName = "[No Variations]"
Add component (AddParameter): Name = "Device Class L2"; Value = "Resistors"; VariantName = "[No Variations]"
Add component (AddParameter): Name = "Device Class L3"; Value = "Chip SMD Resistors"; VariantName = "[No Variations]"
Add component (AddParameter): Name = "Digikey Description"; Value = "RES SMD 15K OHM 1% 1/10W 0402"; VariantName = "[No Variations]"
Add component (AddParameter): Name = "Footprint Url"; Value = "https://b2b-api.panasonic.eu/file_stream/pids/fileversion/1180"; VariantName = "[No Variations]"
Add component (AddParameter): Name = "Height"; Value = "0.4mm"; VariantName = "[No Variations]"
Add component (AddParameter): Name = "Lead Free"; Value = "Yes"; VariantName = "[No Variations]"
Add component (AddParameter): Name = "Manufacturer"; Value = "Panasonic"; VariantName = "[No Variations]"
Add component (AddParameter): Name = "Manufacturer Part Number"; Value = "ERJ-2RKF1502X"; VariantName = "[No Variations]"
Add component (AddParameter): Name = "Mouser Description"; Value = "Res Thick Film 1.0 x 0.5 mm 15K Ohm 1% 0.1W(1/10W) 100ppm/ C Molded SMD Punched Carrier T/R"; VariantName = "[No Variations]"
Add component (AddParameter): Name = "Octopart"; Value = "https://octopart.com/erj-2rkf1502x-panasonic-55404985"; VariantName = "[No Variations]"
Add component (AddParameter): Name = "Package"; Value = "ERJ2R"; VariantName = "[No Variations]"
Add component (AddParameter): Name = "Power Rating"; Value = "0.1W"; VariantName = "[No Variations]"
Add component (AddParameter): Name = "Resistance"; Value = "15k?"; VariantName = "[No Variations]"
Add component (AddParameter): Name = "RoHS"; Value = "TRUE"; VariantName = "[No Variations]"
Add component (AddParameter): Name = "Series"; Value = "ERJ"; VariantName = "[No Variations]"
Add component (AddParameter): Name = "Temperature"; Value = "-55°C to +155°C"; VariantName = "[No Variations]"
Add component (AddParameter): Name = "Temperature Coefficient"; Value = "100ppm/°C"; VariantName = "[No Variations]"
Add component (AddParameter): Name = "Temperature Range High"; Value = "+155°C"; VariantName = "[No Variations]"
Add component (AddParameter): Name = "Temperature Range Low"; Value = "-55°C"; VariantName = "[No Variations]"
Add component (AddParameter): Name = "Tolerance"; Value = "1%"; VariantName = "[No Variations]"
Add component (AddParameter): Name = "Value"; Value = "15k?"; VariantName = "[No Variations]"
Add component (AddParameter): Name = "Voltage Rating"; Value = "50V"; VariantName = "[No Variations]"
Added Component: Designator=R16_SellSensor9(FP-ERJ2R-MFG)
Add component (AddParameter): Name = "Automotive"; Value = "Yes"; VariantName = "[No Variations]"
Add component (AddParameter): Name = "Automotive Grade"; Value = "Grade 0"; VariantName = "[No Variations]"
Add component (AddParameter): Name = "Category"; Value = "Res"; VariantName = "[No Variations]"
Add component (AddParameter): Name = "ComponentLink2Description"; Value = "Datasheet"; VariantName = "[No Variations]"
Add component (AddParameter): Name = "ComponentLink2URL"; Value = "https://industrial.panasonic.com/cdbs/www-data/pdf/RDA0000/AOA0000C304.pdf"; VariantName = "[No Variations]"
Add component (AddParameter): Name = "Composition"; Value = "Thick Film"; VariantName = "[No Variations]"
Add component (AddParameter): Name = "Device Class L1"; Value = "Passive Components"; VariantName = "[No Variations]"
Add component (AddParameter): Name = "Device Class L2"; Value = "Resistors"; VariantName = "[No Variations]"
Add component (AddParameter): Name = "Device Class L3"; Value = "Chip SMD Resistors"; VariantName = "[No Variations]"
Add component (AddParameter): Name = "Digikey Description"; Value = "RES SMD 15K OHM 1% 1/10W 0402"; VariantName = "[No Variations]"
Add component (AddParameter): Name = "Footprint Url"; Value = "https://b2b-api.panasonic.eu/file_stream/pids/fileversion/1180"; VariantName = "[No Variations]"
Add component (AddParameter): Name = "Height"; Value = "0.4mm"; VariantName = "[No Variations]"
Add component (AddParameter): Name = "Lead Free"; Value = "Yes"; VariantName = "[No Variations]"
Add component (AddParameter): Name = "Manufacturer"; Value = "Panasonic"; VariantName = "[No Variations]"
Add component (AddParameter): Name = "Manufacturer Part Number"; Value = "ERJ-2RKF1502X"; VariantName = "[No Variations]"
Add component (AddParameter): Name = "Mouser Description"; Value = "Res Thick Film 1.0 x 0.5 mm 15K Ohm 1% 0.1W(1/10W) 100ppm/ C Molded SMD Punched Carrier T/R"; VariantName = "[No Variations]"
Add component (AddParameter): Name = "Octopart"; Value = "https://octopart.com/erj-2rkf1502x-panasonic-55404985"; VariantName = "[No Variations]"
Add component (AddParameter): Name = "Package"; Value = "ERJ2R"; VariantName = "[No Variations]"
Add component (AddParameter): Name = "Power Rating"; Value = "0.1W"; VariantName = "[No Variations]"
Add component (AddParameter): Name = "Resistance"; Value = "15k?"; VariantName = "[No Variations]"
Add component (AddParameter): Name = "RoHS"; Value = "TRUE"; VariantName = "[No Variations]"
Add component (AddParameter): Name = "Series"; Value = "ERJ"; VariantName = "[No Variations]"
Add component (AddParameter): Name = "Temperature"; Value = "-55°C to +155°C"; VariantName = "[No Variations]"
Add component (AddParameter): Name = "Temperature Coefficient"; Value = "100ppm/°C"; VariantName = "[No Variations]"
Add component (AddParameter): Name = "Temperature Range High"; Value = "+155°C"; VariantName = "[No Variations]"
Add component (AddParameter): Name = "Temperature Range Low"; Value = "-55°C"; VariantName = "[No Variations]"
Add component (AddParameter): Name = "Tolerance"; Value = "1%"; VariantName = "[No Variations]"
Add component (AddParameter): Name = "Value"; Value = "15k?"; VariantName = "[No Variations]"
Add component (AddParameter): Name = "Voltage Rating"; Value = "50V"; VariantName = "[No Variations]"
Added Component: Designator=R16_SellSensor10(FP-ERJ2R-MFG)
Add component (AddParameter): Name = "Automotive"; Value = "Yes"; VariantName = "[No Variations]"
Add component (AddParameter): Name = "Automotive Grade"; Value = "Grade 0"; VariantName = "[No Variations]"
Add component (AddParameter): Name = "Category"; Value = "Res"; VariantName = "[No Variations]"
Add component (AddParameter): Name = "ComponentLink2Description"; Value = "Datasheet"; VariantName = "[No Variations]"
Add component (AddParameter): Name = "ComponentLink2URL"; Value = "https://industrial.panasonic.com/cdbs/www-data/pdf/RDA0000/AOA0000C304.pdf"; VariantName = "[No Variations]"
Add component (AddParameter): Name = "Composition"; Value = "Thick Film"; VariantName = "[No Variations]"
Add component (AddParameter): Name = "Device Class L1"; Value = "Passive Components"; VariantName = "[No Variations]"
Add component (AddParameter): Name = "Device Class L2"; Value = "Resistors"; VariantName = "[No Variations]"
Add component (AddParameter): Name = "Device Class L3"; Value = "Chip SMD Resistors"; VariantName = "[No Variations]"
Add component (AddParameter): Name = "Digikey Description"; Value = "RES SMD 15K OHM 1% 1/10W 0402"; VariantName = "[No Variations]"
Add component (AddParameter): Name = "Footprint Url"; Value = "https://b2b-api.panasonic.eu/file_stream/pids/fileversion/1180"; VariantName = "[No Variations]"
Add component (AddParameter): Name = "Height"; Value = "0.4mm"; VariantName = "[No Variations]"
Add component (AddParameter): Name = "Lead Free"; Value = "Yes"; VariantName = "[No Variations]"
Add component (AddParameter): Name = "Manufacturer"; Value = "Panasonic"; VariantName = "[No Variations]"
Add component (AddParameter): Name = "Manufacturer Part Number"; Value = "ERJ-2RKF1502X"; VariantName = "[No Variations]"
Add component (AddParameter): Name = "Mouser Description"; Value = "Res Thick Film 1.0 x 0.5 mm 15K Ohm 1% 0.1W(1/10W) 100ppm/ C Molded SMD Punched Carrier T/R"; VariantName = "[No Variations]"
Add component (AddParameter): Name = "Octopart"; Value = "https://octopart.com/erj-2rkf1502x-panasonic-55404985"; VariantName = "[No Variations]"
Add component (AddParameter): Name = "Package"; Value = "ERJ2R"; VariantName = "[No Variations]"
Add component (AddParameter): Name = "Power Rating"; Value = "0.1W"; VariantName = "[No Variations]"
Add component (AddParameter): Name = "Resistance"; Value = "15k?"; VariantName = "[No Variations]"
Add component (AddParameter): Name = "RoHS"; Value = "TRUE"; VariantName = "[No Variations]"
Add component (AddParameter): Name = "Series"; Value = "ERJ"; VariantName = "[No Variations]"
Add component (AddParameter): Name = "Temperature"; Value = "-55°C to +155°C"; VariantName = "[No Variations]"
Add component (AddParameter): Name = "Temperature Coefficient"; Value = "100ppm/°C"; VariantName = "[No Variations]"
Add component (AddParameter): Name = "Temperature Range High"; Value = "+155°C"; VariantName = "[No Variations]"
Add component (AddParameter): Name = "Temperature Range Low"; Value = "-55°C"; VariantName = "[No Variations]"
Add component (AddParameter): Name = "Tolerance"; Value = "1%"; VariantName = "[No Variations]"
Add component (AddParameter): Name = "Value"; Value = "15k?"; VariantName = "[No Variations]"
Add component (AddParameter): Name = "Voltage Rating"; Value = "50V"; VariantName = "[No Variations]"
Added Component: Designator=R16_SellSensor11(FP-ERJ2R-MFG)
Add component (AddParameter): Name = "Automotive"; Value = "Yes"; VariantName = "[No Variations]"
Add component (AddParameter): Name = "Automotive Grade"; Value = "Grade 0"; VariantName = "[No Variations]"
Add component (AddParameter): Name = "Category"; Value = "Res"; VariantName = "[No Variations]"
Add component (AddParameter): Name = "ComponentLink2Description"; Value = "Datasheet"; VariantName = "[No Variations]"
Add component (AddParameter): Name = "ComponentLink2URL"; Value = "https://industrial.panasonic.com/cdbs/www-data/pdf/RDA0000/AOA0000C304.pdf"; VariantName = "[No Variations]"
Add component (AddParameter): Name = "Composition"; Value = "Thick Film"; VariantName = "[No Variations]"
Add component (AddParameter): Name = "Device Class L1"; Value = "Passive Components"; VariantName = "[No Variations]"
Add component (AddParameter): Name = "Device Class L2"; Value = "Resistors"; VariantName = "[No Variations]"
Add component (AddParameter): Name = "Device Class L3"; Value = "Chip SMD Resistors"; VariantName = "[No Variations]"
Add component (AddParameter): Name = "Digikey Description"; Value = "RES SMD 15K OHM 1% 1/10W 0402"; VariantName = "[No Variations]"
Add component (AddParameter): Name = "Footprint Url"; Value = "https://b2b-api.panasonic.eu/file_stream/pids/fileversion/1180"; VariantName = "[No Variations]"
Add component (AddParameter): Name = "Height"; Value = "0.4mm"; VariantName = "[No Variations]"
Add component (AddParameter): Name = "Lead Free"; Value = "Yes"; VariantName = "[No Variations]"
Add component (AddParameter): Name = "Manufacturer"; Value = "Panasonic"; VariantName = "[No Variations]"
Add component (AddParameter): Name = "Manufacturer Part Number"; Value = "ERJ-2RKF1502X"; VariantName = "[No Variations]"
Add component (AddParameter): Name = "Mouser Description"; Value = "Res Thick Film 1.0 x 0.5 mm 15K Ohm 1% 0.1W(1/10W) 100ppm/ C Molded SMD Punched Carrier T/R"; VariantName = "[No Variations]"
Add component (AddParameter): Name = "Octopart"; Value = "https://octopart.com/erj-2rkf1502x-panasonic-55404985"; VariantName = "[No Variations]"
Add component (AddParameter): Name = "Package"; Value = "ERJ2R"; VariantName = "[No Variations]"
Add component (AddParameter): Name = "Power Rating"; Value = "0.1W"; VariantName = "[No Variations]"
Add component (AddParameter): Name = "Resistance"; Value = "15k?"; VariantName = "[No Variations]"
Add component (AddParameter): Name = "RoHS"; Value = "TRUE"; VariantName = "[No Variations]"
Add component (AddParameter): Name = "Series"; Value = "ERJ"; VariantName = "[No Variations]"
Add component (AddParameter): Name = "Temperature"; Value = "-55°C to +155°C"; VariantName = "[No Variations]"
Add component (AddParameter): Name = "Temperature Coefficient"; Value = "100ppm/°C"; VariantName = "[No Variations]"
Add component (AddParameter): Name = "Temperature Range High"; Value = "+155°C"; VariantName = "[No Variations]"
Add component (AddParameter): Name = "Temperature Range Low"; Value = "-55°C"; VariantName = "[No Variations]"
Add component (AddParameter): Name = "Tolerance"; Value = "1%"; VariantName = "[No Variations]"
Add component (AddParameter): Name = "Value"; Value = "15k?"; VariantName = "[No Variations]"
Add component (AddParameter): Name = "Voltage Rating"; Value = "50V"; VariantName = "[No Variations]"
Added Component: Designator=R16_SellSensor12(FP-ERJ2R-MFG)
Add component (AddParameter): Name = "Automotive"; Value = "Yes"; VariantName = "[No Variations]"
Add component (AddParameter): Name = "Automotive Grade"; Value = "Grade 0"; VariantName = "[No Variations]"
Add component (AddParameter): Name = "Category"; Value = "Res"; VariantName = "[No Variations]"
Add component (AddParameter): Name = "ComponentLink2Description"; Value = "Datasheet"; VariantName = "[No Variations]"
Add component (AddParameter): Name = "ComponentLink2URL"; Value = "https://industrial.panasonic.com/cdbs/www-data/pdf/RDA0000/AOA0000C304.pdf"; VariantName = "[No Variations]"
Add component (AddParameter): Name = "Composition"; Value = "Thick Film"; VariantName = "[No Variations]"
Add component (AddParameter): Name = "Device Class L1"; Value = "Passive Components"; VariantName = "[No Variations]"
Add component (AddParameter): Name = "Device Class L2"; Value = "Resistors"; VariantName = "[No Variations]"
Add component (AddParameter): Name = "Device Class L3"; Value = "Chip SMD Resistors"; VariantName = "[No Variations]"
Add component (AddParameter): Name = "Digikey Description"; Value = "RES SMD 15K OHM 1% 1/10W 0402"; VariantName = "[No Variations]"
Add component (AddParameter): Name = "Footprint Url"; Value = "https://b2b-api.panasonic.eu/file_stream/pids/fileversion/1180"; VariantName = "[No Variations]"
Add component (AddParameter): Name = "Height"; Value = "0.4mm"; VariantName = "[No Variations]"
Add component (AddParameter): Name = "Lead Free"; Value = "Yes"; VariantName = "[No Variations]"
Add component (AddParameter): Name = "Manufacturer"; Value = "Panasonic"; VariantName = "[No Variations]"
Add component (AddParameter): Name = "Manufacturer Part Number"; Value = "ERJ-2RKF1502X"; VariantName = "[No Variations]"
Add component (AddParameter): Name = "Mouser Description"; Value = "Res Thick Film 1.0 x 0.5 mm 15K Ohm 1% 0.1W(1/10W) 100ppm/ C Molded SMD Punched Carrier T/R"; VariantName = "[No Variations]"
Add component (AddParameter): Name = "Octopart"; Value = "https://octopart.com/erj-2rkf1502x-panasonic-55404985"; VariantName = "[No Variations]"
Add component (AddParameter): Name = "Package"; Value = "ERJ2R"; VariantName = "[No Variations]"
Add component (AddParameter): Name = "Power Rating"; Value = "0.1W"; VariantName = "[No Variations]"
Add component (AddParameter): Name = "Resistance"; Value = "15k?"; VariantName = "[No Variations]"
Add component (AddParameter): Name = "RoHS"; Value = "TRUE"; VariantName = "[No Variations]"
Add component (AddParameter): Name = "Series"; Value = "ERJ"; VariantName = "[No Variations]"
Add component (AddParameter): Name = "Temperature"; Value = "-55°C to +155°C"; VariantName = "[No Variations]"
Add component (AddParameter): Name = "Temperature Coefficient"; Value = "100ppm/°C"; VariantName = "[No Variations]"
Add component (AddParameter): Name = "Temperature Range High"; Value = "+155°C"; VariantName = "[No Variations]"
Add component (AddParameter): Name = "Temperature Range Low"; Value = "-55°C"; VariantName = "[No Variations]"
Add component (AddParameter): Name = "Tolerance"; Value = "1%"; VariantName = "[No Variations]"
Add component (AddParameter): Name = "Value"; Value = "15k?"; VariantName = "[No Variations]"
Add component (AddParameter): Name = "Voltage Rating"; Value = "50V"; VariantName = "[No Variations]"
Added Component: Designator=R16_SellSensor13(FP-ERJ2R-MFG)
Add component (AddParameter): Name = "Automotive"; Value = "Yes"; VariantName = "[No Variations]"
Add component (AddParameter): Name = "Automotive Grade"; Value = "Grade 0"; VariantName = "[No Variations]"
Add component (AddParameter): Name = "Category"; Value = "Res"; VariantName = "[No Variations]"
Add component (AddParameter): Name = "ComponentLink2Description"; Value = "Datasheet"; VariantName = "[No Variations]"
Add component (AddParameter): Name = "ComponentLink2URL"; Value = "https://industrial.panasonic.com/cdbs/www-data/pdf/RDA0000/AOA0000C304.pdf"; VariantName = "[No Variations]"
Add component (AddParameter): Name = "Composition"; Value = "Thick Film"; VariantName = "[No Variations]"
Add component (AddParameter): Name = "Device Class L1"; Value = "Passive Components"; VariantName = "[No Variations]"
Add component (AddParameter): Name = "Device Class L2"; Value = "Resistors"; VariantName = "[No Variations]"
Add component (AddParameter): Name = "Device Class L3"; Value = "Chip SMD Resistors"; VariantName = "[No Variations]"
Add component (AddParameter): Name = "Digikey Description"; Value = "RES SMD 15K OHM 1% 1/10W 0402"; VariantName = "[No Variations]"
Add component (AddParameter): Name = "Footprint Url"; Value = "https://b2b-api.panasonic.eu/file_stream/pids/fileversion/1180"; VariantName = "[No Variations]"
Add component (AddParameter): Name = "Height"; Value = "0.4mm"; VariantName = "[No Variations]"
Add component (AddParameter): Name = "Lead Free"; Value = "Yes"; VariantName = "[No Variations]"
Add component (AddParameter): Name = "Manufacturer"; Value = "Panasonic"; VariantName = "[No Variations]"
Add component (AddParameter): Name = "Manufacturer Part Number"; Value = "ERJ-2RKF1502X"; VariantName = "[No Variations]"
Add component (AddParameter): Name = "Mouser Description"; Value = "Res Thick Film 1.0 x 0.5 mm 15K Ohm 1% 0.1W(1/10W) 100ppm/ C Molded SMD Punched Carrier T/R"; VariantName = "[No Variations]"
Add component (AddParameter): Name = "Octopart"; Value = "https://octopart.com/erj-2rkf1502x-panasonic-55404985"; VariantName = "[No Variations]"
Add component (AddParameter): Name = "Package"; Value = "ERJ2R"; VariantName = "[No Variations]"
Add component (AddParameter): Name = "Power Rating"; Value = "0.1W"; VariantName = "[No Variations]"
Add component (AddParameter): Name = "Resistance"; Value = "15k?"; VariantName = "[No Variations]"
Add component (AddParameter): Name = "RoHS"; Value = "TRUE"; VariantName = "[No Variations]"
Add component (AddParameter): Name = "Series"; Value = "ERJ"; VariantName = "[No Variations]"
Add component (AddParameter): Name = "Temperature"; Value = "-55°C to +155°C"; VariantName = "[No Variations]"
Add component (AddParameter): Name = "Temperature Coefficient"; Value = "100ppm/°C"; VariantName = "[No Variations]"
Add component (AddParameter): Name = "Temperature Range High"; Value = "+155°C"; VariantName = "[No Variations]"
Add component (AddParameter): Name = "Temperature Range Low"; Value = "-55°C"; VariantName = "[No Variations]"
Add component (AddParameter): Name = "Tolerance"; Value = "1%"; VariantName = "[No Variations]"
Add component (AddParameter): Name = "Value"; Value = "15k?"; VariantName = "[No Variations]"
Add component (AddParameter): Name = "Voltage Rating"; Value = "50V"; VariantName = "[No Variations]"
Added Component: Designator=R16_SellSensor14(FP-ERJ2R-MFG)
Add component (AddParameter): Name = "Automotive"; Value = "Yes"; VariantName = "[No Variations]"
Add component (AddParameter): Name = "Automotive Grade"; Value = "Grade 0"; VariantName = "[No Variations]"
Add component (AddParameter): Name = "Category"; Value = "Res"; VariantName = "[No Variations]"
Add component (AddParameter): Name = "ComponentLink2Description"; Value = "Datasheet"; VariantName = "[No Variations]"
Add component (AddParameter): Name = "ComponentLink2URL"; Value = "https://industrial.panasonic.com/cdbs/www-data/pdf/RDA0000/AOA0000C304.pdf"; VariantName = "[No Variations]"
Add component (AddParameter): Name = "Composition"; Value = "Thick Film"; VariantName = "[No Variations]"
Add component (AddParameter): Name = "Device Class L1"; Value = "Passive Components"; VariantName = "[No Variations]"
Add component (AddParameter): Name = "Device Class L2"; Value = "Resistors"; VariantName = "[No Variations]"
Add component (AddParameter): Name = "Device Class L3"; Value = "Chip SMD Resistors"; VariantName = "[No Variations]"
Add component (AddParameter): Name = "Digikey Description"; Value = "RES SMD 15K OHM 1% 1/10W 0402"; VariantName = "[No Variations]"
Add component (AddParameter): Name = "Footprint Url"; Value = "https://b2b-api.panasonic.eu/file_stream/pids/fileversion/1180"; VariantName = "[No Variations]"
Add component (AddParameter): Name = "Height"; Value = "0.4mm"; VariantName = "[No Variations]"
Add component (AddParameter): Name = "Lead Free"; Value = "Yes"; VariantName = "[No Variations]"
Add component (AddParameter): Name = "Manufacturer"; Value = "Panasonic"; VariantName = "[No Variations]"
Add component (AddParameter): Name = "Manufacturer Part Number"; Value = "ERJ-2RKF1502X"; VariantName = "[No Variations]"
Add component (AddParameter): Name = "Mouser Description"; Value = "Res Thick Film 1.0 x 0.5 mm 15K Ohm 1% 0.1W(1/10W) 100ppm/ C Molded SMD Punched Carrier T/R"; VariantName = "[No Variations]"
Add component (AddParameter): Name = "Octopart"; Value = "https://octopart.com/erj-2rkf1502x-panasonic-55404985"; VariantName = "[No Variations]"
Add component (AddParameter): Name = "Package"; Value = "ERJ2R"; VariantName = "[No Variations]"
Add component (AddParameter): Name = "Power Rating"; Value = "0.1W"; VariantName = "[No Variations]"
Add component (AddParameter): Name = "Resistance"; Value = "15k?"; VariantName = "[No Variations]"
Add component (AddParameter): Name = "RoHS"; Value = "TRUE"; VariantName = "[No Variations]"
Add component (AddParameter): Name = "Series"; Value = "ERJ"; VariantName = "[No Variations]"
Add component (AddParameter): Name = "Temperature"; Value = "-55°C to +155°C"; VariantName = "[No Variations]"
Add component (AddParameter): Name = "Temperature Coefficient"; Value = "100ppm/°C"; VariantName = "[No Variations]"
Add component (AddParameter): Name = "Temperature Range High"; Value = "+155°C"; VariantName = "[No Variations]"
Add component (AddParameter): Name = "Temperature Range Low"; Value = "-55°C"; VariantName = "[No Variations]"
Add component (AddParameter): Name = "Tolerance"; Value = "1%"; VariantName = "[No Variations]"
Add component (AddParameter): Name = "Value"; Value = "15k?"; VariantName = "[No Variations]"
Add component (AddParameter): Name = "Voltage Rating"; Value = "50V"; VariantName = "[No Variations]"
Added Component: Designator=R16_SellSensor15(FP-ERJ2R-MFG)
Add component (AddParameter): Name = "Automotive"; Value = "Yes"; VariantName = "[No Variations]"
Add component (AddParameter): Name = "Automotive Grade"; Value = "Grade 0"; VariantName = "[No Variations]"
Add component (AddParameter): Name = "Category"; Value = "Res"; VariantName = "[No Variations]"
Add component (AddParameter): Name = "ComponentLink2Description"; Value = "Datasheet"; VariantName = "[No Variations]"
Add component (AddParameter): Name = "ComponentLink2URL"; Value = "https://industrial.panasonic.com/cdbs/www-data/pdf/RDA0000/AOA0000C304.pdf"; VariantName = "[No Variations]"
Add component (AddParameter): Name = "Composition"; Value = "Thick Film"; VariantName = "[No Variations]"
Add component (AddParameter): Name = "Device Class L1"; Value = "Passive Components"; VariantName = "[No Variations]"
Add component (AddParameter): Name = "Device Class L2"; Value = "Resistors"; VariantName = "[No Variations]"
Add component (AddParameter): Name = "Device Class L3"; Value = "Chip SMD Resistors"; VariantName = "[No Variations]"
Add component (AddParameter): Name = "Digikey Description"; Value = "RES SMD 15K OHM 1% 1/10W 0402"; VariantName = "[No Variations]"
Add component (AddParameter): Name = "Footprint Url"; Value = "https://b2b-api.panasonic.eu/file_stream/pids/fileversion/1180"; VariantName = "[No Variations]"
Add component (AddParameter): Name = "Height"; Value = "0.4mm"; VariantName = "[No Variations]"
Add component (AddParameter): Name = "Lead Free"; Value = "Yes"; VariantName = "[No Variations]"
Add component (AddParameter): Name = "Manufacturer"; Value = "Panasonic"; VariantName = "[No Variations]"
Add component (AddParameter): Name = "Manufacturer Part Number"; Value = "ERJ-2RKF1502X"; VariantName = "[No Variations]"
Add component (AddParameter): Name = "Mouser Description"; Value = "Res Thick Film 1.0 x 0.5 mm 15K Ohm 1% 0.1W(1/10W) 100ppm/ C Molded SMD Punched Carrier T/R"; VariantName = "[No Variations]"
Add component (AddParameter): Name = "Octopart"; Value = "https://octopart.com/erj-2rkf1502x-panasonic-55404985"; VariantName = "[No Variations]"
Add component (AddParameter): Name = "Package"; Value = "ERJ2R"; VariantName = "[No Variations]"
Add component (AddParameter): Name = "Power Rating"; Value = "0.1W"; VariantName = "[No Variations]"
Add component (AddParameter): Name = "Resistance"; Value = "15k?"; VariantName = "[No Variations]"
Add component (AddParameter): Name = "RoHS"; Value = "TRUE"; VariantName = "[No Variations]"
Add component (AddParameter): Name = "Series"; Value = "ERJ"; VariantName = "[No Variations]"
Add component (AddParameter): Name = "Temperature"; Value = "-55°C to +155°C"; VariantName = "[No Variations]"
Add component (AddParameter): Name = "Temperature Coefficient"; Value = "100ppm/°C"; VariantName = "[No Variations]"
Add component (AddParameter): Name = "Temperature Range High"; Value = "+155°C"; VariantName = "[No Variations]"
Add component (AddParameter): Name = "Temperature Range Low"; Value = "-55°C"; VariantName = "[No Variations]"
Add component (AddParameter): Name = "Tolerance"; Value = "1%"; VariantName = "[No Variations]"
Add component (AddParameter): Name = "Value"; Value = "15k?"; VariantName = "[No Variations]"
Add component (AddParameter): Name = "Voltage Rating"; Value = "50V"; VariantName = "[No Variations]"
Added Component: Designator=R16_SellSensor16(FP-ERJ2R-MFG)
Add component (AddParameter): Name = "Automotive"; Value = "Yes"; VariantName = "[No Variations]"
Add component (AddParameter): Name = "Automotive Grade"; Value = "Grade 0"; VariantName = "[No Variations]"
Add component (AddParameter): Name = "Category"; Value = "Res"; VariantName = "[No Variations]"
Add component (AddParameter): Name = "ComponentLink2Description"; Value = "Datasheet"; VariantName = "[No Variations]"
Add component (AddParameter): Name = "ComponentLink2URL"; Value = "https://industrial.panasonic.com/cdbs/www-data/pdf/RDA0000/AOA0000C304.pdf"; VariantName = "[No Variations]"
Add component (AddParameter): Name = "Composition"; Value = "Thick Film"; VariantName = "[No Variations]"
Add component (AddParameter): Name = "Device Class L1"; Value = "Passive Components"; VariantName = "[No Variations]"
Add component (AddParameter): Name = "Device Class L2"; Value = "Resistors"; VariantName = "[No Variations]"
Add component (AddParameter): Name = "Device Class L3"; Value = "Chip SMD Resistors"; VariantName = "[No Variations]"
Add component (AddParameter): Name = "Digikey Description"; Value = "RES SMD 15K OHM 1% 1/10W 0402"; VariantName = "[No Variations]"
Add component (AddParameter): Name = "Footprint Url"; Value = "https://b2b-api.panasonic.eu/file_stream/pids/fileversion/1180"; VariantName = "[No Variations]"
Add component (AddParameter): Name = "Height"; Value = "0.4mm"; VariantName = "[No Variations]"
Add component (AddParameter): Name = "Lead Free"; Value = "Yes"; VariantName = "[No Variations]"
Add component (AddParameter): Name = "Manufacturer"; Value = "Panasonic"; VariantName = "[No Variations]"
Add component (AddParameter): Name = "Manufacturer Part Number"; Value = "ERJ-2RKF1502X"; VariantName = "[No Variations]"
Add component (AddParameter): Name = "Mouser Description"; Value = "Res Thick Film 1.0 x 0.5 mm 15K Ohm 1% 0.1W(1/10W) 100ppm/ C Molded SMD Punched Carrier T/R"; VariantName = "[No Variations]"
Add component (AddParameter): Name = "Octopart"; Value = "https://octopart.com/erj-2rkf1502x-panasonic-55404985"; VariantName = "[No Variations]"
Add component (AddParameter): Name = "Package"; Value = "ERJ2R"; VariantName = "[No Variations]"
Add component (AddParameter): Name = "Power Rating"; Value = "0.1W"; VariantName = "[No Variations]"
Add component (AddParameter): Name = "Resistance"; Value = "15k?"; VariantName = "[No Variations]"
Add component (AddParameter): Name = "RoHS"; Value = "TRUE"; VariantName = "[No Variations]"
Add component (AddParameter): Name = "Series"; Value = "ERJ"; VariantName = "[No Variations]"
Add component (AddParameter): Name = "Temperature"; Value = "-55°C to +155°C"; VariantName = "[No Variations]"
Add component (AddParameter): Name = "Temperature Coefficient"; Value = "100ppm/°C"; VariantName = "[No Variations]"
Add component (AddParameter): Name = "Temperature Range High"; Value = "+155°C"; VariantName = "[No Variations]"
Add component (AddParameter): Name = "Temperature Range Low"; Value = "-55°C"; VariantName = "[No Variations]"
Add component (AddParameter): Name = "Tolerance"; Value = "1%"; VariantName = "[No Variations]"
Add component (AddParameter): Name = "Value"; Value = "15k?"; VariantName = "[No Variations]"
Add component (AddParameter): Name = "Voltage Rating"; Value = "50V"; VariantName = "[No Variations]"
Added Component: Designator=R16_SellSensor17(FP-ERJ2R-MFG)
Add component (AddParameter): Name = "Automotive"; Value = "Yes"; VariantName = "[No Variations]"
Add component (AddParameter): Name = "Automotive Grade"; Value = "Grade 0"; VariantName = "[No Variations]"
Add component (AddParameter): Name = "Category"; Value = "Res"; VariantName = "[No Variations]"
Add component (AddParameter): Name = "ComponentLink2Description"; Value = "Datasheet"; VariantName = "[No Variations]"
Add component (AddParameter): Name = "ComponentLink2URL"; Value = "https://industrial.panasonic.com/cdbs/www-data/pdf/RDA0000/AOA0000C304.pdf"; VariantName = "[No Variations]"
Add component (AddParameter): Name = "Composition"; Value = "Thick Film"; VariantName = "[No Variations]"
Add component (AddParameter): Name = "Device Class L1"; Value = "Passive Components"; VariantName = "[No Variations]"
Add component (AddParameter): Name = "Device Class L2"; Value = "Resistors"; VariantName = "[No Variations]"
Add component (AddParameter): Name = "Device Class L3"; Value = "Chip SMD Resistors"; VariantName = "[No Variations]"
Add component (AddParameter): Name = "Digikey Description"; Value = "RES SMD 15K OHM 1% 1/10W 0402"; VariantName = "[No Variations]"
Add component (AddParameter): Name = "Footprint Url"; Value = "https://b2b-api.panasonic.eu/file_stream/pids/fileversion/1180"; VariantName = "[No Variations]"
Add component (AddParameter): Name = "Height"; Value = "0.4mm"; VariantName = "[No Variations]"
Add component (AddParameter): Name = "Lead Free"; Value = "Yes"; VariantName = "[No Variations]"
Add component (AddParameter): Name = "Manufacturer"; Value = "Panasonic"; VariantName = "[No Variations]"
Add component (AddParameter): Name = "Manufacturer Part Number"; Value = "ERJ-2RKF1502X"; VariantName = "[No Variations]"
Add component (AddParameter): Name = "Mouser Description"; Value = "Res Thick Film 1.0 x 0.5 mm 15K Ohm 1% 0.1W(1/10W) 100ppm/ C Molded SMD Punched Carrier T/R"; VariantName = "[No Variations]"
Add component (AddParameter): Name = "Octopart"; Value = "https://octopart.com/erj-2rkf1502x-panasonic-55404985"; VariantName = "[No Variations]"
Add component (AddParameter): Name = "Package"; Value = "ERJ2R"; VariantName = "[No Variations]"
Add component (AddParameter): Name = "Power Rating"; Value = "0.1W"; VariantName = "[No Variations]"
Add component (AddParameter): Name = "Resistance"; Value = "15k?"; VariantName = "[No Variations]"
Add component (AddParameter): Name = "RoHS"; Value = "TRUE"; VariantName = "[No Variations]"
Add component (AddParameter): Name = "Series"; Value = "ERJ"; VariantName = "[No Variations]"
Add component (AddParameter): Name = "Temperature"; Value = "-55°C to +155°C"; VariantName = "[No Variations]"
Add component (AddParameter): Name = "Temperature Coefficient"; Value = "100ppm/°C"; VariantName = "[No Variations]"
Add component (AddParameter): Name = "Temperature Range High"; Value = "+155°C"; VariantName = "[No Variations]"
Add component (AddParameter): Name = "Temperature Range Low"; Value = "-55°C"; VariantName = "[No Variations]"
Add component (AddParameter): Name = "Tolerance"; Value = "1%"; VariantName = "[No Variations]"
Add component (AddParameter): Name = "Value"; Value = "15k?"; VariantName = "[No Variations]"
Add component (AddParameter): Name = "Voltage Rating"; Value = "50V"; VariantName = "[No Variations]"
Added Component: Designator=R16_SellSensor18(FP-ERJ2R-MFG)
Add component (AddParameter): Name = "Automotive"; Value = "Yes"; VariantName = "[No Variations]"
Add component (AddParameter): Name = "Automotive Grade"; Value = "Grade 0"; VariantName = "[No Variations]"
Add component (AddParameter): Name = "Category"; Value = "Res"; VariantName = "[No Variations]"
Add component (AddParameter): Name = "ComponentLink2Description"; Value = "Datasheet"; VariantName = "[No Variations]"
Add component (AddParameter): Name = "ComponentLink2URL"; Value = "https://industrial.panasonic.com/cdbs/www-data/pdf/RDA0000/AOA0000C304.pdf"; VariantName = "[No Variations]"
Add component (AddParameter): Name = "Composition"; Value = "Thick Film"; VariantName = "[No Variations]"
Add component (AddParameter): Name = "Device Class L1"; Value = "Passive Components"; VariantName = "[No Variations]"
Add component (AddParameter): Name = "Device Class L2"; Value = "Resistors"; VariantName = "[No Variations]"
Add component (AddParameter): Name = "Device Class L3"; Value = "Chip SMD Resistors"; VariantName = "[No Variations]"
Add component (AddParameter): Name = "Digikey Description"; Value = "RES SMD 15K OHM 1% 1/10W 0402"; VariantName = "[No Variations]"
Add component (AddParameter): Name = "Footprint Url"; Value = "https://b2b-api.panasonic.eu/file_stream/pids/fileversion/1180"; VariantName = "[No Variations]"
Add component (AddParameter): Name = "Height"; Value = "0.4mm"; VariantName = "[No Variations]"
Add component (AddParameter): Name = "Lead Free"; Value = "Yes"; VariantName = "[No Variations]"
Add component (AddParameter): Name = "Manufacturer"; Value = "Panasonic"; VariantName = "[No Variations]"
Add component (AddParameter): Name = "Manufacturer Part Number"; Value = "ERJ-2RKF1502X"; VariantName = "[No Variations]"
Add component (AddParameter): Name = "Mouser Description"; Value = "Res Thick Film 1.0 x 0.5 mm 15K Ohm 1% 0.1W(1/10W) 100ppm/ C Molded SMD Punched Carrier T/R"; VariantName = "[No Variations]"
Add component (AddParameter): Name = "Octopart"; Value = "https://octopart.com/erj-2rkf1502x-panasonic-55404985"; VariantName = "[No Variations]"
Add component (AddParameter): Name = "Package"; Value = "ERJ2R"; VariantName = "[No Variations]"
Add component (AddParameter): Name = "Power Rating"; Value = "0.1W"; VariantName = "[No Variations]"
Add component (AddParameter): Name = "Resistance"; Value = "15k?"; VariantName = "[No Variations]"
Add component (AddParameter): Name = "RoHS"; Value = "TRUE"; VariantName = "[No Variations]"
Add component (AddParameter): Name = "Series"; Value = "ERJ"; VariantName = "[No Variations]"
Add component (AddParameter): Name = "Temperature"; Value = "-55°C to +155°C"; VariantName = "[No Variations]"
Add component (AddParameter): Name = "Temperature Coefficient"; Value = "100ppm/°C"; VariantName = "[No Variations]"
Add component (AddParameter): Name = "Temperature Range High"; Value = "+155°C"; VariantName = "[No Variations]"
Add component (AddParameter): Name = "Temperature Range Low"; Value = "-55°C"; VariantName = "[No Variations]"
Add component (AddParameter): Name = "Tolerance"; Value = "1%"; VariantName = "[No Variations]"
Add component (AddParameter): Name = "Value"; Value = "15k?"; VariantName = "[No Variations]"
Add component (AddParameter): Name = "Voltage Rating"; Value = "50V"; VariantName = "[No Variations]"
Added Component: Designator=R16_SellSensor19(FP-ERJ2R-MFG)
Add component (AddParameter): Name = "Automotive"; Value = "Yes"; VariantName = "[No Variations]"
Add component (AddParameter): Name = "Automotive Grade"; Value = "Grade 0"; VariantName = "[No Variations]"
Add component (AddParameter): Name = "Category"; Value = "Res"; VariantName = "[No Variations]"
Add component (AddParameter): Name = "ComponentLink2Description"; Value = "Datasheet"; VariantName = "[No Variations]"
Add component (AddParameter): Name = "ComponentLink2URL"; Value = "https://industrial.panasonic.com/cdbs/www-data/pdf/RDA0000/AOA0000C304.pdf"; VariantName = "[No Variations]"
Add component (AddParameter): Name = "Composition"; Value = "Thick Film"; VariantName = "[No Variations]"
Add component (AddParameter): Name = "Device Class L1"; Value = "Passive Components"; VariantName = "[No Variations]"
Add component (AddParameter): Name = "Device Class L2"; Value = "Resistors"; VariantName = "[No Variations]"
Add component (AddParameter): Name = "Device Class L3"; Value = "Chip SMD Resistors"; VariantName = "[No Variations]"
Add component (AddParameter): Name = "Digikey Description"; Value = "RES SMD 15K OHM 1% 1/10W 0402"; VariantName = "[No Variations]"
Add component (AddParameter): Name = "Footprint Url"; Value = "https://b2b-api.panasonic.eu/file_stream/pids/fileversion/1180"; VariantName = "[No Variations]"
Add component (AddParameter): Name = "Height"; Value = "0.4mm"; VariantName = "[No Variations]"
Add component (AddParameter): Name = "Lead Free"; Value = "Yes"; VariantName = "[No Variations]"
Add component (AddParameter): Name = "Manufacturer"; Value = "Panasonic"; VariantName = "[No Variations]"
Add component (AddParameter): Name = "Manufacturer Part Number"; Value = "ERJ-2RKF1502X"; VariantName = "[No Variations]"
Add component (AddParameter): Name = "Mouser Description"; Value = "Res Thick Film 1.0 x 0.5 mm 15K Ohm 1% 0.1W(1/10W) 100ppm/ C Molded SMD Punched Carrier T/R"; VariantName = "[No Variations]"
Add component (AddParameter): Name = "Octopart"; Value = "https://octopart.com/erj-2rkf1502x-panasonic-55404985"; VariantName = "[No Variations]"
Add component (AddParameter): Name = "Package"; Value = "ERJ2R"; VariantName = "[No Variations]"
Add component (AddParameter): Name = "Power Rating"; Value = "0.1W"; VariantName = "[No Variations]"
Add component (AddParameter): Name = "Resistance"; Value = "15k?"; VariantName = "[No Variations]"
Add component (AddParameter): Name = "RoHS"; Value = "TRUE"; VariantName = "[No Variations]"
Add component (AddParameter): Name = "Series"; Value = "ERJ"; VariantName = "[No Variations]"
Add component (AddParameter): Name = "Temperature"; Value = "-55°C to +155°C"; VariantName = "[No Variations]"
Add component (AddParameter): Name = "Temperature Coefficient"; Value = "100ppm/°C"; VariantName = "[No Variations]"
Add component (AddParameter): Name = "Temperature Range High"; Value = "+155°C"; VariantName = "[No Variations]"
Add component (AddParameter): Name = "Temperature Range Low"; Value = "-55°C"; VariantName = "[No Variations]"
Add component (AddParameter): Name = "Tolerance"; Value = "1%"; VariantName = "[No Variations]"
Add component (AddParameter): Name = "Value"; Value = "15k?"; VariantName = "[No Variations]"
Add component (AddParameter): Name = "Voltage Rating"; Value = "50V"; VariantName = "[No Variations]"
Added Component: Designator=R16_SellSensor20(FP-ERJ2R-MFG)
Add component (AddParameter): Name = "Automotive"; Value = "Yes"; VariantName = "[No Variations]"
Add component (AddParameter): Name = "Automotive Grade"; Value = "Grade 0"; VariantName = "[No Variations]"
Add component (AddParameter): Name = "Category"; Value = "Res"; VariantName = "[No Variations]"
Add component (AddParameter): Name = "ComponentLink2Description"; Value = "Datasheet"; VariantName = "[No Variations]"
Add component (AddParameter): Name = "ComponentLink2URL"; Value = "https://industrial.panasonic.com/cdbs/www-data/pdf/RDA0000/AOA0000C304.pdf"; VariantName = "[No Variations]"
Add component (AddParameter): Name = "Composition"; Value = "Thick Film"; VariantName = "[No Variations]"
Add component (AddParameter): Name = "Device Class L1"; Value = "Passive Components"; VariantName = "[No Variations]"
Add component (AddParameter): Name = "Device Class L2"; Value = "Resistors"; VariantName = "[No Variations]"
Add component (AddParameter): Name = "Device Class L3"; Value = "Chip SMD Resistors"; VariantName = "[No Variations]"
Add component (AddParameter): Name = "Digikey Description"; Value = "RES SMD 15K OHM 1% 1/10W 0402"; VariantName = "[No Variations]"
Add component (AddParameter): Name = "Footprint Url"; Value = "https://b2b-api.panasonic.eu/file_stream/pids/fileversion/1180"; VariantName = "[No Variations]"
Add component (AddParameter): Name = "Height"; Value = "0.4mm"; VariantName = "[No Variations]"
Add component (AddParameter): Name = "Lead Free"; Value = "Yes"; VariantName = "[No Variations]"
Add component (AddParameter): Name = "Manufacturer"; Value = "Panasonic"; VariantName = "[No Variations]"
Add component (AddParameter): Name = "Manufacturer Part Number"; Value = "ERJ-2RKF1502X"; VariantName = "[No Variations]"
Add component (AddParameter): Name = "Mouser Description"; Value = "Res Thick Film 1.0 x 0.5 mm 15K Ohm 1% 0.1W(1/10W) 100ppm/ C Molded SMD Punched Carrier T/R"; VariantName = "[No Variations]"
Add component (AddParameter): Name = "Octopart"; Value = "https://octopart.com/erj-2rkf1502x-panasonic-55404985"; VariantName = "[No Variations]"
Add component (AddParameter): Name = "Package"; Value = "ERJ2R"; VariantName = "[No Variations]"
Add component (AddParameter): Name = "Power Rating"; Value = "0.1W"; VariantName = "[No Variations]"
Add component (AddParameter): Name = "Resistance"; Value = "15k?"; VariantName = "[No Variations]"
Add component (AddParameter): Name = "RoHS"; Value = "TRUE"; VariantName = "[No Variations]"
Add component (AddParameter): Name = "Series"; Value = "ERJ"; VariantName = "[No Variations]"
Add component (AddParameter): Name = "Temperature"; Value = "-55°C to +155°C"; VariantName = "[No Variations]"
Add component (AddParameter): Name = "Temperature Coefficient"; Value = "100ppm/°C"; VariantName = "[No Variations]"
Add component (AddParameter): Name = "Temperature Range High"; Value = "+155°C"; VariantName = "[No Variations]"
Add component (AddParameter): Name = "Temperature Range Low"; Value = "-55°C"; VariantName = "[No Variations]"
Add component (AddParameter): Name = "Tolerance"; Value = "1%"; VariantName = "[No Variations]"
Add component (AddParameter): Name = "Value"; Value = "15k?"; VariantName = "[No Variations]"
Add component (AddParameter): Name = "Voltage Rating"; Value = "50V"; VariantName = "[No Variations]"
Added Component: Designator=R16_SellSensor21(FP-ERJ2R-MFG)
Add component (AddParameter): Name = "Automotive"; Value = "Yes"; VariantName = "[No Variations]"
Add component (AddParameter): Name = "Automotive Grade"; Value = "Grade 0"; VariantName = "[No Variations]"
Add component (AddParameter): Name = "Category"; Value = "Res"; VariantName = "[No Variations]"
Add component (AddParameter): Name = "ComponentLink2Description"; Value = "Datasheet"; VariantName = "[No Variations]"
Add component (AddParameter): Name = "ComponentLink2URL"; Value = "https://industrial.panasonic.com/cdbs/www-data/pdf/RDA0000/AOA0000C304.pdf"; VariantName = "[No Variations]"
Add component (AddParameter): Name = "Composition"; Value = "Thick Film"; VariantName = "[No Variations]"
Add component (AddParameter): Name = "Device Class L1"; Value = "Passive Components"; VariantName = "[No Variations]"
Add component (AddParameter): Name = "Device Class L2"; Value = "Resistors"; VariantName = "[No Variations]"
Add component (AddParameter): Name = "Device Class L3"; Value = "Chip SMD Resistors"; VariantName = "[No Variations]"
Add component (AddParameter): Name = "Digikey Description"; Value = "RES SMD 15K OHM 1% 1/10W 0402"; VariantName = "[No Variations]"
Add component (AddParameter): Name = "Footprint Url"; Value = "https://b2b-api.panasonic.eu/file_stream/pids/fileversion/1180"; VariantName = "[No Variations]"
Add component (AddParameter): Name = "Height"; Value = "0.4mm"; VariantName = "[No Variations]"
Add component (AddParameter): Name = "Lead Free"; Value = "Yes"; VariantName = "[No Variations]"
Add component (AddParameter): Name = "Manufacturer"; Value = "Panasonic"; VariantName = "[No Variations]"
Add component (AddParameter): Name = "Manufacturer Part Number"; Value = "ERJ-2RKF1502X"; VariantName = "[No Variations]"
Add component (AddParameter): Name = "Mouser Description"; Value = "Res Thick Film 1.0 x 0.5 mm 15K Ohm 1% 0.1W(1/10W) 100ppm/ C Molded SMD Punched Carrier T/R"; VariantName = "[No Variations]"
Add component (AddParameter): Name = "Octopart"; Value = "https://octopart.com/erj-2rkf1502x-panasonic-55404985"; VariantName = "[No Variations]"
Add component (AddParameter): Name = "Package"; Value = "ERJ2R"; VariantName = "[No Variations]"
Add component (AddParameter): Name = "Power Rating"; Value = "0.1W"; VariantName = "[No Variations]"
Add component (AddParameter): Name = "Resistance"; Value = "15k?"; VariantName = "[No Variations]"
Add component (AddParameter): Name = "RoHS"; Value = "TRUE"; VariantName = "[No Variations]"
Add component (AddParameter): Name = "Series"; Value = "ERJ"; VariantName = "[No Variations]"
Add component (AddParameter): Name = "Temperature"; Value = "-55°C to +155°C"; VariantName = "[No Variations]"
Add component (AddParameter): Name = "Temperature Coefficient"; Value = "100ppm/°C"; VariantName = "[No Variations]"
Add component (AddParameter): Name = "Temperature Range High"; Value = "+155°C"; VariantName = "[No Variations]"
Add component (AddParameter): Name = "Temperature Range Low"; Value = "-55°C"; VariantName = "[No Variations]"
Add component (AddParameter): Name = "Tolerance"; Value = "1%"; VariantName = "[No Variations]"
Add component (AddParameter): Name = "Value"; Value = "15k?"; VariantName = "[No Variations]"
Add component (AddParameter): Name = "Voltage Rating"; Value = "50V"; VariantName = "[No Variations]"
Added Component: Designator=R16_SellSensor22(FP-ERJ2R-MFG)
Add component (AddParameter): Name = "Automotive"; Value = "Yes"; VariantName = "[No Variations]"
Add component (AddParameter): Name = "Automotive Grade"; Value = "Grade 0"; VariantName = "[No Variations]"
Add component (AddParameter): Name = "Category"; Value = "Res"; VariantName = "[No Variations]"
Add component (AddParameter): Name = "ComponentLink2Description"; Value = "Datasheet"; VariantName = "[No Variations]"
Add component (AddParameter): Name = "ComponentLink2URL"; Value = "https://industrial.panasonic.com/cdbs/www-data/pdf/RDA0000/AOA0000C304.pdf"; VariantName = "[No Variations]"
Add component (AddParameter): Name = "Composition"; Value = "Thick Film"; VariantName = "[No Variations]"
Add component (AddParameter): Name = "Device Class L1"; Value = "Passive Components"; VariantName = "[No Variations]"
Add component (AddParameter): Name = "Device Class L2"; Value = "Resistors"; VariantName = "[No Variations]"
Add component (AddParameter): Name = "Device Class L3"; Value = "Chip SMD Resistors"; VariantName = "[No Variations]"
Add component (AddParameter): Name = "Digikey Description"; Value = "RES SMD 15K OHM 1% 1/10W 0402"; VariantName = "[No Variations]"
Add component (AddParameter): Name = "Footprint Url"; Value = "https://b2b-api.panasonic.eu/file_stream/pids/fileversion/1180"; VariantName = "[No Variations]"
Add component (AddParameter): Name = "Height"; Value = "0.4mm"; VariantName = "[No Variations]"
Add component (AddParameter): Name = "Lead Free"; Value = "Yes"; VariantName = "[No Variations]"
Add component (AddParameter): Name = "Manufacturer"; Value = "Panasonic"; VariantName = "[No Variations]"
Add component (AddParameter): Name = "Manufacturer Part Number"; Value = "ERJ-2RKF1502X"; VariantName = "[No Variations]"
Add component (AddParameter): Name = "Mouser Description"; Value = "Res Thick Film 1.0 x 0.5 mm 15K Ohm 1% 0.1W(1/10W) 100ppm/ C Molded SMD Punched Carrier T/R"; VariantName = "[No Variations]"
Add component (AddParameter): Name = "Octopart"; Value = "https://octopart.com/erj-2rkf1502x-panasonic-55404985"; VariantName = "[No Variations]"
Add component (AddParameter): Name = "Package"; Value = "ERJ2R"; VariantName = "[No Variations]"
Add component (AddParameter): Name = "Power Rating"; Value = "0.1W"; VariantName = "[No Variations]"
Add component (AddParameter): Name = "Resistance"; Value = "15k?"; VariantName = "[No Variations]"
Add component (AddParameter): Name = "RoHS"; Value = "TRUE"; VariantName = "[No Variations]"
Add component (AddParameter): Name = "Series"; Value = "ERJ"; VariantName = "[No Variations]"
Add component (AddParameter): Name = "Temperature"; Value = "-55°C to +155°C"; VariantName = "[No Variations]"
Add component (AddParameter): Name = "Temperature Coefficient"; Value = "100ppm/°C"; VariantName = "[No Variations]"
Add component (AddParameter): Name = "Temperature Range High"; Value = "+155°C"; VariantName = "[No Variations]"
Add component (AddParameter): Name = "Temperature Range Low"; Value = "-55°C"; VariantName = "[No Variations]"
Add component (AddParameter): Name = "Tolerance"; Value = "1%"; VariantName = "[No Variations]"
Add component (AddParameter): Name = "Value"; Value = "15k?"; VariantName = "[No Variations]"
Add component (AddParameter): Name = "Voltage Rating"; Value = "50V"; VariantName = "[No Variations]"
Added Component: Designator=R16_SellSensor23(FP-ERJ2R-MFG)
Add component (AddParameter): Name = "Automotive"; Value = "Yes"; VariantName = "[No Variations]"
Add component (AddParameter): Name = "Automotive Grade"; Value = "Grade 0"; VariantName = "[No Variations]"
Add component (AddParameter): Name = "Category"; Value = "Res"; VariantName = "[No Variations]"
Add component (AddParameter): Name = "ComponentLink2Description"; Value = "Datasheet"; VariantName = "[No Variations]"
Add component (AddParameter): Name = "ComponentLink2URL"; Value = "https://industrial.panasonic.com/cdbs/www-data/pdf/RDA0000/AOA0000C304.pdf"; VariantName = "[No Variations]"
Add component (AddParameter): Name = "Composition"; Value = "Thick Film"; VariantName = "[No Variations]"
Add component (AddParameter): Name = "Device Class L1"; Value = "Passive Components"; VariantName = "[No Variations]"
Add component (AddParameter): Name = "Device Class L2"; Value = "Resistors"; VariantName = "[No Variations]"
Add component (AddParameter): Name = "Device Class L3"; Value = "Chip SMD Resistors"; VariantName = "[No Variations]"
Add component (AddParameter): Name = "Digikey Description"; Value = "RES SMD 15K OHM 1% 1/10W 0402"; VariantName = "[No Variations]"
Add component (AddParameter): Name = "Footprint Url"; Value = "https://b2b-api.panasonic.eu/file_stream/pids/fileversion/1180"; VariantName = "[No Variations]"
Add component (AddParameter): Name = "Height"; Value = "0.4mm"; VariantName = "[No Variations]"
Add component (AddParameter): Name = "Lead Free"; Value = "Yes"; VariantName = "[No Variations]"
Add component (AddParameter): Name = "Manufacturer"; Value = "Panasonic"; VariantName = "[No Variations]"
Add component (AddParameter): Name = "Manufacturer Part Number"; Value = "ERJ-2RKF1502X"; VariantName = "[No Variations]"
Add component (AddParameter): Name = "Mouser Description"; Value = "Res Thick Film 1.0 x 0.5 mm 15K Ohm 1% 0.1W(1/10W) 100ppm/ C Molded SMD Punched Carrier T/R"; VariantName = "[No Variations]"
Add component (AddParameter): Name = "Octopart"; Value = "https://octopart.com/erj-2rkf1502x-panasonic-55404985"; VariantName = "[No Variations]"
Add component (AddParameter): Name = "Package"; Value = "ERJ2R"; VariantName = "[No Variations]"
Add component (AddParameter): Name = "Power Rating"; Value = "0.1W"; VariantName = "[No Variations]"
Add component (AddParameter): Name = "Resistance"; Value = "15k?"; VariantName = "[No Variations]"
Add component (AddParameter): Name = "RoHS"; Value = "TRUE"; VariantName = "[No Variations]"
Add component (AddParameter): Name = "Series"; Value = "ERJ"; VariantName = "[No Variations]"
Add component (AddParameter): Name = "Temperature"; Value = "-55°C to +155°C"; VariantName = "[No Variations]"
Add component (AddParameter): Name = "Temperature Coefficient"; Value = "100ppm/°C"; VariantName = "[No Variations]"
Add component (AddParameter): Name = "Temperature Range High"; Value = "+155°C"; VariantName = "[No Variations]"
Add component (AddParameter): Name = "Temperature Range Low"; Value = "-55°C"; VariantName = "[No Variations]"
Add component (AddParameter): Name = "Tolerance"; Value = "1%"; VariantName = "[No Variations]"
Add component (AddParameter): Name = "Value"; Value = "15k?"; VariantName = "[No Variations]"
Add component (AddParameter): Name = "Voltage Rating"; Value = "50V"; VariantName = "[No Variations]"
Added Component: Designator=R17_SellSensor1(RESC1005X40X25NL05T05)
Add component (AddParameter): Name = "Case Code (Imperial)"; Value = "0402"; VariantName = "[No Variations]"
Add component (AddParameter): Name = "Case Code (Metric)"; Value = "1005"; VariantName = "[No Variations]"
Add component (AddParameter): Name = "Case\/Package"; Value = "0402"; VariantName = "[No Variations]"
Add component (AddParameter): Name = "ComponentLink1Description"; Value = "Manufacturer URL"; VariantName = "[No Variations]"
Add component (AddParameter): Name = "ComponentLink1URL"; Value = "http://www.panasonic.com/"; VariantName = "[No Variations]"
Add component (AddParameter): Name = "ComponentLink2Description"; Value = "Datasheet"; VariantName = "[No Variations]"
Add component (AddParameter): Name = "ComponentLink2URL"; Value = "http://industrial.panasonic.com/cdbs/www-data/pdf/RDA0000/AOA0000C86.pdf"; VariantName = "[No Variations]"
Add component (AddParameter): Name = "DatasheetVersion"; Value = "04/2015"; VariantName = "[No Variations]"
Add component (AddParameter): Name = "Height"; Value = "0.35 mm"; VariantName = "[No Variations]"
Add component (AddParameter): Name = "Length"; Value = "1 mm"; VariantName = "[No Variations]"
Add component (AddParameter): Name = "Manufacturer"; Value = "Basic Passives"; VariantName = "[No Variations]"
Add component (AddParameter): Name = "Max Operating Temperature"; Value = "155 degC"; VariantName = "[No Variations]"
Add component (AddParameter): Name = "Min Operating Temperature"; Value = "-55 degC"; VariantName = "[No Variations]"
Add component (AddParameter): Name = "Mount"; Value = "Surface Mount"; VariantName = "[No Variations]"
Add component (AddParameter): Name = "Mounting Technology"; Value = "Surface Mount"; VariantName = "[No Variations]"
Add component (AddParameter): Name = "Package Quantity"; Value = "10000"; VariantName = "[No Variations]"
Add component (AddParameter): Name = "PackageDescription"; Value = "2-Pin Surface Mount Device, Body 1 x 0.5 mm"; VariantName = "[No Variations]"
Add component (AddParameter): Name = "PackageReference"; Value = "0402"; VariantName = "[No Variations]"
Add component (AddParameter): Name = "Packaging"; Value = "Tape and Reel"; VariantName = "[No Variations]"
Add component (AddParameter): Name = "PartNumber"; Value = "ERJ-2RKF1001X"; VariantName = "[No Variations]"
Add component (AddParameter): Name = "Pins"; Value = "2"; VariantName = "[No Variations]"
Add component (AddParameter): Name = "Power Rating"; Value = "100 mW"; VariantName = "[No Variations]"
Add component (AddParameter): Name = "Radiation Hardening"; Value = "No"; VariantName = "[No Variations]"
Add component (AddParameter): Name = "REACH SVHC"; Value = "Yes"; VariantName = "[No Variations]"
Add component (AddParameter): Name = "Resistance"; Value = "1 KOhm"; VariantName = "[No Variations]"
Add component (AddParameter): Name = "RoHSCompliant"; Value = "true"; VariantName = "[No Variations]"
Add component (AddParameter): Name = "Tolerance"; Value = "1%"; VariantName = "[No Variations]"
Add component (AddParameter): Name = "Voltage Rating"; Value = "50 V"; VariantName = "[No Variations]"
Add component (AddParameter): Name = "Width"; Value = "0.5 mm"; VariantName = "[No Variations]"
Added Component: Designator=R17_SellSensor2(RESC1005X40X25NL05T05)
Add component (AddParameter): Name = "Case Code (Imperial)"; Value = "0402"; VariantName = "[No Variations]"
Add component (AddParameter): Name = "Case Code (Metric)"; Value = "1005"; VariantName = "[No Variations]"
Add component (AddParameter): Name = "Case\/Package"; Value = "0402"; VariantName = "[No Variations]"
Add component (AddParameter): Name = "ComponentLink1Description"; Value = "Manufacturer URL"; VariantName = "[No Variations]"
Add component (AddParameter): Name = "ComponentLink1URL"; Value = "http://www.panasonic.com/"; VariantName = "[No Variations]"
Add component (AddParameter): Name = "ComponentLink2Description"; Value = "Datasheet"; VariantName = "[No Variations]"
Add component (AddParameter): Name = "ComponentLink2URL"; Value = "http://industrial.panasonic.com/cdbs/www-data/pdf/RDA0000/AOA0000C86.pdf"; VariantName = "[No Variations]"
Add component (AddParameter): Name = "DatasheetVersion"; Value = "04/2015"; VariantName = "[No Variations]"
Add component (AddParameter): Name = "Height"; Value = "0.35 mm"; VariantName = "[No Variations]"
Add component (AddParameter): Name = "Length"; Value = "1 mm"; VariantName = "[No Variations]"
Add component (AddParameter): Name = "Manufacturer"; Value = "Basic Passives"; VariantName = "[No Variations]"
Add component (AddParameter): Name = "Max Operating Temperature"; Value = "155 degC"; VariantName = "[No Variations]"
Add component (AddParameter): Name = "Min Operating Temperature"; Value = "-55 degC"; VariantName = "[No Variations]"
Add component (AddParameter): Name = "Mount"; Value = "Surface Mount"; VariantName = "[No Variations]"
Add component (AddParameter): Name = "Mounting Technology"; Value = "Surface Mount"; VariantName = "[No Variations]"
Add component (AddParameter): Name = "Package Quantity"; Value = "10000"; VariantName = "[No Variations]"
Add component (AddParameter): Name = "PackageDescription"; Value = "2-Pin Surface Mount Device, Body 1 x 0.5 mm"; VariantName = "[No Variations]"
Add component (AddParameter): Name = "PackageReference"; Value = "0402"; VariantName = "[No Variations]"
Add component (AddParameter): Name = "Packaging"; Value = "Tape and Reel"; VariantName = "[No Variations]"
Add component (AddParameter): Name = "PartNumber"; Value = "ERJ-2RKF1001X"; VariantName = "[No Variations]"
Add component (AddParameter): Name = "Pins"; Value = "2"; VariantName = "[No Variations]"
Add component (AddParameter): Name = "Power Rating"; Value = "100 mW"; VariantName = "[No Variations]"
Add component (AddParameter): Name = "Radiation Hardening"; Value = "No"; VariantName = "[No Variations]"
Add component (AddParameter): Name = "REACH SVHC"; Value = "Yes"; VariantName = "[No Variations]"
Add component (AddParameter): Name = "Resistance"; Value = "1 KOhm"; VariantName = "[No Variations]"
Add component (AddParameter): Name = "RoHSCompliant"; Value = "true"; VariantName = "[No Variations]"
Add component (AddParameter): Name = "Tolerance"; Value = "1%"; VariantName = "[No Variations]"
Add component (AddParameter): Name = "Voltage Rating"; Value = "50 V"; VariantName = "[No Variations]"
Add component (AddParameter): Name = "Width"; Value = "0.5 mm"; VariantName = "[No Variations]"
Added Component: Designator=R17_SellSensor3(RESC1005X40X25NL05T05)
Add component (AddParameter): Name = "Case Code (Imperial)"; Value = "0402"; VariantName = "[No Variations]"
Add component (AddParameter): Name = "Case Code (Metric)"; Value = "1005"; VariantName = "[No Variations]"
Add component (AddParameter): Name = "Case\/Package"; Value = "0402"; VariantName = "[No Variations]"
Add component (AddParameter): Name = "ComponentLink1Description"; Value = "Manufacturer URL"; VariantName = "[No Variations]"
Add component (AddParameter): Name = "ComponentLink1URL"; Value = "http://www.panasonic.com/"; VariantName = "[No Variations]"
Add component (AddParameter): Name = "ComponentLink2Description"; Value = "Datasheet"; VariantName = "[No Variations]"
Add component (AddParameter): Name = "ComponentLink2URL"; Value = "http://industrial.panasonic.com/cdbs/www-data/pdf/RDA0000/AOA0000C86.pdf"; VariantName = "[No Variations]"
Add component (AddParameter): Name = "DatasheetVersion"; Value = "04/2015"; VariantName = "[No Variations]"
Add component (AddParameter): Name = "Height"; Value = "0.35 mm"; VariantName = "[No Variations]"
Add component (AddParameter): Name = "Length"; Value = "1 mm"; VariantName = "[No Variations]"
Add component (AddParameter): Name = "Manufacturer"; Value = "Basic Passives"; VariantName = "[No Variations]"
Add component (AddParameter): Name = "Max Operating Temperature"; Value = "155 degC"; VariantName = "[No Variations]"
Add component (AddParameter): Name = "Min Operating Temperature"; Value = "-55 degC"; VariantName = "[No Variations]"
Add component (AddParameter): Name = "Mount"; Value = "Surface Mount"; VariantName = "[No Variations]"
Add component (AddParameter): Name = "Mounting Technology"; Value = "Surface Mount"; VariantName = "[No Variations]"
Add component (AddParameter): Name = "Package Quantity"; Value = "10000"; VariantName = "[No Variations]"
Add component (AddParameter): Name = "PackageDescription"; Value = "2-Pin Surface Mount Device, Body 1 x 0.5 mm"; VariantName = "[No Variations]"
Add component (AddParameter): Name = "PackageReference"; Value = "0402"; VariantName = "[No Variations]"
Add component (AddParameter): Name = "Packaging"; Value = "Tape and Reel"; VariantName = "[No Variations]"
Add component (AddParameter): Name = "PartNumber"; Value = "ERJ-2RKF1001X"; VariantName = "[No Variations]"
Add component (AddParameter): Name = "Pins"; Value = "2"; VariantName = "[No Variations]"
Add component (AddParameter): Name = "Power Rating"; Value = "100 mW"; VariantName = "[No Variations]"
Add component (AddParameter): Name = "Radiation Hardening"; Value = "No"; VariantName = "[No Variations]"
Add component (AddParameter): Name = "REACH SVHC"; Value = "Yes"; VariantName = "[No Variations]"
Add component (AddParameter): Name = "Resistance"; Value = "1 KOhm"; VariantName = "[No Variations]"
Add component (AddParameter): Name = "RoHSCompliant"; Value = "true"; VariantName = "[No Variations]"
Add component (AddParameter): Name = "Tolerance"; Value = "1%"; VariantName = "[No Variations]"
Add component (AddParameter): Name = "Voltage Rating"; Value = "50 V"; VariantName = "[No Variations]"
Add component (AddParameter): Name = "Width"; Value = "0.5 mm"; VariantName = "[No Variations]"
Added Component: Designator=R17_SellSensor4(RESC1005X40X25NL05T05)
Add component (AddParameter): Name = "Case Code (Imperial)"; Value = "0402"; VariantName = "[No Variations]"
Add component (AddParameter): Name = "Case Code (Metric)"; Value = "1005"; VariantName = "[No Variations]"
Add component (AddParameter): Name = "Case\/Package"; Value = "0402"; VariantName = "[No Variations]"
Add component (AddParameter): Name = "ComponentLink1Description"; Value = "Manufacturer URL"; VariantName = "[No Variations]"
Add component (AddParameter): Name = "ComponentLink1URL"; Value = "http://www.panasonic.com/"; VariantName = "[No Variations]"
Add component (AddParameter): Name = "ComponentLink2Description"; Value = "Datasheet"; VariantName = "[No Variations]"
Add component (AddParameter): Name = "ComponentLink2URL"; Value = "http://industrial.panasonic.com/cdbs/www-data/pdf/RDA0000/AOA0000C86.pdf"; VariantName = "[No Variations]"
Add component (AddParameter): Name = "DatasheetVersion"; Value = "04/2015"; VariantName = "[No Variations]"
Add component (AddParameter): Name = "Height"; Value = "0.35 mm"; VariantName = "[No Variations]"
Add component (AddParameter): Name = "Length"; Value = "1 mm"; VariantName = "[No Variations]"
Add component (AddParameter): Name = "Manufacturer"; Value = "Basic Passives"; VariantName = "[No Variations]"
Add component (AddParameter): Name = "Max Operating Temperature"; Value = "155 degC"; VariantName = "[No Variations]"
Add component (AddParameter): Name = "Min Operating Temperature"; Value = "-55 degC"; VariantName = "[No Variations]"
Add component (AddParameter): Name = "Mount"; Value = "Surface Mount"; VariantName = "[No Variations]"
Add component (AddParameter): Name = "Mounting Technology"; Value = "Surface Mount"; VariantName = "[No Variations]"
Add component (AddParameter): Name = "Package Quantity"; Value = "10000"; VariantName = "[No Variations]"
Add component (AddParameter): Name = "PackageDescription"; Value = "2-Pin Surface Mount Device, Body 1 x 0.5 mm"; VariantName = "[No Variations]"
Add component (AddParameter): Name = "PackageReference"; Value = "0402"; VariantName = "[No Variations]"
Add component (AddParameter): Name = "Packaging"; Value = "Tape and Reel"; VariantName = "[No Variations]"
Add component (AddParameter): Name = "PartNumber"; Value = "ERJ-2RKF1001X"; VariantName = "[No Variations]"
Add component (AddParameter): Name = "Pins"; Value = "2"; VariantName = "[No Variations]"
Add component (AddParameter): Name = "Power Rating"; Value = "100 mW"; VariantName = "[No Variations]"
Add component (AddParameter): Name = "Radiation Hardening"; Value = "No"; VariantName = "[No Variations]"
Add component (AddParameter): Name = "REACH SVHC"; Value = "Yes"; VariantName = "[No Variations]"
Add component (AddParameter): Name = "Resistance"; Value = "1 KOhm"; VariantName = "[No Variations]"
Add component (AddParameter): Name = "RoHSCompliant"; Value = "true"; VariantName = "[No Variations]"
Add component (AddParameter): Name = "Tolerance"; Value = "1%"; VariantName = "[No Variations]"
Add component (AddParameter): Name = "Voltage Rating"; Value = "50 V"; VariantName = "[No Variations]"
Add component (AddParameter): Name = "Width"; Value = "0.5 mm"; VariantName = "[No Variations]"
Added Component: Designator=R17_SellSensor5(RESC1005X40X25NL05T05)
Add component (AddParameter): Name = "Case Code (Imperial)"; Value = "0402"; VariantName = "[No Variations]"
Add component (AddParameter): Name = "Case Code (Metric)"; Value = "1005"; VariantName = "[No Variations]"
Add component (AddParameter): Name = "Case\/Package"; Value = "0402"; VariantName = "[No Variations]"
Add component (AddParameter): Name = "ComponentLink1Description"; Value = "Manufacturer URL"; VariantName = "[No Variations]"
Add component (AddParameter): Name = "ComponentLink1URL"; Value = "http://www.panasonic.com/"; VariantName = "[No Variations]"
Add component (AddParameter): Name = "ComponentLink2Description"; Value = "Datasheet"; VariantName = "[No Variations]"
Add component (AddParameter): Name = "ComponentLink2URL"; Value = "http://industrial.panasonic.com/cdbs/www-data/pdf/RDA0000/AOA0000C86.pdf"; VariantName = "[No Variations]"
Add component (AddParameter): Name = "DatasheetVersion"; Value = "04/2015"; VariantName = "[No Variations]"
Add component (AddParameter): Name = "Height"; Value = "0.35 mm"; VariantName = "[No Variations]"
Add component (AddParameter): Name = "Length"; Value = "1 mm"; VariantName = "[No Variations]"
Add component (AddParameter): Name = "Manufacturer"; Value = "Basic Passives"; VariantName = "[No Variations]"
Add component (AddParameter): Name = "Max Operating Temperature"; Value = "155 degC"; VariantName = "[No Variations]"
Add component (AddParameter): Name = "Min Operating Temperature"; Value = "-55 degC"; VariantName = "[No Variations]"
Add component (AddParameter): Name = "Mount"; Value = "Surface Mount"; VariantName = "[No Variations]"
Add component (AddParameter): Name = "Mounting Technology"; Value = "Surface Mount"; VariantName = "[No Variations]"
Add component (AddParameter): Name = "Package Quantity"; Value = "10000"; VariantName = "[No Variations]"
Add component (AddParameter): Name = "PackageDescription"; Value = "2-Pin Surface Mount Device, Body 1 x 0.5 mm"; VariantName = "[No Variations]"
Add component (AddParameter): Name = "PackageReference"; Value = "0402"; VariantName = "[No Variations]"
Add component (AddParameter): Name = "Packaging"; Value = "Tape and Reel"; VariantName = "[No Variations]"
Add component (AddParameter): Name = "PartNumber"; Value = "ERJ-2RKF1001X"; VariantName = "[No Variations]"
Add component (AddParameter): Name = "Pins"; Value = "2"; VariantName = "[No Variations]"
Add component (AddParameter): Name = "Power Rating"; Value = "100 mW"; VariantName = "[No Variations]"
Add component (AddParameter): Name = "Radiation Hardening"; Value = "No"; VariantName = "[No Variations]"
Add component (AddParameter): Name = "REACH SVHC"; Value = "Yes"; VariantName = "[No Variations]"
Add component (AddParameter): Name = "Resistance"; Value = "1 KOhm"; VariantName = "[No Variations]"
Add component (AddParameter): Name = "RoHSCompliant"; Value = "true"; VariantName = "[No Variations]"
Add component (AddParameter): Name = "Tolerance"; Value = "1%"; VariantName = "[No Variations]"
Add component (AddParameter): Name = "Voltage Rating"; Value = "50 V"; VariantName = "[No Variations]"
Add component (AddParameter): Name = "Width"; Value = "0.5 mm"; VariantName = "[No Variations]"
Added Component: Designator=R17_SellSensor6(RESC1005X40X25NL05T05)
Add component (AddParameter): Name = "Case Code (Imperial)"; Value = "0402"; VariantName = "[No Variations]"
Add component (AddParameter): Name = "Case Code (Metric)"; Value = "1005"; VariantName = "[No Variations]"
Add component (AddParameter): Name = "Case\/Package"; Value = "0402"; VariantName = "[No Variations]"
Add component (AddParameter): Name = "ComponentLink1Description"; Value = "Manufacturer URL"; VariantName = "[No Variations]"
Add component (AddParameter): Name = "ComponentLink1URL"; Value = "http://www.panasonic.com/"; VariantName = "[No Variations]"
Add component (AddParameter): Name = "ComponentLink2Description"; Value = "Datasheet"; VariantName = "[No Variations]"
Add component (AddParameter): Name = "ComponentLink2URL"; Value = "http://industrial.panasonic.com/cdbs/www-data/pdf/RDA0000/AOA0000C86.pdf"; VariantName = "[No Variations]"
Add component (AddParameter): Name = "DatasheetVersion"; Value = "04/2015"; VariantName = "[No Variations]"
Add component (AddParameter): Name = "Height"; Value = "0.35 mm"; VariantName = "[No Variations]"
Add component (AddParameter): Name = "Length"; Value = "1 mm"; VariantName = "[No Variations]"
Add component (AddParameter): Name = "Manufacturer"; Value = "Basic Passives"; VariantName = "[No Variations]"
Add component (AddParameter): Name = "Max Operating Temperature"; Value = "155 degC"; VariantName = "[No Variations]"
Add component (AddParameter): Name = "Min Operating Temperature"; Value = "-55 degC"; VariantName = "[No Variations]"
Add component (AddParameter): Name = "Mount"; Value = "Surface Mount"; VariantName = "[No Variations]"
Add component (AddParameter): Name = "Mounting Technology"; Value = "Surface Mount"; VariantName = "[No Variations]"
Add component (AddParameter): Name = "Package Quantity"; Value = "10000"; VariantName = "[No Variations]"
Add component (AddParameter): Name = "PackageDescription"; Value = "2-Pin Surface Mount Device, Body 1 x 0.5 mm"; VariantName = "[No Variations]"
Add component (AddParameter): Name = "PackageReference"; Value = "0402"; VariantName = "[No Variations]"
Add component (AddParameter): Name = "Packaging"; Value = "Tape and Reel"; VariantName = "[No Variations]"
Add component (AddParameter): Name = "PartNumber"; Value = "ERJ-2RKF1001X"; VariantName = "[No Variations]"
Add component (AddParameter): Name = "Pins"; Value = "2"; VariantName = "[No Variations]"
Add component (AddParameter): Name = "Power Rating"; Value = "100 mW"; VariantName = "[No Variations]"
Add component (AddParameter): Name = "Radiation Hardening"; Value = "No"; VariantName = "[No Variations]"
Add component (AddParameter): Name = "REACH SVHC"; Value = "Yes"; VariantName = "[No Variations]"
Add component (AddParameter): Name = "Resistance"; Value = "1 KOhm"; VariantName = "[No Variations]"
Add component (AddParameter): Name = "RoHSCompliant"; Value = "true"; VariantName = "[No Variations]"
Add component (AddParameter): Name = "Tolerance"; Value = "1%"; VariantName = "[No Variations]"
Add component (AddParameter): Name = "Voltage Rating"; Value = "50 V"; VariantName = "[No Variations]"
Add component (AddParameter): Name = "Width"; Value = "0.5 mm"; VariantName = "[No Variations]"
Added Component: Designator=R17_SellSensor7(RESC1005X40X25NL05T05)
Add component (AddParameter): Name = "Case Code (Imperial)"; Value = "0402"; VariantName = "[No Variations]"
Add component (AddParameter): Name = "Case Code (Metric)"; Value = "1005"; VariantName = "[No Variations]"
Add component (AddParameter): Name = "Case\/Package"; Value = "0402"; VariantName = "[No Variations]"
Add component (AddParameter): Name = "ComponentLink1Description"; Value = "Manufacturer URL"; VariantName = "[No Variations]"
Add component (AddParameter): Name = "ComponentLink1URL"; Value = "http://www.panasonic.com/"; VariantName = "[No Variations]"
Add component (AddParameter): Name = "ComponentLink2Description"; Value = "Datasheet"; VariantName = "[No Variations]"
Add component (AddParameter): Name = "ComponentLink2URL"; Value = "http://industrial.panasonic.com/cdbs/www-data/pdf/RDA0000/AOA0000C86.pdf"; VariantName = "[No Variations]"
Add component (AddParameter): Name = "DatasheetVersion"; Value = "04/2015"; VariantName = "[No Variations]"
Add component (AddParameter): Name = "Height"; Value = "0.35 mm"; VariantName = "[No Variations]"
Add component (AddParameter): Name = "Length"; Value = "1 mm"; VariantName = "[No Variations]"
Add component (AddParameter): Name = "Manufacturer"; Value = "Basic Passives"; VariantName = "[No Variations]"
Add component (AddParameter): Name = "Max Operating Temperature"; Value = "155 degC"; VariantName = "[No Variations]"
Add component (AddParameter): Name = "Min Operating Temperature"; Value = "-55 degC"; VariantName = "[No Variations]"
Add component (AddParameter): Name = "Mount"; Value = "Surface Mount"; VariantName = "[No Variations]"
Add component (AddParameter): Name = "Mounting Technology"; Value = "Surface Mount"; VariantName = "[No Variations]"
Add component (AddParameter): Name = "Package Quantity"; Value = "10000"; VariantName = "[No Variations]"
Add component (AddParameter): Name = "PackageDescription"; Value = "2-Pin Surface Mount Device, Body 1 x 0.5 mm"; VariantName = "[No Variations]"
Add component (AddParameter): Name = "PackageReference"; Value = "0402"; VariantName = "[No Variations]"
Add component (AddParameter): Name = "Packaging"; Value = "Tape and Reel"; VariantName = "[No Variations]"
Add component (AddParameter): Name = "PartNumber"; Value = "ERJ-2RKF1001X"; VariantName = "[No Variations]"
Add component (AddParameter): Name = "Pins"; Value = "2"; VariantName = "[No Variations]"
Add component (AddParameter): Name = "Power Rating"; Value = "100 mW"; VariantName = "[No Variations]"
Add component (AddParameter): Name = "Radiation Hardening"; Value = "No"; VariantName = "[No Variations]"
Add component (AddParameter): Name = "REACH SVHC"; Value = "Yes"; VariantName = "[No Variations]"
Add component (AddParameter): Name = "Resistance"; Value = "1 KOhm"; VariantName = "[No Variations]"
Add component (AddParameter): Name = "RoHSCompliant"; Value = "true"; VariantName = "[No Variations]"
Add component (AddParameter): Name = "Tolerance"; Value = "1%"; VariantName = "[No Variations]"
Add component (AddParameter): Name = "Voltage Rating"; Value = "50 V"; VariantName = "[No Variations]"
Add component (AddParameter): Name = "Width"; Value = "0.5 mm"; VariantName = "[No Variations]"
Added Component: Designator=R17_SellSensor8(RESC1005X40X25NL05T05)
Add component (AddParameter): Name = "Case Code (Imperial)"; Value = "0402"; VariantName = "[No Variations]"
Add component (AddParameter): Name = "Case Code (Metric)"; Value = "1005"; VariantName = "[No Variations]"
Add component (AddParameter): Name = "Case\/Package"; Value = "0402"; VariantName = "[No Variations]"
Add component (AddParameter): Name = "ComponentLink1Description"; Value = "Manufacturer URL"; VariantName = "[No Variations]"
Add component (AddParameter): Name = "ComponentLink1URL"; Value = "http://www.panasonic.com/"; VariantName = "[No Variations]"
Add component (AddParameter): Name = "ComponentLink2Description"; Value = "Datasheet"; VariantName = "[No Variations]"
Add component (AddParameter): Name = "ComponentLink2URL"; Value = "http://industrial.panasonic.com/cdbs/www-data/pdf/RDA0000/AOA0000C86.pdf"; VariantName = "[No Variations]"
Add component (AddParameter): Name = "DatasheetVersion"; Value = "04/2015"; VariantName = "[No Variations]"
Add component (AddParameter): Name = "Height"; Value = "0.35 mm"; VariantName = "[No Variations]"
Add component (AddParameter): Name = "Length"; Value = "1 mm"; VariantName = "[No Variations]"
Add component (AddParameter): Name = "Manufacturer"; Value = "Basic Passives"; VariantName = "[No Variations]"
Add component (AddParameter): Name = "Max Operating Temperature"; Value = "155 degC"; VariantName = "[No Variations]"
Add component (AddParameter): Name = "Min Operating Temperature"; Value = "-55 degC"; VariantName = "[No Variations]"
Add component (AddParameter): Name = "Mount"; Value = "Surface Mount"; VariantName = "[No Variations]"
Add component (AddParameter): Name = "Mounting Technology"; Value = "Surface Mount"; VariantName = "[No Variations]"
Add component (AddParameter): Name = "Package Quantity"; Value = "10000"; VariantName = "[No Variations]"
Add component (AddParameter): Name = "PackageDescription"; Value = "2-Pin Surface Mount Device, Body 1 x 0.5 mm"; VariantName = "[No Variations]"
Add component (AddParameter): Name = "PackageReference"; Value = "0402"; VariantName = "[No Variations]"
Add component (AddParameter): Name = "Packaging"; Value = "Tape and Reel"; VariantName = "[No Variations]"
Add component (AddParameter): Name = "PartNumber"; Value = "ERJ-2RKF1001X"; VariantName = "[No Variations]"
Add component (AddParameter): Name = "Pins"; Value = "2"; VariantName = "[No Variations]"
Add component (AddParameter): Name = "Power Rating"; Value = "100 mW"; VariantName = "[No Variations]"
Add component (AddParameter): Name = "Radiation Hardening"; Value = "No"; VariantName = "[No Variations]"
Add component (AddParameter): Name = "REACH SVHC"; Value = "Yes"; VariantName = "[No Variations]"
Add component (AddParameter): Name = "Resistance"; Value = "1 KOhm"; VariantName = "[No Variations]"
Add component (AddParameter): Name = "RoHSCompliant"; Value = "true"; VariantName = "[No Variations]"
Add component (AddParameter): Name = "Tolerance"; Value = "1%"; VariantName = "[No Variations]"
Add component (AddParameter): Name = "Voltage Rating"; Value = "50 V"; VariantName = "[No Variations]"
Add component (AddParameter): Name = "Width"; Value = "0.5 mm"; VariantName = "[No Variations]"
Added Component: Designator=R17_SellSensor9(RESC1005X40X25NL05T05)
Add component (AddParameter): Name = "Case Code (Imperial)"; Value = "0402"; VariantName = "[No Variations]"
Add component (AddParameter): Name = "Case Code (Metric)"; Value = "1005"; VariantName = "[No Variations]"
Add component (AddParameter): Name = "Case\/Package"; Value = "0402"; VariantName = "[No Variations]"
Add component (AddParameter): Name = "ComponentLink1Description"; Value = "Manufacturer URL"; VariantName = "[No Variations]"
Add component (AddParameter): Name = "ComponentLink1URL"; Value = "http://www.panasonic.com/"; VariantName = "[No Variations]"
Add component (AddParameter): Name = "ComponentLink2Description"; Value = "Datasheet"; VariantName = "[No Variations]"
Add component (AddParameter): Name = "ComponentLink2URL"; Value = "http://industrial.panasonic.com/cdbs/www-data/pdf/RDA0000/AOA0000C86.pdf"; VariantName = "[No Variations]"
Add component (AddParameter): Name = "DatasheetVersion"; Value = "04/2015"; VariantName = "[No Variations]"
Add component (AddParameter): Name = "Height"; Value = "0.35 mm"; VariantName = "[No Variations]"
Add component (AddParameter): Name = "Length"; Value = "1 mm"; VariantName = "[No Variations]"
Add component (AddParameter): Name = "Manufacturer"; Value = "Basic Passives"; VariantName = "[No Variations]"
Add component (AddParameter): Name = "Max Operating Temperature"; Value = "155 degC"; VariantName = "[No Variations]"
Add component (AddParameter): Name = "Min Operating Temperature"; Value = "-55 degC"; VariantName = "[No Variations]"
Add component (AddParameter): Name = "Mount"; Value = "Surface Mount"; VariantName = "[No Variations]"
Add component (AddParameter): Name = "Mounting Technology"; Value = "Surface Mount"; VariantName = "[No Variations]"
Add component (AddParameter): Name = "Package Quantity"; Value = "10000"; VariantName = "[No Variations]"
Add component (AddParameter): Name = "PackageDescription"; Value = "2-Pin Surface Mount Device, Body 1 x 0.5 mm"; VariantName = "[No Variations]"
Add component (AddParameter): Name = "PackageReference"; Value = "0402"; VariantName = "[No Variations]"
Add component (AddParameter): Name = "Packaging"; Value = "Tape and Reel"; VariantName = "[No Variations]"
Add component (AddParameter): Name = "PartNumber"; Value = "ERJ-2RKF1001X"; VariantName = "[No Variations]"
Add component (AddParameter): Name = "Pins"; Value = "2"; VariantName = "[No Variations]"
Add component (AddParameter): Name = "Power Rating"; Value = "100 mW"; VariantName = "[No Variations]"
Add component (AddParameter): Name = "Radiation Hardening"; Value = "No"; VariantName = "[No Variations]"
Add component (AddParameter): Name = "REACH SVHC"; Value = "Yes"; VariantName = "[No Variations]"
Add component (AddParameter): Name = "Resistance"; Value = "1 KOhm"; VariantName = "[No Variations]"
Add component (AddParameter): Name = "RoHSCompliant"; Value = "true"; VariantName = "[No Variations]"
Add component (AddParameter): Name = "Tolerance"; Value = "1%"; VariantName = "[No Variations]"
Add component (AddParameter): Name = "Voltage Rating"; Value = "50 V"; VariantName = "[No Variations]"
Add component (AddParameter): Name = "Width"; Value = "0.5 mm"; VariantName = "[No Variations]"
Added Component: Designator=R17_SellSensor10(RESC1005X40X25NL05T05)
Add component (AddParameter): Name = "Case Code (Imperial)"; Value = "0402"; VariantName = "[No Variations]"
Add component (AddParameter): Name = "Case Code (Metric)"; Value = "1005"; VariantName = "[No Variations]"
Add component (AddParameter): Name = "Case\/Package"; Value = "0402"; VariantName = "[No Variations]"
Add component (AddParameter): Name = "ComponentLink1Description"; Value = "Manufacturer URL"; VariantName = "[No Variations]"
Add component (AddParameter): Name = "ComponentLink1URL"; Value = "http://www.panasonic.com/"; VariantName = "[No Variations]"
Add component (AddParameter): Name = "ComponentLink2Description"; Value = "Datasheet"; VariantName = "[No Variations]"
Add component (AddParameter): Name = "ComponentLink2URL"; Value = "http://industrial.panasonic.com/cdbs/www-data/pdf/RDA0000/AOA0000C86.pdf"; VariantName = "[No Variations]"
Add component (AddParameter): Name = "DatasheetVersion"; Value = "04/2015"; VariantName = "[No Variations]"
Add component (AddParameter): Name = "Height"; Value = "0.35 mm"; VariantName = "[No Variations]"
Add component (AddParameter): Name = "Length"; Value = "1 mm"; VariantName = "[No Variations]"
Add component (AddParameter): Name = "Manufacturer"; Value = "Basic Passives"; VariantName = "[No Variations]"
Add component (AddParameter): Name = "Max Operating Temperature"; Value = "155 degC"; VariantName = "[No Variations]"
Add component (AddParameter): Name = "Min Operating Temperature"; Value = "-55 degC"; VariantName = "[No Variations]"
Add component (AddParameter): Name = "Mount"; Value = "Surface Mount"; VariantName = "[No Variations]"
Add component (AddParameter): Name = "Mounting Technology"; Value = "Surface Mount"; VariantName = "[No Variations]"
Add component (AddParameter): Name = "Package Quantity"; Value = "10000"; VariantName = "[No Variations]"
Add component (AddParameter): Name = "PackageDescription"; Value = "2-Pin Surface Mount Device, Body 1 x 0.5 mm"; VariantName = "[No Variations]"
Add component (AddParameter): Name = "PackageReference"; Value = "0402"; VariantName = "[No Variations]"
Add component (AddParameter): Name = "Packaging"; Value = "Tape and Reel"; VariantName = "[No Variations]"
Add component (AddParameter): Name = "PartNumber"; Value = "ERJ-2RKF1001X"; VariantName = "[No Variations]"
Add component (AddParameter): Name = "Pins"; Value = "2"; VariantName = "[No Variations]"
Add component (AddParameter): Name = "Power Rating"; Value = "100 mW"; VariantName = "[No Variations]"
Add component (AddParameter): Name = "Radiation Hardening"; Value = "No"; VariantName = "[No Variations]"
Add component (AddParameter): Name = "REACH SVHC"; Value = "Yes"; VariantName = "[No Variations]"
Add component (AddParameter): Name = "Resistance"; Value = "1 KOhm"; VariantName = "[No Variations]"
Add component (AddParameter): Name = "RoHSCompliant"; Value = "true"; VariantName = "[No Variations]"
Add component (AddParameter): Name = "Tolerance"; Value = "1%"; VariantName = "[No Variations]"
Add component (AddParameter): Name = "Voltage Rating"; Value = "50 V"; VariantName = "[No Variations]"
Add component (AddParameter): Name = "Width"; Value = "0.5 mm"; VariantName = "[No Variations]"
Added Component: Designator=R17_SellSensor11(RESC1005X40X25NL05T05)
Add component (AddParameter): Name = "Case Code (Imperial)"; Value = "0402"; VariantName = "[No Variations]"
Add component (AddParameter): Name = "Case Code (Metric)"; Value = "1005"; VariantName = "[No Variations]"
Add component (AddParameter): Name = "Case\/Package"; Value = "0402"; VariantName = "[No Variations]"
Add component (AddParameter): Name = "ComponentLink1Description"; Value = "Manufacturer URL"; VariantName = "[No Variations]"
Add component (AddParameter): Name = "ComponentLink1URL"; Value = "http://www.panasonic.com/"; VariantName = "[No Variations]"
Add component (AddParameter): Name = "ComponentLink2Description"; Value = "Datasheet"; VariantName = "[No Variations]"
Add component (AddParameter): Name = "ComponentLink2URL"; Value = "http://industrial.panasonic.com/cdbs/www-data/pdf/RDA0000/AOA0000C86.pdf"; VariantName = "[No Variations]"
Add component (AddParameter): Name = "DatasheetVersion"; Value = "04/2015"; VariantName = "[No Variations]"
Add component (AddParameter): Name = "Height"; Value = "0.35 mm"; VariantName = "[No Variations]"
Add component (AddParameter): Name = "Length"; Value = "1 mm"; VariantName = "[No Variations]"
Add component (AddParameter): Name = "Manufacturer"; Value = "Basic Passives"; VariantName = "[No Variations]"
Add component (AddParameter): Name = "Max Operating Temperature"; Value = "155 degC"; VariantName = "[No Variations]"
Add component (AddParameter): Name = "Min Operating Temperature"; Value = "-55 degC"; VariantName = "[No Variations]"
Add component (AddParameter): Name = "Mount"; Value = "Surface Mount"; VariantName = "[No Variations]"
Add component (AddParameter): Name = "Mounting Technology"; Value = "Surface Mount"; VariantName = "[No Variations]"
Add component (AddParameter): Name = "Package Quantity"; Value = "10000"; VariantName = "[No Variations]"
Add component (AddParameter): Name = "PackageDescription"; Value = "2-Pin Surface Mount Device, Body 1 x 0.5 mm"; VariantName = "[No Variations]"
Add component (AddParameter): Name = "PackageReference"; Value = "0402"; VariantName = "[No Variations]"
Add component (AddParameter): Name = "Packaging"; Value = "Tape and Reel"; VariantName = "[No Variations]"
Add component (AddParameter): Name = "PartNumber"; Value = "ERJ-2RKF1001X"; VariantName = "[No Variations]"
Add component (AddParameter): Name = "Pins"; Value = "2"; VariantName = "[No Variations]"
Add component (AddParameter): Name = "Power Rating"; Value = "100 mW"; VariantName = "[No Variations]"
Add component (AddParameter): Name = "Radiation Hardening"; Value = "No"; VariantName = "[No Variations]"
Add component (AddParameter): Name = "REACH SVHC"; Value = "Yes"; VariantName = "[No Variations]"
Add component (AddParameter): Name = "Resistance"; Value = "1 KOhm"; VariantName = "[No Variations]"
Add component (AddParameter): Name = "RoHSCompliant"; Value = "true"; VariantName = "[No Variations]"
Add component (AddParameter): Name = "Tolerance"; Value = "1%"; VariantName = "[No Variations]"
Add component (AddParameter): Name = "Voltage Rating"; Value = "50 V"; VariantName = "[No Variations]"
Add component (AddParameter): Name = "Width"; Value = "0.5 mm"; VariantName = "[No Variations]"
Added Component: Designator=R17_SellSensor12(RESC1005X40X25NL05T05)
Add component (AddParameter): Name = "Case Code (Imperial)"; Value = "0402"; VariantName = "[No Variations]"
Add component (AddParameter): Name = "Case Code (Metric)"; Value = "1005"; VariantName = "[No Variations]"
Add component (AddParameter): Name = "Case\/Package"; Value = "0402"; VariantName = "[No Variations]"
Add component (AddParameter): Name = "ComponentLink1Description"; Value = "Manufacturer URL"; VariantName = "[No Variations]"
Add component (AddParameter): Name = "ComponentLink1URL"; Value = "http://www.panasonic.com/"; VariantName = "[No Variations]"
Add component (AddParameter): Name = "ComponentLink2Description"; Value = "Datasheet"; VariantName = "[No Variations]"
Add component (AddParameter): Name = "ComponentLink2URL"; Value = "http://industrial.panasonic.com/cdbs/www-data/pdf/RDA0000/AOA0000C86.pdf"; VariantName = "[No Variations]"
Add component (AddParameter): Name = "DatasheetVersion"; Value = "04/2015"; VariantName = "[No Variations]"
Add component (AddParameter): Name = "Height"; Value = "0.35 mm"; VariantName = "[No Variations]"
Add component (AddParameter): Name = "Length"; Value = "1 mm"; VariantName = "[No Variations]"
Add component (AddParameter): Name = "Manufacturer"; Value = "Basic Passives"; VariantName = "[No Variations]"
Add component (AddParameter): Name = "Max Operating Temperature"; Value = "155 degC"; VariantName = "[No Variations]"
Add component (AddParameter): Name = "Min Operating Temperature"; Value = "-55 degC"; VariantName = "[No Variations]"
Add component (AddParameter): Name = "Mount"; Value = "Surface Mount"; VariantName = "[No Variations]"
Add component (AddParameter): Name = "Mounting Technology"; Value = "Surface Mount"; VariantName = "[No Variations]"
Add component (AddParameter): Name = "Package Quantity"; Value = "10000"; VariantName = "[No Variations]"
Add component (AddParameter): Name = "PackageDescription"; Value = "2-Pin Surface Mount Device, Body 1 x 0.5 mm"; VariantName = "[No Variations]"
Add component (AddParameter): Name = "PackageReference"; Value = "0402"; VariantName = "[No Variations]"
Add component (AddParameter): Name = "Packaging"; Value = "Tape and Reel"; VariantName = "[No Variations]"
Add component (AddParameter): Name = "PartNumber"; Value = "ERJ-2RKF1001X"; VariantName = "[No Variations]"
Add component (AddParameter): Name = "Pins"; Value = "2"; VariantName = "[No Variations]"
Add component (AddParameter): Name = "Power Rating"; Value = "100 mW"; VariantName = "[No Variations]"
Add component (AddParameter): Name = "Radiation Hardening"; Value = "No"; VariantName = "[No Variations]"
Add component (AddParameter): Name = "REACH SVHC"; Value = "Yes"; VariantName = "[No Variations]"
Add component (AddParameter): Name = "Resistance"; Value = "1 KOhm"; VariantName = "[No Variations]"
Add component (AddParameter): Name = "RoHSCompliant"; Value = "true"; VariantName = "[No Variations]"
Add component (AddParameter): Name = "Tolerance"; Value = "1%"; VariantName = "[No Variations]"
Add component (AddParameter): Name = "Voltage Rating"; Value = "50 V"; VariantName = "[No Variations]"
Add component (AddParameter): Name = "Width"; Value = "0.5 mm"; VariantName = "[No Variations]"
Added Component: Designator=R17_SellSensor13(RESC1005X40X25NL05T05)
Add component (AddParameter): Name = "Case Code (Imperial)"; Value = "0402"; VariantName = "[No Variations]"
Add component (AddParameter): Name = "Case Code (Metric)"; Value = "1005"; VariantName = "[No Variations]"
Add component (AddParameter): Name = "Case\/Package"; Value = "0402"; VariantName = "[No Variations]"
Add component (AddParameter): Name = "ComponentLink1Description"; Value = "Manufacturer URL"; VariantName = "[No Variations]"
Add component (AddParameter): Name = "ComponentLink1URL"; Value = "http://www.panasonic.com/"; VariantName = "[No Variations]"
Add component (AddParameter): Name = "ComponentLink2Description"; Value = "Datasheet"; VariantName = "[No Variations]"
Add component (AddParameter): Name = "ComponentLink2URL"; Value = "http://industrial.panasonic.com/cdbs/www-data/pdf/RDA0000/AOA0000C86.pdf"; VariantName = "[No Variations]"
Add component (AddParameter): Name = "DatasheetVersion"; Value = "04/2015"; VariantName = "[No Variations]"
Add component (AddParameter): Name = "Height"; Value = "0.35 mm"; VariantName = "[No Variations]"
Add component (AddParameter): Name = "Length"; Value = "1 mm"; VariantName = "[No Variations]"
Add component (AddParameter): Name = "Manufacturer"; Value = "Basic Passives"; VariantName = "[No Variations]"
Add component (AddParameter): Name = "Max Operating Temperature"; Value = "155 degC"; VariantName = "[No Variations]"
Add component (AddParameter): Name = "Min Operating Temperature"; Value = "-55 degC"; VariantName = "[No Variations]"
Add component (AddParameter): Name = "Mount"; Value = "Surface Mount"; VariantName = "[No Variations]"
Add component (AddParameter): Name = "Mounting Technology"; Value = "Surface Mount"; VariantName = "[No Variations]"
Add component (AddParameter): Name = "Package Quantity"; Value = "10000"; VariantName = "[No Variations]"
Add component (AddParameter): Name = "PackageDescription"; Value = "2-Pin Surface Mount Device, Body 1 x 0.5 mm"; VariantName = "[No Variations]"
Add component (AddParameter): Name = "PackageReference"; Value = "0402"; VariantName = "[No Variations]"
Add component (AddParameter): Name = "Packaging"; Value = "Tape and Reel"; VariantName = "[No Variations]"
Add component (AddParameter): Name = "PartNumber"; Value = "ERJ-2RKF1001X"; VariantName = "[No Variations]"
Add component (AddParameter): Name = "Pins"; Value = "2"; VariantName = "[No Variations]"
Add component (AddParameter): Name = "Power Rating"; Value = "100 mW"; VariantName = "[No Variations]"
Add component (AddParameter): Name = "Radiation Hardening"; Value = "No"; VariantName = "[No Variations]"
Add component (AddParameter): Name = "REACH SVHC"; Value = "Yes"; VariantName = "[No Variations]"
Add component (AddParameter): Name = "Resistance"; Value = "1 KOhm"; VariantName = "[No Variations]"
Add component (AddParameter): Name = "RoHSCompliant"; Value = "true"; VariantName = "[No Variations]"
Add component (AddParameter): Name = "Tolerance"; Value = "1%"; VariantName = "[No Variations]"
Add component (AddParameter): Name = "Voltage Rating"; Value = "50 V"; VariantName = "[No Variations]"
Add component (AddParameter): Name = "Width"; Value = "0.5 mm"; VariantName = "[No Variations]"
Added Component: Designator=R17_SellSensor14(RESC1005X40X25NL05T05)
Add component (AddParameter): Name = "Case Code (Imperial)"; Value = "0402"; VariantName = "[No Variations]"
Add component (AddParameter): Name = "Case Code (Metric)"; Value = "1005"; VariantName = "[No Variations]"
Add component (AddParameter): Name = "Case\/Package"; Value = "0402"; VariantName = "[No Variations]"
Add component (AddParameter): Name = "ComponentLink1Description"; Value = "Manufacturer URL"; VariantName = "[No Variations]"
Add component (AddParameter): Name = "ComponentLink1URL"; Value = "http://www.panasonic.com/"; VariantName = "[No Variations]"
Add component (AddParameter): Name = "ComponentLink2Description"; Value = "Datasheet"; VariantName = "[No Variations]"
Add component (AddParameter): Name = "ComponentLink2URL"; Value = "http://industrial.panasonic.com/cdbs/www-data/pdf/RDA0000/AOA0000C86.pdf"; VariantName = "[No Variations]"
Add component (AddParameter): Name = "DatasheetVersion"; Value = "04/2015"; VariantName = "[No Variations]"
Add component (AddParameter): Name = "Height"; Value = "0.35 mm"; VariantName = "[No Variations]"
Add component (AddParameter): Name = "Length"; Value = "1 mm"; VariantName = "[No Variations]"
Add component (AddParameter): Name = "Manufacturer"; Value = "Basic Passives"; VariantName = "[No Variations]"
Add component (AddParameter): Name = "Max Operating Temperature"; Value = "155 degC"; VariantName = "[No Variations]"
Add component (AddParameter): Name = "Min Operating Temperature"; Value = "-55 degC"; VariantName = "[No Variations]"
Add component (AddParameter): Name = "Mount"; Value = "Surface Mount"; VariantName = "[No Variations]"
Add component (AddParameter): Name = "Mounting Technology"; Value = "Surface Mount"; VariantName = "[No Variations]"
Add component (AddParameter): Name = "Package Quantity"; Value = "10000"; VariantName = "[No Variations]"
Add component (AddParameter): Name = "PackageDescription"; Value = "2-Pin Surface Mount Device, Body 1 x 0.5 mm"; VariantName = "[No Variations]"
Add component (AddParameter): Name = "PackageReference"; Value = "0402"; VariantName = "[No Variations]"
Add component (AddParameter): Name = "Packaging"; Value = "Tape and Reel"; VariantName = "[No Variations]"
Add component (AddParameter): Name = "PartNumber"; Value = "ERJ-2RKF1001X"; VariantName = "[No Variations]"
Add component (AddParameter): Name = "Pins"; Value = "2"; VariantName = "[No Variations]"
Add component (AddParameter): Name = "Power Rating"; Value = "100 mW"; VariantName = "[No Variations]"
Add component (AddParameter): Name = "Radiation Hardening"; Value = "No"; VariantName = "[No Variations]"
Add component (AddParameter): Name = "REACH SVHC"; Value = "Yes"; VariantName = "[No Variations]"
Add component (AddParameter): Name = "Resistance"; Value = "1 KOhm"; VariantName = "[No Variations]"
Add component (AddParameter): Name = "RoHSCompliant"; Value = "true"; VariantName = "[No Variations]"
Add component (AddParameter): Name = "Tolerance"; Value = "1%"; VariantName = "[No Variations]"
Add component (AddParameter): Name = "Voltage Rating"; Value = "50 V"; VariantName = "[No Variations]"
Add component (AddParameter): Name = "Width"; Value = "0.5 mm"; VariantName = "[No Variations]"
Added Component: Designator=R17_SellSensor15(RESC1005X40X25NL05T05)
Add component (AddParameter): Name = "Case Code (Imperial)"; Value = "0402"; VariantName = "[No Variations]"
Add component (AddParameter): Name = "Case Code (Metric)"; Value = "1005"; VariantName = "[No Variations]"
Add component (AddParameter): Name = "Case\/Package"; Value = "0402"; VariantName = "[No Variations]"
Add component (AddParameter): Name = "ComponentLink1Description"; Value = "Manufacturer URL"; VariantName = "[No Variations]"
Add component (AddParameter): Name = "ComponentLink1URL"; Value = "http://www.panasonic.com/"; VariantName = "[No Variations]"
Add component (AddParameter): Name = "ComponentLink2Description"; Value = "Datasheet"; VariantName = "[No Variations]"
Add component (AddParameter): Name = "ComponentLink2URL"; Value = "http://industrial.panasonic.com/cdbs/www-data/pdf/RDA0000/AOA0000C86.pdf"; VariantName = "[No Variations]"
Add component (AddParameter): Name = "DatasheetVersion"; Value = "04/2015"; VariantName = "[No Variations]"
Add component (AddParameter): Name = "Height"; Value = "0.35 mm"; VariantName = "[No Variations]"
Add component (AddParameter): Name = "Length"; Value = "1 mm"; VariantName = "[No Variations]"
Add component (AddParameter): Name = "Manufacturer"; Value = "Basic Passives"; VariantName = "[No Variations]"
Add component (AddParameter): Name = "Max Operating Temperature"; Value = "155 degC"; VariantName = "[No Variations]"
Add component (AddParameter): Name = "Min Operating Temperature"; Value = "-55 degC"; VariantName = "[No Variations]"
Add component (AddParameter): Name = "Mount"; Value = "Surface Mount"; VariantName = "[No Variations]"
Add component (AddParameter): Name = "Mounting Technology"; Value = "Surface Mount"; VariantName = "[No Variations]"
Add component (AddParameter): Name = "Package Quantity"; Value = "10000"; VariantName = "[No Variations]"
Add component (AddParameter): Name = "PackageDescription"; Value = "2-Pin Surface Mount Device, Body 1 x 0.5 mm"; VariantName = "[No Variations]"
Add component (AddParameter): Name = "PackageReference"; Value = "0402"; VariantName = "[No Variations]"
Add component (AddParameter): Name = "Packaging"; Value = "Tape and Reel"; VariantName = "[No Variations]"
Add component (AddParameter): Name = "PartNumber"; Value = "ERJ-2RKF1001X"; VariantName = "[No Variations]"
Add component (AddParameter): Name = "Pins"; Value = "2"; VariantName = "[No Variations]"
Add component (AddParameter): Name = "Power Rating"; Value = "100 mW"; VariantName = "[No Variations]"
Add component (AddParameter): Name = "Radiation Hardening"; Value = "No"; VariantName = "[No Variations]"
Add component (AddParameter): Name = "REACH SVHC"; Value = "Yes"; VariantName = "[No Variations]"
Add component (AddParameter): Name = "Resistance"; Value = "1 KOhm"; VariantName = "[No Variations]"
Add component (AddParameter): Name = "RoHSCompliant"; Value = "true"; VariantName = "[No Variations]"
Add component (AddParameter): Name = "Tolerance"; Value = "1%"; VariantName = "[No Variations]"
Add component (AddParameter): Name = "Voltage Rating"; Value = "50 V"; VariantName = "[No Variations]"
Add component (AddParameter): Name = "Width"; Value = "0.5 mm"; VariantName = "[No Variations]"
Added Component: Designator=R17_SellSensor16(RESC1005X40X25NL05T05)
Add component (AddParameter): Name = "Case Code (Imperial)"; Value = "0402"; VariantName = "[No Variations]"
Add component (AddParameter): Name = "Case Code (Metric)"; Value = "1005"; VariantName = "[No Variations]"
Add component (AddParameter): Name = "Case\/Package"; Value = "0402"; VariantName = "[No Variations]"
Add component (AddParameter): Name = "ComponentLink1Description"; Value = "Manufacturer URL"; VariantName = "[No Variations]"
Add component (AddParameter): Name = "ComponentLink1URL"; Value = "http://www.panasonic.com/"; VariantName = "[No Variations]"
Add component (AddParameter): Name = "ComponentLink2Description"; Value = "Datasheet"; VariantName = "[No Variations]"
Add component (AddParameter): Name = "ComponentLink2URL"; Value = "http://industrial.panasonic.com/cdbs/www-data/pdf/RDA0000/AOA0000C86.pdf"; VariantName = "[No Variations]"
Add component (AddParameter): Name = "DatasheetVersion"; Value = "04/2015"; VariantName = "[No Variations]"
Add component (AddParameter): Name = "Height"; Value = "0.35 mm"; VariantName = "[No Variations]"
Add component (AddParameter): Name = "Length"; Value = "1 mm"; VariantName = "[No Variations]"
Add component (AddParameter): Name = "Manufacturer"; Value = "Basic Passives"; VariantName = "[No Variations]"
Add component (AddParameter): Name = "Max Operating Temperature"; Value = "155 degC"; VariantName = "[No Variations]"
Add component (AddParameter): Name = "Min Operating Temperature"; Value = "-55 degC"; VariantName = "[No Variations]"
Add component (AddParameter): Name = "Mount"; Value = "Surface Mount"; VariantName = "[No Variations]"
Add component (AddParameter): Name = "Mounting Technology"; Value = "Surface Mount"; VariantName = "[No Variations]"
Add component (AddParameter): Name = "Package Quantity"; Value = "10000"; VariantName = "[No Variations]"
Add component (AddParameter): Name = "PackageDescription"; Value = "2-Pin Surface Mount Device, Body 1 x 0.5 mm"; VariantName = "[No Variations]"
Add component (AddParameter): Name = "PackageReference"; Value = "0402"; VariantName = "[No Variations]"
Add component (AddParameter): Name = "Packaging"; Value = "Tape and Reel"; VariantName = "[No Variations]"
Add component (AddParameter): Name = "PartNumber"; Value = "ERJ-2RKF1001X"; VariantName = "[No Variations]"
Add component (AddParameter): Name = "Pins"; Value = "2"; VariantName = "[No Variations]"
Add component (AddParameter): Name = "Power Rating"; Value = "100 mW"; VariantName = "[No Variations]"
Add component (AddParameter): Name = "Radiation Hardening"; Value = "No"; VariantName = "[No Variations]"
Add component (AddParameter): Name = "REACH SVHC"; Value = "Yes"; VariantName = "[No Variations]"
Add component (AddParameter): Name = "Resistance"; Value = "1 KOhm"; VariantName = "[No Variations]"
Add component (AddParameter): Name = "RoHSCompliant"; Value = "true"; VariantName = "[No Variations]"
Add component (AddParameter): Name = "Tolerance"; Value = "1%"; VariantName = "[No Variations]"
Add component (AddParameter): Name = "Voltage Rating"; Value = "50 V"; VariantName = "[No Variations]"
Add component (AddParameter): Name = "Width"; Value = "0.5 mm"; VariantName = "[No Variations]"
Added Component: Designator=R17_SellSensor17(RESC1005X40X25NL05T05)
Add component (AddParameter): Name = "Case Code (Imperial)"; Value = "0402"; VariantName = "[No Variations]"
Add component (AddParameter): Name = "Case Code (Metric)"; Value = "1005"; VariantName = "[No Variations]"
Add component (AddParameter): Name = "Case\/Package"; Value = "0402"; VariantName = "[No Variations]"
Add component (AddParameter): Name = "ComponentLink1Description"; Value = "Manufacturer URL"; VariantName = "[No Variations]"
Add component (AddParameter): Name = "ComponentLink1URL"; Value = "http://www.panasonic.com/"; VariantName = "[No Variations]"
Add component (AddParameter): Name = "ComponentLink2Description"; Value = "Datasheet"; VariantName = "[No Variations]"
Add component (AddParameter): Name = "ComponentLink2URL"; Value = "http://industrial.panasonic.com/cdbs/www-data/pdf/RDA0000/AOA0000C86.pdf"; VariantName = "[No Variations]"
Add component (AddParameter): Name = "DatasheetVersion"; Value = "04/2015"; VariantName = "[No Variations]"
Add component (AddParameter): Name = "Height"; Value = "0.35 mm"; VariantName = "[No Variations]"
Add component (AddParameter): Name = "Length"; Value = "1 mm"; VariantName = "[No Variations]"
Add component (AddParameter): Name = "Manufacturer"; Value = "Basic Passives"; VariantName = "[No Variations]"
Add component (AddParameter): Name = "Max Operating Temperature"; Value = "155 degC"; VariantName = "[No Variations]"
Add component (AddParameter): Name = "Min Operating Temperature"; Value = "-55 degC"; VariantName = "[No Variations]"
Add component (AddParameter): Name = "Mount"; Value = "Surface Mount"; VariantName = "[No Variations]"
Add component (AddParameter): Name = "Mounting Technology"; Value = "Surface Mount"; VariantName = "[No Variations]"
Add component (AddParameter): Name = "Package Quantity"; Value = "10000"; VariantName = "[No Variations]"
Add component (AddParameter): Name = "PackageDescription"; Value = "2-Pin Surface Mount Device, Body 1 x 0.5 mm"; VariantName = "[No Variations]"
Add component (AddParameter): Name = "PackageReference"; Value = "0402"; VariantName = "[No Variations]"
Add component (AddParameter): Name = "Packaging"; Value = "Tape and Reel"; VariantName = "[No Variations]"
Add component (AddParameter): Name = "PartNumber"; Value = "ERJ-2RKF1001X"; VariantName = "[No Variations]"
Add component (AddParameter): Name = "Pins"; Value = "2"; VariantName = "[No Variations]"
Add component (AddParameter): Name = "Power Rating"; Value = "100 mW"; VariantName = "[No Variations]"
Add component (AddParameter): Name = "Radiation Hardening"; Value = "No"; VariantName = "[No Variations]"
Add component (AddParameter): Name = "REACH SVHC"; Value = "Yes"; VariantName = "[No Variations]"
Add component (AddParameter): Name = "Resistance"; Value = "1 KOhm"; VariantName = "[No Variations]"
Add component (AddParameter): Name = "RoHSCompliant"; Value = "true"; VariantName = "[No Variations]"
Add component (AddParameter): Name = "Tolerance"; Value = "1%"; VariantName = "[No Variations]"
Add component (AddParameter): Name = "Voltage Rating"; Value = "50 V"; VariantName = "[No Variations]"
Add component (AddParameter): Name = "Width"; Value = "0.5 mm"; VariantName = "[No Variations]"
Added Component: Designator=R17_SellSensor18(RESC1005X40X25NL05T05)
Add component (AddParameter): Name = "Case Code (Imperial)"; Value = "0402"; VariantName = "[No Variations]"
Add component (AddParameter): Name = "Case Code (Metric)"; Value = "1005"; VariantName = "[No Variations]"
Add component (AddParameter): Name = "Case\/Package"; Value = "0402"; VariantName = "[No Variations]"
Add component (AddParameter): Name = "ComponentLink1Description"; Value = "Manufacturer URL"; VariantName = "[No Variations]"
Add component (AddParameter): Name = "ComponentLink1URL"; Value = "http://www.panasonic.com/"; VariantName = "[No Variations]"
Add component (AddParameter): Name = "ComponentLink2Description"; Value = "Datasheet"; VariantName = "[No Variations]"
Add component (AddParameter): Name = "ComponentLink2URL"; Value = "http://industrial.panasonic.com/cdbs/www-data/pdf/RDA0000/AOA0000C86.pdf"; VariantName = "[No Variations]"
Add component (AddParameter): Name = "DatasheetVersion"; Value = "04/2015"; VariantName = "[No Variations]"
Add component (AddParameter): Name = "Height"; Value = "0.35 mm"; VariantName = "[No Variations]"
Add component (AddParameter): Name = "Length"; Value = "1 mm"; VariantName = "[No Variations]"
Add component (AddParameter): Name = "Manufacturer"; Value = "Basic Passives"; VariantName = "[No Variations]"
Add component (AddParameter): Name = "Max Operating Temperature"; Value = "155 degC"; VariantName = "[No Variations]"
Add component (AddParameter): Name = "Min Operating Temperature"; Value = "-55 degC"; VariantName = "[No Variations]"
Add component (AddParameter): Name = "Mount"; Value = "Surface Mount"; VariantName = "[No Variations]"
Add component (AddParameter): Name = "Mounting Technology"; Value = "Surface Mount"; VariantName = "[No Variations]"
Add component (AddParameter): Name = "Package Quantity"; Value = "10000"; VariantName = "[No Variations]"
Add component (AddParameter): Name = "PackageDescription"; Value = "2-Pin Surface Mount Device, Body 1 x 0.5 mm"; VariantName = "[No Variations]"
Add component (AddParameter): Name = "PackageReference"; Value = "0402"; VariantName = "[No Variations]"
Add component (AddParameter): Name = "Packaging"; Value = "Tape and Reel"; VariantName = "[No Variations]"
Add component (AddParameter): Name = "PartNumber"; Value = "ERJ-2RKF1001X"; VariantName = "[No Variations]"
Add component (AddParameter): Name = "Pins"; Value = "2"; VariantName = "[No Variations]"
Add component (AddParameter): Name = "Power Rating"; Value = "100 mW"; VariantName = "[No Variations]"
Add component (AddParameter): Name = "Radiation Hardening"; Value = "No"; VariantName = "[No Variations]"
Add component (AddParameter): Name = "REACH SVHC"; Value = "Yes"; VariantName = "[No Variations]"
Add component (AddParameter): Name = "Resistance"; Value = "1 KOhm"; VariantName = "[No Variations]"
Add component (AddParameter): Name = "RoHSCompliant"; Value = "true"; VariantName = "[No Variations]"
Add component (AddParameter): Name = "Tolerance"; Value = "1%"; VariantName = "[No Variations]"
Add component (AddParameter): Name = "Voltage Rating"; Value = "50 V"; VariantName = "[No Variations]"
Add component (AddParameter): Name = "Width"; Value = "0.5 mm"; VariantName = "[No Variations]"
Added Component: Designator=R17_SellSensor19(RESC1005X40X25NL05T05)
Add component (AddParameter): Name = "Case Code (Imperial)"; Value = "0402"; VariantName = "[No Variations]"
Add component (AddParameter): Name = "Case Code (Metric)"; Value = "1005"; VariantName = "[No Variations]"
Add component (AddParameter): Name = "Case\/Package"; Value = "0402"; VariantName = "[No Variations]"
Add component (AddParameter): Name = "ComponentLink1Description"; Value = "Manufacturer URL"; VariantName = "[No Variations]"
Add component (AddParameter): Name = "ComponentLink1URL"; Value = "http://www.panasonic.com/"; VariantName = "[No Variations]"
Add component (AddParameter): Name = "ComponentLink2Description"; Value = "Datasheet"; VariantName = "[No Variations]"
Add component (AddParameter): Name = "ComponentLink2URL"; Value = "http://industrial.panasonic.com/cdbs/www-data/pdf/RDA0000/AOA0000C86.pdf"; VariantName = "[No Variations]"
Add component (AddParameter): Name = "DatasheetVersion"; Value = "04/2015"; VariantName = "[No Variations]"
Add component (AddParameter): Name = "Height"; Value = "0.35 mm"; VariantName = "[No Variations]"
Add component (AddParameter): Name = "Length"; Value = "1 mm"; VariantName = "[No Variations]"
Add component (AddParameter): Name = "Manufacturer"; Value = "Basic Passives"; VariantName = "[No Variations]"
Add component (AddParameter): Name = "Max Operating Temperature"; Value = "155 degC"; VariantName = "[No Variations]"
Add component (AddParameter): Name = "Min Operating Temperature"; Value = "-55 degC"; VariantName = "[No Variations]"
Add component (AddParameter): Name = "Mount"; Value = "Surface Mount"; VariantName = "[No Variations]"
Add component (AddParameter): Name = "Mounting Technology"; Value = "Surface Mount"; VariantName = "[No Variations]"
Add component (AddParameter): Name = "Package Quantity"; Value = "10000"; VariantName = "[No Variations]"
Add component (AddParameter): Name = "PackageDescription"; Value = "2-Pin Surface Mount Device, Body 1 x 0.5 mm"; VariantName = "[No Variations]"
Add component (AddParameter): Name = "PackageReference"; Value = "0402"; VariantName = "[No Variations]"
Add component (AddParameter): Name = "Packaging"; Value = "Tape and Reel"; VariantName = "[No Variations]"
Add component (AddParameter): Name = "PartNumber"; Value = "ERJ-2RKF1001X"; VariantName = "[No Variations]"
Add component (AddParameter): Name = "Pins"; Value = "2"; VariantName = "[No Variations]"
Add component (AddParameter): Name = "Power Rating"; Value = "100 mW"; VariantName = "[No Variations]"
Add component (AddParameter): Name = "Radiation Hardening"; Value = "No"; VariantName = "[No Variations]"
Add component (AddParameter): Name = "REACH SVHC"; Value = "Yes"; VariantName = "[No Variations]"
Add component (AddParameter): Name = "Resistance"; Value = "1 KOhm"; VariantName = "[No Variations]"
Add component (AddParameter): Name = "RoHSCompliant"; Value = "true"; VariantName = "[No Variations]"
Add component (AddParameter): Name = "Tolerance"; Value = "1%"; VariantName = "[No Variations]"
Add component (AddParameter): Name = "Voltage Rating"; Value = "50 V"; VariantName = "[No Variations]"
Add component (AddParameter): Name = "Width"; Value = "0.5 mm"; VariantName = "[No Variations]"
Added Component: Designator=R17_SellSensor20(RESC1005X40X25NL05T05)
Add component (AddParameter): Name = "Case Code (Imperial)"; Value = "0402"; VariantName = "[No Variations]"
Add component (AddParameter): Name = "Case Code (Metric)"; Value = "1005"; VariantName = "[No Variations]"
Add component (AddParameter): Name = "Case\/Package"; Value = "0402"; VariantName = "[No Variations]"
Add component (AddParameter): Name = "ComponentLink1Description"; Value = "Manufacturer URL"; VariantName = "[No Variations]"
Add component (AddParameter): Name = "ComponentLink1URL"; Value = "http://www.panasonic.com/"; VariantName = "[No Variations]"
Add component (AddParameter): Name = "ComponentLink2Description"; Value = "Datasheet"; VariantName = "[No Variations]"
Add component (AddParameter): Name = "ComponentLink2URL"; Value = "http://industrial.panasonic.com/cdbs/www-data/pdf/RDA0000/AOA0000C86.pdf"; VariantName = "[No Variations]"
Add component (AddParameter): Name = "DatasheetVersion"; Value = "04/2015"; VariantName = "[No Variations]"
Add component (AddParameter): Name = "Height"; Value = "0.35 mm"; VariantName = "[No Variations]"
Add component (AddParameter): Name = "Length"; Value = "1 mm"; VariantName = "[No Variations]"
Add component (AddParameter): Name = "Manufacturer"; Value = "Basic Passives"; VariantName = "[No Variations]"
Add component (AddParameter): Name = "Max Operating Temperature"; Value = "155 degC"; VariantName = "[No Variations]"
Add component (AddParameter): Name = "Min Operating Temperature"; Value = "-55 degC"; VariantName = "[No Variations]"
Add component (AddParameter): Name = "Mount"; Value = "Surface Mount"; VariantName = "[No Variations]"
Add component (AddParameter): Name = "Mounting Technology"; Value = "Surface Mount"; VariantName = "[No Variations]"
Add component (AddParameter): Name = "Package Quantity"; Value = "10000"; VariantName = "[No Variations]"
Add component (AddParameter): Name = "PackageDescription"; Value = "2-Pin Surface Mount Device, Body 1 x 0.5 mm"; VariantName = "[No Variations]"
Add component (AddParameter): Name = "PackageReference"; Value = "0402"; VariantName = "[No Variations]"
Add component (AddParameter): Name = "Packaging"; Value = "Tape and Reel"; VariantName = "[No Variations]"
Add component (AddParameter): Name = "PartNumber"; Value = "ERJ-2RKF1001X"; VariantName = "[No Variations]"
Add component (AddParameter): Name = "Pins"; Value = "2"; VariantName = "[No Variations]"
Add component (AddParameter): Name = "Power Rating"; Value = "100 mW"; VariantName = "[No Variations]"
Add component (AddParameter): Name = "Radiation Hardening"; Value = "No"; VariantName = "[No Variations]"
Add component (AddParameter): Name = "REACH SVHC"; Value = "Yes"; VariantName = "[No Variations]"
Add component (AddParameter): Name = "Resistance"; Value = "1 KOhm"; VariantName = "[No Variations]"
Add component (AddParameter): Name = "RoHSCompliant"; Value = "true"; VariantName = "[No Variations]"
Add component (AddParameter): Name = "Tolerance"; Value = "1%"; VariantName = "[No Variations]"
Add component (AddParameter): Name = "Voltage Rating"; Value = "50 V"; VariantName = "[No Variations]"
Add component (AddParameter): Name = "Width"; Value = "0.5 mm"; VariantName = "[No Variations]"
Added Component: Designator=R17_SellSensor21(RESC1005X40X25NL05T05)
Add component (AddParameter): Name = "Case Code (Imperial)"; Value = "0402"; VariantName = "[No Variations]"
Add component (AddParameter): Name = "Case Code (Metric)"; Value = "1005"; VariantName = "[No Variations]"
Add component (AddParameter): Name = "Case\/Package"; Value = "0402"; VariantName = "[No Variations]"
Add component (AddParameter): Name = "ComponentLink1Description"; Value = "Manufacturer URL"; VariantName = "[No Variations]"
Add component (AddParameter): Name = "ComponentLink1URL"; Value = "http://www.panasonic.com/"; VariantName = "[No Variations]"
Add component (AddParameter): Name = "ComponentLink2Description"; Value = "Datasheet"; VariantName = "[No Variations]"
Add component (AddParameter): Name = "ComponentLink2URL"; Value = "http://industrial.panasonic.com/cdbs/www-data/pdf/RDA0000/AOA0000C86.pdf"; VariantName = "[No Variations]"
Add component (AddParameter): Name = "DatasheetVersion"; Value = "04/2015"; VariantName = "[No Variations]"
Add component (AddParameter): Name = "Height"; Value = "0.35 mm"; VariantName = "[No Variations]"
Add component (AddParameter): Name = "Length"; Value = "1 mm"; VariantName = "[No Variations]"
Add component (AddParameter): Name = "Manufacturer"; Value = "Basic Passives"; VariantName = "[No Variations]"
Add component (AddParameter): Name = "Max Operating Temperature"; Value = "155 degC"; VariantName = "[No Variations]"
Add component (AddParameter): Name = "Min Operating Temperature"; Value = "-55 degC"; VariantName = "[No Variations]"
Add component (AddParameter): Name = "Mount"; Value = "Surface Mount"; VariantName = "[No Variations]"
Add component (AddParameter): Name = "Mounting Technology"; Value = "Surface Mount"; VariantName = "[No Variations]"
Add component (AddParameter): Name = "Package Quantity"; Value = "10000"; VariantName = "[No Variations]"
Add component (AddParameter): Name = "PackageDescription"; Value = "2-Pin Surface Mount Device, Body 1 x 0.5 mm"; VariantName = "[No Variations]"
Add component (AddParameter): Name = "PackageReference"; Value = "0402"; VariantName = "[No Variations]"
Add component (AddParameter): Name = "Packaging"; Value = "Tape and Reel"; VariantName = "[No Variations]"
Add component (AddParameter): Name = "PartNumber"; Value = "ERJ-2RKF1001X"; VariantName = "[No Variations]"
Add component (AddParameter): Name = "Pins"; Value = "2"; VariantName = "[No Variations]"
Add component (AddParameter): Name = "Power Rating"; Value = "100 mW"; VariantName = "[No Variations]"
Add component (AddParameter): Name = "Radiation Hardening"; Value = "No"; VariantName = "[No Variations]"
Add component (AddParameter): Name = "REACH SVHC"; Value = "Yes"; VariantName = "[No Variations]"
Add component (AddParameter): Name = "Resistance"; Value = "1 KOhm"; VariantName = "[No Variations]"
Add component (AddParameter): Name = "RoHSCompliant"; Value = "true"; VariantName = "[No Variations]"
Add component (AddParameter): Name = "Tolerance"; Value = "1%"; VariantName = "[No Variations]"
Add component (AddParameter): Name = "Voltage Rating"; Value = "50 V"; VariantName = "[No Variations]"
Add component (AddParameter): Name = "Width"; Value = "0.5 mm"; VariantName = "[No Variations]"
Added Component: Designator=R17_SellSensor22(RESC1005X40X25NL05T05)
Add component (AddParameter): Name = "Case Code (Imperial)"; Value = "0402"; VariantName = "[No Variations]"
Add component (AddParameter): Name = "Case Code (Metric)"; Value = "1005"; VariantName = "[No Variations]"
Add component (AddParameter): Name = "Case\/Package"; Value = "0402"; VariantName = "[No Variations]"
Add component (AddParameter): Name = "ComponentLink1Description"; Value = "Manufacturer URL"; VariantName = "[No Variations]"
Add component (AddParameter): Name = "ComponentLink1URL"; Value = "http://www.panasonic.com/"; VariantName = "[No Variations]"
Add component (AddParameter): Name = "ComponentLink2Description"; Value = "Datasheet"; VariantName = "[No Variations]"
Add component (AddParameter): Name = "ComponentLink2URL"; Value = "http://industrial.panasonic.com/cdbs/www-data/pdf/RDA0000/AOA0000C86.pdf"; VariantName = "[No Variations]"
Add component (AddParameter): Name = "DatasheetVersion"; Value = "04/2015"; VariantName = "[No Variations]"
Add component (AddParameter): Name = "Height"; Value = "0.35 mm"; VariantName = "[No Variations]"
Add component (AddParameter): Name = "Length"; Value = "1 mm"; VariantName = "[No Variations]"
Add component (AddParameter): Name = "Manufacturer"; Value = "Basic Passives"; VariantName = "[No Variations]"
Add component (AddParameter): Name = "Max Operating Temperature"; Value = "155 degC"; VariantName = "[No Variations]"
Add component (AddParameter): Name = "Min Operating Temperature"; Value = "-55 degC"; VariantName = "[No Variations]"
Add component (AddParameter): Name = "Mount"; Value = "Surface Mount"; VariantName = "[No Variations]"
Add component (AddParameter): Name = "Mounting Technology"; Value = "Surface Mount"; VariantName = "[No Variations]"
Add component (AddParameter): Name = "Package Quantity"; Value = "10000"; VariantName = "[No Variations]"
Add component (AddParameter): Name = "PackageDescription"; Value = "2-Pin Surface Mount Device, Body 1 x 0.5 mm"; VariantName = "[No Variations]"
Add component (AddParameter): Name = "PackageReference"; Value = "0402"; VariantName = "[No Variations]"
Add component (AddParameter): Name = "Packaging"; Value = "Tape and Reel"; VariantName = "[No Variations]"
Add component (AddParameter): Name = "PartNumber"; Value = "ERJ-2RKF1001X"; VariantName = "[No Variations]"
Add component (AddParameter): Name = "Pins"; Value = "2"; VariantName = "[No Variations]"
Add component (AddParameter): Name = "Power Rating"; Value = "100 mW"; VariantName = "[No Variations]"
Add component (AddParameter): Name = "Radiation Hardening"; Value = "No"; VariantName = "[No Variations]"
Add component (AddParameter): Name = "REACH SVHC"; Value = "Yes"; VariantName = "[No Variations]"
Add component (AddParameter): Name = "Resistance"; Value = "1 KOhm"; VariantName = "[No Variations]"
Add component (AddParameter): Name = "RoHSCompliant"; Value = "true"; VariantName = "[No Variations]"
Add component (AddParameter): Name = "Tolerance"; Value = "1%"; VariantName = "[No Variations]"
Add component (AddParameter): Name = "Voltage Rating"; Value = "50 V"; VariantName = "[No Variations]"
Add component (AddParameter): Name = "Width"; Value = "0.5 mm"; VariantName = "[No Variations]"
Added Component: Designator=R17_SellSensor23(RESC1005X40X25NL05T05)
Add component (AddParameter): Name = "Case Code (Imperial)"; Value = "0402"; VariantName = "[No Variations]"
Add component (AddParameter): Name = "Case Code (Metric)"; Value = "1005"; VariantName = "[No Variations]"
Add component (AddParameter): Name = "Case\/Package"; Value = "0402"; VariantName = "[No Variations]"
Add component (AddParameter): Name = "ComponentLink1Description"; Value = "Manufacturer URL"; VariantName = "[No Variations]"
Add component (AddParameter): Name = "ComponentLink1URL"; Value = "http://www.panasonic.com/"; VariantName = "[No Variations]"
Add component (AddParameter): Name = "ComponentLink2Description"; Value = "Datasheet"; VariantName = "[No Variations]"
Add component (AddParameter): Name = "ComponentLink2URL"; Value = "http://industrial.panasonic.com/cdbs/www-data/pdf/RDA0000/AOA0000C86.pdf"; VariantName = "[No Variations]"
Add component (AddParameter): Name = "DatasheetVersion"; Value = "04/2015"; VariantName = "[No Variations]"
Add component (AddParameter): Name = "Height"; Value = "0.35 mm"; VariantName = "[No Variations]"
Add component (AddParameter): Name = "Length"; Value = "1 mm"; VariantName = "[No Variations]"
Add component (AddParameter): Name = "Manufacturer"; Value = "Basic Passives"; VariantName = "[No Variations]"
Add component (AddParameter): Name = "Max Operating Temperature"; Value = "155 degC"; VariantName = "[No Variations]"
Add component (AddParameter): Name = "Min Operating Temperature"; Value = "-55 degC"; VariantName = "[No Variations]"
Add component (AddParameter): Name = "Mount"; Value = "Surface Mount"; VariantName = "[No Variations]"
Add component (AddParameter): Name = "Mounting Technology"; Value = "Surface Mount"; VariantName = "[No Variations]"
Add component (AddParameter): Name = "Package Quantity"; Value = "10000"; VariantName = "[No Variations]"
Add component (AddParameter): Name = "PackageDescription"; Value = "2-Pin Surface Mount Device, Body 1 x 0.5 mm"; VariantName = "[No Variations]"
Add component (AddParameter): Name = "PackageReference"; Value = "0402"; VariantName = "[No Variations]"
Add component (AddParameter): Name = "Packaging"; Value = "Tape and Reel"; VariantName = "[No Variations]"
Add component (AddParameter): Name = "PartNumber"; Value = "ERJ-2RKF1001X"; VariantName = "[No Variations]"
Add component (AddParameter): Name = "Pins"; Value = "2"; VariantName = "[No Variations]"
Add component (AddParameter): Name = "Power Rating"; Value = "100 mW"; VariantName = "[No Variations]"
Add component (AddParameter): Name = "Radiation Hardening"; Value = "No"; VariantName = "[No Variations]"
Add component (AddParameter): Name = "REACH SVHC"; Value = "Yes"; VariantName = "[No Variations]"
Add component (AddParameter): Name = "Resistance"; Value = "1 KOhm"; VariantName = "[No Variations]"
Add component (AddParameter): Name = "RoHSCompliant"; Value = "true"; VariantName = "[No Variations]"
Add component (AddParameter): Name = "Tolerance"; Value = "1%"; VariantName = "[No Variations]"
Add component (AddParameter): Name = "Voltage Rating"; Value = "50 V"; VariantName = "[No Variations]"
Add component (AddParameter): Name = "Width"; Value = "0.5 mm"; VariantName = "[No Variations]"
Added Component: Designator=R18_SellSensor1(RESC1005X40X25LL05T05)
Add component (AddParameter): Name = "Case Code (Imperial)"; Value = "0402"; VariantName = "[No Variations]"
Add component (AddParameter): Name = "Case Code (Metric)"; Value = "1005"; VariantName = "[No Variations]"
Add component (AddParameter): Name = "Case\/Package"; Value = "0402"; VariantName = "[No Variations]"
Add component (AddParameter): Name = "ComponentLink1Description"; Value = "Manufacturer URL"; VariantName = "[No Variations]"
Add component (AddParameter): Name = "ComponentLink1URL"; Value = "http://www.panasonic.com/"; VariantName = "[No Variations]"
Add component (AddParameter): Name = "ComponentLink2Description"; Value = "Datasheet"; VariantName = "[No Variations]"
Add component (AddParameter): Name = "ComponentLink2URL"; Value = "http://industrial.panasonic.com/cdbs/www-data/pdf/RDA0000/AOA0000C86.pdf"; VariantName = "[No Variations]"
Add component (AddParameter): Name = "DatasheetVersion"; Value = "04/2015"; VariantName = "[No Variations]"
Add component (AddParameter): Name = "Height"; Value = "0.35 mm"; VariantName = "[No Variations]"
Add component (AddParameter): Name = "Length"; Value = "1 mm"; VariantName = "[No Variations]"
Add component (AddParameter): Name = "Manufacturer"; Value = "Basic Passives"; VariantName = "[No Variations]"
Add component (AddParameter): Name = "Max Operating Temperature"; Value = "155 degC"; VariantName = "[No Variations]"
Add component (AddParameter): Name = "Min Operating Temperature"; Value = "-55 degC"; VariantName = "[No Variations]"
Add component (AddParameter): Name = "Mount"; Value = "Surface Mount"; VariantName = "[No Variations]"
Add component (AddParameter): Name = "Mounting Technology"; Value = "Surface Mount"; VariantName = "[No Variations]"
Add component (AddParameter): Name = "Package Quantity"; Value = "10000"; VariantName = "[No Variations]"
Add component (AddParameter): Name = "PackageDescription"; Value = "2-Pin Surface Mount Device, Body 1 x 0.5 mm"; VariantName = "[No Variations]"
Add component (AddParameter): Name = "PackageReference"; Value = "0402"; VariantName = "[No Variations]"
Add component (AddParameter): Name = "Packaging"; Value = "Tape and Reel"; VariantName = "[No Variations]"
Add component (AddParameter): Name = "PartNumber"; Value = "ERJ-2RKF1000X"; VariantName = "[No Variations]"
Add component (AddParameter): Name = "Pins"; Value = "2"; VariantName = "[No Variations]"
Add component (AddParameter): Name = "Power Rating"; Value = "100 mW"; VariantName = "[No Variations]"
Add component (AddParameter): Name = "Radiation Hardening"; Value = "No"; VariantName = "[No Variations]"
Add component (AddParameter): Name = "REACH SVHC"; Value = "Yes"; VariantName = "[No Variations]"
Add component (AddParameter): Name = "Resistance"; Value = "100 Ohm"; VariantName = "[No Variations]"
Add component (AddParameter): Name = "RoHSCompliant"; Value = "true"; VariantName = "[No Variations]"
Add component (AddParameter): Name = "Tolerance"; Value = "1%"; VariantName = "[No Variations]"
Add component (AddParameter): Name = "Voltage Rating"; Value = "50 V"; VariantName = "[No Variations]"
Add component (AddParameter): Name = "Width"; Value = "0.5 mm"; VariantName = "[No Variations]"
Added Component: Designator=R18_SellSensor2(RESC1005X40X25LL05T05)
Add component (AddParameter): Name = "Case Code (Imperial)"; Value = "0402"; VariantName = "[No Variations]"
Add component (AddParameter): Name = "Case Code (Metric)"; Value = "1005"; VariantName = "[No Variations]"
Add component (AddParameter): Name = "Case\/Package"; Value = "0402"; VariantName = "[No Variations]"
Add component (AddParameter): Name = "ComponentLink1Description"; Value = "Manufacturer URL"; VariantName = "[No Variations]"
Add component (AddParameter): Name = "ComponentLink1URL"; Value = "http://www.panasonic.com/"; VariantName = "[No Variations]"
Add component (AddParameter): Name = "ComponentLink2Description"; Value = "Datasheet"; VariantName = "[No Variations]"
Add component (AddParameter): Name = "ComponentLink2URL"; Value = "http://industrial.panasonic.com/cdbs/www-data/pdf/RDA0000/AOA0000C86.pdf"; VariantName = "[No Variations]"
Add component (AddParameter): Name = "DatasheetVersion"; Value = "04/2015"; VariantName = "[No Variations]"
Add component (AddParameter): Name = "Height"; Value = "0.35 mm"; VariantName = "[No Variations]"
Add component (AddParameter): Name = "Length"; Value = "1 mm"; VariantName = "[No Variations]"
Add component (AddParameter): Name = "Manufacturer"; Value = "Basic Passives"; VariantName = "[No Variations]"
Add component (AddParameter): Name = "Max Operating Temperature"; Value = "155 degC"; VariantName = "[No Variations]"
Add component (AddParameter): Name = "Min Operating Temperature"; Value = "-55 degC"; VariantName = "[No Variations]"
Add component (AddParameter): Name = "Mount"; Value = "Surface Mount"; VariantName = "[No Variations]"
Add component (AddParameter): Name = "Mounting Technology"; Value = "Surface Mount"; VariantName = "[No Variations]"
Add component (AddParameter): Name = "Package Quantity"; Value = "10000"; VariantName = "[No Variations]"
Add component (AddParameter): Name = "PackageDescription"; Value = "2-Pin Surface Mount Device, Body 1 x 0.5 mm"; VariantName = "[No Variations]"
Add component (AddParameter): Name = "PackageReference"; Value = "0402"; VariantName = "[No Variations]"
Add component (AddParameter): Name = "Packaging"; Value = "Tape and Reel"; VariantName = "[No Variations]"
Add component (AddParameter): Name = "PartNumber"; Value = "ERJ-2RKF1000X"; VariantName = "[No Variations]"
Add component (AddParameter): Name = "Pins"; Value = "2"; VariantName = "[No Variations]"
Add component (AddParameter): Name = "Power Rating"; Value = "100 mW"; VariantName = "[No Variations]"
Add component (AddParameter): Name = "Radiation Hardening"; Value = "No"; VariantName = "[No Variations]"
Add component (AddParameter): Name = "REACH SVHC"; Value = "Yes"; VariantName = "[No Variations]"
Add component (AddParameter): Name = "Resistance"; Value = "100 Ohm"; VariantName = "[No Variations]"
Add component (AddParameter): Name = "RoHSCompliant"; Value = "true"; VariantName = "[No Variations]"
Add component (AddParameter): Name = "Tolerance"; Value = "1%"; VariantName = "[No Variations]"
Add component (AddParameter): Name = "Voltage Rating"; Value = "50 V"; VariantName = "[No Variations]"
Add component (AddParameter): Name = "Width"; Value = "0.5 mm"; VariantName = "[No Variations]"
Added Component: Designator=R18_SellSensor3(RESC1005X40X25LL05T05)
Add component (AddParameter): Name = "Case Code (Imperial)"; Value = "0402"; VariantName = "[No Variations]"
Add component (AddParameter): Name = "Case Code (Metric)"; Value = "1005"; VariantName = "[No Variations]"
Add component (AddParameter): Name = "Case\/Package"; Value = "0402"; VariantName = "[No Variations]"
Add component (AddParameter): Name = "ComponentLink1Description"; Value = "Manufacturer URL"; VariantName = "[No Variations]"
Add component (AddParameter): Name = "ComponentLink1URL"; Value = "http://www.panasonic.com/"; VariantName = "[No Variations]"
Add component (AddParameter): Name = "ComponentLink2Description"; Value = "Datasheet"; VariantName = "[No Variations]"
Add component (AddParameter): Name = "ComponentLink2URL"; Value = "http://industrial.panasonic.com/cdbs/www-data/pdf/RDA0000/AOA0000C86.pdf"; VariantName = "[No Variations]"
Add component (AddParameter): Name = "DatasheetVersion"; Value = "04/2015"; VariantName = "[No Variations]"
Add component (AddParameter): Name = "Height"; Value = "0.35 mm"; VariantName = "[No Variations]"
Add component (AddParameter): Name = "Length"; Value = "1 mm"; VariantName = "[No Variations]"
Add component (AddParameter): Name = "Manufacturer"; Value = "Basic Passives"; VariantName = "[No Variations]"
Add component (AddParameter): Name = "Max Operating Temperature"; Value = "155 degC"; VariantName = "[No Variations]"
Add component (AddParameter): Name = "Min Operating Temperature"; Value = "-55 degC"; VariantName = "[No Variations]"
Add component (AddParameter): Name = "Mount"; Value = "Surface Mount"; VariantName = "[No Variations]"
Add component (AddParameter): Name = "Mounting Technology"; Value = "Surface Mount"; VariantName = "[No Variations]"
Add component (AddParameter): Name = "Package Quantity"; Value = "10000"; VariantName = "[No Variations]"
Add component (AddParameter): Name = "PackageDescription"; Value = "2-Pin Surface Mount Device, Body 1 x 0.5 mm"; VariantName = "[No Variations]"
Add component (AddParameter): Name = "PackageReference"; Value = "0402"; VariantName = "[No Variations]"
Add component (AddParameter): Name = "Packaging"; Value = "Tape and Reel"; VariantName = "[No Variations]"
Add component (AddParameter): Name = "PartNumber"; Value = "ERJ-2RKF1000X"; VariantName = "[No Variations]"
Add component (AddParameter): Name = "Pins"; Value = "2"; VariantName = "[No Variations]"
Add component (AddParameter): Name = "Power Rating"; Value = "100 mW"; VariantName = "[No Variations]"
Add component (AddParameter): Name = "Radiation Hardening"; Value = "No"; VariantName = "[No Variations]"
Add component (AddParameter): Name = "REACH SVHC"; Value = "Yes"; VariantName = "[No Variations]"
Add component (AddParameter): Name = "Resistance"; Value = "100 Ohm"; VariantName = "[No Variations]"
Add component (AddParameter): Name = "RoHSCompliant"; Value = "true"; VariantName = "[No Variations]"
Add component (AddParameter): Name = "Tolerance"; Value = "1%"; VariantName = "[No Variations]"
Add component (AddParameter): Name = "Voltage Rating"; Value = "50 V"; VariantName = "[No Variations]"
Add component (AddParameter): Name = "Width"; Value = "0.5 mm"; VariantName = "[No Variations]"
Added Component: Designator=R18_SellSensor4(RESC1005X40X25LL05T05)
Add component (AddParameter): Name = "Case Code (Imperial)"; Value = "0402"; VariantName = "[No Variations]"
Add component (AddParameter): Name = "Case Code (Metric)"; Value = "1005"; VariantName = "[No Variations]"
Add component (AddParameter): Name = "Case\/Package"; Value = "0402"; VariantName = "[No Variations]"
Add component (AddParameter): Name = "ComponentLink1Description"; Value = "Manufacturer URL"; VariantName = "[No Variations]"
Add component (AddParameter): Name = "ComponentLink1URL"; Value = "http://www.panasonic.com/"; VariantName = "[No Variations]"
Add component (AddParameter): Name = "ComponentLink2Description"; Value = "Datasheet"; VariantName = "[No Variations]"
Add component (AddParameter): Name = "ComponentLink2URL"; Value = "http://industrial.panasonic.com/cdbs/www-data/pdf/RDA0000/AOA0000C86.pdf"; VariantName = "[No Variations]"
Add component (AddParameter): Name = "DatasheetVersion"; Value = "04/2015"; VariantName = "[No Variations]"
Add component (AddParameter): Name = "Height"; Value = "0.35 mm"; VariantName = "[No Variations]"
Add component (AddParameter): Name = "Length"; Value = "1 mm"; VariantName = "[No Variations]"
Add component (AddParameter): Name = "Manufacturer"; Value = "Basic Passives"; VariantName = "[No Variations]"
Add component (AddParameter): Name = "Max Operating Temperature"; Value = "155 degC"; VariantName = "[No Variations]"
Add component (AddParameter): Name = "Min Operating Temperature"; Value = "-55 degC"; VariantName = "[No Variations]"
Add component (AddParameter): Name = "Mount"; Value = "Surface Mount"; VariantName = "[No Variations]"
Add component (AddParameter): Name = "Mounting Technology"; Value = "Surface Mount"; VariantName = "[No Variations]"
Add component (AddParameter): Name = "Package Quantity"; Value = "10000"; VariantName = "[No Variations]"
Add component (AddParameter): Name = "PackageDescription"; Value = "2-Pin Surface Mount Device, Body 1 x 0.5 mm"; VariantName = "[No Variations]"
Add component (AddParameter): Name = "PackageReference"; Value = "0402"; VariantName = "[No Variations]"
Add component (AddParameter): Name = "Packaging"; Value = "Tape and Reel"; VariantName = "[No Variations]"
Add component (AddParameter): Name = "PartNumber"; Value = "ERJ-2RKF1000X"; VariantName = "[No Variations]"
Add component (AddParameter): Name = "Pins"; Value = "2"; VariantName = "[No Variations]"
Add component (AddParameter): Name = "Power Rating"; Value = "100 mW"; VariantName = "[No Variations]"
Add component (AddParameter): Name = "Radiation Hardening"; Value = "No"; VariantName = "[No Variations]"
Add component (AddParameter): Name = "REACH SVHC"; Value = "Yes"; VariantName = "[No Variations]"
Add component (AddParameter): Name = "Resistance"; Value = "100 Ohm"; VariantName = "[No Variations]"
Add component (AddParameter): Name = "RoHSCompliant"; Value = "true"; VariantName = "[No Variations]"
Add component (AddParameter): Name = "Tolerance"; Value = "1%"; VariantName = "[No Variations]"
Add component (AddParameter): Name = "Voltage Rating"; Value = "50 V"; VariantName = "[No Variations]"
Add component (AddParameter): Name = "Width"; Value = "0.5 mm"; VariantName = "[No Variations]"
Added Component: Designator=R18_SellSensor5(RESC1005X40X25LL05T05)
Add component (AddParameter): Name = "Case Code (Imperial)"; Value = "0402"; VariantName = "[No Variations]"
Add component (AddParameter): Name = "Case Code (Metric)"; Value = "1005"; VariantName = "[No Variations]"
Add component (AddParameter): Name = "Case\/Package"; Value = "0402"; VariantName = "[No Variations]"
Add component (AddParameter): Name = "ComponentLink1Description"; Value = "Manufacturer URL"; VariantName = "[No Variations]"
Add component (AddParameter): Name = "ComponentLink1URL"; Value = "http://www.panasonic.com/"; VariantName = "[No Variations]"
Add component (AddParameter): Name = "ComponentLink2Description"; Value = "Datasheet"; VariantName = "[No Variations]"
Add component (AddParameter): Name = "ComponentLink2URL"; Value = "http://industrial.panasonic.com/cdbs/www-data/pdf/RDA0000/AOA0000C86.pdf"; VariantName = "[No Variations]"
Add component (AddParameter): Name = "DatasheetVersion"; Value = "04/2015"; VariantName = "[No Variations]"
Add component (AddParameter): Name = "Height"; Value = "0.35 mm"; VariantName = "[No Variations]"
Add component (AddParameter): Name = "Length"; Value = "1 mm"; VariantName = "[No Variations]"
Add component (AddParameter): Name = "Manufacturer"; Value = "Basic Passives"; VariantName = "[No Variations]"
Add component (AddParameter): Name = "Max Operating Temperature"; Value = "155 degC"; VariantName = "[No Variations]"
Add component (AddParameter): Name = "Min Operating Temperature"; Value = "-55 degC"; VariantName = "[No Variations]"
Add component (AddParameter): Name = "Mount"; Value = "Surface Mount"; VariantName = "[No Variations]"
Add component (AddParameter): Name = "Mounting Technology"; Value = "Surface Mount"; VariantName = "[No Variations]"
Add component (AddParameter): Name = "Package Quantity"; Value = "10000"; VariantName = "[No Variations]"
Add component (AddParameter): Name = "PackageDescription"; Value = "2-Pin Surface Mount Device, Body 1 x 0.5 mm"; VariantName = "[No Variations]"
Add component (AddParameter): Name = "PackageReference"; Value = "0402"; VariantName = "[No Variations]"
Add component (AddParameter): Name = "Packaging"; Value = "Tape and Reel"; VariantName = "[No Variations]"
Add component (AddParameter): Name = "PartNumber"; Value = "ERJ-2RKF1000X"; VariantName = "[No Variations]"
Add component (AddParameter): Name = "Pins"; Value = "2"; VariantName = "[No Variations]"
Add component (AddParameter): Name = "Power Rating"; Value = "100 mW"; VariantName = "[No Variations]"
Add component (AddParameter): Name = "Radiation Hardening"; Value = "No"; VariantName = "[No Variations]"
Add component (AddParameter): Name = "REACH SVHC"; Value = "Yes"; VariantName = "[No Variations]"
Add component (AddParameter): Name = "Resistance"; Value = "100 Ohm"; VariantName = "[No Variations]"
Add component (AddParameter): Name = "RoHSCompliant"; Value = "true"; VariantName = "[No Variations]"
Add component (AddParameter): Name = "Tolerance"; Value = "1%"; VariantName = "[No Variations]"
Add component (AddParameter): Name = "Voltage Rating"; Value = "50 V"; VariantName = "[No Variations]"
Add component (AddParameter): Name = "Width"; Value = "0.5 mm"; VariantName = "[No Variations]"
Added Component: Designator=R18_SellSensor6(RESC1005X40X25LL05T05)
Add component (AddParameter): Name = "Case Code (Imperial)"; Value = "0402"; VariantName = "[No Variations]"
Add component (AddParameter): Name = "Case Code (Metric)"; Value = "1005"; VariantName = "[No Variations]"
Add component (AddParameter): Name = "Case\/Package"; Value = "0402"; VariantName = "[No Variations]"
Add component (AddParameter): Name = "ComponentLink1Description"; Value = "Manufacturer URL"; VariantName = "[No Variations]"
Add component (AddParameter): Name = "ComponentLink1URL"; Value = "http://www.panasonic.com/"; VariantName = "[No Variations]"
Add component (AddParameter): Name = "ComponentLink2Description"; Value = "Datasheet"; VariantName = "[No Variations]"
Add component (AddParameter): Name = "ComponentLink2URL"; Value = "http://industrial.panasonic.com/cdbs/www-data/pdf/RDA0000/AOA0000C86.pdf"; VariantName = "[No Variations]"
Add component (AddParameter): Name = "DatasheetVersion"; Value = "04/2015"; VariantName = "[No Variations]"
Add component (AddParameter): Name = "Height"; Value = "0.35 mm"; VariantName = "[No Variations]"
Add component (AddParameter): Name = "Length"; Value = "1 mm"; VariantName = "[No Variations]"
Add component (AddParameter): Name = "Manufacturer"; Value = "Basic Passives"; VariantName = "[No Variations]"
Add component (AddParameter): Name = "Max Operating Temperature"; Value = "155 degC"; VariantName = "[No Variations]"
Add component (AddParameter): Name = "Min Operating Temperature"; Value = "-55 degC"; VariantName = "[No Variations]"
Add component (AddParameter): Name = "Mount"; Value = "Surface Mount"; VariantName = "[No Variations]"
Add component (AddParameter): Name = "Mounting Technology"; Value = "Surface Mount"; VariantName = "[No Variations]"
Add component (AddParameter): Name = "Package Quantity"; Value = "10000"; VariantName = "[No Variations]"
Add component (AddParameter): Name = "PackageDescription"; Value = "2-Pin Surface Mount Device, Body 1 x 0.5 mm"; VariantName = "[No Variations]"
Add component (AddParameter): Name = "PackageReference"; Value = "0402"; VariantName = "[No Variations]"
Add component (AddParameter): Name = "Packaging"; Value = "Tape and Reel"; VariantName = "[No Variations]"
Add component (AddParameter): Name = "PartNumber"; Value = "ERJ-2RKF1000X"; VariantName = "[No Variations]"
Add component (AddParameter): Name = "Pins"; Value = "2"; VariantName = "[No Variations]"
Add component (AddParameter): Name = "Power Rating"; Value = "100 mW"; VariantName = "[No Variations]"
Add component (AddParameter): Name = "Radiation Hardening"; Value = "No"; VariantName = "[No Variations]"
Add component (AddParameter): Name = "REACH SVHC"; Value = "Yes"; VariantName = "[No Variations]"
Add component (AddParameter): Name = "Resistance"; Value = "100 Ohm"; VariantName = "[No Variations]"
Add component (AddParameter): Name = "RoHSCompliant"; Value = "true"; VariantName = "[No Variations]"
Add component (AddParameter): Name = "Tolerance"; Value = "1%"; VariantName = "[No Variations]"
Add component (AddParameter): Name = "Voltage Rating"; Value = "50 V"; VariantName = "[No Variations]"
Add component (AddParameter): Name = "Width"; Value = "0.5 mm"; VariantName = "[No Variations]"
Added Component: Designator=R18_SellSensor7(RESC1005X40X25LL05T05)
Add component (AddParameter): Name = "Case Code (Imperial)"; Value = "0402"; VariantName = "[No Variations]"
Add component (AddParameter): Name = "Case Code (Metric)"; Value = "1005"; VariantName = "[No Variations]"
Add component (AddParameter): Name = "Case\/Package"; Value = "0402"; VariantName = "[No Variations]"
Add component (AddParameter): Name = "ComponentLink1Description"; Value = "Manufacturer URL"; VariantName = "[No Variations]"
Add component (AddParameter): Name = "ComponentLink1URL"; Value = "http://www.panasonic.com/"; VariantName = "[No Variations]"
Add component (AddParameter): Name = "ComponentLink2Description"; Value = "Datasheet"; VariantName = "[No Variations]"
Add component (AddParameter): Name = "ComponentLink2URL"; Value = "http://industrial.panasonic.com/cdbs/www-data/pdf/RDA0000/AOA0000C86.pdf"; VariantName = "[No Variations]"
Add component (AddParameter): Name = "DatasheetVersion"; Value = "04/2015"; VariantName = "[No Variations]"
Add component (AddParameter): Name = "Height"; Value = "0.35 mm"; VariantName = "[No Variations]"
Add component (AddParameter): Name = "Length"; Value = "1 mm"; VariantName = "[No Variations]"
Add component (AddParameter): Name = "Manufacturer"; Value = "Basic Passives"; VariantName = "[No Variations]"
Add component (AddParameter): Name = "Max Operating Temperature"; Value = "155 degC"; VariantName = "[No Variations]"
Add component (AddParameter): Name = "Min Operating Temperature"; Value = "-55 degC"; VariantName = "[No Variations]"
Add component (AddParameter): Name = "Mount"; Value = "Surface Mount"; VariantName = "[No Variations]"
Add component (AddParameter): Name = "Mounting Technology"; Value = "Surface Mount"; VariantName = "[No Variations]"
Add component (AddParameter): Name = "Package Quantity"; Value = "10000"; VariantName = "[No Variations]"
Add component (AddParameter): Name = "PackageDescription"; Value = "2-Pin Surface Mount Device, Body 1 x 0.5 mm"; VariantName = "[No Variations]"
Add component (AddParameter): Name = "PackageReference"; Value = "0402"; VariantName = "[No Variations]"
Add component (AddParameter): Name = "Packaging"; Value = "Tape and Reel"; VariantName = "[No Variations]"
Add component (AddParameter): Name = "PartNumber"; Value = "ERJ-2RKF1000X"; VariantName = "[No Variations]"
Add component (AddParameter): Name = "Pins"; Value = "2"; VariantName = "[No Variations]"
Add component (AddParameter): Name = "Power Rating"; Value = "100 mW"; VariantName = "[No Variations]"
Add component (AddParameter): Name = "Radiation Hardening"; Value = "No"; VariantName = "[No Variations]"
Add component (AddParameter): Name = "REACH SVHC"; Value = "Yes"; VariantName = "[No Variations]"
Add component (AddParameter): Name = "Resistance"; Value = "100 Ohm"; VariantName = "[No Variations]"
Add component (AddParameter): Name = "RoHSCompliant"; Value = "true"; VariantName = "[No Variations]"
Add component (AddParameter): Name = "Tolerance"; Value = "1%"; VariantName = "[No Variations]"
Add component (AddParameter): Name = "Voltage Rating"; Value = "50 V"; VariantName = "[No Variations]"
Add component (AddParameter): Name = "Width"; Value = "0.5 mm"; VariantName = "[No Variations]"
Added Component: Designator=R18_SellSensor8(RESC1005X40X25LL05T05)
Add component (AddParameter): Name = "Case Code (Imperial)"; Value = "0402"; VariantName = "[No Variations]"
Add component (AddParameter): Name = "Case Code (Metric)"; Value = "1005"; VariantName = "[No Variations]"
Add component (AddParameter): Name = "Case\/Package"; Value = "0402"; VariantName = "[No Variations]"
Add component (AddParameter): Name = "ComponentLink1Description"; Value = "Manufacturer URL"; VariantName = "[No Variations]"
Add component (AddParameter): Name = "ComponentLink1URL"; Value = "http://www.panasonic.com/"; VariantName = "[No Variations]"
Add component (AddParameter): Name = "ComponentLink2Description"; Value = "Datasheet"; VariantName = "[No Variations]"
Add component (AddParameter): Name = "ComponentLink2URL"; Value = "http://industrial.panasonic.com/cdbs/www-data/pdf/RDA0000/AOA0000C86.pdf"; VariantName = "[No Variations]"
Add component (AddParameter): Name = "DatasheetVersion"; Value = "04/2015"; VariantName = "[No Variations]"
Add component (AddParameter): Name = "Height"; Value = "0.35 mm"; VariantName = "[No Variations]"
Add component (AddParameter): Name = "Length"; Value = "1 mm"; VariantName = "[No Variations]"
Add component (AddParameter): Name = "Manufacturer"; Value = "Basic Passives"; VariantName = "[No Variations]"
Add component (AddParameter): Name = "Max Operating Temperature"; Value = "155 degC"; VariantName = "[No Variations]"
Add component (AddParameter): Name = "Min Operating Temperature"; Value = "-55 degC"; VariantName = "[No Variations]"
Add component (AddParameter): Name = "Mount"; Value = "Surface Mount"; VariantName = "[No Variations]"
Add component (AddParameter): Name = "Mounting Technology"; Value = "Surface Mount"; VariantName = "[No Variations]"
Add component (AddParameter): Name = "Package Quantity"; Value = "10000"; VariantName = "[No Variations]"
Add component (AddParameter): Name = "PackageDescription"; Value = "2-Pin Surface Mount Device, Body 1 x 0.5 mm"; VariantName = "[No Variations]"
Add component (AddParameter): Name = "PackageReference"; Value = "0402"; VariantName = "[No Variations]"
Add component (AddParameter): Name = "Packaging"; Value = "Tape and Reel"; VariantName = "[No Variations]"
Add component (AddParameter): Name = "PartNumber"; Value = "ERJ-2RKF1000X"; VariantName = "[No Variations]"
Add component (AddParameter): Name = "Pins"; Value = "2"; VariantName = "[No Variations]"
Add component (AddParameter): Name = "Power Rating"; Value = "100 mW"; VariantName = "[No Variations]"
Add component (AddParameter): Name = "Radiation Hardening"; Value = "No"; VariantName = "[No Variations]"
Add component (AddParameter): Name = "REACH SVHC"; Value = "Yes"; VariantName = "[No Variations]"
Add component (AddParameter): Name = "Resistance"; Value = "100 Ohm"; VariantName = "[No Variations]"
Add component (AddParameter): Name = "RoHSCompliant"; Value = "true"; VariantName = "[No Variations]"
Add component (AddParameter): Name = "Tolerance"; Value = "1%"; VariantName = "[No Variations]"
Add component (AddParameter): Name = "Voltage Rating"; Value = "50 V"; VariantName = "[No Variations]"
Add component (AddParameter): Name = "Width"; Value = "0.5 mm"; VariantName = "[No Variations]"
Added Component: Designator=R18_SellSensor9(RESC1005X40X25LL05T05)
Add component (AddParameter): Name = "Case Code (Imperial)"; Value = "0402"; VariantName = "[No Variations]"
Add component (AddParameter): Name = "Case Code (Metric)"; Value = "1005"; VariantName = "[No Variations]"
Add component (AddParameter): Name = "Case\/Package"; Value = "0402"; VariantName = "[No Variations]"
Add component (AddParameter): Name = "ComponentLink1Description"; Value = "Manufacturer URL"; VariantName = "[No Variations]"
Add component (AddParameter): Name = "ComponentLink1URL"; Value = "http://www.panasonic.com/"; VariantName = "[No Variations]"
Add component (AddParameter): Name = "ComponentLink2Description"; Value = "Datasheet"; VariantName = "[No Variations]"
Add component (AddParameter): Name = "ComponentLink2URL"; Value = "http://industrial.panasonic.com/cdbs/www-data/pdf/RDA0000/AOA0000C86.pdf"; VariantName = "[No Variations]"
Add component (AddParameter): Name = "DatasheetVersion"; Value = "04/2015"; VariantName = "[No Variations]"
Add component (AddParameter): Name = "Height"; Value = "0.35 mm"; VariantName = "[No Variations]"
Add component (AddParameter): Name = "Length"; Value = "1 mm"; VariantName = "[No Variations]"
Add component (AddParameter): Name = "Manufacturer"; Value = "Basic Passives"; VariantName = "[No Variations]"
Add component (AddParameter): Name = "Max Operating Temperature"; Value = "155 degC"; VariantName = "[No Variations]"
Add component (AddParameter): Name = "Min Operating Temperature"; Value = "-55 degC"; VariantName = "[No Variations]"
Add component (AddParameter): Name = "Mount"; Value = "Surface Mount"; VariantName = "[No Variations]"
Add component (AddParameter): Name = "Mounting Technology"; Value = "Surface Mount"; VariantName = "[No Variations]"
Add component (AddParameter): Name = "Package Quantity"; Value = "10000"; VariantName = "[No Variations]"
Add component (AddParameter): Name = "PackageDescription"; Value = "2-Pin Surface Mount Device, Body 1 x 0.5 mm"; VariantName = "[No Variations]"
Add component (AddParameter): Name = "PackageReference"; Value = "0402"; VariantName = "[No Variations]"
Add component (AddParameter): Name = "Packaging"; Value = "Tape and Reel"; VariantName = "[No Variations]"
Add component (AddParameter): Name = "PartNumber"; Value = "ERJ-2RKF1000X"; VariantName = "[No Variations]"
Add component (AddParameter): Name = "Pins"; Value = "2"; VariantName = "[No Variations]"
Add component (AddParameter): Name = "Power Rating"; Value = "100 mW"; VariantName = "[No Variations]"
Add component (AddParameter): Name = "Radiation Hardening"; Value = "No"; VariantName = "[No Variations]"
Add component (AddParameter): Name = "REACH SVHC"; Value = "Yes"; VariantName = "[No Variations]"
Add component (AddParameter): Name = "Resistance"; Value = "100 Ohm"; VariantName = "[No Variations]"
Add component (AddParameter): Name = "RoHSCompliant"; Value = "true"; VariantName = "[No Variations]"
Add component (AddParameter): Name = "Tolerance"; Value = "1%"; VariantName = "[No Variations]"
Add component (AddParameter): Name = "Voltage Rating"; Value = "50 V"; VariantName = "[No Variations]"
Add component (AddParameter): Name = "Width"; Value = "0.5 mm"; VariantName = "[No Variations]"
Added Component: Designator=R18_SellSensor10(RESC1005X40X25LL05T05)
Add component (AddParameter): Name = "Case Code (Imperial)"; Value = "0402"; VariantName = "[No Variations]"
Add component (AddParameter): Name = "Case Code (Metric)"; Value = "1005"; VariantName = "[No Variations]"
Add component (AddParameter): Name = "Case\/Package"; Value = "0402"; VariantName = "[No Variations]"
Add component (AddParameter): Name = "ComponentLink1Description"; Value = "Manufacturer URL"; VariantName = "[No Variations]"
Add component (AddParameter): Name = "ComponentLink1URL"; Value = "http://www.panasonic.com/"; VariantName = "[No Variations]"
Add component (AddParameter): Name = "ComponentLink2Description"; Value = "Datasheet"; VariantName = "[No Variations]"
Add component (AddParameter): Name = "ComponentLink2URL"; Value = "http://industrial.panasonic.com/cdbs/www-data/pdf/RDA0000/AOA0000C86.pdf"; VariantName = "[No Variations]"
Add component (AddParameter): Name = "DatasheetVersion"; Value = "04/2015"; VariantName = "[No Variations]"
Add component (AddParameter): Name = "Height"; Value = "0.35 mm"; VariantName = "[No Variations]"
Add component (AddParameter): Name = "Length"; Value = "1 mm"; VariantName = "[No Variations]"
Add component (AddParameter): Name = "Manufacturer"; Value = "Basic Passives"; VariantName = "[No Variations]"
Add component (AddParameter): Name = "Max Operating Temperature"; Value = "155 degC"; VariantName = "[No Variations]"
Add component (AddParameter): Name = "Min Operating Temperature"; Value = "-55 degC"; VariantName = "[No Variations]"
Add component (AddParameter): Name = "Mount"; Value = "Surface Mount"; VariantName = "[No Variations]"
Add component (AddParameter): Name = "Mounting Technology"; Value = "Surface Mount"; VariantName = "[No Variations]"
Add component (AddParameter): Name = "Package Quantity"; Value = "10000"; VariantName = "[No Variations]"
Add component (AddParameter): Name = "PackageDescription"; Value = "2-Pin Surface Mount Device, Body 1 x 0.5 mm"; VariantName = "[No Variations]"
Add component (AddParameter): Name = "PackageReference"; Value = "0402"; VariantName = "[No Variations]"
Add component (AddParameter): Name = "Packaging"; Value = "Tape and Reel"; VariantName = "[No Variations]"
Add component (AddParameter): Name = "PartNumber"; Value = "ERJ-2RKF1000X"; VariantName = "[No Variations]"
Add component (AddParameter): Name = "Pins"; Value = "2"; VariantName = "[No Variations]"
Add component (AddParameter): Name = "Power Rating"; Value = "100 mW"; VariantName = "[No Variations]"
Add component (AddParameter): Name = "Radiation Hardening"; Value = "No"; VariantName = "[No Variations]"
Add component (AddParameter): Name = "REACH SVHC"; Value = "Yes"; VariantName = "[No Variations]"
Add component (AddParameter): Name = "Resistance"; Value = "100 Ohm"; VariantName = "[No Variations]"
Add component (AddParameter): Name = "RoHSCompliant"; Value = "true"; VariantName = "[No Variations]"
Add component (AddParameter): Name = "Tolerance"; Value = "1%"; VariantName = "[No Variations]"
Add component (AddParameter): Name = "Voltage Rating"; Value = "50 V"; VariantName = "[No Variations]"
Add component (AddParameter): Name = "Width"; Value = "0.5 mm"; VariantName = "[No Variations]"
Added Component: Designator=R18_SellSensor11(RESC1005X40X25LL05T05)
Add component (AddParameter): Name = "Case Code (Imperial)"; Value = "0402"; VariantName = "[No Variations]"
Add component (AddParameter): Name = "Case Code (Metric)"; Value = "1005"; VariantName = "[No Variations]"
Add component (AddParameter): Name = "Case\/Package"; Value = "0402"; VariantName = "[No Variations]"
Add component (AddParameter): Name = "ComponentLink1Description"; Value = "Manufacturer URL"; VariantName = "[No Variations]"
Add component (AddParameter): Name = "ComponentLink1URL"; Value = "http://www.panasonic.com/"; VariantName = "[No Variations]"
Add component (AddParameter): Name = "ComponentLink2Description"; Value = "Datasheet"; VariantName = "[No Variations]"
Add component (AddParameter): Name = "ComponentLink2URL"; Value = "http://industrial.panasonic.com/cdbs/www-data/pdf/RDA0000/AOA0000C86.pdf"; VariantName = "[No Variations]"
Add component (AddParameter): Name = "DatasheetVersion"; Value = "04/2015"; VariantName = "[No Variations]"
Add component (AddParameter): Name = "Height"; Value = "0.35 mm"; VariantName = "[No Variations]"
Add component (AddParameter): Name = "Length"; Value = "1 mm"; VariantName = "[No Variations]"
Add component (AddParameter): Name = "Manufacturer"; Value = "Basic Passives"; VariantName = "[No Variations]"
Add component (AddParameter): Name = "Max Operating Temperature"; Value = "155 degC"; VariantName = "[No Variations]"
Add component (AddParameter): Name = "Min Operating Temperature"; Value = "-55 degC"; VariantName = "[No Variations]"
Add component (AddParameter): Name = "Mount"; Value = "Surface Mount"; VariantName = "[No Variations]"
Add component (AddParameter): Name = "Mounting Technology"; Value = "Surface Mount"; VariantName = "[No Variations]"
Add component (AddParameter): Name = "Package Quantity"; Value = "10000"; VariantName = "[No Variations]"
Add component (AddParameter): Name = "PackageDescription"; Value = "2-Pin Surface Mount Device, Body 1 x 0.5 mm"; VariantName = "[No Variations]"
Add component (AddParameter): Name = "PackageReference"; Value = "0402"; VariantName = "[No Variations]"
Add component (AddParameter): Name = "Packaging"; Value = "Tape and Reel"; VariantName = "[No Variations]"
Add component (AddParameter): Name = "PartNumber"; Value = "ERJ-2RKF1000X"; VariantName = "[No Variations]"
Add component (AddParameter): Name = "Pins"; Value = "2"; VariantName = "[No Variations]"
Add component (AddParameter): Name = "Power Rating"; Value = "100 mW"; VariantName = "[No Variations]"
Add component (AddParameter): Name = "Radiation Hardening"; Value = "No"; VariantName = "[No Variations]"
Add component (AddParameter): Name = "REACH SVHC"; Value = "Yes"; VariantName = "[No Variations]"
Add component (AddParameter): Name = "Resistance"; Value = "100 Ohm"; VariantName = "[No Variations]"
Add component (AddParameter): Name = "RoHSCompliant"; Value = "true"; VariantName = "[No Variations]"
Add component (AddParameter): Name = "Tolerance"; Value = "1%"; VariantName = "[No Variations]"
Add component (AddParameter): Name = "Voltage Rating"; Value = "50 V"; VariantName = "[No Variations]"
Add component (AddParameter): Name = "Width"; Value = "0.5 mm"; VariantName = "[No Variations]"
Added Component: Designator=R18_SellSensor12(RESC1005X40X25LL05T05)
Add component (AddParameter): Name = "Case Code (Imperial)"; Value = "0402"; VariantName = "[No Variations]"
Add component (AddParameter): Name = "Case Code (Metric)"; Value = "1005"; VariantName = "[No Variations]"
Add component (AddParameter): Name = "Case\/Package"; Value = "0402"; VariantName = "[No Variations]"
Add component (AddParameter): Name = "ComponentLink1Description"; Value = "Manufacturer URL"; VariantName = "[No Variations]"
Add component (AddParameter): Name = "ComponentLink1URL"; Value = "http://www.panasonic.com/"; VariantName = "[No Variations]"
Add component (AddParameter): Name = "ComponentLink2Description"; Value = "Datasheet"; VariantName = "[No Variations]"
Add component (AddParameter): Name = "ComponentLink2URL"; Value = "http://industrial.panasonic.com/cdbs/www-data/pdf/RDA0000/AOA0000C86.pdf"; VariantName = "[No Variations]"
Add component (AddParameter): Name = "DatasheetVersion"; Value = "04/2015"; VariantName = "[No Variations]"
Add component (AddParameter): Name = "Height"; Value = "0.35 mm"; VariantName = "[No Variations]"
Add component (AddParameter): Name = "Length"; Value = "1 mm"; VariantName = "[No Variations]"
Add component (AddParameter): Name = "Manufacturer"; Value = "Basic Passives"; VariantName = "[No Variations]"
Add component (AddParameter): Name = "Max Operating Temperature"; Value = "155 degC"; VariantName = "[No Variations]"
Add component (AddParameter): Name = "Min Operating Temperature"; Value = "-55 degC"; VariantName = "[No Variations]"
Add component (AddParameter): Name = "Mount"; Value = "Surface Mount"; VariantName = "[No Variations]"
Add component (AddParameter): Name = "Mounting Technology"; Value = "Surface Mount"; VariantName = "[No Variations]"
Add component (AddParameter): Name = "Package Quantity"; Value = "10000"; VariantName = "[No Variations]"
Add component (AddParameter): Name = "PackageDescription"; Value = "2-Pin Surface Mount Device, Body 1 x 0.5 mm"; VariantName = "[No Variations]"
Add component (AddParameter): Name = "PackageReference"; Value = "0402"; VariantName = "[No Variations]"
Add component (AddParameter): Name = "Packaging"; Value = "Tape and Reel"; VariantName = "[No Variations]"
Add component (AddParameter): Name = "PartNumber"; Value = "ERJ-2RKF1000X"; VariantName = "[No Variations]"
Add component (AddParameter): Name = "Pins"; Value = "2"; VariantName = "[No Variations]"
Add component (AddParameter): Name = "Power Rating"; Value = "100 mW"; VariantName = "[No Variations]"
Add component (AddParameter): Name = "Radiation Hardening"; Value = "No"; VariantName = "[No Variations]"
Add component (AddParameter): Name = "REACH SVHC"; Value = "Yes"; VariantName = "[No Variations]"
Add component (AddParameter): Name = "Resistance"; Value = "100 Ohm"; VariantName = "[No Variations]"
Add component (AddParameter): Name = "RoHSCompliant"; Value = "true"; VariantName = "[No Variations]"
Add component (AddParameter): Name = "Tolerance"; Value = "1%"; VariantName = "[No Variations]"
Add component (AddParameter): Name = "Voltage Rating"; Value = "50 V"; VariantName = "[No Variations]"
Add component (AddParameter): Name = "Width"; Value = "0.5 mm"; VariantName = "[No Variations]"
Added Component: Designator=R18_SellSensor13(RESC1005X40X25LL05T05)
Add component (AddParameter): Name = "Case Code (Imperial)"; Value = "0402"; VariantName = "[No Variations]"
Add component (AddParameter): Name = "Case Code (Metric)"; Value = "1005"; VariantName = "[No Variations]"
Add component (AddParameter): Name = "Case\/Package"; Value = "0402"; VariantName = "[No Variations]"
Add component (AddParameter): Name = "ComponentLink1Description"; Value = "Manufacturer URL"; VariantName = "[No Variations]"
Add component (AddParameter): Name = "ComponentLink1URL"; Value = "http://www.panasonic.com/"; VariantName = "[No Variations]"
Add component (AddParameter): Name = "ComponentLink2Description"; Value = "Datasheet"; VariantName = "[No Variations]"
Add component (AddParameter): Name = "ComponentLink2URL"; Value = "http://industrial.panasonic.com/cdbs/www-data/pdf/RDA0000/AOA0000C86.pdf"; VariantName = "[No Variations]"
Add component (AddParameter): Name = "DatasheetVersion"; Value = "04/2015"; VariantName = "[No Variations]"
Add component (AddParameter): Name = "Height"; Value = "0.35 mm"; VariantName = "[No Variations]"
Add component (AddParameter): Name = "Length"; Value = "1 mm"; VariantName = "[No Variations]"
Add component (AddParameter): Name = "Manufacturer"; Value = "Basic Passives"; VariantName = "[No Variations]"
Add component (AddParameter): Name = "Max Operating Temperature"; Value = "155 degC"; VariantName = "[No Variations]"
Add component (AddParameter): Name = "Min Operating Temperature"; Value = "-55 degC"; VariantName = "[No Variations]"
Add component (AddParameter): Name = "Mount"; Value = "Surface Mount"; VariantName = "[No Variations]"
Add component (AddParameter): Name = "Mounting Technology"; Value = "Surface Mount"; VariantName = "[No Variations]"
Add component (AddParameter): Name = "Package Quantity"; Value = "10000"; VariantName = "[No Variations]"
Add component (AddParameter): Name = "PackageDescription"; Value = "2-Pin Surface Mount Device, Body 1 x 0.5 mm"; VariantName = "[No Variations]"
Add component (AddParameter): Name = "PackageReference"; Value = "0402"; VariantName = "[No Variations]"
Add component (AddParameter): Name = "Packaging"; Value = "Tape and Reel"; VariantName = "[No Variations]"
Add component (AddParameter): Name = "PartNumber"; Value = "ERJ-2RKF1000X"; VariantName = "[No Variations]"
Add component (AddParameter): Name = "Pins"; Value = "2"; VariantName = "[No Variations]"
Add component (AddParameter): Name = "Power Rating"; Value = "100 mW"; VariantName = "[No Variations]"
Add component (AddParameter): Name = "Radiation Hardening"; Value = "No"; VariantName = "[No Variations]"
Add component (AddParameter): Name = "REACH SVHC"; Value = "Yes"; VariantName = "[No Variations]"
Add component (AddParameter): Name = "Resistance"; Value = "100 Ohm"; VariantName = "[No Variations]"
Add component (AddParameter): Name = "RoHSCompliant"; Value = "true"; VariantName = "[No Variations]"
Add component (AddParameter): Name = "Tolerance"; Value = "1%"; VariantName = "[No Variations]"
Add component (AddParameter): Name = "Voltage Rating"; Value = "50 V"; VariantName = "[No Variations]"
Add component (AddParameter): Name = "Width"; Value = "0.5 mm"; VariantName = "[No Variations]"
Added Component: Designator=R18_SellSensor14(RESC1005X40X25LL05T05)
Add component (AddParameter): Name = "Case Code (Imperial)"; Value = "0402"; VariantName = "[No Variations]"
Add component (AddParameter): Name = "Case Code (Metric)"; Value = "1005"; VariantName = "[No Variations]"
Add component (AddParameter): Name = "Case\/Package"; Value = "0402"; VariantName = "[No Variations]"
Add component (AddParameter): Name = "ComponentLink1Description"; Value = "Manufacturer URL"; VariantName = "[No Variations]"
Add component (AddParameter): Name = "ComponentLink1URL"; Value = "http://www.panasonic.com/"; VariantName = "[No Variations]"
Add component (AddParameter): Name = "ComponentLink2Description"; Value = "Datasheet"; VariantName = "[No Variations]"
Add component (AddParameter): Name = "ComponentLink2URL"; Value = "http://industrial.panasonic.com/cdbs/www-data/pdf/RDA0000/AOA0000C86.pdf"; VariantName = "[No Variations]"
Add component (AddParameter): Name = "DatasheetVersion"; Value = "04/2015"; VariantName = "[No Variations]"
Add component (AddParameter): Name = "Height"; Value = "0.35 mm"; VariantName = "[No Variations]"
Add component (AddParameter): Name = "Length"; Value = "1 mm"; VariantName = "[No Variations]"
Add component (AddParameter): Name = "Manufacturer"; Value = "Basic Passives"; VariantName = "[No Variations]"
Add component (AddParameter): Name = "Max Operating Temperature"; Value = "155 degC"; VariantName = "[No Variations]"
Add component (AddParameter): Name = "Min Operating Temperature"; Value = "-55 degC"; VariantName = "[No Variations]"
Add component (AddParameter): Name = "Mount"; Value = "Surface Mount"; VariantName = "[No Variations]"
Add component (AddParameter): Name = "Mounting Technology"; Value = "Surface Mount"; VariantName = "[No Variations]"
Add component (AddParameter): Name = "Package Quantity"; Value = "10000"; VariantName = "[No Variations]"
Add component (AddParameter): Name = "PackageDescription"; Value = "2-Pin Surface Mount Device, Body 1 x 0.5 mm"; VariantName = "[No Variations]"
Add component (AddParameter): Name = "PackageReference"; Value = "0402"; VariantName = "[No Variations]"
Add component (AddParameter): Name = "Packaging"; Value = "Tape and Reel"; VariantName = "[No Variations]"
Add component (AddParameter): Name = "PartNumber"; Value = "ERJ-2RKF1000X"; VariantName = "[No Variations]"
Add component (AddParameter): Name = "Pins"; Value = "2"; VariantName = "[No Variations]"
Add component (AddParameter): Name = "Power Rating"; Value = "100 mW"; VariantName = "[No Variations]"
Add component (AddParameter): Name = "Radiation Hardening"; Value = "No"; VariantName = "[No Variations]"
Add component (AddParameter): Name = "REACH SVHC"; Value = "Yes"; VariantName = "[No Variations]"
Add component (AddParameter): Name = "Resistance"; Value = "100 Ohm"; VariantName = "[No Variations]"
Add component (AddParameter): Name = "RoHSCompliant"; Value = "true"; VariantName = "[No Variations]"
Add component (AddParameter): Name = "Tolerance"; Value = "1%"; VariantName = "[No Variations]"
Add component (AddParameter): Name = "Voltage Rating"; Value = "50 V"; VariantName = "[No Variations]"
Add component (AddParameter): Name = "Width"; Value = "0.5 mm"; VariantName = "[No Variations]"
Added Component: Designator=R18_SellSensor15(RESC1005X40X25LL05T05)
Add component (AddParameter): Name = "Case Code (Imperial)"; Value = "0402"; VariantName = "[No Variations]"
Add component (AddParameter): Name = "Case Code (Metric)"; Value = "1005"; VariantName = "[No Variations]"
Add component (AddParameter): Name = "Case\/Package"; Value = "0402"; VariantName = "[No Variations]"
Add component (AddParameter): Name = "ComponentLink1Description"; Value = "Manufacturer URL"; VariantName = "[No Variations]"
Add component (AddParameter): Name = "ComponentLink1URL"; Value = "http://www.panasonic.com/"; VariantName = "[No Variations]"
Add component (AddParameter): Name = "ComponentLink2Description"; Value = "Datasheet"; VariantName = "[No Variations]"
Add component (AddParameter): Name = "ComponentLink2URL"; Value = "http://industrial.panasonic.com/cdbs/www-data/pdf/RDA0000/AOA0000C86.pdf"; VariantName = "[No Variations]"
Add component (AddParameter): Name = "DatasheetVersion"; Value = "04/2015"; VariantName = "[No Variations]"
Add component (AddParameter): Name = "Height"; Value = "0.35 mm"; VariantName = "[No Variations]"
Add component (AddParameter): Name = "Length"; Value = "1 mm"; VariantName = "[No Variations]"
Add component (AddParameter): Name = "Manufacturer"; Value = "Basic Passives"; VariantName = "[No Variations]"
Add component (AddParameter): Name = "Max Operating Temperature"; Value = "155 degC"; VariantName = "[No Variations]"
Add component (AddParameter): Name = "Min Operating Temperature"; Value = "-55 degC"; VariantName = "[No Variations]"
Add component (AddParameter): Name = "Mount"; Value = "Surface Mount"; VariantName = "[No Variations]"
Add component (AddParameter): Name = "Mounting Technology"; Value = "Surface Mount"; VariantName = "[No Variations]"
Add component (AddParameter): Name = "Package Quantity"; Value = "10000"; VariantName = "[No Variations]"
Add component (AddParameter): Name = "PackageDescription"; Value = "2-Pin Surface Mount Device, Body 1 x 0.5 mm"; VariantName = "[No Variations]"
Add component (AddParameter): Name = "PackageReference"; Value = "0402"; VariantName = "[No Variations]"
Add component (AddParameter): Name = "Packaging"; Value = "Tape and Reel"; VariantName = "[No Variations]"
Add component (AddParameter): Name = "PartNumber"; Value = "ERJ-2RKF1000X"; VariantName = "[No Variations]"
Add component (AddParameter): Name = "Pins"; Value = "2"; VariantName = "[No Variations]"
Add component (AddParameter): Name = "Power Rating"; Value = "100 mW"; VariantName = "[No Variations]"
Add component (AddParameter): Name = "Radiation Hardening"; Value = "No"; VariantName = "[No Variations]"
Add component (AddParameter): Name = "REACH SVHC"; Value = "Yes"; VariantName = "[No Variations]"
Add component (AddParameter): Name = "Resistance"; Value = "100 Ohm"; VariantName = "[No Variations]"
Add component (AddParameter): Name = "RoHSCompliant"; Value = "true"; VariantName = "[No Variations]"
Add component (AddParameter): Name = "Tolerance"; Value = "1%"; VariantName = "[No Variations]"
Add component (AddParameter): Name = "Voltage Rating"; Value = "50 V"; VariantName = "[No Variations]"
Add component (AddParameter): Name = "Width"; Value = "0.5 mm"; VariantName = "[No Variations]"
Added Component: Designator=R18_SellSensor16(RESC1005X40X25LL05T05)
Add component (AddParameter): Name = "Case Code (Imperial)"; Value = "0402"; VariantName = "[No Variations]"
Add component (AddParameter): Name = "Case Code (Metric)"; Value = "1005"; VariantName = "[No Variations]"
Add component (AddParameter): Name = "Case\/Package"; Value = "0402"; VariantName = "[No Variations]"
Add component (AddParameter): Name = "ComponentLink1Description"; Value = "Manufacturer URL"; VariantName = "[No Variations]"
Add component (AddParameter): Name = "ComponentLink1URL"; Value = "http://www.panasonic.com/"; VariantName = "[No Variations]"
Add component (AddParameter): Name = "ComponentLink2Description"; Value = "Datasheet"; VariantName = "[No Variations]"
Add component (AddParameter): Name = "ComponentLink2URL"; Value = "http://industrial.panasonic.com/cdbs/www-data/pdf/RDA0000/AOA0000C86.pdf"; VariantName = "[No Variations]"
Add component (AddParameter): Name = "DatasheetVersion"; Value = "04/2015"; VariantName = "[No Variations]"
Add component (AddParameter): Name = "Height"; Value = "0.35 mm"; VariantName = "[No Variations]"
Add component (AddParameter): Name = "Length"; Value = "1 mm"; VariantName = "[No Variations]"
Add component (AddParameter): Name = "Manufacturer"; Value = "Basic Passives"; VariantName = "[No Variations]"
Add component (AddParameter): Name = "Max Operating Temperature"; Value = "155 degC"; VariantName = "[No Variations]"
Add component (AddParameter): Name = "Min Operating Temperature"; Value = "-55 degC"; VariantName = "[No Variations]"
Add component (AddParameter): Name = "Mount"; Value = "Surface Mount"; VariantName = "[No Variations]"
Add component (AddParameter): Name = "Mounting Technology"; Value = "Surface Mount"; VariantName = "[No Variations]"
Add component (AddParameter): Name = "Package Quantity"; Value = "10000"; VariantName = "[No Variations]"
Add component (AddParameter): Name = "PackageDescription"; Value = "2-Pin Surface Mount Device, Body 1 x 0.5 mm"; VariantName = "[No Variations]"
Add component (AddParameter): Name = "PackageReference"; Value = "0402"; VariantName = "[No Variations]"
Add component (AddParameter): Name = "Packaging"; Value = "Tape and Reel"; VariantName = "[No Variations]"
Add component (AddParameter): Name = "PartNumber"; Value = "ERJ-2RKF1000X"; VariantName = "[No Variations]"
Add component (AddParameter): Name = "Pins"; Value = "2"; VariantName = "[No Variations]"
Add component (AddParameter): Name = "Power Rating"; Value = "100 mW"; VariantName = "[No Variations]"
Add component (AddParameter): Name = "Radiation Hardening"; Value = "No"; VariantName = "[No Variations]"
Add component (AddParameter): Name = "REACH SVHC"; Value = "Yes"; VariantName = "[No Variations]"
Add component (AddParameter): Name = "Resistance"; Value = "100 Ohm"; VariantName = "[No Variations]"
Add component (AddParameter): Name = "RoHSCompliant"; Value = "true"; VariantName = "[No Variations]"
Add component (AddParameter): Name = "Tolerance"; Value = "1%"; VariantName = "[No Variations]"
Add component (AddParameter): Name = "Voltage Rating"; Value = "50 V"; VariantName = "[No Variations]"
Add component (AddParameter): Name = "Width"; Value = "0.5 mm"; VariantName = "[No Variations]"
Added Component: Designator=R18_SellSensor17(RESC1005X40X25LL05T05)
Add component (AddParameter): Name = "Case Code (Imperial)"; Value = "0402"; VariantName = "[No Variations]"
Add component (AddParameter): Name = "Case Code (Metric)"; Value = "1005"; VariantName = "[No Variations]"
Add component (AddParameter): Name = "Case\/Package"; Value = "0402"; VariantName = "[No Variations]"
Add component (AddParameter): Name = "ComponentLink1Description"; Value = "Manufacturer URL"; VariantName = "[No Variations]"
Add component (AddParameter): Name = "ComponentLink1URL"; Value = "http://www.panasonic.com/"; VariantName = "[No Variations]"
Add component (AddParameter): Name = "ComponentLink2Description"; Value = "Datasheet"; VariantName = "[No Variations]"
Add component (AddParameter): Name = "ComponentLink2URL"; Value = "http://industrial.panasonic.com/cdbs/www-data/pdf/RDA0000/AOA0000C86.pdf"; VariantName = "[No Variations]"
Add component (AddParameter): Name = "DatasheetVersion"; Value = "04/2015"; VariantName = "[No Variations]"
Add component (AddParameter): Name = "Height"; Value = "0.35 mm"; VariantName = "[No Variations]"
Add component (AddParameter): Name = "Length"; Value = "1 mm"; VariantName = "[No Variations]"
Add component (AddParameter): Name = "Manufacturer"; Value = "Basic Passives"; VariantName = "[No Variations]"
Add component (AddParameter): Name = "Max Operating Temperature"; Value = "155 degC"; VariantName = "[No Variations]"
Add component (AddParameter): Name = "Min Operating Temperature"; Value = "-55 degC"; VariantName = "[No Variations]"
Add component (AddParameter): Name = "Mount"; Value = "Surface Mount"; VariantName = "[No Variations]"
Add component (AddParameter): Name = "Mounting Technology"; Value = "Surface Mount"; VariantName = "[No Variations]"
Add component (AddParameter): Name = "Package Quantity"; Value = "10000"; VariantName = "[No Variations]"
Add component (AddParameter): Name = "PackageDescription"; Value = "2-Pin Surface Mount Device, Body 1 x 0.5 mm"; VariantName = "[No Variations]"
Add component (AddParameter): Name = "PackageReference"; Value = "0402"; VariantName = "[No Variations]"
Add component (AddParameter): Name = "Packaging"; Value = "Tape and Reel"; VariantName = "[No Variations]"
Add component (AddParameter): Name = "PartNumber"; Value = "ERJ-2RKF1000X"; VariantName = "[No Variations]"
Add component (AddParameter): Name = "Pins"; Value = "2"; VariantName = "[No Variations]"
Add component (AddParameter): Name = "Power Rating"; Value = "100 mW"; VariantName = "[No Variations]"
Add component (AddParameter): Name = "Radiation Hardening"; Value = "No"; VariantName = "[No Variations]"
Add component (AddParameter): Name = "REACH SVHC"; Value = "Yes"; VariantName = "[No Variations]"
Add component (AddParameter): Name = "Resistance"; Value = "100 Ohm"; VariantName = "[No Variations]"
Add component (AddParameter): Name = "RoHSCompliant"; Value = "true"; VariantName = "[No Variations]"
Add component (AddParameter): Name = "Tolerance"; Value = "1%"; VariantName = "[No Variations]"
Add component (AddParameter): Name = "Voltage Rating"; Value = "50 V"; VariantName = "[No Variations]"
Add component (AddParameter): Name = "Width"; Value = "0.5 mm"; VariantName = "[No Variations]"
Added Component: Designator=R18_SellSensor18(RESC1005X40X25LL05T05)
Add component (AddParameter): Name = "Case Code (Imperial)"; Value = "0402"; VariantName = "[No Variations]"
Add component (AddParameter): Name = "Case Code (Metric)"; Value = "1005"; VariantName = "[No Variations]"
Add component (AddParameter): Name = "Case\/Package"; Value = "0402"; VariantName = "[No Variations]"
Add component (AddParameter): Name = "ComponentLink1Description"; Value = "Manufacturer URL"; VariantName = "[No Variations]"
Add component (AddParameter): Name = "ComponentLink1URL"; Value = "http://www.panasonic.com/"; VariantName = "[No Variations]"
Add component (AddParameter): Name = "ComponentLink2Description"; Value = "Datasheet"; VariantName = "[No Variations]"
Add component (AddParameter): Name = "ComponentLink2URL"; Value = "http://industrial.panasonic.com/cdbs/www-data/pdf/RDA0000/AOA0000C86.pdf"; VariantName = "[No Variations]"
Add component (AddParameter): Name = "DatasheetVersion"; Value = "04/2015"; VariantName = "[No Variations]"
Add component (AddParameter): Name = "Height"; Value = "0.35 mm"; VariantName = "[No Variations]"
Add component (AddParameter): Name = "Length"; Value = "1 mm"; VariantName = "[No Variations]"
Add component (AddParameter): Name = "Manufacturer"; Value = "Basic Passives"; VariantName = "[No Variations]"
Add component (AddParameter): Name = "Max Operating Temperature"; Value = "155 degC"; VariantName = "[No Variations]"
Add component (AddParameter): Name = "Min Operating Temperature"; Value = "-55 degC"; VariantName = "[No Variations]"
Add component (AddParameter): Name = "Mount"; Value = "Surface Mount"; VariantName = "[No Variations]"
Add component (AddParameter): Name = "Mounting Technology"; Value = "Surface Mount"; VariantName = "[No Variations]"
Add component (AddParameter): Name = "Package Quantity"; Value = "10000"; VariantName = "[No Variations]"
Add component (AddParameter): Name = "PackageDescription"; Value = "2-Pin Surface Mount Device, Body 1 x 0.5 mm"; VariantName = "[No Variations]"
Add component (AddParameter): Name = "PackageReference"; Value = "0402"; VariantName = "[No Variations]"
Add component (AddParameter): Name = "Packaging"; Value = "Tape and Reel"; VariantName = "[No Variations]"
Add component (AddParameter): Name = "PartNumber"; Value = "ERJ-2RKF1000X"; VariantName = "[No Variations]"
Add component (AddParameter): Name = "Pins"; Value = "2"; VariantName = "[No Variations]"
Add component (AddParameter): Name = "Power Rating"; Value = "100 mW"; VariantName = "[No Variations]"
Add component (AddParameter): Name = "Radiation Hardening"; Value = "No"; VariantName = "[No Variations]"
Add component (AddParameter): Name = "REACH SVHC"; Value = "Yes"; VariantName = "[No Variations]"
Add component (AddParameter): Name = "Resistance"; Value = "100 Ohm"; VariantName = "[No Variations]"
Add component (AddParameter): Name = "RoHSCompliant"; Value = "true"; VariantName = "[No Variations]"
Add component (AddParameter): Name = "Tolerance"; Value = "1%"; VariantName = "[No Variations]"
Add component (AddParameter): Name = "Voltage Rating"; Value = "50 V"; VariantName = "[No Variations]"
Add component (AddParameter): Name = "Width"; Value = "0.5 mm"; VariantName = "[No Variations]"
Added Component: Designator=R18_SellSensor19(RESC1005X40X25LL05T05)
Add component (AddParameter): Name = "Case Code (Imperial)"; Value = "0402"; VariantName = "[No Variations]"
Add component (AddParameter): Name = "Case Code (Metric)"; Value = "1005"; VariantName = "[No Variations]"
Add component (AddParameter): Name = "Case\/Package"; Value = "0402"; VariantName = "[No Variations]"
Add component (AddParameter): Name = "ComponentLink1Description"; Value = "Manufacturer URL"; VariantName = "[No Variations]"
Add component (AddParameter): Name = "ComponentLink1URL"; Value = "http://www.panasonic.com/"; VariantName = "[No Variations]"
Add component (AddParameter): Name = "ComponentLink2Description"; Value = "Datasheet"; VariantName = "[No Variations]"
Add component (AddParameter): Name = "ComponentLink2URL"; Value = "http://industrial.panasonic.com/cdbs/www-data/pdf/RDA0000/AOA0000C86.pdf"; VariantName = "[No Variations]"
Add component (AddParameter): Name = "DatasheetVersion"; Value = "04/2015"; VariantName = "[No Variations]"
Add component (AddParameter): Name = "Height"; Value = "0.35 mm"; VariantName = "[No Variations]"
Add component (AddParameter): Name = "Length"; Value = "1 mm"; VariantName = "[No Variations]"
Add component (AddParameter): Name = "Manufacturer"; Value = "Basic Passives"; VariantName = "[No Variations]"
Add component (AddParameter): Name = "Max Operating Temperature"; Value = "155 degC"; VariantName = "[No Variations]"
Add component (AddParameter): Name = "Min Operating Temperature"; Value = "-55 degC"; VariantName = "[No Variations]"
Add component (AddParameter): Name = "Mount"; Value = "Surface Mount"; VariantName = "[No Variations]"
Add component (AddParameter): Name = "Mounting Technology"; Value = "Surface Mount"; VariantName = "[No Variations]"
Add component (AddParameter): Name = "Package Quantity"; Value = "10000"; VariantName = "[No Variations]"
Add component (AddParameter): Name = "PackageDescription"; Value = "2-Pin Surface Mount Device, Body 1 x 0.5 mm"; VariantName = "[No Variations]"
Add component (AddParameter): Name = "PackageReference"; Value = "0402"; VariantName = "[No Variations]"
Add component (AddParameter): Name = "Packaging"; Value = "Tape and Reel"; VariantName = "[No Variations]"
Add component (AddParameter): Name = "PartNumber"; Value = "ERJ-2RKF1000X"; VariantName = "[No Variations]"
Add component (AddParameter): Name = "Pins"; Value = "2"; VariantName = "[No Variations]"
Add component (AddParameter): Name = "Power Rating"; Value = "100 mW"; VariantName = "[No Variations]"
Add component (AddParameter): Name = "Radiation Hardening"; Value = "No"; VariantName = "[No Variations]"
Add component (AddParameter): Name = "REACH SVHC"; Value = "Yes"; VariantName = "[No Variations]"
Add component (AddParameter): Name = "Resistance"; Value = "100 Ohm"; VariantName = "[No Variations]"
Add component (AddParameter): Name = "RoHSCompliant"; Value = "true"; VariantName = "[No Variations]"
Add component (AddParameter): Name = "Tolerance"; Value = "1%"; VariantName = "[No Variations]"
Add component (AddParameter): Name = "Voltage Rating"; Value = "50 V"; VariantName = "[No Variations]"
Add component (AddParameter): Name = "Width"; Value = "0.5 mm"; VariantName = "[No Variations]"
Added Component: Designator=R18_SellSensor20(RESC1005X40X25LL05T05)
Add component (AddParameter): Name = "Case Code (Imperial)"; Value = "0402"; VariantName = "[No Variations]"
Add component (AddParameter): Name = "Case Code (Metric)"; Value = "1005"; VariantName = "[No Variations]"
Add component (AddParameter): Name = "Case\/Package"; Value = "0402"; VariantName = "[No Variations]"
Add component (AddParameter): Name = "ComponentLink1Description"; Value = "Manufacturer URL"; VariantName = "[No Variations]"
Add component (AddParameter): Name = "ComponentLink1URL"; Value = "http://www.panasonic.com/"; VariantName = "[No Variations]"
Add component (AddParameter): Name = "ComponentLink2Description"; Value = "Datasheet"; VariantName = "[No Variations]"
Add component (AddParameter): Name = "ComponentLink2URL"; Value = "http://industrial.panasonic.com/cdbs/www-data/pdf/RDA0000/AOA0000C86.pdf"; VariantName = "[No Variations]"
Add component (AddParameter): Name = "DatasheetVersion"; Value = "04/2015"; VariantName = "[No Variations]"
Add component (AddParameter): Name = "Height"; Value = "0.35 mm"; VariantName = "[No Variations]"
Add component (AddParameter): Name = "Length"; Value = "1 mm"; VariantName = "[No Variations]"
Add component (AddParameter): Name = "Manufacturer"; Value = "Basic Passives"; VariantName = "[No Variations]"
Add component (AddParameter): Name = "Max Operating Temperature"; Value = "155 degC"; VariantName = "[No Variations]"
Add component (AddParameter): Name = "Min Operating Temperature"; Value = "-55 degC"; VariantName = "[No Variations]"
Add component (AddParameter): Name = "Mount"; Value = "Surface Mount"; VariantName = "[No Variations]"
Add component (AddParameter): Name = "Mounting Technology"; Value = "Surface Mount"; VariantName = "[No Variations]"
Add component (AddParameter): Name = "Package Quantity"; Value = "10000"; VariantName = "[No Variations]"
Add component (AddParameter): Name = "PackageDescription"; Value = "2-Pin Surface Mount Device, Body 1 x 0.5 mm"; VariantName = "[No Variations]"
Add component (AddParameter): Name = "PackageReference"; Value = "0402"; VariantName = "[No Variations]"
Add component (AddParameter): Name = "Packaging"; Value = "Tape and Reel"; VariantName = "[No Variations]"
Add component (AddParameter): Name = "PartNumber"; Value = "ERJ-2RKF1000X"; VariantName = "[No Variations]"
Add component (AddParameter): Name = "Pins"; Value = "2"; VariantName = "[No Variations]"
Add component (AddParameter): Name = "Power Rating"; Value = "100 mW"; VariantName = "[No Variations]"
Add component (AddParameter): Name = "Radiation Hardening"; Value = "No"; VariantName = "[No Variations]"
Add component (AddParameter): Name = "REACH SVHC"; Value = "Yes"; VariantName = "[No Variations]"
Add component (AddParameter): Name = "Resistance"; Value = "100 Ohm"; VariantName = "[No Variations]"
Add component (AddParameter): Name = "RoHSCompliant"; Value = "true"; VariantName = "[No Variations]"
Add component (AddParameter): Name = "Tolerance"; Value = "1%"; VariantName = "[No Variations]"
Add component (AddParameter): Name = "Voltage Rating"; Value = "50 V"; VariantName = "[No Variations]"
Add component (AddParameter): Name = "Width"; Value = "0.5 mm"; VariantName = "[No Variations]"
Added Component: Designator=R18_SellSensor21(RESC1005X40X25LL05T05)
Add component (AddParameter): Name = "Case Code (Imperial)"; Value = "0402"; VariantName = "[No Variations]"
Add component (AddParameter): Name = "Case Code (Metric)"; Value = "1005"; VariantName = "[No Variations]"
Add component (AddParameter): Name = "Case\/Package"; Value = "0402"; VariantName = "[No Variations]"
Add component (AddParameter): Name = "ComponentLink1Description"; Value = "Manufacturer URL"; VariantName = "[No Variations]"
Add component (AddParameter): Name = "ComponentLink1URL"; Value = "http://www.panasonic.com/"; VariantName = "[No Variations]"
Add component (AddParameter): Name = "ComponentLink2Description"; Value = "Datasheet"; VariantName = "[No Variations]"
Add component (AddParameter): Name = "ComponentLink2URL"; Value = "http://industrial.panasonic.com/cdbs/www-data/pdf/RDA0000/AOA0000C86.pdf"; VariantName = "[No Variations]"
Add component (AddParameter): Name = "DatasheetVersion"; Value = "04/2015"; VariantName = "[No Variations]"
Add component (AddParameter): Name = "Height"; Value = "0.35 mm"; VariantName = "[No Variations]"
Add component (AddParameter): Name = "Length"; Value = "1 mm"; VariantName = "[No Variations]"
Add component (AddParameter): Name = "Manufacturer"; Value = "Basic Passives"; VariantName = "[No Variations]"
Add component (AddParameter): Name = "Max Operating Temperature"; Value = "155 degC"; VariantName = "[No Variations]"
Add component (AddParameter): Name = "Min Operating Temperature"; Value = "-55 degC"; VariantName = "[No Variations]"
Add component (AddParameter): Name = "Mount"; Value = "Surface Mount"; VariantName = "[No Variations]"
Add component (AddParameter): Name = "Mounting Technology"; Value = "Surface Mount"; VariantName = "[No Variations]"
Add component (AddParameter): Name = "Package Quantity"; Value = "10000"; VariantName = "[No Variations]"
Add component (AddParameter): Name = "PackageDescription"; Value = "2-Pin Surface Mount Device, Body 1 x 0.5 mm"; VariantName = "[No Variations]"
Add component (AddParameter): Name = "PackageReference"; Value = "0402"; VariantName = "[No Variations]"
Add component (AddParameter): Name = "Packaging"; Value = "Tape and Reel"; VariantName = "[No Variations]"
Add component (AddParameter): Name = "PartNumber"; Value = "ERJ-2RKF1000X"; VariantName = "[No Variations]"
Add component (AddParameter): Name = "Pins"; Value = "2"; VariantName = "[No Variations]"
Add component (AddParameter): Name = "Power Rating"; Value = "100 mW"; VariantName = "[No Variations]"
Add component (AddParameter): Name = "Radiation Hardening"; Value = "No"; VariantName = "[No Variations]"
Add component (AddParameter): Name = "REACH SVHC"; Value = "Yes"; VariantName = "[No Variations]"
Add component (AddParameter): Name = "Resistance"; Value = "100 Ohm"; VariantName = "[No Variations]"
Add component (AddParameter): Name = "RoHSCompliant"; Value = "true"; VariantName = "[No Variations]"
Add component (AddParameter): Name = "Tolerance"; Value = "1%"; VariantName = "[No Variations]"
Add component (AddParameter): Name = "Voltage Rating"; Value = "50 V"; VariantName = "[No Variations]"
Add component (AddParameter): Name = "Width"; Value = "0.5 mm"; VariantName = "[No Variations]"
Added Component: Designator=R18_SellSensor22(RESC1005X40X25LL05T05)
Add component (AddParameter): Name = "Case Code (Imperial)"; Value = "0402"; VariantName = "[No Variations]"
Add component (AddParameter): Name = "Case Code (Metric)"; Value = "1005"; VariantName = "[No Variations]"
Add component (AddParameter): Name = "Case\/Package"; Value = "0402"; VariantName = "[No Variations]"
Add component (AddParameter): Name = "ComponentLink1Description"; Value = "Manufacturer URL"; VariantName = "[No Variations]"
Add component (AddParameter): Name = "ComponentLink1URL"; Value = "http://www.panasonic.com/"; VariantName = "[No Variations]"
Add component (AddParameter): Name = "ComponentLink2Description"; Value = "Datasheet"; VariantName = "[No Variations]"
Add component (AddParameter): Name = "ComponentLink2URL"; Value = "http://industrial.panasonic.com/cdbs/www-data/pdf/RDA0000/AOA0000C86.pdf"; VariantName = "[No Variations]"
Add component (AddParameter): Name = "DatasheetVersion"; Value = "04/2015"; VariantName = "[No Variations]"
Add component (AddParameter): Name = "Height"; Value = "0.35 mm"; VariantName = "[No Variations]"
Add component (AddParameter): Name = "Length"; Value = "1 mm"; VariantName = "[No Variations]"
Add component (AddParameter): Name = "Manufacturer"; Value = "Basic Passives"; VariantName = "[No Variations]"
Add component (AddParameter): Name = "Max Operating Temperature"; Value = "155 degC"; VariantName = "[No Variations]"
Add component (AddParameter): Name = "Min Operating Temperature"; Value = "-55 degC"; VariantName = "[No Variations]"
Add component (AddParameter): Name = "Mount"; Value = "Surface Mount"; VariantName = "[No Variations]"
Add component (AddParameter): Name = "Mounting Technology"; Value = "Surface Mount"; VariantName = "[No Variations]"
Add component (AddParameter): Name = "Package Quantity"; Value = "10000"; VariantName = "[No Variations]"
Add component (AddParameter): Name = "PackageDescription"; Value = "2-Pin Surface Mount Device, Body 1 x 0.5 mm"; VariantName = "[No Variations]"
Add component (AddParameter): Name = "PackageReference"; Value = "0402"; VariantName = "[No Variations]"
Add component (AddParameter): Name = "Packaging"; Value = "Tape and Reel"; VariantName = "[No Variations]"
Add component (AddParameter): Name = "PartNumber"; Value = "ERJ-2RKF1000X"; VariantName = "[No Variations]"
Add component (AddParameter): Name = "Pins"; Value = "2"; VariantName = "[No Variations]"
Add component (AddParameter): Name = "Power Rating"; Value = "100 mW"; VariantName = "[No Variations]"
Add component (AddParameter): Name = "Radiation Hardening"; Value = "No"; VariantName = "[No Variations]"
Add component (AddParameter): Name = "REACH SVHC"; Value = "Yes"; VariantName = "[No Variations]"
Add component (AddParameter): Name = "Resistance"; Value = "100 Ohm"; VariantName = "[No Variations]"
Add component (AddParameter): Name = "RoHSCompliant"; Value = "true"; VariantName = "[No Variations]"
Add component (AddParameter): Name = "Tolerance"; Value = "1%"; VariantName = "[No Variations]"
Add component (AddParameter): Name = "Voltage Rating"; Value = "50 V"; VariantName = "[No Variations]"
Add component (AddParameter): Name = "Width"; Value = "0.5 mm"; VariantName = "[No Variations]"
Added Component: Designator=R18_SellSensor23(RESC1005X40X25LL05T05)
Add component (AddParameter): Name = "Case Code (Imperial)"; Value = "0402"; VariantName = "[No Variations]"
Add component (AddParameter): Name = "Case Code (Metric)"; Value = "1005"; VariantName = "[No Variations]"
Add component (AddParameter): Name = "Case\/Package"; Value = "0402"; VariantName = "[No Variations]"
Add component (AddParameter): Name = "ComponentLink1Description"; Value = "Manufacturer URL"; VariantName = "[No Variations]"
Add component (AddParameter): Name = "ComponentLink1URL"; Value = "http://www.panasonic.com/"; VariantName = "[No Variations]"
Add component (AddParameter): Name = "ComponentLink2Description"; Value = "Datasheet"; VariantName = "[No Variations]"
Add component (AddParameter): Name = "ComponentLink2URL"; Value = "http://industrial.panasonic.com/cdbs/www-data/pdf/RDA0000/AOA0000C86.pdf"; VariantName = "[No Variations]"
Add component (AddParameter): Name = "DatasheetVersion"; Value = "04/2015"; VariantName = "[No Variations]"
Add component (AddParameter): Name = "Height"; Value = "0.35 mm"; VariantName = "[No Variations]"
Add component (AddParameter): Name = "Length"; Value = "1 mm"; VariantName = "[No Variations]"
Add component (AddParameter): Name = "Manufacturer"; Value = "Basic Passives"; VariantName = "[No Variations]"
Add component (AddParameter): Name = "Max Operating Temperature"; Value = "155 degC"; VariantName = "[No Variations]"
Add component (AddParameter): Name = "Min Operating Temperature"; Value = "-55 degC"; VariantName = "[No Variations]"
Add component (AddParameter): Name = "Mount"; Value = "Surface Mount"; VariantName = "[No Variations]"
Add component (AddParameter): Name = "Mounting Technology"; Value = "Surface Mount"; VariantName = "[No Variations]"
Add component (AddParameter): Name = "Package Quantity"; Value = "10000"; VariantName = "[No Variations]"
Add component (AddParameter): Name = "PackageDescription"; Value = "2-Pin Surface Mount Device, Body 1 x 0.5 mm"; VariantName = "[No Variations]"
Add component (AddParameter): Name = "PackageReference"; Value = "0402"; VariantName = "[No Variations]"
Add component (AddParameter): Name = "Packaging"; Value = "Tape and Reel"; VariantName = "[No Variations]"
Add component (AddParameter): Name = "PartNumber"; Value = "ERJ-2RKF1000X"; VariantName = "[No Variations]"
Add component (AddParameter): Name = "Pins"; Value = "2"; VariantName = "[No Variations]"
Add component (AddParameter): Name = "Power Rating"; Value = "100 mW"; VariantName = "[No Variations]"
Add component (AddParameter): Name = "Radiation Hardening"; Value = "No"; VariantName = "[No Variations]"
Add component (AddParameter): Name = "REACH SVHC"; Value = "Yes"; VariantName = "[No Variations]"
Add component (AddParameter): Name = "Resistance"; Value = "100 Ohm"; VariantName = "[No Variations]"
Add component (AddParameter): Name = "RoHSCompliant"; Value = "true"; VariantName = "[No Variations]"
Add component (AddParameter): Name = "Tolerance"; Value = "1%"; VariantName = "[No Variations]"
Add component (AddParameter): Name = "Voltage Rating"; Value = "50 V"; VariantName = "[No Variations]"
Add component (AddParameter): Name = "Width"; Value = "0.5 mm"; VariantName = "[No Variations]"
Added Component: Designator=R19_SellSensor1(RESC1005X40X25LL05T05)
Add component (AddParameter): Name = "Case Code (Imperial)"; Value = "0402"; VariantName = "[No Variations]"
Add component (AddParameter): Name = "Case Code (Metric)"; Value = "1005"; VariantName = "[No Variations]"
Add component (AddParameter): Name = "Case\/Package"; Value = "0402"; VariantName = "[No Variations]"
Add component (AddParameter): Name = "ComponentLink1Description"; Value = "Manufacturer URL"; VariantName = "[No Variations]"
Add component (AddParameter): Name = "ComponentLink1URL"; Value = "http://www.panasonic.com/"; VariantName = "[No Variations]"
Add component (AddParameter): Name = "ComponentLink2Description"; Value = "Datasheet"; VariantName = "[No Variations]"
Add component (AddParameter): Name = "ComponentLink2URL"; Value = "http://industrial.panasonic.com/cdbs/www-data/pdf/RDA0000/AOA0000C86.pdf"; VariantName = "[No Variations]"
Add component (AddParameter): Name = "DatasheetVersion"; Value = "04/2015"; VariantName = "[No Variations]"
Add component (AddParameter): Name = "Height"; Value = "0.35 mm"; VariantName = "[No Variations]"
Add component (AddParameter): Name = "Length"; Value = "1 mm"; VariantName = "[No Variations]"
Add component (AddParameter): Name = "Manufacturer"; Value = "Basic Passives"; VariantName = "[No Variations]"
Add component (AddParameter): Name = "Max Operating Temperature"; Value = "155 degC"; VariantName = "[No Variations]"
Add component (AddParameter): Name = "Min Operating Temperature"; Value = "-55 degC"; VariantName = "[No Variations]"
Add component (AddParameter): Name = "Mount"; Value = "Surface Mount"; VariantName = "[No Variations]"
Add component (AddParameter): Name = "Mounting Technology"; Value = "Surface Mount"; VariantName = "[No Variations]"
Add component (AddParameter): Name = "Package Quantity"; Value = "10000"; VariantName = "[No Variations]"
Add component (AddParameter): Name = "PackageDescription"; Value = "2-Pin Surface Mount Device, Body 1 x 0.5 mm"; VariantName = "[No Variations]"
Add component (AddParameter): Name = "PackageReference"; Value = "0402"; VariantName = "[No Variations]"
Add component (AddParameter): Name = "Packaging"; Value = "Tape and Reel"; VariantName = "[No Variations]"
Add component (AddParameter): Name = "PartNumber"; Value = "ERJ-2RKF1000X"; VariantName = "[No Variations]"
Add component (AddParameter): Name = "Pins"; Value = "2"; VariantName = "[No Variations]"
Add component (AddParameter): Name = "Power Rating"; Value = "100 mW"; VariantName = "[No Variations]"
Add component (AddParameter): Name = "Radiation Hardening"; Value = "No"; VariantName = "[No Variations]"
Add component (AddParameter): Name = "REACH SVHC"; Value = "Yes"; VariantName = "[No Variations]"
Add component (AddParameter): Name = "Resistance"; Value = "100 Ohm"; VariantName = "[No Variations]"
Add component (AddParameter): Name = "RoHSCompliant"; Value = "true"; VariantName = "[No Variations]"
Add component (AddParameter): Name = "Tolerance"; Value = "1%"; VariantName = "[No Variations]"
Add component (AddParameter): Name = "Voltage Rating"; Value = "50 V"; VariantName = "[No Variations]"
Add component (AddParameter): Name = "Width"; Value = "0.5 mm"; VariantName = "[No Variations]"
Added Component: Designator=R19_SellSensor2(RESC1005X40X25LL05T05)
Add component (AddParameter): Name = "Case Code (Imperial)"; Value = "0402"; VariantName = "[No Variations]"
Add component (AddParameter): Name = "Case Code (Metric)"; Value = "1005"; VariantName = "[No Variations]"
Add component (AddParameter): Name = "Case\/Package"; Value = "0402"; VariantName = "[No Variations]"
Add component (AddParameter): Name = "ComponentLink1Description"; Value = "Manufacturer URL"; VariantName = "[No Variations]"
Add component (AddParameter): Name = "ComponentLink1URL"; Value = "http://www.panasonic.com/"; VariantName = "[No Variations]"
Add component (AddParameter): Name = "ComponentLink2Description"; Value = "Datasheet"; VariantName = "[No Variations]"
Add component (AddParameter): Name = "ComponentLink2URL"; Value = "http://industrial.panasonic.com/cdbs/www-data/pdf/RDA0000/AOA0000C86.pdf"; VariantName = "[No Variations]"
Add component (AddParameter): Name = "DatasheetVersion"; Value = "04/2015"; VariantName = "[No Variations]"
Add component (AddParameter): Name = "Height"; Value = "0.35 mm"; VariantName = "[No Variations]"
Add component (AddParameter): Name = "Length"; Value = "1 mm"; VariantName = "[No Variations]"
Add component (AddParameter): Name = "Manufacturer"; Value = "Basic Passives"; VariantName = "[No Variations]"
Add component (AddParameter): Name = "Max Operating Temperature"; Value = "155 degC"; VariantName = "[No Variations]"
Add component (AddParameter): Name = "Min Operating Temperature"; Value = "-55 degC"; VariantName = "[No Variations]"
Add component (AddParameter): Name = "Mount"; Value = "Surface Mount"; VariantName = "[No Variations]"
Add component (AddParameter): Name = "Mounting Technology"; Value = "Surface Mount"; VariantName = "[No Variations]"
Add component (AddParameter): Name = "Package Quantity"; Value = "10000"; VariantName = "[No Variations]"
Add component (AddParameter): Name = "PackageDescription"; Value = "2-Pin Surface Mount Device, Body 1 x 0.5 mm"; VariantName = "[No Variations]"
Add component (AddParameter): Name = "PackageReference"; Value = "0402"; VariantName = "[No Variations]"
Add component (AddParameter): Name = "Packaging"; Value = "Tape and Reel"; VariantName = "[No Variations]"
Add component (AddParameter): Name = "PartNumber"; Value = "ERJ-2RKF1000X"; VariantName = "[No Variations]"
Add component (AddParameter): Name = "Pins"; Value = "2"; VariantName = "[No Variations]"
Add component (AddParameter): Name = "Power Rating"; Value = "100 mW"; VariantName = "[No Variations]"
Add component (AddParameter): Name = "Radiation Hardening"; Value = "No"; VariantName = "[No Variations]"
Add component (AddParameter): Name = "REACH SVHC"; Value = "Yes"; VariantName = "[No Variations]"
Add component (AddParameter): Name = "Resistance"; Value = "100 Ohm"; VariantName = "[No Variations]"
Add component (AddParameter): Name = "RoHSCompliant"; Value = "true"; VariantName = "[No Variations]"
Add component (AddParameter): Name = "Tolerance"; Value = "1%"; VariantName = "[No Variations]"
Add component (AddParameter): Name = "Voltage Rating"; Value = "50 V"; VariantName = "[No Variations]"
Add component (AddParameter): Name = "Width"; Value = "0.5 mm"; VariantName = "[No Variations]"
Added Component: Designator=R19_SellSensor3(RESC1005X40X25LL05T05)
Add component (AddParameter): Name = "Case Code (Imperial)"; Value = "0402"; VariantName = "[No Variations]"
Add component (AddParameter): Name = "Case Code (Metric)"; Value = "1005"; VariantName = "[No Variations]"
Add component (AddParameter): Name = "Case\/Package"; Value = "0402"; VariantName = "[No Variations]"
Add component (AddParameter): Name = "ComponentLink1Description"; Value = "Manufacturer URL"; VariantName = "[No Variations]"
Add component (AddParameter): Name = "ComponentLink1URL"; Value = "http://www.panasonic.com/"; VariantName = "[No Variations]"
Add component (AddParameter): Name = "ComponentLink2Description"; Value = "Datasheet"; VariantName = "[No Variations]"
Add component (AddParameter): Name = "ComponentLink2URL"; Value = "http://industrial.panasonic.com/cdbs/www-data/pdf/RDA0000/AOA0000C86.pdf"; VariantName = "[No Variations]"
Add component (AddParameter): Name = "DatasheetVersion"; Value = "04/2015"; VariantName = "[No Variations]"
Add component (AddParameter): Name = "Height"; Value = "0.35 mm"; VariantName = "[No Variations]"
Add component (AddParameter): Name = "Length"; Value = "1 mm"; VariantName = "[No Variations]"
Add component (AddParameter): Name = "Manufacturer"; Value = "Basic Passives"; VariantName = "[No Variations]"
Add component (AddParameter): Name = "Max Operating Temperature"; Value = "155 degC"; VariantName = "[No Variations]"
Add component (AddParameter): Name = "Min Operating Temperature"; Value = "-55 degC"; VariantName = "[No Variations]"
Add component (AddParameter): Name = "Mount"; Value = "Surface Mount"; VariantName = "[No Variations]"
Add component (AddParameter): Name = "Mounting Technology"; Value = "Surface Mount"; VariantName = "[No Variations]"
Add component (AddParameter): Name = "Package Quantity"; Value = "10000"; VariantName = "[No Variations]"
Add component (AddParameter): Name = "PackageDescription"; Value = "2-Pin Surface Mount Device, Body 1 x 0.5 mm"; VariantName = "[No Variations]"
Add component (AddParameter): Name = "PackageReference"; Value = "0402"; VariantName = "[No Variations]"
Add component (AddParameter): Name = "Packaging"; Value = "Tape and Reel"; VariantName = "[No Variations]"
Add component (AddParameter): Name = "PartNumber"; Value = "ERJ-2RKF1000X"; VariantName = "[No Variations]"
Add component (AddParameter): Name = "Pins"; Value = "2"; VariantName = "[No Variations]"
Add component (AddParameter): Name = "Power Rating"; Value = "100 mW"; VariantName = "[No Variations]"
Add component (AddParameter): Name = "Radiation Hardening"; Value = "No"; VariantName = "[No Variations]"
Add component (AddParameter): Name = "REACH SVHC"; Value = "Yes"; VariantName = "[No Variations]"
Add component (AddParameter): Name = "Resistance"; Value = "100 Ohm"; VariantName = "[No Variations]"
Add component (AddParameter): Name = "RoHSCompliant"; Value = "true"; VariantName = "[No Variations]"
Add component (AddParameter): Name = "Tolerance"; Value = "1%"; VariantName = "[No Variations]"
Add component (AddParameter): Name = "Voltage Rating"; Value = "50 V"; VariantName = "[No Variations]"
Add component (AddParameter): Name = "Width"; Value = "0.5 mm"; VariantName = "[No Variations]"
Added Component: Designator=R19_SellSensor4(RESC1005X40X25LL05T05)
Add component (AddParameter): Name = "Case Code (Imperial)"; Value = "0402"; VariantName = "[No Variations]"
Add component (AddParameter): Name = "Case Code (Metric)"; Value = "1005"; VariantName = "[No Variations]"
Add component (AddParameter): Name = "Case\/Package"; Value = "0402"; VariantName = "[No Variations]"
Add component (AddParameter): Name = "ComponentLink1Description"; Value = "Manufacturer URL"; VariantName = "[No Variations]"
Add component (AddParameter): Name = "ComponentLink1URL"; Value = "http://www.panasonic.com/"; VariantName = "[No Variations]"
Add component (AddParameter): Name = "ComponentLink2Description"; Value = "Datasheet"; VariantName = "[No Variations]"
Add component (AddParameter): Name = "ComponentLink2URL"; Value = "http://industrial.panasonic.com/cdbs/www-data/pdf/RDA0000/AOA0000C86.pdf"; VariantName = "[No Variations]"
Add component (AddParameter): Name = "DatasheetVersion"; Value = "04/2015"; VariantName = "[No Variations]"
Add component (AddParameter): Name = "Height"; Value = "0.35 mm"; VariantName = "[No Variations]"
Add component (AddParameter): Name = "Length"; Value = "1 mm"; VariantName = "[No Variations]"
Add component (AddParameter): Name = "Manufacturer"; Value = "Basic Passives"; VariantName = "[No Variations]"
Add component (AddParameter): Name = "Max Operating Temperature"; Value = "155 degC"; VariantName = "[No Variations]"
Add component (AddParameter): Name = "Min Operating Temperature"; Value = "-55 degC"; VariantName = "[No Variations]"
Add component (AddParameter): Name = "Mount"; Value = "Surface Mount"; VariantName = "[No Variations]"
Add component (AddParameter): Name = "Mounting Technology"; Value = "Surface Mount"; VariantName = "[No Variations]"
Add component (AddParameter): Name = "Package Quantity"; Value = "10000"; VariantName = "[No Variations]"
Add component (AddParameter): Name = "PackageDescription"; Value = "2-Pin Surface Mount Device, Body 1 x 0.5 mm"; VariantName = "[No Variations]"
Add component (AddParameter): Name = "PackageReference"; Value = "0402"; VariantName = "[No Variations]"
Add component (AddParameter): Name = "Packaging"; Value = "Tape and Reel"; VariantName = "[No Variations]"
Add component (AddParameter): Name = "PartNumber"; Value = "ERJ-2RKF1000X"; VariantName = "[No Variations]"
Add component (AddParameter): Name = "Pins"; Value = "2"; VariantName = "[No Variations]"
Add component (AddParameter): Name = "Power Rating"; Value = "100 mW"; VariantName = "[No Variations]"
Add component (AddParameter): Name = "Radiation Hardening"; Value = "No"; VariantName = "[No Variations]"
Add component (AddParameter): Name = "REACH SVHC"; Value = "Yes"; VariantName = "[No Variations]"
Add component (AddParameter): Name = "Resistance"; Value = "100 Ohm"; VariantName = "[No Variations]"
Add component (AddParameter): Name = "RoHSCompliant"; Value = "true"; VariantName = "[No Variations]"
Add component (AddParameter): Name = "Tolerance"; Value = "1%"; VariantName = "[No Variations]"
Add component (AddParameter): Name = "Voltage Rating"; Value = "50 V"; VariantName = "[No Variations]"
Add component (AddParameter): Name = "Width"; Value = "0.5 mm"; VariantName = "[No Variations]"
Added Component: Designator=R19_SellSensor5(RESC1005X40X25LL05T05)
Add component (AddParameter): Name = "Case Code (Imperial)"; Value = "0402"; VariantName = "[No Variations]"
Add component (AddParameter): Name = "Case Code (Metric)"; Value = "1005"; VariantName = "[No Variations]"
Add component (AddParameter): Name = "Case\/Package"; Value = "0402"; VariantName = "[No Variations]"
Add component (AddParameter): Name = "ComponentLink1Description"; Value = "Manufacturer URL"; VariantName = "[No Variations]"
Add component (AddParameter): Name = "ComponentLink1URL"; Value = "http://www.panasonic.com/"; VariantName = "[No Variations]"
Add component (AddParameter): Name = "ComponentLink2Description"; Value = "Datasheet"; VariantName = "[No Variations]"
Add component (AddParameter): Name = "ComponentLink2URL"; Value = "http://industrial.panasonic.com/cdbs/www-data/pdf/RDA0000/AOA0000C86.pdf"; VariantName = "[No Variations]"
Add component (AddParameter): Name = "DatasheetVersion"; Value = "04/2015"; VariantName = "[No Variations]"
Add component (AddParameter): Name = "Height"; Value = "0.35 mm"; VariantName = "[No Variations]"
Add component (AddParameter): Name = "Length"; Value = "1 mm"; VariantName = "[No Variations]"
Add component (AddParameter): Name = "Manufacturer"; Value = "Basic Passives"; VariantName = "[No Variations]"
Add component (AddParameter): Name = "Max Operating Temperature"; Value = "155 degC"; VariantName = "[No Variations]"
Add component (AddParameter): Name = "Min Operating Temperature"; Value = "-55 degC"; VariantName = "[No Variations]"
Add component (AddParameter): Name = "Mount"; Value = "Surface Mount"; VariantName = "[No Variations]"
Add component (AddParameter): Name = "Mounting Technology"; Value = "Surface Mount"; VariantName = "[No Variations]"
Add component (AddParameter): Name = "Package Quantity"; Value = "10000"; VariantName = "[No Variations]"
Add component (AddParameter): Name = "PackageDescription"; Value = "2-Pin Surface Mount Device, Body 1 x 0.5 mm"; VariantName = "[No Variations]"
Add component (AddParameter): Name = "PackageReference"; Value = "0402"; VariantName = "[No Variations]"
Add component (AddParameter): Name = "Packaging"; Value = "Tape and Reel"; VariantName = "[No Variations]"
Add component (AddParameter): Name = "PartNumber"; Value = "ERJ-2RKF1000X"; VariantName = "[No Variations]"
Add component (AddParameter): Name = "Pins"; Value = "2"; VariantName = "[No Variations]"
Add component (AddParameter): Name = "Power Rating"; Value = "100 mW"; VariantName = "[No Variations]"
Add component (AddParameter): Name = "Radiation Hardening"; Value = "No"; VariantName = "[No Variations]"
Add component (AddParameter): Name = "REACH SVHC"; Value = "Yes"; VariantName = "[No Variations]"
Add component (AddParameter): Name = "Resistance"; Value = "100 Ohm"; VariantName = "[No Variations]"
Add component (AddParameter): Name = "RoHSCompliant"; Value = "true"; VariantName = "[No Variations]"
Add component (AddParameter): Name = "Tolerance"; Value = "1%"; VariantName = "[No Variations]"
Add component (AddParameter): Name = "Voltage Rating"; Value = "50 V"; VariantName = "[No Variations]"
Add component (AddParameter): Name = "Width"; Value = "0.5 mm"; VariantName = "[No Variations]"
Added Component: Designator=R19_SellSensor6(RESC1005X40X25LL05T05)
Add component (AddParameter): Name = "Case Code (Imperial)"; Value = "0402"; VariantName = "[No Variations]"
Add component (AddParameter): Name = "Case Code (Metric)"; Value = "1005"; VariantName = "[No Variations]"
Add component (AddParameter): Name = "Case\/Package"; Value = "0402"; VariantName = "[No Variations]"
Add component (AddParameter): Name = "ComponentLink1Description"; Value = "Manufacturer URL"; VariantName = "[No Variations]"
Add component (AddParameter): Name = "ComponentLink1URL"; Value = "http://www.panasonic.com/"; VariantName = "[No Variations]"
Add component (AddParameter): Name = "ComponentLink2Description"; Value = "Datasheet"; VariantName = "[No Variations]"
Add component (AddParameter): Name = "ComponentLink2URL"; Value = "http://industrial.panasonic.com/cdbs/www-data/pdf/RDA0000/AOA0000C86.pdf"; VariantName = "[No Variations]"
Add component (AddParameter): Name = "DatasheetVersion"; Value = "04/2015"; VariantName = "[No Variations]"
Add component (AddParameter): Name = "Height"; Value = "0.35 mm"; VariantName = "[No Variations]"
Add component (AddParameter): Name = "Length"; Value = "1 mm"; VariantName = "[No Variations]"
Add component (AddParameter): Name = "Manufacturer"; Value = "Basic Passives"; VariantName = "[No Variations]"
Add component (AddParameter): Name = "Max Operating Temperature"; Value = "155 degC"; VariantName = "[No Variations]"
Add component (AddParameter): Name = "Min Operating Temperature"; Value = "-55 degC"; VariantName = "[No Variations]"
Add component (AddParameter): Name = "Mount"; Value = "Surface Mount"; VariantName = "[No Variations]"
Add component (AddParameter): Name = "Mounting Technology"; Value = "Surface Mount"; VariantName = "[No Variations]"
Add component (AddParameter): Name = "Package Quantity"; Value = "10000"; VariantName = "[No Variations]"
Add component (AddParameter): Name = "PackageDescription"; Value = "2-Pin Surface Mount Device, Body 1 x 0.5 mm"; VariantName = "[No Variations]"
Add component (AddParameter): Name = "PackageReference"; Value = "0402"; VariantName = "[No Variations]"
Add component (AddParameter): Name = "Packaging"; Value = "Tape and Reel"; VariantName = "[No Variations]"
Add component (AddParameter): Name = "PartNumber"; Value = "ERJ-2RKF1000X"; VariantName = "[No Variations]"
Add component (AddParameter): Name = "Pins"; Value = "2"; VariantName = "[No Variations]"
Add component (AddParameter): Name = "Power Rating"; Value = "100 mW"; VariantName = "[No Variations]"
Add component (AddParameter): Name = "Radiation Hardening"; Value = "No"; VariantName = "[No Variations]"
Add component (AddParameter): Name = "REACH SVHC"; Value = "Yes"; VariantName = "[No Variations]"
Add component (AddParameter): Name = "Resistance"; Value = "100 Ohm"; VariantName = "[No Variations]"
Add component (AddParameter): Name = "RoHSCompliant"; Value = "true"; VariantName = "[No Variations]"
Add component (AddParameter): Name = "Tolerance"; Value = "1%"; VariantName = "[No Variations]"
Add component (AddParameter): Name = "Voltage Rating"; Value = "50 V"; VariantName = "[No Variations]"
Add component (AddParameter): Name = "Width"; Value = "0.5 mm"; VariantName = "[No Variations]"
Added Component: Designator=R19_SellSensor7(RESC1005X40X25LL05T05)
Add component (AddParameter): Name = "Case Code (Imperial)"; Value = "0402"; VariantName = "[No Variations]"
Add component (AddParameter): Name = "Case Code (Metric)"; Value = "1005"; VariantName = "[No Variations]"
Add component (AddParameter): Name = "Case\/Package"; Value = "0402"; VariantName = "[No Variations]"
Add component (AddParameter): Name = "ComponentLink1Description"; Value = "Manufacturer URL"; VariantName = "[No Variations]"
Add component (AddParameter): Name = "ComponentLink1URL"; Value = "http://www.panasonic.com/"; VariantName = "[No Variations]"
Add component (AddParameter): Name = "ComponentLink2Description"; Value = "Datasheet"; VariantName = "[No Variations]"
Add component (AddParameter): Name = "ComponentLink2URL"; Value = "http://industrial.panasonic.com/cdbs/www-data/pdf/RDA0000/AOA0000C86.pdf"; VariantName = "[No Variations]"
Add component (AddParameter): Name = "DatasheetVersion"; Value = "04/2015"; VariantName = "[No Variations]"
Add component (AddParameter): Name = "Height"; Value = "0.35 mm"; VariantName = "[No Variations]"
Add component (AddParameter): Name = "Length"; Value = "1 mm"; VariantName = "[No Variations]"
Add component (AddParameter): Name = "Manufacturer"; Value = "Basic Passives"; VariantName = "[No Variations]"
Add component (AddParameter): Name = "Max Operating Temperature"; Value = "155 degC"; VariantName = "[No Variations]"
Add component (AddParameter): Name = "Min Operating Temperature"; Value = "-55 degC"; VariantName = "[No Variations]"
Add component (AddParameter): Name = "Mount"; Value = "Surface Mount"; VariantName = "[No Variations]"
Add component (AddParameter): Name = "Mounting Technology"; Value = "Surface Mount"; VariantName = "[No Variations]"
Add component (AddParameter): Name = "Package Quantity"; Value = "10000"; VariantName = "[No Variations]"
Add component (AddParameter): Name = "PackageDescription"; Value = "2-Pin Surface Mount Device, Body 1 x 0.5 mm"; VariantName = "[No Variations]"
Add component (AddParameter): Name = "PackageReference"; Value = "0402"; VariantName = "[No Variations]"
Add component (AddParameter): Name = "Packaging"; Value = "Tape and Reel"; VariantName = "[No Variations]"
Add component (AddParameter): Name = "PartNumber"; Value = "ERJ-2RKF1000X"; VariantName = "[No Variations]"
Add component (AddParameter): Name = "Pins"; Value = "2"; VariantName = "[No Variations]"
Add component (AddParameter): Name = "Power Rating"; Value = "100 mW"; VariantName = "[No Variations]"
Add component (AddParameter): Name = "Radiation Hardening"; Value = "No"; VariantName = "[No Variations]"
Add component (AddParameter): Name = "REACH SVHC"; Value = "Yes"; VariantName = "[No Variations]"
Add component (AddParameter): Name = "Resistance"; Value = "100 Ohm"; VariantName = "[No Variations]"
Add component (AddParameter): Name = "RoHSCompliant"; Value = "true"; VariantName = "[No Variations]"
Add component (AddParameter): Name = "Tolerance"; Value = "1%"; VariantName = "[No Variations]"
Add component (AddParameter): Name = "Voltage Rating"; Value = "50 V"; VariantName = "[No Variations]"
Add component (AddParameter): Name = "Width"; Value = "0.5 mm"; VariantName = "[No Variations]"
Added Component: Designator=R19_SellSensor8(RESC1005X40X25LL05T05)
Add component (AddParameter): Name = "Case Code (Imperial)"; Value = "0402"; VariantName = "[No Variations]"
Add component (AddParameter): Name = "Case Code (Metric)"; Value = "1005"; VariantName = "[No Variations]"
Add component (AddParameter): Name = "Case\/Package"; Value = "0402"; VariantName = "[No Variations]"
Add component (AddParameter): Name = "ComponentLink1Description"; Value = "Manufacturer URL"; VariantName = "[No Variations]"
Add component (AddParameter): Name = "ComponentLink1URL"; Value = "http://www.panasonic.com/"; VariantName = "[No Variations]"
Add component (AddParameter): Name = "ComponentLink2Description"; Value = "Datasheet"; VariantName = "[No Variations]"
Add component (AddParameter): Name = "ComponentLink2URL"; Value = "http://industrial.panasonic.com/cdbs/www-data/pdf/RDA0000/AOA0000C86.pdf"; VariantName = "[No Variations]"
Add component (AddParameter): Name = "DatasheetVersion"; Value = "04/2015"; VariantName = "[No Variations]"
Add component (AddParameter): Name = "Height"; Value = "0.35 mm"; VariantName = "[No Variations]"
Add component (AddParameter): Name = "Length"; Value = "1 mm"; VariantName = "[No Variations]"
Add component (AddParameter): Name = "Manufacturer"; Value = "Basic Passives"; VariantName = "[No Variations]"
Add component (AddParameter): Name = "Max Operating Temperature"; Value = "155 degC"; VariantName = "[No Variations]"
Add component (AddParameter): Name = "Min Operating Temperature"; Value = "-55 degC"; VariantName = "[No Variations]"
Add component (AddParameter): Name = "Mount"; Value = "Surface Mount"; VariantName = "[No Variations]"
Add component (AddParameter): Name = "Mounting Technology"; Value = "Surface Mount"; VariantName = "[No Variations]"
Add component (AddParameter): Name = "Package Quantity"; Value = "10000"; VariantName = "[No Variations]"
Add component (AddParameter): Name = "PackageDescription"; Value = "2-Pin Surface Mount Device, Body 1 x 0.5 mm"; VariantName = "[No Variations]"
Add component (AddParameter): Name = "PackageReference"; Value = "0402"; VariantName = "[No Variations]"
Add component (AddParameter): Name = "Packaging"; Value = "Tape and Reel"; VariantName = "[No Variations]"
Add component (AddParameter): Name = "PartNumber"; Value = "ERJ-2RKF1000X"; VariantName = "[No Variations]"
Add component (AddParameter): Name = "Pins"; Value = "2"; VariantName = "[No Variations]"
Add component (AddParameter): Name = "Power Rating"; Value = "100 mW"; VariantName = "[No Variations]"
Add component (AddParameter): Name = "Radiation Hardening"; Value = "No"; VariantName = "[No Variations]"
Add component (AddParameter): Name = "REACH SVHC"; Value = "Yes"; VariantName = "[No Variations]"
Add component (AddParameter): Name = "Resistance"; Value = "100 Ohm"; VariantName = "[No Variations]"
Add component (AddParameter): Name = "RoHSCompliant"; Value = "true"; VariantName = "[No Variations]"
Add component (AddParameter): Name = "Tolerance"; Value = "1%"; VariantName = "[No Variations]"
Add component (AddParameter): Name = "Voltage Rating"; Value = "50 V"; VariantName = "[No Variations]"
Add component (AddParameter): Name = "Width"; Value = "0.5 mm"; VariantName = "[No Variations]"
Added Component: Designator=R19_SellSensor9(RESC1005X40X25LL05T05)
Add component (AddParameter): Name = "Case Code (Imperial)"; Value = "0402"; VariantName = "[No Variations]"
Add component (AddParameter): Name = "Case Code (Metric)"; Value = "1005"; VariantName = "[No Variations]"
Add component (AddParameter): Name = "Case\/Package"; Value = "0402"; VariantName = "[No Variations]"
Add component (AddParameter): Name = "ComponentLink1Description"; Value = "Manufacturer URL"; VariantName = "[No Variations]"
Add component (AddParameter): Name = "ComponentLink1URL"; Value = "http://www.panasonic.com/"; VariantName = "[No Variations]"
Add component (AddParameter): Name = "ComponentLink2Description"; Value = "Datasheet"; VariantName = "[No Variations]"
Add component (AddParameter): Name = "ComponentLink2URL"; Value = "http://industrial.panasonic.com/cdbs/www-data/pdf/RDA0000/AOA0000C86.pdf"; VariantName = "[No Variations]"
Add component (AddParameter): Name = "DatasheetVersion"; Value = "04/2015"; VariantName = "[No Variations]"
Add component (AddParameter): Name = "Height"; Value = "0.35 mm"; VariantName = "[No Variations]"
Add component (AddParameter): Name = "Length"; Value = "1 mm"; VariantName = "[No Variations]"
Add component (AddParameter): Name = "Manufacturer"; Value = "Basic Passives"; VariantName = "[No Variations]"
Add component (AddParameter): Name = "Max Operating Temperature"; Value = "155 degC"; VariantName = "[No Variations]"
Add component (AddParameter): Name = "Min Operating Temperature"; Value = "-55 degC"; VariantName = "[No Variations]"
Add component (AddParameter): Name = "Mount"; Value = "Surface Mount"; VariantName = "[No Variations]"
Add component (AddParameter): Name = "Mounting Technology"; Value = "Surface Mount"; VariantName = "[No Variations]"
Add component (AddParameter): Name = "Package Quantity"; Value = "10000"; VariantName = "[No Variations]"
Add component (AddParameter): Name = "PackageDescription"; Value = "2-Pin Surface Mount Device, Body 1 x 0.5 mm"; VariantName = "[No Variations]"
Add component (AddParameter): Name = "PackageReference"; Value = "0402"; VariantName = "[No Variations]"
Add component (AddParameter): Name = "Packaging"; Value = "Tape and Reel"; VariantName = "[No Variations]"
Add component (AddParameter): Name = "PartNumber"; Value = "ERJ-2RKF1000X"; VariantName = "[No Variations]"
Add component (AddParameter): Name = "Pins"; Value = "2"; VariantName = "[No Variations]"
Add component (AddParameter): Name = "Power Rating"; Value = "100 mW"; VariantName = "[No Variations]"
Add component (AddParameter): Name = "Radiation Hardening"; Value = "No"; VariantName = "[No Variations]"
Add component (AddParameter): Name = "REACH SVHC"; Value = "Yes"; VariantName = "[No Variations]"
Add component (AddParameter): Name = "Resistance"; Value = "100 Ohm"; VariantName = "[No Variations]"
Add component (AddParameter): Name = "RoHSCompliant"; Value = "true"; VariantName = "[No Variations]"
Add component (AddParameter): Name = "Tolerance"; Value = "1%"; VariantName = "[No Variations]"
Add component (AddParameter): Name = "Voltage Rating"; Value = "50 V"; VariantName = "[No Variations]"
Add component (AddParameter): Name = "Width"; Value = "0.5 mm"; VariantName = "[No Variations]"
Added Component: Designator=R19_SellSensor10(RESC1005X40X25LL05T05)
Add component (AddParameter): Name = "Case Code (Imperial)"; Value = "0402"; VariantName = "[No Variations]"
Add component (AddParameter): Name = "Case Code (Metric)"; Value = "1005"; VariantName = "[No Variations]"
Add component (AddParameter): Name = "Case\/Package"; Value = "0402"; VariantName = "[No Variations]"
Add component (AddParameter): Name = "ComponentLink1Description"; Value = "Manufacturer URL"; VariantName = "[No Variations]"
Add component (AddParameter): Name = "ComponentLink1URL"; Value = "http://www.panasonic.com/"; VariantName = "[No Variations]"
Add component (AddParameter): Name = "ComponentLink2Description"; Value = "Datasheet"; VariantName = "[No Variations]"
Add component (AddParameter): Name = "ComponentLink2URL"; Value = "http://industrial.panasonic.com/cdbs/www-data/pdf/RDA0000/AOA0000C86.pdf"; VariantName = "[No Variations]"
Add component (AddParameter): Name = "DatasheetVersion"; Value = "04/2015"; VariantName = "[No Variations]"
Add component (AddParameter): Name = "Height"; Value = "0.35 mm"; VariantName = "[No Variations]"
Add component (AddParameter): Name = "Length"; Value = "1 mm"; VariantName = "[No Variations]"
Add component (AddParameter): Name = "Manufacturer"; Value = "Basic Passives"; VariantName = "[No Variations]"
Add component (AddParameter): Name = "Max Operating Temperature"; Value = "155 degC"; VariantName = "[No Variations]"
Add component (AddParameter): Name = "Min Operating Temperature"; Value = "-55 degC"; VariantName = "[No Variations]"
Add component (AddParameter): Name = "Mount"; Value = "Surface Mount"; VariantName = "[No Variations]"
Add component (AddParameter): Name = "Mounting Technology"; Value = "Surface Mount"; VariantName = "[No Variations]"
Add component (AddParameter): Name = "Package Quantity"; Value = "10000"; VariantName = "[No Variations]"
Add component (AddParameter): Name = "PackageDescription"; Value = "2-Pin Surface Mount Device, Body 1 x 0.5 mm"; VariantName = "[No Variations]"
Add component (AddParameter): Name = "PackageReference"; Value = "0402"; VariantName = "[No Variations]"
Add component (AddParameter): Name = "Packaging"; Value = "Tape and Reel"; VariantName = "[No Variations]"
Add component (AddParameter): Name = "PartNumber"; Value = "ERJ-2RKF1000X"; VariantName = "[No Variations]"
Add component (AddParameter): Name = "Pins"; Value = "2"; VariantName = "[No Variations]"
Add component (AddParameter): Name = "Power Rating"; Value = "100 mW"; VariantName = "[No Variations]"
Add component (AddParameter): Name = "Radiation Hardening"; Value = "No"; VariantName = "[No Variations]"
Add component (AddParameter): Name = "REACH SVHC"; Value = "Yes"; VariantName = "[No Variations]"
Add component (AddParameter): Name = "Resistance"; Value = "100 Ohm"; VariantName = "[No Variations]"
Add component (AddParameter): Name = "RoHSCompliant"; Value = "true"; VariantName = "[No Variations]"
Add component (AddParameter): Name = "Tolerance"; Value = "1%"; VariantName = "[No Variations]"
Add component (AddParameter): Name = "Voltage Rating"; Value = "50 V"; VariantName = "[No Variations]"
Add component (AddParameter): Name = "Width"; Value = "0.5 mm"; VariantName = "[No Variations]"
Added Component: Designator=R19_SellSensor11(RESC1005X40X25LL05T05)
Add component (AddParameter): Name = "Case Code (Imperial)"; Value = "0402"; VariantName = "[No Variations]"
Add component (AddParameter): Name = "Case Code (Metric)"; Value = "1005"; VariantName = "[No Variations]"
Add component (AddParameter): Name = "Case\/Package"; Value = "0402"; VariantName = "[No Variations]"
Add component (AddParameter): Name = "ComponentLink1Description"; Value = "Manufacturer URL"; VariantName = "[No Variations]"
Add component (AddParameter): Name = "ComponentLink1URL"; Value = "http://www.panasonic.com/"; VariantName = "[No Variations]"
Add component (AddParameter): Name = "ComponentLink2Description"; Value = "Datasheet"; VariantName = "[No Variations]"
Add component (AddParameter): Name = "ComponentLink2URL"; Value = "http://industrial.panasonic.com/cdbs/www-data/pdf/RDA0000/AOA0000C86.pdf"; VariantName = "[No Variations]"
Add component (AddParameter): Name = "DatasheetVersion"; Value = "04/2015"; VariantName = "[No Variations]"
Add component (AddParameter): Name = "Height"; Value = "0.35 mm"; VariantName = "[No Variations]"
Add component (AddParameter): Name = "Length"; Value = "1 mm"; VariantName = "[No Variations]"
Add component (AddParameter): Name = "Manufacturer"; Value = "Basic Passives"; VariantName = "[No Variations]"
Add component (AddParameter): Name = "Max Operating Temperature"; Value = "155 degC"; VariantName = "[No Variations]"
Add component (AddParameter): Name = "Min Operating Temperature"; Value = "-55 degC"; VariantName = "[No Variations]"
Add component (AddParameter): Name = "Mount"; Value = "Surface Mount"; VariantName = "[No Variations]"
Add component (AddParameter): Name = "Mounting Technology"; Value = "Surface Mount"; VariantName = "[No Variations]"
Add component (AddParameter): Name = "Package Quantity"; Value = "10000"; VariantName = "[No Variations]"
Add component (AddParameter): Name = "PackageDescription"; Value = "2-Pin Surface Mount Device, Body 1 x 0.5 mm"; VariantName = "[No Variations]"
Add component (AddParameter): Name = "PackageReference"; Value = "0402"; VariantName = "[No Variations]"
Add component (AddParameter): Name = "Packaging"; Value = "Tape and Reel"; VariantName = "[No Variations]"
Add component (AddParameter): Name = "PartNumber"; Value = "ERJ-2RKF1000X"; VariantName = "[No Variations]"
Add component (AddParameter): Name = "Pins"; Value = "2"; VariantName = "[No Variations]"
Add component (AddParameter): Name = "Power Rating"; Value = "100 mW"; VariantName = "[No Variations]"
Add component (AddParameter): Name = "Radiation Hardening"; Value = "No"; VariantName = "[No Variations]"
Add component (AddParameter): Name = "REACH SVHC"; Value = "Yes"; VariantName = "[No Variations]"
Add component (AddParameter): Name = "Resistance"; Value = "100 Ohm"; VariantName = "[No Variations]"
Add component (AddParameter): Name = "RoHSCompliant"; Value = "true"; VariantName = "[No Variations]"
Add component (AddParameter): Name = "Tolerance"; Value = "1%"; VariantName = "[No Variations]"
Add component (AddParameter): Name = "Voltage Rating"; Value = "50 V"; VariantName = "[No Variations]"
Add component (AddParameter): Name = "Width"; Value = "0.5 mm"; VariantName = "[No Variations]"
Added Component: Designator=R19_SellSensor12(RESC1005X40X25LL05T05)
Add component (AddParameter): Name = "Case Code (Imperial)"; Value = "0402"; VariantName = "[No Variations]"
Add component (AddParameter): Name = "Case Code (Metric)"; Value = "1005"; VariantName = "[No Variations]"
Add component (AddParameter): Name = "Case\/Package"; Value = "0402"; VariantName = "[No Variations]"
Add component (AddParameter): Name = "ComponentLink1Description"; Value = "Manufacturer URL"; VariantName = "[No Variations]"
Add component (AddParameter): Name = "ComponentLink1URL"; Value = "http://www.panasonic.com/"; VariantName = "[No Variations]"
Add component (AddParameter): Name = "ComponentLink2Description"; Value = "Datasheet"; VariantName = "[No Variations]"
Add component (AddParameter): Name = "ComponentLink2URL"; Value = "http://industrial.panasonic.com/cdbs/www-data/pdf/RDA0000/AOA0000C86.pdf"; VariantName = "[No Variations]"
Add component (AddParameter): Name = "DatasheetVersion"; Value = "04/2015"; VariantName = "[No Variations]"
Add component (AddParameter): Name = "Height"; Value = "0.35 mm"; VariantName = "[No Variations]"
Add component (AddParameter): Name = "Length"; Value = "1 mm"; VariantName = "[No Variations]"
Add component (AddParameter): Name = "Manufacturer"; Value = "Basic Passives"; VariantName = "[No Variations]"
Add component (AddParameter): Name = "Max Operating Temperature"; Value = "155 degC"; VariantName = "[No Variations]"
Add component (AddParameter): Name = "Min Operating Temperature"; Value = "-55 degC"; VariantName = "[No Variations]"
Add component (AddParameter): Name = "Mount"; Value = "Surface Mount"; VariantName = "[No Variations]"
Add component (AddParameter): Name = "Mounting Technology"; Value = "Surface Mount"; VariantName = "[No Variations]"
Add component (AddParameter): Name = "Package Quantity"; Value = "10000"; VariantName = "[No Variations]"
Add component (AddParameter): Name = "PackageDescription"; Value = "2-Pin Surface Mount Device, Body 1 x 0.5 mm"; VariantName = "[No Variations]"
Add component (AddParameter): Name = "PackageReference"; Value = "0402"; VariantName = "[No Variations]"
Add component (AddParameter): Name = "Packaging"; Value = "Tape and Reel"; VariantName = "[No Variations]"
Add component (AddParameter): Name = "PartNumber"; Value = "ERJ-2RKF1000X"; VariantName = "[No Variations]"
Add component (AddParameter): Name = "Pins"; Value = "2"; VariantName = "[No Variations]"
Add component (AddParameter): Name = "Power Rating"; Value = "100 mW"; VariantName = "[No Variations]"
Add component (AddParameter): Name = "Radiation Hardening"; Value = "No"; VariantName = "[No Variations]"
Add component (AddParameter): Name = "REACH SVHC"; Value = "Yes"; VariantName = "[No Variations]"
Add component (AddParameter): Name = "Resistance"; Value = "100 Ohm"; VariantName = "[No Variations]"
Add component (AddParameter): Name = "RoHSCompliant"; Value = "true"; VariantName = "[No Variations]"
Add component (AddParameter): Name = "Tolerance"; Value = "1%"; VariantName = "[No Variations]"
Add component (AddParameter): Name = "Voltage Rating"; Value = "50 V"; VariantName = "[No Variations]"
Add component (AddParameter): Name = "Width"; Value = "0.5 mm"; VariantName = "[No Variations]"
Added Component: Designator=R19_SellSensor13(RESC1005X40X25LL05T05)
Add component (AddParameter): Name = "Case Code (Imperial)"; Value = "0402"; VariantName = "[No Variations]"
Add component (AddParameter): Name = "Case Code (Metric)"; Value = "1005"; VariantName = "[No Variations]"
Add component (AddParameter): Name = "Case\/Package"; Value = "0402"; VariantName = "[No Variations]"
Add component (AddParameter): Name = "ComponentLink1Description"; Value = "Manufacturer URL"; VariantName = "[No Variations]"
Add component (AddParameter): Name = "ComponentLink1URL"; Value = "http://www.panasonic.com/"; VariantName = "[No Variations]"
Add component (AddParameter): Name = "ComponentLink2Description"; Value = "Datasheet"; VariantName = "[No Variations]"
Add component (AddParameter): Name = "ComponentLink2URL"; Value = "http://industrial.panasonic.com/cdbs/www-data/pdf/RDA0000/AOA0000C86.pdf"; VariantName = "[No Variations]"
Add component (AddParameter): Name = "DatasheetVersion"; Value = "04/2015"; VariantName = "[No Variations]"
Add component (AddParameter): Name = "Height"; Value = "0.35 mm"; VariantName = "[No Variations]"
Add component (AddParameter): Name = "Length"; Value = "1 mm"; VariantName = "[No Variations]"
Add component (AddParameter): Name = "Manufacturer"; Value = "Basic Passives"; VariantName = "[No Variations]"
Add component (AddParameter): Name = "Max Operating Temperature"; Value = "155 degC"; VariantName = "[No Variations]"
Add component (AddParameter): Name = "Min Operating Temperature"; Value = "-55 degC"; VariantName = "[No Variations]"
Add component (AddParameter): Name = "Mount"; Value = "Surface Mount"; VariantName = "[No Variations]"
Add component (AddParameter): Name = "Mounting Technology"; Value = "Surface Mount"; VariantName = "[No Variations]"
Add component (AddParameter): Name = "Package Quantity"; Value = "10000"; VariantName = "[No Variations]"
Add component (AddParameter): Name = "PackageDescription"; Value = "2-Pin Surface Mount Device, Body 1 x 0.5 mm"; VariantName = "[No Variations]"
Add component (AddParameter): Name = "PackageReference"; Value = "0402"; VariantName = "[No Variations]"
Add component (AddParameter): Name = "Packaging"; Value = "Tape and Reel"; VariantName = "[No Variations]"
Add component (AddParameter): Name = "PartNumber"; Value = "ERJ-2RKF1000X"; VariantName = "[No Variations]"
Add component (AddParameter): Name = "Pins"; Value = "2"; VariantName = "[No Variations]"
Add component (AddParameter): Name = "Power Rating"; Value = "100 mW"; VariantName = "[No Variations]"
Add component (AddParameter): Name = "Radiation Hardening"; Value = "No"; VariantName = "[No Variations]"
Add component (AddParameter): Name = "REACH SVHC"; Value = "Yes"; VariantName = "[No Variations]"
Add component (AddParameter): Name = "Resistance"; Value = "100 Ohm"; VariantName = "[No Variations]"
Add component (AddParameter): Name = "RoHSCompliant"; Value = "true"; VariantName = "[No Variations]"
Add component (AddParameter): Name = "Tolerance"; Value = "1%"; VariantName = "[No Variations]"
Add component (AddParameter): Name = "Voltage Rating"; Value = "50 V"; VariantName = "[No Variations]"
Add component (AddParameter): Name = "Width"; Value = "0.5 mm"; VariantName = "[No Variations]"
Added Component: Designator=R19_SellSensor14(RESC1005X40X25LL05T05)
Add component (AddParameter): Name = "Case Code (Imperial)"; Value = "0402"; VariantName = "[No Variations]"
Add component (AddParameter): Name = "Case Code (Metric)"; Value = "1005"; VariantName = "[No Variations]"
Add component (AddParameter): Name = "Case\/Package"; Value = "0402"; VariantName = "[No Variations]"
Add component (AddParameter): Name = "ComponentLink1Description"; Value = "Manufacturer URL"; VariantName = "[No Variations]"
Add component (AddParameter): Name = "ComponentLink1URL"; Value = "http://www.panasonic.com/"; VariantName = "[No Variations]"
Add component (AddParameter): Name = "ComponentLink2Description"; Value = "Datasheet"; VariantName = "[No Variations]"
Add component (AddParameter): Name = "ComponentLink2URL"; Value = "http://industrial.panasonic.com/cdbs/www-data/pdf/RDA0000/AOA0000C86.pdf"; VariantName = "[No Variations]"
Add component (AddParameter): Name = "DatasheetVersion"; Value = "04/2015"; VariantName = "[No Variations]"
Add component (AddParameter): Name = "Height"; Value = "0.35 mm"; VariantName = "[No Variations]"
Add component (AddParameter): Name = "Length"; Value = "1 mm"; VariantName = "[No Variations]"
Add component (AddParameter): Name = "Manufacturer"; Value = "Basic Passives"; VariantName = "[No Variations]"
Add component (AddParameter): Name = "Max Operating Temperature"; Value = "155 degC"; VariantName = "[No Variations]"
Add component (AddParameter): Name = "Min Operating Temperature"; Value = "-55 degC"; VariantName = "[No Variations]"
Add component (AddParameter): Name = "Mount"; Value = "Surface Mount"; VariantName = "[No Variations]"
Add component (AddParameter): Name = "Mounting Technology"; Value = "Surface Mount"; VariantName = "[No Variations]"
Add component (AddParameter): Name = "Package Quantity"; Value = "10000"; VariantName = "[No Variations]"
Add component (AddParameter): Name = "PackageDescription"; Value = "2-Pin Surface Mount Device, Body 1 x 0.5 mm"; VariantName = "[No Variations]"
Add component (AddParameter): Name = "PackageReference"; Value = "0402"; VariantName = "[No Variations]"
Add component (AddParameter): Name = "Packaging"; Value = "Tape and Reel"; VariantName = "[No Variations]"
Add component (AddParameter): Name = "PartNumber"; Value = "ERJ-2RKF1000X"; VariantName = "[No Variations]"
Add component (AddParameter): Name = "Pins"; Value = "2"; VariantName = "[No Variations]"
Add component (AddParameter): Name = "Power Rating"; Value = "100 mW"; VariantName = "[No Variations]"
Add component (AddParameter): Name = "Radiation Hardening"; Value = "No"; VariantName = "[No Variations]"
Add component (AddParameter): Name = "REACH SVHC"; Value = "Yes"; VariantName = "[No Variations]"
Add component (AddParameter): Name = "Resistance"; Value = "100 Ohm"; VariantName = "[No Variations]"
Add component (AddParameter): Name = "RoHSCompliant"; Value = "true"; VariantName = "[No Variations]"
Add component (AddParameter): Name = "Tolerance"; Value = "1%"; VariantName = "[No Variations]"
Add component (AddParameter): Name = "Voltage Rating"; Value = "50 V"; VariantName = "[No Variations]"
Add component (AddParameter): Name = "Width"; Value = "0.5 mm"; VariantName = "[No Variations]"
Added Component: Designator=R19_SellSensor15(RESC1005X40X25LL05T05)
Add component (AddParameter): Name = "Case Code (Imperial)"; Value = "0402"; VariantName = "[No Variations]"
Add component (AddParameter): Name = "Case Code (Metric)"; Value = "1005"; VariantName = "[No Variations]"
Add component (AddParameter): Name = "Case\/Package"; Value = "0402"; VariantName = "[No Variations]"
Add component (AddParameter): Name = "ComponentLink1Description"; Value = "Manufacturer URL"; VariantName = "[No Variations]"
Add component (AddParameter): Name = "ComponentLink1URL"; Value = "http://www.panasonic.com/"; VariantName = "[No Variations]"
Add component (AddParameter): Name = "ComponentLink2Description"; Value = "Datasheet"; VariantName = "[No Variations]"
Add component (AddParameter): Name = "ComponentLink2URL"; Value = "http://industrial.panasonic.com/cdbs/www-data/pdf/RDA0000/AOA0000C86.pdf"; VariantName = "[No Variations]"
Add component (AddParameter): Name = "DatasheetVersion"; Value = "04/2015"; VariantName = "[No Variations]"
Add component (AddParameter): Name = "Height"; Value = "0.35 mm"; VariantName = "[No Variations]"
Add component (AddParameter): Name = "Length"; Value = "1 mm"; VariantName = "[No Variations]"
Add component (AddParameter): Name = "Manufacturer"; Value = "Basic Passives"; VariantName = "[No Variations]"
Add component (AddParameter): Name = "Max Operating Temperature"; Value = "155 degC"; VariantName = "[No Variations]"
Add component (AddParameter): Name = "Min Operating Temperature"; Value = "-55 degC"; VariantName = "[No Variations]"
Add component (AddParameter): Name = "Mount"; Value = "Surface Mount"; VariantName = "[No Variations]"
Add component (AddParameter): Name = "Mounting Technology"; Value = "Surface Mount"; VariantName = "[No Variations]"
Add component (AddParameter): Name = "Package Quantity"; Value = "10000"; VariantName = "[No Variations]"
Add component (AddParameter): Name = "PackageDescription"; Value = "2-Pin Surface Mount Device, Body 1 x 0.5 mm"; VariantName = "[No Variations]"
Add component (AddParameter): Name = "PackageReference"; Value = "0402"; VariantName = "[No Variations]"
Add component (AddParameter): Name = "Packaging"; Value = "Tape and Reel"; VariantName = "[No Variations]"
Add component (AddParameter): Name = "PartNumber"; Value = "ERJ-2RKF1000X"; VariantName = "[No Variations]"
Add component (AddParameter): Name = "Pins"; Value = "2"; VariantName = "[No Variations]"
Add component (AddParameter): Name = "Power Rating"; Value = "100 mW"; VariantName = "[No Variations]"
Add component (AddParameter): Name = "Radiation Hardening"; Value = "No"; VariantName = "[No Variations]"
Add component (AddParameter): Name = "REACH SVHC"; Value = "Yes"; VariantName = "[No Variations]"
Add component (AddParameter): Name = "Resistance"; Value = "100 Ohm"; VariantName = "[No Variations]"
Add component (AddParameter): Name = "RoHSCompliant"; Value = "true"; VariantName = "[No Variations]"
Add component (AddParameter): Name = "Tolerance"; Value = "1%"; VariantName = "[No Variations]"
Add component (AddParameter): Name = "Voltage Rating"; Value = "50 V"; VariantName = "[No Variations]"
Add component (AddParameter): Name = "Width"; Value = "0.5 mm"; VariantName = "[No Variations]"
Added Component: Designator=R19_SellSensor16(RESC1005X40X25LL05T05)
Add component (AddParameter): Name = "Case Code (Imperial)"; Value = "0402"; VariantName = "[No Variations]"
Add component (AddParameter): Name = "Case Code (Metric)"; Value = "1005"; VariantName = "[No Variations]"
Add component (AddParameter): Name = "Case\/Package"; Value = "0402"; VariantName = "[No Variations]"
Add component (AddParameter): Name = "ComponentLink1Description"; Value = "Manufacturer URL"; VariantName = "[No Variations]"
Add component (AddParameter): Name = "ComponentLink1URL"; Value = "http://www.panasonic.com/"; VariantName = "[No Variations]"
Add component (AddParameter): Name = "ComponentLink2Description"; Value = "Datasheet"; VariantName = "[No Variations]"
Add component (AddParameter): Name = "ComponentLink2URL"; Value = "http://industrial.panasonic.com/cdbs/www-data/pdf/RDA0000/AOA0000C86.pdf"; VariantName = "[No Variations]"
Add component (AddParameter): Name = "DatasheetVersion"; Value = "04/2015"; VariantName = "[No Variations]"
Add component (AddParameter): Name = "Height"; Value = "0.35 mm"; VariantName = "[No Variations]"
Add component (AddParameter): Name = "Length"; Value = "1 mm"; VariantName = "[No Variations]"
Add component (AddParameter): Name = "Manufacturer"; Value = "Basic Passives"; VariantName = "[No Variations]"
Add component (AddParameter): Name = "Max Operating Temperature"; Value = "155 degC"; VariantName = "[No Variations]"
Add component (AddParameter): Name = "Min Operating Temperature"; Value = "-55 degC"; VariantName = "[No Variations]"
Add component (AddParameter): Name = "Mount"; Value = "Surface Mount"; VariantName = "[No Variations]"
Add component (AddParameter): Name = "Mounting Technology"; Value = "Surface Mount"; VariantName = "[No Variations]"
Add component (AddParameter): Name = "Package Quantity"; Value = "10000"; VariantName = "[No Variations]"
Add component (AddParameter): Name = "PackageDescription"; Value = "2-Pin Surface Mount Device, Body 1 x 0.5 mm"; VariantName = "[No Variations]"
Add component (AddParameter): Name = "PackageReference"; Value = "0402"; VariantName = "[No Variations]"
Add component (AddParameter): Name = "Packaging"; Value = "Tape and Reel"; VariantName = "[No Variations]"
Add component (AddParameter): Name = "PartNumber"; Value = "ERJ-2RKF1000X"; VariantName = "[No Variations]"
Add component (AddParameter): Name = "Pins"; Value = "2"; VariantName = "[No Variations]"
Add component (AddParameter): Name = "Power Rating"; Value = "100 mW"; VariantName = "[No Variations]"
Add component (AddParameter): Name = "Radiation Hardening"; Value = "No"; VariantName = "[No Variations]"
Add component (AddParameter): Name = "REACH SVHC"; Value = "Yes"; VariantName = "[No Variations]"
Add component (AddParameter): Name = "Resistance"; Value = "100 Ohm"; VariantName = "[No Variations]"
Add component (AddParameter): Name = "RoHSCompliant"; Value = "true"; VariantName = "[No Variations]"
Add component (AddParameter): Name = "Tolerance"; Value = "1%"; VariantName = "[No Variations]"
Add component (AddParameter): Name = "Voltage Rating"; Value = "50 V"; VariantName = "[No Variations]"
Add component (AddParameter): Name = "Width"; Value = "0.5 mm"; VariantName = "[No Variations]"
Added Component: Designator=R19_SellSensor17(RESC1005X40X25LL05T05)
Add component (AddParameter): Name = "Case Code (Imperial)"; Value = "0402"; VariantName = "[No Variations]"
Add component (AddParameter): Name = "Case Code (Metric)"; Value = "1005"; VariantName = "[No Variations]"
Add component (AddParameter): Name = "Case\/Package"; Value = "0402"; VariantName = "[No Variations]"
Add component (AddParameter): Name = "ComponentLink1Description"; Value = "Manufacturer URL"; VariantName = "[No Variations]"
Add component (AddParameter): Name = "ComponentLink1URL"; Value = "http://www.panasonic.com/"; VariantName = "[No Variations]"
Add component (AddParameter): Name = "ComponentLink2Description"; Value = "Datasheet"; VariantName = "[No Variations]"
Add component (AddParameter): Name = "ComponentLink2URL"; Value = "http://industrial.panasonic.com/cdbs/www-data/pdf/RDA0000/AOA0000C86.pdf"; VariantName = "[No Variations]"
Add component (AddParameter): Name = "DatasheetVersion"; Value = "04/2015"; VariantName = "[No Variations]"
Add component (AddParameter): Name = "Height"; Value = "0.35 mm"; VariantName = "[No Variations]"
Add component (AddParameter): Name = "Length"; Value = "1 mm"; VariantName = "[No Variations]"
Add component (AddParameter): Name = "Manufacturer"; Value = "Basic Passives"; VariantName = "[No Variations]"
Add component (AddParameter): Name = "Max Operating Temperature"; Value = "155 degC"; VariantName = "[No Variations]"
Add component (AddParameter): Name = "Min Operating Temperature"; Value = "-55 degC"; VariantName = "[No Variations]"
Add component (AddParameter): Name = "Mount"; Value = "Surface Mount"; VariantName = "[No Variations]"
Add component (AddParameter): Name = "Mounting Technology"; Value = "Surface Mount"; VariantName = "[No Variations]"
Add component (AddParameter): Name = "Package Quantity"; Value = "10000"; VariantName = "[No Variations]"
Add component (AddParameter): Name = "PackageDescription"; Value = "2-Pin Surface Mount Device, Body 1 x 0.5 mm"; VariantName = "[No Variations]"
Add component (AddParameter): Name = "PackageReference"; Value = "0402"; VariantName = "[No Variations]"
Add component (AddParameter): Name = "Packaging"; Value = "Tape and Reel"; VariantName = "[No Variations]"
Add component (AddParameter): Name = "PartNumber"; Value = "ERJ-2RKF1000X"; VariantName = "[No Variations]"
Add component (AddParameter): Name = "Pins"; Value = "2"; VariantName = "[No Variations]"
Add component (AddParameter): Name = "Power Rating"; Value = "100 mW"; VariantName = "[No Variations]"
Add component (AddParameter): Name = "Radiation Hardening"; Value = "No"; VariantName = "[No Variations]"
Add component (AddParameter): Name = "REACH SVHC"; Value = "Yes"; VariantName = "[No Variations]"
Add component (AddParameter): Name = "Resistance"; Value = "100 Ohm"; VariantName = "[No Variations]"
Add component (AddParameter): Name = "RoHSCompliant"; Value = "true"; VariantName = "[No Variations]"
Add component (AddParameter): Name = "Tolerance"; Value = "1%"; VariantName = "[No Variations]"
Add component (AddParameter): Name = "Voltage Rating"; Value = "50 V"; VariantName = "[No Variations]"
Add component (AddParameter): Name = "Width"; Value = "0.5 mm"; VariantName = "[No Variations]"
Added Component: Designator=R19_SellSensor18(RESC1005X40X25LL05T05)
Add component (AddParameter): Name = "Case Code (Imperial)"; Value = "0402"; VariantName = "[No Variations]"
Add component (AddParameter): Name = "Case Code (Metric)"; Value = "1005"; VariantName = "[No Variations]"
Add component (AddParameter): Name = "Case\/Package"; Value = "0402"; VariantName = "[No Variations]"
Add component (AddParameter): Name = "ComponentLink1Description"; Value = "Manufacturer URL"; VariantName = "[No Variations]"
Add component (AddParameter): Name = "ComponentLink1URL"; Value = "http://www.panasonic.com/"; VariantName = "[No Variations]"
Add component (AddParameter): Name = "ComponentLink2Description"; Value = "Datasheet"; VariantName = "[No Variations]"
Add component (AddParameter): Name = "ComponentLink2URL"; Value = "http://industrial.panasonic.com/cdbs/www-data/pdf/RDA0000/AOA0000C86.pdf"; VariantName = "[No Variations]"
Add component (AddParameter): Name = "DatasheetVersion"; Value = "04/2015"; VariantName = "[No Variations]"
Add component (AddParameter): Name = "Height"; Value = "0.35 mm"; VariantName = "[No Variations]"
Add component (AddParameter): Name = "Length"; Value = "1 mm"; VariantName = "[No Variations]"
Add component (AddParameter): Name = "Manufacturer"; Value = "Basic Passives"; VariantName = "[No Variations]"
Add component (AddParameter): Name = "Max Operating Temperature"; Value = "155 degC"; VariantName = "[No Variations]"
Add component (AddParameter): Name = "Min Operating Temperature"; Value = "-55 degC"; VariantName = "[No Variations]"
Add component (AddParameter): Name = "Mount"; Value = "Surface Mount"; VariantName = "[No Variations]"
Add component (AddParameter): Name = "Mounting Technology"; Value = "Surface Mount"; VariantName = "[No Variations]"
Add component (AddParameter): Name = "Package Quantity"; Value = "10000"; VariantName = "[No Variations]"
Add component (AddParameter): Name = "PackageDescription"; Value = "2-Pin Surface Mount Device, Body 1 x 0.5 mm"; VariantName = "[No Variations]"
Add component (AddParameter): Name = "PackageReference"; Value = "0402"; VariantName = "[No Variations]"
Add component (AddParameter): Name = "Packaging"; Value = "Tape and Reel"; VariantName = "[No Variations]"
Add component (AddParameter): Name = "PartNumber"; Value = "ERJ-2RKF1000X"; VariantName = "[No Variations]"
Add component (AddParameter): Name = "Pins"; Value = "2"; VariantName = "[No Variations]"
Add component (AddParameter): Name = "Power Rating"; Value = "100 mW"; VariantName = "[No Variations]"
Add component (AddParameter): Name = "Radiation Hardening"; Value = "No"; VariantName = "[No Variations]"
Add component (AddParameter): Name = "REACH SVHC"; Value = "Yes"; VariantName = "[No Variations]"
Add component (AddParameter): Name = "Resistance"; Value = "100 Ohm"; VariantName = "[No Variations]"
Add component (AddParameter): Name = "RoHSCompliant"; Value = "true"; VariantName = "[No Variations]"
Add component (AddParameter): Name = "Tolerance"; Value = "1%"; VariantName = "[No Variations]"
Add component (AddParameter): Name = "Voltage Rating"; Value = "50 V"; VariantName = "[No Variations]"
Add component (AddParameter): Name = "Width"; Value = "0.5 mm"; VariantName = "[No Variations]"
Added Component: Designator=R19_SellSensor19(RESC1005X40X25LL05T05)
Add component (AddParameter): Name = "Case Code (Imperial)"; Value = "0402"; VariantName = "[No Variations]"
Add component (AddParameter): Name = "Case Code (Metric)"; Value = "1005"; VariantName = "[No Variations]"
Add component (AddParameter): Name = "Case\/Package"; Value = "0402"; VariantName = "[No Variations]"
Add component (AddParameter): Name = "ComponentLink1Description"; Value = "Manufacturer URL"; VariantName = "[No Variations]"
Add component (AddParameter): Name = "ComponentLink1URL"; Value = "http://www.panasonic.com/"; VariantName = "[No Variations]"
Add component (AddParameter): Name = "ComponentLink2Description"; Value = "Datasheet"; VariantName = "[No Variations]"
Add component (AddParameter): Name = "ComponentLink2URL"; Value = "http://industrial.panasonic.com/cdbs/www-data/pdf/RDA0000/AOA0000C86.pdf"; VariantName = "[No Variations]"
Add component (AddParameter): Name = "DatasheetVersion"; Value = "04/2015"; VariantName = "[No Variations]"
Add component (AddParameter): Name = "Height"; Value = "0.35 mm"; VariantName = "[No Variations]"
Add component (AddParameter): Name = "Length"; Value = "1 mm"; VariantName = "[No Variations]"
Add component (AddParameter): Name = "Manufacturer"; Value = "Basic Passives"; VariantName = "[No Variations]"
Add component (AddParameter): Name = "Max Operating Temperature"; Value = "155 degC"; VariantName = "[No Variations]"
Add component (AddParameter): Name = "Min Operating Temperature"; Value = "-55 degC"; VariantName = "[No Variations]"
Add component (AddParameter): Name = "Mount"; Value = "Surface Mount"; VariantName = "[No Variations]"
Add component (AddParameter): Name = "Mounting Technology"; Value = "Surface Mount"; VariantName = "[No Variations]"
Add component (AddParameter): Name = "Package Quantity"; Value = "10000"; VariantName = "[No Variations]"
Add component (AddParameter): Name = "PackageDescription"; Value = "2-Pin Surface Mount Device, Body 1 x 0.5 mm"; VariantName = "[No Variations]"
Add component (AddParameter): Name = "PackageReference"; Value = "0402"; VariantName = "[No Variations]"
Add component (AddParameter): Name = "Packaging"; Value = "Tape and Reel"; VariantName = "[No Variations]"
Add component (AddParameter): Name = "PartNumber"; Value = "ERJ-2RKF1000X"; VariantName = "[No Variations]"
Add component (AddParameter): Name = "Pins"; Value = "2"; VariantName = "[No Variations]"
Add component (AddParameter): Name = "Power Rating"; Value = "100 mW"; VariantName = "[No Variations]"
Add component (AddParameter): Name = "Radiation Hardening"; Value = "No"; VariantName = "[No Variations]"
Add component (AddParameter): Name = "REACH SVHC"; Value = "Yes"; VariantName = "[No Variations]"
Add component (AddParameter): Name = "Resistance"; Value = "100 Ohm"; VariantName = "[No Variations]"
Add component (AddParameter): Name = "RoHSCompliant"; Value = "true"; VariantName = "[No Variations]"
Add component (AddParameter): Name = "Tolerance"; Value = "1%"; VariantName = "[No Variations]"
Add component (AddParameter): Name = "Voltage Rating"; Value = "50 V"; VariantName = "[No Variations]"
Add component (AddParameter): Name = "Width"; Value = "0.5 mm"; VariantName = "[No Variations]"
Added Component: Designator=R19_SellSensor20(RESC1005X40X25LL05T05)
Add component (AddParameter): Name = "Case Code (Imperial)"; Value = "0402"; VariantName = "[No Variations]"
Add component (AddParameter): Name = "Case Code (Metric)"; Value = "1005"; VariantName = "[No Variations]"
Add component (AddParameter): Name = "Case\/Package"; Value = "0402"; VariantName = "[No Variations]"
Add component (AddParameter): Name = "ComponentLink1Description"; Value = "Manufacturer URL"; VariantName = "[No Variations]"
Add component (AddParameter): Name = "ComponentLink1URL"; Value = "http://www.panasonic.com/"; VariantName = "[No Variations]"
Add component (AddParameter): Name = "ComponentLink2Description"; Value = "Datasheet"; VariantName = "[No Variations]"
Add component (AddParameter): Name = "ComponentLink2URL"; Value = "http://industrial.panasonic.com/cdbs/www-data/pdf/RDA0000/AOA0000C86.pdf"; VariantName = "[No Variations]"
Add component (AddParameter): Name = "DatasheetVersion"; Value = "04/2015"; VariantName = "[No Variations]"
Add component (AddParameter): Name = "Height"; Value = "0.35 mm"; VariantName = "[No Variations]"
Add component (AddParameter): Name = "Length"; Value = "1 mm"; VariantName = "[No Variations]"
Add component (AddParameter): Name = "Manufacturer"; Value = "Basic Passives"; VariantName = "[No Variations]"
Add component (AddParameter): Name = "Max Operating Temperature"; Value = "155 degC"; VariantName = "[No Variations]"
Add component (AddParameter): Name = "Min Operating Temperature"; Value = "-55 degC"; VariantName = "[No Variations]"
Add component (AddParameter): Name = "Mount"; Value = "Surface Mount"; VariantName = "[No Variations]"
Add component (AddParameter): Name = "Mounting Technology"; Value = "Surface Mount"; VariantName = "[No Variations]"
Add component (AddParameter): Name = "Package Quantity"; Value = "10000"; VariantName = "[No Variations]"
Add component (AddParameter): Name = "PackageDescription"; Value = "2-Pin Surface Mount Device, Body 1 x 0.5 mm"; VariantName = "[No Variations]"
Add component (AddParameter): Name = "PackageReference"; Value = "0402"; VariantName = "[No Variations]"
Add component (AddParameter): Name = "Packaging"; Value = "Tape and Reel"; VariantName = "[No Variations]"
Add component (AddParameter): Name = "PartNumber"; Value = "ERJ-2RKF1000X"; VariantName = "[No Variations]"
Add component (AddParameter): Name = "Pins"; Value = "2"; VariantName = "[No Variations]"
Add component (AddParameter): Name = "Power Rating"; Value = "100 mW"; VariantName = "[No Variations]"
Add component (AddParameter): Name = "Radiation Hardening"; Value = "No"; VariantName = "[No Variations]"
Add component (AddParameter): Name = "REACH SVHC"; Value = "Yes"; VariantName = "[No Variations]"
Add component (AddParameter): Name = "Resistance"; Value = "100 Ohm"; VariantName = "[No Variations]"
Add component (AddParameter): Name = "RoHSCompliant"; Value = "true"; VariantName = "[No Variations]"
Add component (AddParameter): Name = "Tolerance"; Value = "1%"; VariantName = "[No Variations]"
Add component (AddParameter): Name = "Voltage Rating"; Value = "50 V"; VariantName = "[No Variations]"
Add component (AddParameter): Name = "Width"; Value = "0.5 mm"; VariantName = "[No Variations]"
Added Component: Designator=R19_SellSensor21(RESC1005X40X25LL05T05)
Add component (AddParameter): Name = "Case Code (Imperial)"; Value = "0402"; VariantName = "[No Variations]"
Add component (AddParameter): Name = "Case Code (Metric)"; Value = "1005"; VariantName = "[No Variations]"
Add component (AddParameter): Name = "Case\/Package"; Value = "0402"; VariantName = "[No Variations]"
Add component (AddParameter): Name = "ComponentLink1Description"; Value = "Manufacturer URL"; VariantName = "[No Variations]"
Add component (AddParameter): Name = "ComponentLink1URL"; Value = "http://www.panasonic.com/"; VariantName = "[No Variations]"
Add component (AddParameter): Name = "ComponentLink2Description"; Value = "Datasheet"; VariantName = "[No Variations]"
Add component (AddParameter): Name = "ComponentLink2URL"; Value = "http://industrial.panasonic.com/cdbs/www-data/pdf/RDA0000/AOA0000C86.pdf"; VariantName = "[No Variations]"
Add component (AddParameter): Name = "DatasheetVersion"; Value = "04/2015"; VariantName = "[No Variations]"
Add component (AddParameter): Name = "Height"; Value = "0.35 mm"; VariantName = "[No Variations]"
Add component (AddParameter): Name = "Length"; Value = "1 mm"; VariantName = "[No Variations]"
Add component (AddParameter): Name = "Manufacturer"; Value = "Basic Passives"; VariantName = "[No Variations]"
Add component (AddParameter): Name = "Max Operating Temperature"; Value = "155 degC"; VariantName = "[No Variations]"
Add component (AddParameter): Name = "Min Operating Temperature"; Value = "-55 degC"; VariantName = "[No Variations]"
Add component (AddParameter): Name = "Mount"; Value = "Surface Mount"; VariantName = "[No Variations]"
Add component (AddParameter): Name = "Mounting Technology"; Value = "Surface Mount"; VariantName = "[No Variations]"
Add component (AddParameter): Name = "Package Quantity"; Value = "10000"; VariantName = "[No Variations]"
Add component (AddParameter): Name = "PackageDescription"; Value = "2-Pin Surface Mount Device, Body 1 x 0.5 mm"; VariantName = "[No Variations]"
Add component (AddParameter): Name = "PackageReference"; Value = "0402"; VariantName = "[No Variations]"
Add component (AddParameter): Name = "Packaging"; Value = "Tape and Reel"; VariantName = "[No Variations]"
Add component (AddParameter): Name = "PartNumber"; Value = "ERJ-2RKF1000X"; VariantName = "[No Variations]"
Add component (AddParameter): Name = "Pins"; Value = "2"; VariantName = "[No Variations]"
Add component (AddParameter): Name = "Power Rating"; Value = "100 mW"; VariantName = "[No Variations]"
Add component (AddParameter): Name = "Radiation Hardening"; Value = "No"; VariantName = "[No Variations]"
Add component (AddParameter): Name = "REACH SVHC"; Value = "Yes"; VariantName = "[No Variations]"
Add component (AddParameter): Name = "Resistance"; Value = "100 Ohm"; VariantName = "[No Variations]"
Add component (AddParameter): Name = "RoHSCompliant"; Value = "true"; VariantName = "[No Variations]"
Add component (AddParameter): Name = "Tolerance"; Value = "1%"; VariantName = "[No Variations]"
Add component (AddParameter): Name = "Voltage Rating"; Value = "50 V"; VariantName = "[No Variations]"
Add component (AddParameter): Name = "Width"; Value = "0.5 mm"; VariantName = "[No Variations]"
Added Component: Designator=R19_SellSensor22(RESC1005X40X25LL05T05)
Add component (AddParameter): Name = "Case Code (Imperial)"; Value = "0402"; VariantName = "[No Variations]"
Add component (AddParameter): Name = "Case Code (Metric)"; Value = "1005"; VariantName = "[No Variations]"
Add component (AddParameter): Name = "Case\/Package"; Value = "0402"; VariantName = "[No Variations]"
Add component (AddParameter): Name = "ComponentLink1Description"; Value = "Manufacturer URL"; VariantName = "[No Variations]"
Add component (AddParameter): Name = "ComponentLink1URL"; Value = "http://www.panasonic.com/"; VariantName = "[No Variations]"
Add component (AddParameter): Name = "ComponentLink2Description"; Value = "Datasheet"; VariantName = "[No Variations]"
Add component (AddParameter): Name = "ComponentLink2URL"; Value = "http://industrial.panasonic.com/cdbs/www-data/pdf/RDA0000/AOA0000C86.pdf"; VariantName = "[No Variations]"
Add component (AddParameter): Name = "DatasheetVersion"; Value = "04/2015"; VariantName = "[No Variations]"
Add component (AddParameter): Name = "Height"; Value = "0.35 mm"; VariantName = "[No Variations]"
Add component (AddParameter): Name = "Length"; Value = "1 mm"; VariantName = "[No Variations]"
Add component (AddParameter): Name = "Manufacturer"; Value = "Basic Passives"; VariantName = "[No Variations]"
Add component (AddParameter): Name = "Max Operating Temperature"; Value = "155 degC"; VariantName = "[No Variations]"
Add component (AddParameter): Name = "Min Operating Temperature"; Value = "-55 degC"; VariantName = "[No Variations]"
Add component (AddParameter): Name = "Mount"; Value = "Surface Mount"; VariantName = "[No Variations]"
Add component (AddParameter): Name = "Mounting Technology"; Value = "Surface Mount"; VariantName = "[No Variations]"
Add component (AddParameter): Name = "Package Quantity"; Value = "10000"; VariantName = "[No Variations]"
Add component (AddParameter): Name = "PackageDescription"; Value = "2-Pin Surface Mount Device, Body 1 x 0.5 mm"; VariantName = "[No Variations]"
Add component (AddParameter): Name = "PackageReference"; Value = "0402"; VariantName = "[No Variations]"
Add component (AddParameter): Name = "Packaging"; Value = "Tape and Reel"; VariantName = "[No Variations]"
Add component (AddParameter): Name = "PartNumber"; Value = "ERJ-2RKF1000X"; VariantName = "[No Variations]"
Add component (AddParameter): Name = "Pins"; Value = "2"; VariantName = "[No Variations]"
Add component (AddParameter): Name = "Power Rating"; Value = "100 mW"; VariantName = "[No Variations]"
Add component (AddParameter): Name = "Radiation Hardening"; Value = "No"; VariantName = "[No Variations]"
Add component (AddParameter): Name = "REACH SVHC"; Value = "Yes"; VariantName = "[No Variations]"
Add component (AddParameter): Name = "Resistance"; Value = "100 Ohm"; VariantName = "[No Variations]"
Add component (AddParameter): Name = "RoHSCompliant"; Value = "true"; VariantName = "[No Variations]"
Add component (AddParameter): Name = "Tolerance"; Value = "1%"; VariantName = "[No Variations]"
Add component (AddParameter): Name = "Voltage Rating"; Value = "50 V"; VariantName = "[No Variations]"
Add component (AddParameter): Name = "Width"; Value = "0.5 mm"; VariantName = "[No Variations]"
Added Component: Designator=R19_SellSensor23(RESC1005X40X25LL05T05)
Add component (AddParameter): Name = "Case Code (Imperial)"; Value = "0402"; VariantName = "[No Variations]"
Add component (AddParameter): Name = "Case Code (Metric)"; Value = "1005"; VariantName = "[No Variations]"
Add component (AddParameter): Name = "Case\/Package"; Value = "0402"; VariantName = "[No Variations]"
Add component (AddParameter): Name = "ComponentLink1Description"; Value = "Manufacturer URL"; VariantName = "[No Variations]"
Add component (AddParameter): Name = "ComponentLink1URL"; Value = "http://www.panasonic.com/"; VariantName = "[No Variations]"
Add component (AddParameter): Name = "ComponentLink2Description"; Value = "Datasheet"; VariantName = "[No Variations]"
Add component (AddParameter): Name = "ComponentLink2URL"; Value = "http://industrial.panasonic.com/cdbs/www-data/pdf/RDA0000/AOA0000C86.pdf"; VariantName = "[No Variations]"
Add component (AddParameter): Name = "DatasheetVersion"; Value = "04/2015"; VariantName = "[No Variations]"
Add component (AddParameter): Name = "Height"; Value = "0.35 mm"; VariantName = "[No Variations]"
Add component (AddParameter): Name = "Length"; Value = "1 mm"; VariantName = "[No Variations]"
Add component (AddParameter): Name = "Manufacturer"; Value = "Basic Passives"; VariantName = "[No Variations]"
Add component (AddParameter): Name = "Max Operating Temperature"; Value = "155 degC"; VariantName = "[No Variations]"
Add component (AddParameter): Name = "Min Operating Temperature"; Value = "-55 degC"; VariantName = "[No Variations]"
Add component (AddParameter): Name = "Mount"; Value = "Surface Mount"; VariantName = "[No Variations]"
Add component (AddParameter): Name = "Mounting Technology"; Value = "Surface Mount"; VariantName = "[No Variations]"
Add component (AddParameter): Name = "Package Quantity"; Value = "10000"; VariantName = "[No Variations]"
Add component (AddParameter): Name = "PackageDescription"; Value = "2-Pin Surface Mount Device, Body 1 x 0.5 mm"; VariantName = "[No Variations]"
Add component (AddParameter): Name = "PackageReference"; Value = "0402"; VariantName = "[No Variations]"
Add component (AddParameter): Name = "Packaging"; Value = "Tape and Reel"; VariantName = "[No Variations]"
Add component (AddParameter): Name = "PartNumber"; Value = "ERJ-2RKF1000X"; VariantName = "[No Variations]"
Add component (AddParameter): Name = "Pins"; Value = "2"; VariantName = "[No Variations]"
Add component (AddParameter): Name = "Power Rating"; Value = "100 mW"; VariantName = "[No Variations]"
Add component (AddParameter): Name = "Radiation Hardening"; Value = "No"; VariantName = "[No Variations]"
Add component (AddParameter): Name = "REACH SVHC"; Value = "Yes"; VariantName = "[No Variations]"
Add component (AddParameter): Name = "Resistance"; Value = "100 Ohm"; VariantName = "[No Variations]"
Add component (AddParameter): Name = "RoHSCompliant"; Value = "true"; VariantName = "[No Variations]"
Add component (AddParameter): Name = "Tolerance"; Value = "1%"; VariantName = "[No Variations]"
Add component (AddParameter): Name = "Voltage Rating"; Value = "50 V"; VariantName = "[No Variations]"
Add component (AddParameter): Name = "Width"; Value = "0.5 mm"; VariantName = "[No Variations]"
Added Component: Designator=R20_SellSensor1(RESC1005X40X25NL05T05)
Add component (AddParameter): Name = "Case Code (Imperial)"; Value = "0402"; VariantName = "[No Variations]"
Add component (AddParameter): Name = "Case Code (Metric)"; Value = "1005"; VariantName = "[No Variations]"
Add component (AddParameter): Name = "Case\/Package"; Value = "0402"; VariantName = "[No Variations]"
Add component (AddParameter): Name = "ComponentLink1Description"; Value = "Manufacturer URL"; VariantName = "[No Variations]"
Add component (AddParameter): Name = "ComponentLink1URL"; Value = "http://www.panasonic.com/"; VariantName = "[No Variations]"
Add component (AddParameter): Name = "ComponentLink2Description"; Value = "Datasheet"; VariantName = "[No Variations]"
Add component (AddParameter): Name = "ComponentLink2URL"; Value = "http://industrial.panasonic.com/cdbs/www-data/pdf/RDA0000/AOA0000C86.pdf"; VariantName = "[No Variations]"
Add component (AddParameter): Name = "DatasheetVersion"; Value = "04/2015"; VariantName = "[No Variations]"
Add component (AddParameter): Name = "Height"; Value = "0.35 mm"; VariantName = "[No Variations]"
Add component (AddParameter): Name = "Length"; Value = "1 mm"; VariantName = "[No Variations]"
Add component (AddParameter): Name = "Manufacturer"; Value = "Basic Passives"; VariantName = "[No Variations]"
Add component (AddParameter): Name = "Max Operating Temperature"; Value = "155 degC"; VariantName = "[No Variations]"
Add component (AddParameter): Name = "Min Operating Temperature"; Value = "-55 degC"; VariantName = "[No Variations]"
Add component (AddParameter): Name = "Mount"; Value = "Surface Mount"; VariantName = "[No Variations]"
Add component (AddParameter): Name = "Mounting Technology"; Value = "Surface Mount"; VariantName = "[No Variations]"
Add component (AddParameter): Name = "Package Quantity"; Value = "10000"; VariantName = "[No Variations]"
Add component (AddParameter): Name = "PackageDescription"; Value = "2-Pin Surface Mount Device, Body 1 x 0.5 mm"; VariantName = "[No Variations]"
Add component (AddParameter): Name = "PackageReference"; Value = "0402"; VariantName = "[No Variations]"
Add component (AddParameter): Name = "Packaging"; Value = "Tape and Reel"; VariantName = "[No Variations]"
Add component (AddParameter): Name = "PartNumber"; Value = "ERJ-2RKF1001X"; VariantName = "[No Variations]"
Add component (AddParameter): Name = "Pins"; Value = "2"; VariantName = "[No Variations]"
Add component (AddParameter): Name = "Power Rating"; Value = "100 mW"; VariantName = "[No Variations]"
Add component (AddParameter): Name = "Radiation Hardening"; Value = "No"; VariantName = "[No Variations]"
Add component (AddParameter): Name = "REACH SVHC"; Value = "Yes"; VariantName = "[No Variations]"
Add component (AddParameter): Name = "Resistance"; Value = "1 KOhm"; VariantName = "[No Variations]"
Add component (AddParameter): Name = "RoHSCompliant"; Value = "true"; VariantName = "[No Variations]"
Add component (AddParameter): Name = "Tolerance"; Value = "1%"; VariantName = "[No Variations]"
Add component (AddParameter): Name = "Voltage Rating"; Value = "50 V"; VariantName = "[No Variations]"
Add component (AddParameter): Name = "Width"; Value = "0.5 mm"; VariantName = "[No Variations]"
Added Component: Designator=R20_SellSensor2(RESC1005X40X25NL05T05)
Add component (AddParameter): Name = "Case Code (Imperial)"; Value = "0402"; VariantName = "[No Variations]"
Add component (AddParameter): Name = "Case Code (Metric)"; Value = "1005"; VariantName = "[No Variations]"
Add component (AddParameter): Name = "Case\/Package"; Value = "0402"; VariantName = "[No Variations]"
Add component (AddParameter): Name = "ComponentLink1Description"; Value = "Manufacturer URL"; VariantName = "[No Variations]"
Add component (AddParameter): Name = "ComponentLink1URL"; Value = "http://www.panasonic.com/"; VariantName = "[No Variations]"
Add component (AddParameter): Name = "ComponentLink2Description"; Value = "Datasheet"; VariantName = "[No Variations]"
Add component (AddParameter): Name = "ComponentLink2URL"; Value = "http://industrial.panasonic.com/cdbs/www-data/pdf/RDA0000/AOA0000C86.pdf"; VariantName = "[No Variations]"
Add component (AddParameter): Name = "DatasheetVersion"; Value = "04/2015"; VariantName = "[No Variations]"
Add component (AddParameter): Name = "Height"; Value = "0.35 mm"; VariantName = "[No Variations]"
Add component (AddParameter): Name = "Length"; Value = "1 mm"; VariantName = "[No Variations]"
Add component (AddParameter): Name = "Manufacturer"; Value = "Basic Passives"; VariantName = "[No Variations]"
Add component (AddParameter): Name = "Max Operating Temperature"; Value = "155 degC"; VariantName = "[No Variations]"
Add component (AddParameter): Name = "Min Operating Temperature"; Value = "-55 degC"; VariantName = "[No Variations]"
Add component (AddParameter): Name = "Mount"; Value = "Surface Mount"; VariantName = "[No Variations]"
Add component (AddParameter): Name = "Mounting Technology"; Value = "Surface Mount"; VariantName = "[No Variations]"
Add component (AddParameter): Name = "Package Quantity"; Value = "10000"; VariantName = "[No Variations]"
Add component (AddParameter): Name = "PackageDescription"; Value = "2-Pin Surface Mount Device, Body 1 x 0.5 mm"; VariantName = "[No Variations]"
Add component (AddParameter): Name = "PackageReference"; Value = "0402"; VariantName = "[No Variations]"
Add component (AddParameter): Name = "Packaging"; Value = "Tape and Reel"; VariantName = "[No Variations]"
Add component (AddParameter): Name = "PartNumber"; Value = "ERJ-2RKF1001X"; VariantName = "[No Variations]"
Add component (AddParameter): Name = "Pins"; Value = "2"; VariantName = "[No Variations]"
Add component (AddParameter): Name = "Power Rating"; Value = "100 mW"; VariantName = "[No Variations]"
Add component (AddParameter): Name = "Radiation Hardening"; Value = "No"; VariantName = "[No Variations]"
Add component (AddParameter): Name = "REACH SVHC"; Value = "Yes"; VariantName = "[No Variations]"
Add component (AddParameter): Name = "Resistance"; Value = "1 KOhm"; VariantName = "[No Variations]"
Add component (AddParameter): Name = "RoHSCompliant"; Value = "true"; VariantName = "[No Variations]"
Add component (AddParameter): Name = "Tolerance"; Value = "1%"; VariantName = "[No Variations]"
Add component (AddParameter): Name = "Voltage Rating"; Value = "50 V"; VariantName = "[No Variations]"
Add component (AddParameter): Name = "Width"; Value = "0.5 mm"; VariantName = "[No Variations]"
Added Component: Designator=R20_SellSensor3(RESC1005X40X25NL05T05)
Add component (AddParameter): Name = "Case Code (Imperial)"; Value = "0402"; VariantName = "[No Variations]"
Add component (AddParameter): Name = "Case Code (Metric)"; Value = "1005"; VariantName = "[No Variations]"
Add component (AddParameter): Name = "Case\/Package"; Value = "0402"; VariantName = "[No Variations]"
Add component (AddParameter): Name = "ComponentLink1Description"; Value = "Manufacturer URL"; VariantName = "[No Variations]"
Add component (AddParameter): Name = "ComponentLink1URL"; Value = "http://www.panasonic.com/"; VariantName = "[No Variations]"
Add component (AddParameter): Name = "ComponentLink2Description"; Value = "Datasheet"; VariantName = "[No Variations]"
Add component (AddParameter): Name = "ComponentLink2URL"; Value = "http://industrial.panasonic.com/cdbs/www-data/pdf/RDA0000/AOA0000C86.pdf"; VariantName = "[No Variations]"
Add component (AddParameter): Name = "DatasheetVersion"; Value = "04/2015"; VariantName = "[No Variations]"
Add component (AddParameter): Name = "Height"; Value = "0.35 mm"; VariantName = "[No Variations]"
Add component (AddParameter): Name = "Length"; Value = "1 mm"; VariantName = "[No Variations]"
Add component (AddParameter): Name = "Manufacturer"; Value = "Basic Passives"; VariantName = "[No Variations]"
Add component (AddParameter): Name = "Max Operating Temperature"; Value = "155 degC"; VariantName = "[No Variations]"
Add component (AddParameter): Name = "Min Operating Temperature"; Value = "-55 degC"; VariantName = "[No Variations]"
Add component (AddParameter): Name = "Mount"; Value = "Surface Mount"; VariantName = "[No Variations]"
Add component (AddParameter): Name = "Mounting Technology"; Value = "Surface Mount"; VariantName = "[No Variations]"
Add component (AddParameter): Name = "Package Quantity"; Value = "10000"; VariantName = "[No Variations]"
Add component (AddParameter): Name = "PackageDescription"; Value = "2-Pin Surface Mount Device, Body 1 x 0.5 mm"; VariantName = "[No Variations]"
Add component (AddParameter): Name = "PackageReference"; Value = "0402"; VariantName = "[No Variations]"
Add component (AddParameter): Name = "Packaging"; Value = "Tape and Reel"; VariantName = "[No Variations]"
Add component (AddParameter): Name = "PartNumber"; Value = "ERJ-2RKF1001X"; VariantName = "[No Variations]"
Add component (AddParameter): Name = "Pins"; Value = "2"; VariantName = "[No Variations]"
Add component (AddParameter): Name = "Power Rating"; Value = "100 mW"; VariantName = "[No Variations]"
Add component (AddParameter): Name = "Radiation Hardening"; Value = "No"; VariantName = "[No Variations]"
Add component (AddParameter): Name = "REACH SVHC"; Value = "Yes"; VariantName = "[No Variations]"
Add component (AddParameter): Name = "Resistance"; Value = "1 KOhm"; VariantName = "[No Variations]"
Add component (AddParameter): Name = "RoHSCompliant"; Value = "true"; VariantName = "[No Variations]"
Add component (AddParameter): Name = "Tolerance"; Value = "1%"; VariantName = "[No Variations]"
Add component (AddParameter): Name = "Voltage Rating"; Value = "50 V"; VariantName = "[No Variations]"
Add component (AddParameter): Name = "Width"; Value = "0.5 mm"; VariantName = "[No Variations]"
Added Component: Designator=R20_SellSensor4(RESC1005X40X25NL05T05)
Add component (AddParameter): Name = "Case Code (Imperial)"; Value = "0402"; VariantName = "[No Variations]"
Add component (AddParameter): Name = "Case Code (Metric)"; Value = "1005"; VariantName = "[No Variations]"
Add component (AddParameter): Name = "Case\/Package"; Value = "0402"; VariantName = "[No Variations]"
Add component (AddParameter): Name = "ComponentLink1Description"; Value = "Manufacturer URL"; VariantName = "[No Variations]"
Add component (AddParameter): Name = "ComponentLink1URL"; Value = "http://www.panasonic.com/"; VariantName = "[No Variations]"
Add component (AddParameter): Name = "ComponentLink2Description"; Value = "Datasheet"; VariantName = "[No Variations]"
Add component (AddParameter): Name = "ComponentLink2URL"; Value = "http://industrial.panasonic.com/cdbs/www-data/pdf/RDA0000/AOA0000C86.pdf"; VariantName = "[No Variations]"
Add component (AddParameter): Name = "DatasheetVersion"; Value = "04/2015"; VariantName = "[No Variations]"
Add component (AddParameter): Name = "Height"; Value = "0.35 mm"; VariantName = "[No Variations]"
Add component (AddParameter): Name = "Length"; Value = "1 mm"; VariantName = "[No Variations]"
Add component (AddParameter): Name = "Manufacturer"; Value = "Basic Passives"; VariantName = "[No Variations]"
Add component (AddParameter): Name = "Max Operating Temperature"; Value = "155 degC"; VariantName = "[No Variations]"
Add component (AddParameter): Name = "Min Operating Temperature"; Value = "-55 degC"; VariantName = "[No Variations]"
Add component (AddParameter): Name = "Mount"; Value = "Surface Mount"; VariantName = "[No Variations]"
Add component (AddParameter): Name = "Mounting Technology"; Value = "Surface Mount"; VariantName = "[No Variations]"
Add component (AddParameter): Name = "Package Quantity"; Value = "10000"; VariantName = "[No Variations]"
Add component (AddParameter): Name = "PackageDescription"; Value = "2-Pin Surface Mount Device, Body 1 x 0.5 mm"; VariantName = "[No Variations]"
Add component (AddParameter): Name = "PackageReference"; Value = "0402"; VariantName = "[No Variations]"
Add component (AddParameter): Name = "Packaging"; Value = "Tape and Reel"; VariantName = "[No Variations]"
Add component (AddParameter): Name = "PartNumber"; Value = "ERJ-2RKF1001X"; VariantName = "[No Variations]"
Add component (AddParameter): Name = "Pins"; Value = "2"; VariantName = "[No Variations]"
Add component (AddParameter): Name = "Power Rating"; Value = "100 mW"; VariantName = "[No Variations]"
Add component (AddParameter): Name = "Radiation Hardening"; Value = "No"; VariantName = "[No Variations]"
Add component (AddParameter): Name = "REACH SVHC"; Value = "Yes"; VariantName = "[No Variations]"
Add component (AddParameter): Name = "Resistance"; Value = "1 KOhm"; VariantName = "[No Variations]"
Add component (AddParameter): Name = "RoHSCompliant"; Value = "true"; VariantName = "[No Variations]"
Add component (AddParameter): Name = "Tolerance"; Value = "1%"; VariantName = "[No Variations]"
Add component (AddParameter): Name = "Voltage Rating"; Value = "50 V"; VariantName = "[No Variations]"
Add component (AddParameter): Name = "Width"; Value = "0.5 mm"; VariantName = "[No Variations]"
Added Component: Designator=R20_SellSensor5(RESC1005X40X25NL05T05)
Add component (AddParameter): Name = "Case Code (Imperial)"; Value = "0402"; VariantName = "[No Variations]"
Add component (AddParameter): Name = "Case Code (Metric)"; Value = "1005"; VariantName = "[No Variations]"
Add component (AddParameter): Name = "Case\/Package"; Value = "0402"; VariantName = "[No Variations]"
Add component (AddParameter): Name = "ComponentLink1Description"; Value = "Manufacturer URL"; VariantName = "[No Variations]"
Add component (AddParameter): Name = "ComponentLink1URL"; Value = "http://www.panasonic.com/"; VariantName = "[No Variations]"
Add component (AddParameter): Name = "ComponentLink2Description"; Value = "Datasheet"; VariantName = "[No Variations]"
Add component (AddParameter): Name = "ComponentLink2URL"; Value = "http://industrial.panasonic.com/cdbs/www-data/pdf/RDA0000/AOA0000C86.pdf"; VariantName = "[No Variations]"
Add component (AddParameter): Name = "DatasheetVersion"; Value = "04/2015"; VariantName = "[No Variations]"
Add component (AddParameter): Name = "Height"; Value = "0.35 mm"; VariantName = "[No Variations]"
Add component (AddParameter): Name = "Length"; Value = "1 mm"; VariantName = "[No Variations]"
Add component (AddParameter): Name = "Manufacturer"; Value = "Basic Passives"; VariantName = "[No Variations]"
Add component (AddParameter): Name = "Max Operating Temperature"; Value = "155 degC"; VariantName = "[No Variations]"
Add component (AddParameter): Name = "Min Operating Temperature"; Value = "-55 degC"; VariantName = "[No Variations]"
Add component (AddParameter): Name = "Mount"; Value = "Surface Mount"; VariantName = "[No Variations]"
Add component (AddParameter): Name = "Mounting Technology"; Value = "Surface Mount"; VariantName = "[No Variations]"
Add component (AddParameter): Name = "Package Quantity"; Value = "10000"; VariantName = "[No Variations]"
Add component (AddParameter): Name = "PackageDescription"; Value = "2-Pin Surface Mount Device, Body 1 x 0.5 mm"; VariantName = "[No Variations]"
Add component (AddParameter): Name = "PackageReference"; Value = "0402"; VariantName = "[No Variations]"
Add component (AddParameter): Name = "Packaging"; Value = "Tape and Reel"; VariantName = "[No Variations]"
Add component (AddParameter): Name = "PartNumber"; Value = "ERJ-2RKF1001X"; VariantName = "[No Variations]"
Add component (AddParameter): Name = "Pins"; Value = "2"; VariantName = "[No Variations]"
Add component (AddParameter): Name = "Power Rating"; Value = "100 mW"; VariantName = "[No Variations]"
Add component (AddParameter): Name = "Radiation Hardening"; Value = "No"; VariantName = "[No Variations]"
Add component (AddParameter): Name = "REACH SVHC"; Value = "Yes"; VariantName = "[No Variations]"
Add component (AddParameter): Name = "Resistance"; Value = "1 KOhm"; VariantName = "[No Variations]"
Add component (AddParameter): Name = "RoHSCompliant"; Value = "true"; VariantName = "[No Variations]"
Add component (AddParameter): Name = "Tolerance"; Value = "1%"; VariantName = "[No Variations]"
Add component (AddParameter): Name = "Voltage Rating"; Value = "50 V"; VariantName = "[No Variations]"
Add component (AddParameter): Name = "Width"; Value = "0.5 mm"; VariantName = "[No Variations]"
Added Component: Designator=R20_SellSensor6(RESC1005X40X25NL05T05)
Add component (AddParameter): Name = "Case Code (Imperial)"; Value = "0402"; VariantName = "[No Variations]"
Add component (AddParameter): Name = "Case Code (Metric)"; Value = "1005"; VariantName = "[No Variations]"
Add component (AddParameter): Name = "Case\/Package"; Value = "0402"; VariantName = "[No Variations]"
Add component (AddParameter): Name = "ComponentLink1Description"; Value = "Manufacturer URL"; VariantName = "[No Variations]"
Add component (AddParameter): Name = "ComponentLink1URL"; Value = "http://www.panasonic.com/"; VariantName = "[No Variations]"
Add component (AddParameter): Name = "ComponentLink2Description"; Value = "Datasheet"; VariantName = "[No Variations]"
Add component (AddParameter): Name = "ComponentLink2URL"; Value = "http://industrial.panasonic.com/cdbs/www-data/pdf/RDA0000/AOA0000C86.pdf"; VariantName = "[No Variations]"
Add component (AddParameter): Name = "DatasheetVersion"; Value = "04/2015"; VariantName = "[No Variations]"
Add component (AddParameter): Name = "Height"; Value = "0.35 mm"; VariantName = "[No Variations]"
Add component (AddParameter): Name = "Length"; Value = "1 mm"; VariantName = "[No Variations]"
Add component (AddParameter): Name = "Manufacturer"; Value = "Basic Passives"; VariantName = "[No Variations]"
Add component (AddParameter): Name = "Max Operating Temperature"; Value = "155 degC"; VariantName = "[No Variations]"
Add component (AddParameter): Name = "Min Operating Temperature"; Value = "-55 degC"; VariantName = "[No Variations]"
Add component (AddParameter): Name = "Mount"; Value = "Surface Mount"; VariantName = "[No Variations]"
Add component (AddParameter): Name = "Mounting Technology"; Value = "Surface Mount"; VariantName = "[No Variations]"
Add component (AddParameter): Name = "Package Quantity"; Value = "10000"; VariantName = "[No Variations]"
Add component (AddParameter): Name = "PackageDescription"; Value = "2-Pin Surface Mount Device, Body 1 x 0.5 mm"; VariantName = "[No Variations]"
Add component (AddParameter): Name = "PackageReference"; Value = "0402"; VariantName = "[No Variations]"
Add component (AddParameter): Name = "Packaging"; Value = "Tape and Reel"; VariantName = "[No Variations]"
Add component (AddParameter): Name = "PartNumber"; Value = "ERJ-2RKF1001X"; VariantName = "[No Variations]"
Add component (AddParameter): Name = "Pins"; Value = "2"; VariantName = "[No Variations]"
Add component (AddParameter): Name = "Power Rating"; Value = "100 mW"; VariantName = "[No Variations]"
Add component (AddParameter): Name = "Radiation Hardening"; Value = "No"; VariantName = "[No Variations]"
Add component (AddParameter): Name = "REACH SVHC"; Value = "Yes"; VariantName = "[No Variations]"
Add component (AddParameter): Name = "Resistance"; Value = "1 KOhm"; VariantName = "[No Variations]"
Add component (AddParameter): Name = "RoHSCompliant"; Value = "true"; VariantName = "[No Variations]"
Add component (AddParameter): Name = "Tolerance"; Value = "1%"; VariantName = "[No Variations]"
Add component (AddParameter): Name = "Voltage Rating"; Value = "50 V"; VariantName = "[No Variations]"
Add component (AddParameter): Name = "Width"; Value = "0.5 mm"; VariantName = "[No Variations]"
Added Component: Designator=R20_SellSensor7(RESC1005X40X25NL05T05)
Add component (AddParameter): Name = "Case Code (Imperial)"; Value = "0402"; VariantName = "[No Variations]"
Add component (AddParameter): Name = "Case Code (Metric)"; Value = "1005"; VariantName = "[No Variations]"
Add component (AddParameter): Name = "Case\/Package"; Value = "0402"; VariantName = "[No Variations]"
Add component (AddParameter): Name = "ComponentLink1Description"; Value = "Manufacturer URL"; VariantName = "[No Variations]"
Add component (AddParameter): Name = "ComponentLink1URL"; Value = "http://www.panasonic.com/"; VariantName = "[No Variations]"
Add component (AddParameter): Name = "ComponentLink2Description"; Value = "Datasheet"; VariantName = "[No Variations]"
Add component (AddParameter): Name = "ComponentLink2URL"; Value = "http://industrial.panasonic.com/cdbs/www-data/pdf/RDA0000/AOA0000C86.pdf"; VariantName = "[No Variations]"
Add component (AddParameter): Name = "DatasheetVersion"; Value = "04/2015"; VariantName = "[No Variations]"
Add component (AddParameter): Name = "Height"; Value = "0.35 mm"; VariantName = "[No Variations]"
Add component (AddParameter): Name = "Length"; Value = "1 mm"; VariantName = "[No Variations]"
Add component (AddParameter): Name = "Manufacturer"; Value = "Basic Passives"; VariantName = "[No Variations]"
Add component (AddParameter): Name = "Max Operating Temperature"; Value = "155 degC"; VariantName = "[No Variations]"
Add component (AddParameter): Name = "Min Operating Temperature"; Value = "-55 degC"; VariantName = "[No Variations]"
Add component (AddParameter): Name = "Mount"; Value = "Surface Mount"; VariantName = "[No Variations]"
Add component (AddParameter): Name = "Mounting Technology"; Value = "Surface Mount"; VariantName = "[No Variations]"
Add component (AddParameter): Name = "Package Quantity"; Value = "10000"; VariantName = "[No Variations]"
Add component (AddParameter): Name = "PackageDescription"; Value = "2-Pin Surface Mount Device, Body 1 x 0.5 mm"; VariantName = "[No Variations]"
Add component (AddParameter): Name = "PackageReference"; Value = "0402"; VariantName = "[No Variations]"
Add component (AddParameter): Name = "Packaging"; Value = "Tape and Reel"; VariantName = "[No Variations]"
Add component (AddParameter): Name = "PartNumber"; Value = "ERJ-2RKF1001X"; VariantName = "[No Variations]"
Add component (AddParameter): Name = "Pins"; Value = "2"; VariantName = "[No Variations]"
Add component (AddParameter): Name = "Power Rating"; Value = "100 mW"; VariantName = "[No Variations]"
Add component (AddParameter): Name = "Radiation Hardening"; Value = "No"; VariantName = "[No Variations]"
Add component (AddParameter): Name = "REACH SVHC"; Value = "Yes"; VariantName = "[No Variations]"
Add component (AddParameter): Name = "Resistance"; Value = "1 KOhm"; VariantName = "[No Variations]"
Add component (AddParameter): Name = "RoHSCompliant"; Value = "true"; VariantName = "[No Variations]"
Add component (AddParameter): Name = "Tolerance"; Value = "1%"; VariantName = "[No Variations]"
Add component (AddParameter): Name = "Voltage Rating"; Value = "50 V"; VariantName = "[No Variations]"
Add component (AddParameter): Name = "Width"; Value = "0.5 mm"; VariantName = "[No Variations]"
Added Component: Designator=R20_SellSensor8(RESC1005X40X25NL05T05)
Add component (AddParameter): Name = "Case Code (Imperial)"; Value = "0402"; VariantName = "[No Variations]"
Add component (AddParameter): Name = "Case Code (Metric)"; Value = "1005"; VariantName = "[No Variations]"
Add component (AddParameter): Name = "Case\/Package"; Value = "0402"; VariantName = "[No Variations]"
Add component (AddParameter): Name = "ComponentLink1Description"; Value = "Manufacturer URL"; VariantName = "[No Variations]"
Add component (AddParameter): Name = "ComponentLink1URL"; Value = "http://www.panasonic.com/"; VariantName = "[No Variations]"
Add component (AddParameter): Name = "ComponentLink2Description"; Value = "Datasheet"; VariantName = "[No Variations]"
Add component (AddParameter): Name = "ComponentLink2URL"; Value = "http://industrial.panasonic.com/cdbs/www-data/pdf/RDA0000/AOA0000C86.pdf"; VariantName = "[No Variations]"
Add component (AddParameter): Name = "DatasheetVersion"; Value = "04/2015"; VariantName = "[No Variations]"
Add component (AddParameter): Name = "Height"; Value = "0.35 mm"; VariantName = "[No Variations]"
Add component (AddParameter): Name = "Length"; Value = "1 mm"; VariantName = "[No Variations]"
Add component (AddParameter): Name = "Manufacturer"; Value = "Basic Passives"; VariantName = "[No Variations]"
Add component (AddParameter): Name = "Max Operating Temperature"; Value = "155 degC"; VariantName = "[No Variations]"
Add component (AddParameter): Name = "Min Operating Temperature"; Value = "-55 degC"; VariantName = "[No Variations]"
Add component (AddParameter): Name = "Mount"; Value = "Surface Mount"; VariantName = "[No Variations]"
Add component (AddParameter): Name = "Mounting Technology"; Value = "Surface Mount"; VariantName = "[No Variations]"
Add component (AddParameter): Name = "Package Quantity"; Value = "10000"; VariantName = "[No Variations]"
Add component (AddParameter): Name = "PackageDescription"; Value = "2-Pin Surface Mount Device, Body 1 x 0.5 mm"; VariantName = "[No Variations]"
Add component (AddParameter): Name = "PackageReference"; Value = "0402"; VariantName = "[No Variations]"
Add component (AddParameter): Name = "Packaging"; Value = "Tape and Reel"; VariantName = "[No Variations]"
Add component (AddParameter): Name = "PartNumber"; Value = "ERJ-2RKF1001X"; VariantName = "[No Variations]"
Add component (AddParameter): Name = "Pins"; Value = "2"; VariantName = "[No Variations]"
Add component (AddParameter): Name = "Power Rating"; Value = "100 mW"; VariantName = "[No Variations]"
Add component (AddParameter): Name = "Radiation Hardening"; Value = "No"; VariantName = "[No Variations]"
Add component (AddParameter): Name = "REACH SVHC"; Value = "Yes"; VariantName = "[No Variations]"
Add component (AddParameter): Name = "Resistance"; Value = "1 KOhm"; VariantName = "[No Variations]"
Add component (AddParameter): Name = "RoHSCompliant"; Value = "true"; VariantName = "[No Variations]"
Add component (AddParameter): Name = "Tolerance"; Value = "1%"; VariantName = "[No Variations]"
Add component (AddParameter): Name = "Voltage Rating"; Value = "50 V"; VariantName = "[No Variations]"
Add component (AddParameter): Name = "Width"; Value = "0.5 mm"; VariantName = "[No Variations]"
Added Component: Designator=R20_SellSensor9(RESC1005X40X25NL05T05)
Add component (AddParameter): Name = "Case Code (Imperial)"; Value = "0402"; VariantName = "[No Variations]"
Add component (AddParameter): Name = "Case Code (Metric)"; Value = "1005"; VariantName = "[No Variations]"
Add component (AddParameter): Name = "Case\/Package"; Value = "0402"; VariantName = "[No Variations]"
Add component (AddParameter): Name = "ComponentLink1Description"; Value = "Manufacturer URL"; VariantName = "[No Variations]"
Add component (AddParameter): Name = "ComponentLink1URL"; Value = "http://www.panasonic.com/"; VariantName = "[No Variations]"
Add component (AddParameter): Name = "ComponentLink2Description"; Value = "Datasheet"; VariantName = "[No Variations]"
Add component (AddParameter): Name = "ComponentLink2URL"; Value = "http://industrial.panasonic.com/cdbs/www-data/pdf/RDA0000/AOA0000C86.pdf"; VariantName = "[No Variations]"
Add component (AddParameter): Name = "DatasheetVersion"; Value = "04/2015"; VariantName = "[No Variations]"
Add component (AddParameter): Name = "Height"; Value = "0.35 mm"; VariantName = "[No Variations]"
Add component (AddParameter): Name = "Length"; Value = "1 mm"; VariantName = "[No Variations]"
Add component (AddParameter): Name = "Manufacturer"; Value = "Basic Passives"; VariantName = "[No Variations]"
Add component (AddParameter): Name = "Max Operating Temperature"; Value = "155 degC"; VariantName = "[No Variations]"
Add component (AddParameter): Name = "Min Operating Temperature"; Value = "-55 degC"; VariantName = "[No Variations]"
Add component (AddParameter): Name = "Mount"; Value = "Surface Mount"; VariantName = "[No Variations]"
Add component (AddParameter): Name = "Mounting Technology"; Value = "Surface Mount"; VariantName = "[No Variations]"
Add component (AddParameter): Name = "Package Quantity"; Value = "10000"; VariantName = "[No Variations]"
Add component (AddParameter): Name = "PackageDescription"; Value = "2-Pin Surface Mount Device, Body 1 x 0.5 mm"; VariantName = "[No Variations]"
Add component (AddParameter): Name = "PackageReference"; Value = "0402"; VariantName = "[No Variations]"
Add component (AddParameter): Name = "Packaging"; Value = "Tape and Reel"; VariantName = "[No Variations]"
Add component (AddParameter): Name = "PartNumber"; Value = "ERJ-2RKF1001X"; VariantName = "[No Variations]"
Add component (AddParameter): Name = "Pins"; Value = "2"; VariantName = "[No Variations]"
Add component (AddParameter): Name = "Power Rating"; Value = "100 mW"; VariantName = "[No Variations]"
Add component (AddParameter): Name = "Radiation Hardening"; Value = "No"; VariantName = "[No Variations]"
Add component (AddParameter): Name = "REACH SVHC"; Value = "Yes"; VariantName = "[No Variations]"
Add component (AddParameter): Name = "Resistance"; Value = "1 KOhm"; VariantName = "[No Variations]"
Add component (AddParameter): Name = "RoHSCompliant"; Value = "true"; VariantName = "[No Variations]"
Add component (AddParameter): Name = "Tolerance"; Value = "1%"; VariantName = "[No Variations]"
Add component (AddParameter): Name = "Voltage Rating"; Value = "50 V"; VariantName = "[No Variations]"
Add component (AddParameter): Name = "Width"; Value = "0.5 mm"; VariantName = "[No Variations]"
Added Component: Designator=R20_SellSensor10(RESC1005X40X25NL05T05)
Add component (AddParameter): Name = "Case Code (Imperial)"; Value = "0402"; VariantName = "[No Variations]"
Add component (AddParameter): Name = "Case Code (Metric)"; Value = "1005"; VariantName = "[No Variations]"
Add component (AddParameter): Name = "Case\/Package"; Value = "0402"; VariantName = "[No Variations]"
Add component (AddParameter): Name = "ComponentLink1Description"; Value = "Manufacturer URL"; VariantName = "[No Variations]"
Add component (AddParameter): Name = "ComponentLink1URL"; Value = "http://www.panasonic.com/"; VariantName = "[No Variations]"
Add component (AddParameter): Name = "ComponentLink2Description"; Value = "Datasheet"; VariantName = "[No Variations]"
Add component (AddParameter): Name = "ComponentLink2URL"; Value = "http://industrial.panasonic.com/cdbs/www-data/pdf/RDA0000/AOA0000C86.pdf"; VariantName = "[No Variations]"
Add component (AddParameter): Name = "DatasheetVersion"; Value = "04/2015"; VariantName = "[No Variations]"
Add component (AddParameter): Name = "Height"; Value = "0.35 mm"; VariantName = "[No Variations]"
Add component (AddParameter): Name = "Length"; Value = "1 mm"; VariantName = "[No Variations]"
Add component (AddParameter): Name = "Manufacturer"; Value = "Basic Passives"; VariantName = "[No Variations]"
Add component (AddParameter): Name = "Max Operating Temperature"; Value = "155 degC"; VariantName = "[No Variations]"
Add component (AddParameter): Name = "Min Operating Temperature"; Value = "-55 degC"; VariantName = "[No Variations]"
Add component (AddParameter): Name = "Mount"; Value = "Surface Mount"; VariantName = "[No Variations]"
Add component (AddParameter): Name = "Mounting Technology"; Value = "Surface Mount"; VariantName = "[No Variations]"
Add component (AddParameter): Name = "Package Quantity"; Value = "10000"; VariantName = "[No Variations]"
Add component (AddParameter): Name = "PackageDescription"; Value = "2-Pin Surface Mount Device, Body 1 x 0.5 mm"; VariantName = "[No Variations]"
Add component (AddParameter): Name = "PackageReference"; Value = "0402"; VariantName = "[No Variations]"
Add component (AddParameter): Name = "Packaging"; Value = "Tape and Reel"; VariantName = "[No Variations]"
Add component (AddParameter): Name = "PartNumber"; Value = "ERJ-2RKF1001X"; VariantName = "[No Variations]"
Add component (AddParameter): Name = "Pins"; Value = "2"; VariantName = "[No Variations]"
Add component (AddParameter): Name = "Power Rating"; Value = "100 mW"; VariantName = "[No Variations]"
Add component (AddParameter): Name = "Radiation Hardening"; Value = "No"; VariantName = "[No Variations]"
Add component (AddParameter): Name = "REACH SVHC"; Value = "Yes"; VariantName = "[No Variations]"
Add component (AddParameter): Name = "Resistance"; Value = "1 KOhm"; VariantName = "[No Variations]"
Add component (AddParameter): Name = "RoHSCompliant"; Value = "true"; VariantName = "[No Variations]"
Add component (AddParameter): Name = "Tolerance"; Value = "1%"; VariantName = "[No Variations]"
Add component (AddParameter): Name = "Voltage Rating"; Value = "50 V"; VariantName = "[No Variations]"
Add component (AddParameter): Name = "Width"; Value = "0.5 mm"; VariantName = "[No Variations]"
Added Component: Designator=R20_SellSensor11(RESC1005X40X25NL05T05)
Add component (AddParameter): Name = "Case Code (Imperial)"; Value = "0402"; VariantName = "[No Variations]"
Add component (AddParameter): Name = "Case Code (Metric)"; Value = "1005"; VariantName = "[No Variations]"
Add component (AddParameter): Name = "Case\/Package"; Value = "0402"; VariantName = "[No Variations]"
Add component (AddParameter): Name = "ComponentLink1Description"; Value = "Manufacturer URL"; VariantName = "[No Variations]"
Add component (AddParameter): Name = "ComponentLink1URL"; Value = "http://www.panasonic.com/"; VariantName = "[No Variations]"
Add component (AddParameter): Name = "ComponentLink2Description"; Value = "Datasheet"; VariantName = "[No Variations]"
Add component (AddParameter): Name = "ComponentLink2URL"; Value = "http://industrial.panasonic.com/cdbs/www-data/pdf/RDA0000/AOA0000C86.pdf"; VariantName = "[No Variations]"
Add component (AddParameter): Name = "DatasheetVersion"; Value = "04/2015"; VariantName = "[No Variations]"
Add component (AddParameter): Name = "Height"; Value = "0.35 mm"; VariantName = "[No Variations]"
Add component (AddParameter): Name = "Length"; Value = "1 mm"; VariantName = "[No Variations]"
Add component (AddParameter): Name = "Manufacturer"; Value = "Basic Passives"; VariantName = "[No Variations]"
Add component (AddParameter): Name = "Max Operating Temperature"; Value = "155 degC"; VariantName = "[No Variations]"
Add component (AddParameter): Name = "Min Operating Temperature"; Value = "-55 degC"; VariantName = "[No Variations]"
Add component (AddParameter): Name = "Mount"; Value = "Surface Mount"; VariantName = "[No Variations]"
Add component (AddParameter): Name = "Mounting Technology"; Value = "Surface Mount"; VariantName = "[No Variations]"
Add component (AddParameter): Name = "Package Quantity"; Value = "10000"; VariantName = "[No Variations]"
Add component (AddParameter): Name = "PackageDescription"; Value = "2-Pin Surface Mount Device, Body 1 x 0.5 mm"; VariantName = "[No Variations]"
Add component (AddParameter): Name = "PackageReference"; Value = "0402"; VariantName = "[No Variations]"
Add component (AddParameter): Name = "Packaging"; Value = "Tape and Reel"; VariantName = "[No Variations]"
Add component (AddParameter): Name = "PartNumber"; Value = "ERJ-2RKF1001X"; VariantName = "[No Variations]"
Add component (AddParameter): Name = "Pins"; Value = "2"; VariantName = "[No Variations]"
Add component (AddParameter): Name = "Power Rating"; Value = "100 mW"; VariantName = "[No Variations]"
Add component (AddParameter): Name = "Radiation Hardening"; Value = "No"; VariantName = "[No Variations]"
Add component (AddParameter): Name = "REACH SVHC"; Value = "Yes"; VariantName = "[No Variations]"
Add component (AddParameter): Name = "Resistance"; Value = "1 KOhm"; VariantName = "[No Variations]"
Add component (AddParameter): Name = "RoHSCompliant"; Value = "true"; VariantName = "[No Variations]"
Add component (AddParameter): Name = "Tolerance"; Value = "1%"; VariantName = "[No Variations]"
Add component (AddParameter): Name = "Voltage Rating"; Value = "50 V"; VariantName = "[No Variations]"
Add component (AddParameter): Name = "Width"; Value = "0.5 mm"; VariantName = "[No Variations]"
Added Component: Designator=R20_SellSensor12(RESC1005X40X25NL05T05)
Add component (AddParameter): Name = "Case Code (Imperial)"; Value = "0402"; VariantName = "[No Variations]"
Add component (AddParameter): Name = "Case Code (Metric)"; Value = "1005"; VariantName = "[No Variations]"
Add component (AddParameter): Name = "Case\/Package"; Value = "0402"; VariantName = "[No Variations]"
Add component (AddParameter): Name = "ComponentLink1Description"; Value = "Manufacturer URL"; VariantName = "[No Variations]"
Add component (AddParameter): Name = "ComponentLink1URL"; Value = "http://www.panasonic.com/"; VariantName = "[No Variations]"
Add component (AddParameter): Name = "ComponentLink2Description"; Value = "Datasheet"; VariantName = "[No Variations]"
Add component (AddParameter): Name = "ComponentLink2URL"; Value = "http://industrial.panasonic.com/cdbs/www-data/pdf/RDA0000/AOA0000C86.pdf"; VariantName = "[No Variations]"
Add component (AddParameter): Name = "DatasheetVersion"; Value = "04/2015"; VariantName = "[No Variations]"
Add component (AddParameter): Name = "Height"; Value = "0.35 mm"; VariantName = "[No Variations]"
Add component (AddParameter): Name = "Length"; Value = "1 mm"; VariantName = "[No Variations]"
Add component (AddParameter): Name = "Manufacturer"; Value = "Basic Passives"; VariantName = "[No Variations]"
Add component (AddParameter): Name = "Max Operating Temperature"; Value = "155 degC"; VariantName = "[No Variations]"
Add component (AddParameter): Name = "Min Operating Temperature"; Value = "-55 degC"; VariantName = "[No Variations]"
Add component (AddParameter): Name = "Mount"; Value = "Surface Mount"; VariantName = "[No Variations]"
Add component (AddParameter): Name = "Mounting Technology"; Value = "Surface Mount"; VariantName = "[No Variations]"
Add component (AddParameter): Name = "Package Quantity"; Value = "10000"; VariantName = "[No Variations]"
Add component (AddParameter): Name = "PackageDescription"; Value = "2-Pin Surface Mount Device, Body 1 x 0.5 mm"; VariantName = "[No Variations]"
Add component (AddParameter): Name = "PackageReference"; Value = "0402"; VariantName = "[No Variations]"
Add component (AddParameter): Name = "Packaging"; Value = "Tape and Reel"; VariantName = "[No Variations]"
Add component (AddParameter): Name = "PartNumber"; Value = "ERJ-2RKF1001X"; VariantName = "[No Variations]"
Add component (AddParameter): Name = "Pins"; Value = "2"; VariantName = "[No Variations]"
Add component (AddParameter): Name = "Power Rating"; Value = "100 mW"; VariantName = "[No Variations]"
Add component (AddParameter): Name = "Radiation Hardening"; Value = "No"; VariantName = "[No Variations]"
Add component (AddParameter): Name = "REACH SVHC"; Value = "Yes"; VariantName = "[No Variations]"
Add component (AddParameter): Name = "Resistance"; Value = "1 KOhm"; VariantName = "[No Variations]"
Add component (AddParameter): Name = "RoHSCompliant"; Value = "true"; VariantName = "[No Variations]"
Add component (AddParameter): Name = "Tolerance"; Value = "1%"; VariantName = "[No Variations]"
Add component (AddParameter): Name = "Voltage Rating"; Value = "50 V"; VariantName = "[No Variations]"
Add component (AddParameter): Name = "Width"; Value = "0.5 mm"; VariantName = "[No Variations]"
Added Component: Designator=R20_SellSensor13(RESC1005X40X25NL05T05)
Add component (AddParameter): Name = "Case Code (Imperial)"; Value = "0402"; VariantName = "[No Variations]"
Add component (AddParameter): Name = "Case Code (Metric)"; Value = "1005"; VariantName = "[No Variations]"
Add component (AddParameter): Name = "Case\/Package"; Value = "0402"; VariantName = "[No Variations]"
Add component (AddParameter): Name = "ComponentLink1Description"; Value = "Manufacturer URL"; VariantName = "[No Variations]"
Add component (AddParameter): Name = "ComponentLink1URL"; Value = "http://www.panasonic.com/"; VariantName = "[No Variations]"
Add component (AddParameter): Name = "ComponentLink2Description"; Value = "Datasheet"; VariantName = "[No Variations]"
Add component (AddParameter): Name = "ComponentLink2URL"; Value = "http://industrial.panasonic.com/cdbs/www-data/pdf/RDA0000/AOA0000C86.pdf"; VariantName = "[No Variations]"
Add component (AddParameter): Name = "DatasheetVersion"; Value = "04/2015"; VariantName = "[No Variations]"
Add component (AddParameter): Name = "Height"; Value = "0.35 mm"; VariantName = "[No Variations]"
Add component (AddParameter): Name = "Length"; Value = "1 mm"; VariantName = "[No Variations]"
Add component (AddParameter): Name = "Manufacturer"; Value = "Basic Passives"; VariantName = "[No Variations]"
Add component (AddParameter): Name = "Max Operating Temperature"; Value = "155 degC"; VariantName = "[No Variations]"
Add component (AddParameter): Name = "Min Operating Temperature"; Value = "-55 degC"; VariantName = "[No Variations]"
Add component (AddParameter): Name = "Mount"; Value = "Surface Mount"; VariantName = "[No Variations]"
Add component (AddParameter): Name = "Mounting Technology"; Value = "Surface Mount"; VariantName = "[No Variations]"
Add component (AddParameter): Name = "Package Quantity"; Value = "10000"; VariantName = "[No Variations]"
Add component (AddParameter): Name = "PackageDescription"; Value = "2-Pin Surface Mount Device, Body 1 x 0.5 mm"; VariantName = "[No Variations]"
Add component (AddParameter): Name = "PackageReference"; Value = "0402"; VariantName = "[No Variations]"
Add component (AddParameter): Name = "Packaging"; Value = "Tape and Reel"; VariantName = "[No Variations]"
Add component (AddParameter): Name = "PartNumber"; Value = "ERJ-2RKF1001X"; VariantName = "[No Variations]"
Add component (AddParameter): Name = "Pins"; Value = "2"; VariantName = "[No Variations]"
Add component (AddParameter): Name = "Power Rating"; Value = "100 mW"; VariantName = "[No Variations]"
Add component (AddParameter): Name = "Radiation Hardening"; Value = "No"; VariantName = "[No Variations]"
Add component (AddParameter): Name = "REACH SVHC"; Value = "Yes"; VariantName = "[No Variations]"
Add component (AddParameter): Name = "Resistance"; Value = "1 KOhm"; VariantName = "[No Variations]"
Add component (AddParameter): Name = "RoHSCompliant"; Value = "true"; VariantName = "[No Variations]"
Add component (AddParameter): Name = "Tolerance"; Value = "1%"; VariantName = "[No Variations]"
Add component (AddParameter): Name = "Voltage Rating"; Value = "50 V"; VariantName = "[No Variations]"
Add component (AddParameter): Name = "Width"; Value = "0.5 mm"; VariantName = "[No Variations]"
Added Component: Designator=R20_SellSensor14(RESC1005X40X25NL05T05)
Add component (AddParameter): Name = "Case Code (Imperial)"; Value = "0402"; VariantName = "[No Variations]"
Add component (AddParameter): Name = "Case Code (Metric)"; Value = "1005"; VariantName = "[No Variations]"
Add component (AddParameter): Name = "Case\/Package"; Value = "0402"; VariantName = "[No Variations]"
Add component (AddParameter): Name = "ComponentLink1Description"; Value = "Manufacturer URL"; VariantName = "[No Variations]"
Add component (AddParameter): Name = "ComponentLink1URL"; Value = "http://www.panasonic.com/"; VariantName = "[No Variations]"
Add component (AddParameter): Name = "ComponentLink2Description"; Value = "Datasheet"; VariantName = "[No Variations]"
Add component (AddParameter): Name = "ComponentLink2URL"; Value = "http://industrial.panasonic.com/cdbs/www-data/pdf/RDA0000/AOA0000C86.pdf"; VariantName = "[No Variations]"
Add component (AddParameter): Name = "DatasheetVersion"; Value = "04/2015"; VariantName = "[No Variations]"
Add component (AddParameter): Name = "Height"; Value = "0.35 mm"; VariantName = "[No Variations]"
Add component (AddParameter): Name = "Length"; Value = "1 mm"; VariantName = "[No Variations]"
Add component (AddParameter): Name = "Manufacturer"; Value = "Basic Passives"; VariantName = "[No Variations]"
Add component (AddParameter): Name = "Max Operating Temperature"; Value = "155 degC"; VariantName = "[No Variations]"
Add component (AddParameter): Name = "Min Operating Temperature"; Value = "-55 degC"; VariantName = "[No Variations]"
Add component (AddParameter): Name = "Mount"; Value = "Surface Mount"; VariantName = "[No Variations]"
Add component (AddParameter): Name = "Mounting Technology"; Value = "Surface Mount"; VariantName = "[No Variations]"
Add component (AddParameter): Name = "Package Quantity"; Value = "10000"; VariantName = "[No Variations]"
Add component (AddParameter): Name = "PackageDescription"; Value = "2-Pin Surface Mount Device, Body 1 x 0.5 mm"; VariantName = "[No Variations]"
Add component (AddParameter): Name = "PackageReference"; Value = "0402"; VariantName = "[No Variations]"
Add component (AddParameter): Name = "Packaging"; Value = "Tape and Reel"; VariantName = "[No Variations]"
Add component (AddParameter): Name = "PartNumber"; Value = "ERJ-2RKF1001X"; VariantName = "[No Variations]"
Add component (AddParameter): Name = "Pins"; Value = "2"; VariantName = "[No Variations]"
Add component (AddParameter): Name = "Power Rating"; Value = "100 mW"; VariantName = "[No Variations]"
Add component (AddParameter): Name = "Radiation Hardening"; Value = "No"; VariantName = "[No Variations]"
Add component (AddParameter): Name = "REACH SVHC"; Value = "Yes"; VariantName = "[No Variations]"
Add component (AddParameter): Name = "Resistance"; Value = "1 KOhm"; VariantName = "[No Variations]"
Add component (AddParameter): Name = "RoHSCompliant"; Value = "true"; VariantName = "[No Variations]"
Add component (AddParameter): Name = "Tolerance"; Value = "1%"; VariantName = "[No Variations]"
Add component (AddParameter): Name = "Voltage Rating"; Value = "50 V"; VariantName = "[No Variations]"
Add component (AddParameter): Name = "Width"; Value = "0.5 mm"; VariantName = "[No Variations]"
Added Component: Designator=R20_SellSensor15(RESC1005X40X25NL05T05)
Add component (AddParameter): Name = "Case Code (Imperial)"; Value = "0402"; VariantName = "[No Variations]"
Add component (AddParameter): Name = "Case Code (Metric)"; Value = "1005"; VariantName = "[No Variations]"
Add component (AddParameter): Name = "Case\/Package"; Value = "0402"; VariantName = "[No Variations]"
Add component (AddParameter): Name = "ComponentLink1Description"; Value = "Manufacturer URL"; VariantName = "[No Variations]"
Add component (AddParameter): Name = "ComponentLink1URL"; Value = "http://www.panasonic.com/"; VariantName = "[No Variations]"
Add component (AddParameter): Name = "ComponentLink2Description"; Value = "Datasheet"; VariantName = "[No Variations]"
Add component (AddParameter): Name = "ComponentLink2URL"; Value = "http://industrial.panasonic.com/cdbs/www-data/pdf/RDA0000/AOA0000C86.pdf"; VariantName = "[No Variations]"
Add component (AddParameter): Name = "DatasheetVersion"; Value = "04/2015"; VariantName = "[No Variations]"
Add component (AddParameter): Name = "Height"; Value = "0.35 mm"; VariantName = "[No Variations]"
Add component (AddParameter): Name = "Length"; Value = "1 mm"; VariantName = "[No Variations]"
Add component (AddParameter): Name = "Manufacturer"; Value = "Basic Passives"; VariantName = "[No Variations]"
Add component (AddParameter): Name = "Max Operating Temperature"; Value = "155 degC"; VariantName = "[No Variations]"
Add component (AddParameter): Name = "Min Operating Temperature"; Value = "-55 degC"; VariantName = "[No Variations]"
Add component (AddParameter): Name = "Mount"; Value = "Surface Mount"; VariantName = "[No Variations]"
Add component (AddParameter): Name = "Mounting Technology"; Value = "Surface Mount"; VariantName = "[No Variations]"
Add component (AddParameter): Name = "Package Quantity"; Value = "10000"; VariantName = "[No Variations]"
Add component (AddParameter): Name = "PackageDescription"; Value = "2-Pin Surface Mount Device, Body 1 x 0.5 mm"; VariantName = "[No Variations]"
Add component (AddParameter): Name = "PackageReference"; Value = "0402"; VariantName = "[No Variations]"
Add component (AddParameter): Name = "Packaging"; Value = "Tape and Reel"; VariantName = "[No Variations]"
Add component (AddParameter): Name = "PartNumber"; Value = "ERJ-2RKF1001X"; VariantName = "[No Variations]"
Add component (AddParameter): Name = "Pins"; Value = "2"; VariantName = "[No Variations]"
Add component (AddParameter): Name = "Power Rating"; Value = "100 mW"; VariantName = "[No Variations]"
Add component (AddParameter): Name = "Radiation Hardening"; Value = "No"; VariantName = "[No Variations]"
Add component (AddParameter): Name = "REACH SVHC"; Value = "Yes"; VariantName = "[No Variations]"
Add component (AddParameter): Name = "Resistance"; Value = "1 KOhm"; VariantName = "[No Variations]"
Add component (AddParameter): Name = "RoHSCompliant"; Value = "true"; VariantName = "[No Variations]"
Add component (AddParameter): Name = "Tolerance"; Value = "1%"; VariantName = "[No Variations]"
Add component (AddParameter): Name = "Voltage Rating"; Value = "50 V"; VariantName = "[No Variations]"
Add component (AddParameter): Name = "Width"; Value = "0.5 mm"; VariantName = "[No Variations]"
Added Component: Designator=R20_SellSensor16(RESC1005X40X25NL05T05)
Add component (AddParameter): Name = "Case Code (Imperial)"; Value = "0402"; VariantName = "[No Variations]"
Add component (AddParameter): Name = "Case Code (Metric)"; Value = "1005"; VariantName = "[No Variations]"
Add component (AddParameter): Name = "Case\/Package"; Value = "0402"; VariantName = "[No Variations]"
Add component (AddParameter): Name = "ComponentLink1Description"; Value = "Manufacturer URL"; VariantName = "[No Variations]"
Add component (AddParameter): Name = "ComponentLink1URL"; Value = "http://www.panasonic.com/"; VariantName = "[No Variations]"
Add component (AddParameter): Name = "ComponentLink2Description"; Value = "Datasheet"; VariantName = "[No Variations]"
Add component (AddParameter): Name = "ComponentLink2URL"; Value = "http://industrial.panasonic.com/cdbs/www-data/pdf/RDA0000/AOA0000C86.pdf"; VariantName = "[No Variations]"
Add component (AddParameter): Name = "DatasheetVersion"; Value = "04/2015"; VariantName = "[No Variations]"
Add component (AddParameter): Name = "Height"; Value = "0.35 mm"; VariantName = "[No Variations]"
Add component (AddParameter): Name = "Length"; Value = "1 mm"; VariantName = "[No Variations]"
Add component (AddParameter): Name = "Manufacturer"; Value = "Basic Passives"; VariantName = "[No Variations]"
Add component (AddParameter): Name = "Max Operating Temperature"; Value = "155 degC"; VariantName = "[No Variations]"
Add component (AddParameter): Name = "Min Operating Temperature"; Value = "-55 degC"; VariantName = "[No Variations]"
Add component (AddParameter): Name = "Mount"; Value = "Surface Mount"; VariantName = "[No Variations]"
Add component (AddParameter): Name = "Mounting Technology"; Value = "Surface Mount"; VariantName = "[No Variations]"
Add component (AddParameter): Name = "Package Quantity"; Value = "10000"; VariantName = "[No Variations]"
Add component (AddParameter): Name = "PackageDescription"; Value = "2-Pin Surface Mount Device, Body 1 x 0.5 mm"; VariantName = "[No Variations]"
Add component (AddParameter): Name = "PackageReference"; Value = "0402"; VariantName = "[No Variations]"
Add component (AddParameter): Name = "Packaging"; Value = "Tape and Reel"; VariantName = "[No Variations]"
Add component (AddParameter): Name = "PartNumber"; Value = "ERJ-2RKF1001X"; VariantName = "[No Variations]"
Add component (AddParameter): Name = "Pins"; Value = "2"; VariantName = "[No Variations]"
Add component (AddParameter): Name = "Power Rating"; Value = "100 mW"; VariantName = "[No Variations]"
Add component (AddParameter): Name = "Radiation Hardening"; Value = "No"; VariantName = "[No Variations]"
Add component (AddParameter): Name = "REACH SVHC"; Value = "Yes"; VariantName = "[No Variations]"
Add component (AddParameter): Name = "Resistance"; Value = "1 KOhm"; VariantName = "[No Variations]"
Add component (AddParameter): Name = "RoHSCompliant"; Value = "true"; VariantName = "[No Variations]"
Add component (AddParameter): Name = "Tolerance"; Value = "1%"; VariantName = "[No Variations]"
Add component (AddParameter): Name = "Voltage Rating"; Value = "50 V"; VariantName = "[No Variations]"
Add component (AddParameter): Name = "Width"; Value = "0.5 mm"; VariantName = "[No Variations]"
Added Component: Designator=R20_SellSensor17(RESC1005X40X25NL05T05)
Add component (AddParameter): Name = "Case Code (Imperial)"; Value = "0402"; VariantName = "[No Variations]"
Add component (AddParameter): Name = "Case Code (Metric)"; Value = "1005"; VariantName = "[No Variations]"
Add component (AddParameter): Name = "Case\/Package"; Value = "0402"; VariantName = "[No Variations]"
Add component (AddParameter): Name = "ComponentLink1Description"; Value = "Manufacturer URL"; VariantName = "[No Variations]"
Add component (AddParameter): Name = "ComponentLink1URL"; Value = "http://www.panasonic.com/"; VariantName = "[No Variations]"
Add component (AddParameter): Name = "ComponentLink2Description"; Value = "Datasheet"; VariantName = "[No Variations]"
Add component (AddParameter): Name = "ComponentLink2URL"; Value = "http://industrial.panasonic.com/cdbs/www-data/pdf/RDA0000/AOA0000C86.pdf"; VariantName = "[No Variations]"
Add component (AddParameter): Name = "DatasheetVersion"; Value = "04/2015"; VariantName = "[No Variations]"
Add component (AddParameter): Name = "Height"; Value = "0.35 mm"; VariantName = "[No Variations]"
Add component (AddParameter): Name = "Length"; Value = "1 mm"; VariantName = "[No Variations]"
Add component (AddParameter): Name = "Manufacturer"; Value = "Basic Passives"; VariantName = "[No Variations]"
Add component (AddParameter): Name = "Max Operating Temperature"; Value = "155 degC"; VariantName = "[No Variations]"
Add component (AddParameter): Name = "Min Operating Temperature"; Value = "-55 degC"; VariantName = "[No Variations]"
Add component (AddParameter): Name = "Mount"; Value = "Surface Mount"; VariantName = "[No Variations]"
Add component (AddParameter): Name = "Mounting Technology"; Value = "Surface Mount"; VariantName = "[No Variations]"
Add component (AddParameter): Name = "Package Quantity"; Value = "10000"; VariantName = "[No Variations]"
Add component (AddParameter): Name = "PackageDescription"; Value = "2-Pin Surface Mount Device, Body 1 x 0.5 mm"; VariantName = "[No Variations]"
Add component (AddParameter): Name = "PackageReference"; Value = "0402"; VariantName = "[No Variations]"
Add component (AddParameter): Name = "Packaging"; Value = "Tape and Reel"; VariantName = "[No Variations]"
Add component (AddParameter): Name = "PartNumber"; Value = "ERJ-2RKF1001X"; VariantName = "[No Variations]"
Add component (AddParameter): Name = "Pins"; Value = "2"; VariantName = "[No Variations]"
Add component (AddParameter): Name = "Power Rating"; Value = "100 mW"; VariantName = "[No Variations]"
Add component (AddParameter): Name = "Radiation Hardening"; Value = "No"; VariantName = "[No Variations]"
Add component (AddParameter): Name = "REACH SVHC"; Value = "Yes"; VariantName = "[No Variations]"
Add component (AddParameter): Name = "Resistance"; Value = "1 KOhm"; VariantName = "[No Variations]"
Add component (AddParameter): Name = "RoHSCompliant"; Value = "true"; VariantName = "[No Variations]"
Add component (AddParameter): Name = "Tolerance"; Value = "1%"; VariantName = "[No Variations]"
Add component (AddParameter): Name = "Voltage Rating"; Value = "50 V"; VariantName = "[No Variations]"
Add component (AddParameter): Name = "Width"; Value = "0.5 mm"; VariantName = "[No Variations]"
Added Component: Designator=R20_SellSensor18(RESC1005X40X25NL05T05)
Add component (AddParameter): Name = "Case Code (Imperial)"; Value = "0402"; VariantName = "[No Variations]"
Add component (AddParameter): Name = "Case Code (Metric)"; Value = "1005"; VariantName = "[No Variations]"
Add component (AddParameter): Name = "Case\/Package"; Value = "0402"; VariantName = "[No Variations]"
Add component (AddParameter): Name = "ComponentLink1Description"; Value = "Manufacturer URL"; VariantName = "[No Variations]"
Add component (AddParameter): Name = "ComponentLink1URL"; Value = "http://www.panasonic.com/"; VariantName = "[No Variations]"
Add component (AddParameter): Name = "ComponentLink2Description"; Value = "Datasheet"; VariantName = "[No Variations]"
Add component (AddParameter): Name = "ComponentLink2URL"; Value = "http://industrial.panasonic.com/cdbs/www-data/pdf/RDA0000/AOA0000C86.pdf"; VariantName = "[No Variations]"
Add component (AddParameter): Name = "DatasheetVersion"; Value = "04/2015"; VariantName = "[No Variations]"
Add component (AddParameter): Name = "Height"; Value = "0.35 mm"; VariantName = "[No Variations]"
Add component (AddParameter): Name = "Length"; Value = "1 mm"; VariantName = "[No Variations]"
Add component (AddParameter): Name = "Manufacturer"; Value = "Basic Passives"; VariantName = "[No Variations]"
Add component (AddParameter): Name = "Max Operating Temperature"; Value = "155 degC"; VariantName = "[No Variations]"
Add component (AddParameter): Name = "Min Operating Temperature"; Value = "-55 degC"; VariantName = "[No Variations]"
Add component (AddParameter): Name = "Mount"; Value = "Surface Mount"; VariantName = "[No Variations]"
Add component (AddParameter): Name = "Mounting Technology"; Value = "Surface Mount"; VariantName = "[No Variations]"
Add component (AddParameter): Name = "Package Quantity"; Value = "10000"; VariantName = "[No Variations]"
Add component (AddParameter): Name = "PackageDescription"; Value = "2-Pin Surface Mount Device, Body 1 x 0.5 mm"; VariantName = "[No Variations]"
Add component (AddParameter): Name = "PackageReference"; Value = "0402"; VariantName = "[No Variations]"
Add component (AddParameter): Name = "Packaging"; Value = "Tape and Reel"; VariantName = "[No Variations]"
Add component (AddParameter): Name = "PartNumber"; Value = "ERJ-2RKF1001X"; VariantName = "[No Variations]"
Add component (AddParameter): Name = "Pins"; Value = "2"; VariantName = "[No Variations]"
Add component (AddParameter): Name = "Power Rating"; Value = "100 mW"; VariantName = "[No Variations]"
Add component (AddParameter): Name = "Radiation Hardening"; Value = "No"; VariantName = "[No Variations]"
Add component (AddParameter): Name = "REACH SVHC"; Value = "Yes"; VariantName = "[No Variations]"
Add component (AddParameter): Name = "Resistance"; Value = "1 KOhm"; VariantName = "[No Variations]"
Add component (AddParameter): Name = "RoHSCompliant"; Value = "true"; VariantName = "[No Variations]"
Add component (AddParameter): Name = "Tolerance"; Value = "1%"; VariantName = "[No Variations]"
Add component (AddParameter): Name = "Voltage Rating"; Value = "50 V"; VariantName = "[No Variations]"
Add component (AddParameter): Name = "Width"; Value = "0.5 mm"; VariantName = "[No Variations]"
Added Component: Designator=R20_SellSensor19(RESC1005X40X25NL05T05)
Add component (AddParameter): Name = "Case Code (Imperial)"; Value = "0402"; VariantName = "[No Variations]"
Add component (AddParameter): Name = "Case Code (Metric)"; Value = "1005"; VariantName = "[No Variations]"
Add component (AddParameter): Name = "Case\/Package"; Value = "0402"; VariantName = "[No Variations]"
Add component (AddParameter): Name = "ComponentLink1Description"; Value = "Manufacturer URL"; VariantName = "[No Variations]"
Add component (AddParameter): Name = "ComponentLink1URL"; Value = "http://www.panasonic.com/"; VariantName = "[No Variations]"
Add component (AddParameter): Name = "ComponentLink2Description"; Value = "Datasheet"; VariantName = "[No Variations]"
Add component (AddParameter): Name = "ComponentLink2URL"; Value = "http://industrial.panasonic.com/cdbs/www-data/pdf/RDA0000/AOA0000C86.pdf"; VariantName = "[No Variations]"
Add component (AddParameter): Name = "DatasheetVersion"; Value = "04/2015"; VariantName = "[No Variations]"
Add component (AddParameter): Name = "Height"; Value = "0.35 mm"; VariantName = "[No Variations]"
Add component (AddParameter): Name = "Length"; Value = "1 mm"; VariantName = "[No Variations]"
Add component (AddParameter): Name = "Manufacturer"; Value = "Basic Passives"; VariantName = "[No Variations]"
Add component (AddParameter): Name = "Max Operating Temperature"; Value = "155 degC"; VariantName = "[No Variations]"
Add component (AddParameter): Name = "Min Operating Temperature"; Value = "-55 degC"; VariantName = "[No Variations]"
Add component (AddParameter): Name = "Mount"; Value = "Surface Mount"; VariantName = "[No Variations]"
Add component (AddParameter): Name = "Mounting Technology"; Value = "Surface Mount"; VariantName = "[No Variations]"
Add component (AddParameter): Name = "Package Quantity"; Value = "10000"; VariantName = "[No Variations]"
Add component (AddParameter): Name = "PackageDescription"; Value = "2-Pin Surface Mount Device, Body 1 x 0.5 mm"; VariantName = "[No Variations]"
Add component (AddParameter): Name = "PackageReference"; Value = "0402"; VariantName = "[No Variations]"
Add component (AddParameter): Name = "Packaging"; Value = "Tape and Reel"; VariantName = "[No Variations]"
Add component (AddParameter): Name = "PartNumber"; Value = "ERJ-2RKF1001X"; VariantName = "[No Variations]"
Add component (AddParameter): Name = "Pins"; Value = "2"; VariantName = "[No Variations]"
Add component (AddParameter): Name = "Power Rating"; Value = "100 mW"; VariantName = "[No Variations]"
Add component (AddParameter): Name = "Radiation Hardening"; Value = "No"; VariantName = "[No Variations]"
Add component (AddParameter): Name = "REACH SVHC"; Value = "Yes"; VariantName = "[No Variations]"
Add component (AddParameter): Name = "Resistance"; Value = "1 KOhm"; VariantName = "[No Variations]"
Add component (AddParameter): Name = "RoHSCompliant"; Value = "true"; VariantName = "[No Variations]"
Add component (AddParameter): Name = "Tolerance"; Value = "1%"; VariantName = "[No Variations]"
Add component (AddParameter): Name = "Voltage Rating"; Value = "50 V"; VariantName = "[No Variations]"
Add component (AddParameter): Name = "Width"; Value = "0.5 mm"; VariantName = "[No Variations]"
Added Component: Designator=R20_SellSensor20(RESC1005X40X25NL05T05)
Add component (AddParameter): Name = "Case Code (Imperial)"; Value = "0402"; VariantName = "[No Variations]"
Add component (AddParameter): Name = "Case Code (Metric)"; Value = "1005"; VariantName = "[No Variations]"
Add component (AddParameter): Name = "Case\/Package"; Value = "0402"; VariantName = "[No Variations]"
Add component (AddParameter): Name = "ComponentLink1Description"; Value = "Manufacturer URL"; VariantName = "[No Variations]"
Add component (AddParameter): Name = "ComponentLink1URL"; Value = "http://www.panasonic.com/"; VariantName = "[No Variations]"
Add component (AddParameter): Name = "ComponentLink2Description"; Value = "Datasheet"; VariantName = "[No Variations]"
Add component (AddParameter): Name = "ComponentLink2URL"; Value = "http://industrial.panasonic.com/cdbs/www-data/pdf/RDA0000/AOA0000C86.pdf"; VariantName = "[No Variations]"
Add component (AddParameter): Name = "DatasheetVersion"; Value = "04/2015"; VariantName = "[No Variations]"
Add component (AddParameter): Name = "Height"; Value = "0.35 mm"; VariantName = "[No Variations]"
Add component (AddParameter): Name = "Length"; Value = "1 mm"; VariantName = "[No Variations]"
Add component (AddParameter): Name = "Manufacturer"; Value = "Basic Passives"; VariantName = "[No Variations]"
Add component (AddParameter): Name = "Max Operating Temperature"; Value = "155 degC"; VariantName = "[No Variations]"
Add component (AddParameter): Name = "Min Operating Temperature"; Value = "-55 degC"; VariantName = "[No Variations]"
Add component (AddParameter): Name = "Mount"; Value = "Surface Mount"; VariantName = "[No Variations]"
Add component (AddParameter): Name = "Mounting Technology"; Value = "Surface Mount"; VariantName = "[No Variations]"
Add component (AddParameter): Name = "Package Quantity"; Value = "10000"; VariantName = "[No Variations]"
Add component (AddParameter): Name = "PackageDescription"; Value = "2-Pin Surface Mount Device, Body 1 x 0.5 mm"; VariantName = "[No Variations]"
Add component (AddParameter): Name = "PackageReference"; Value = "0402"; VariantName = "[No Variations]"
Add component (AddParameter): Name = "Packaging"; Value = "Tape and Reel"; VariantName = "[No Variations]"
Add component (AddParameter): Name = "PartNumber"; Value = "ERJ-2RKF1001X"; VariantName = "[No Variations]"
Add component (AddParameter): Name = "Pins"; Value = "2"; VariantName = "[No Variations]"
Add component (AddParameter): Name = "Power Rating"; Value = "100 mW"; VariantName = "[No Variations]"
Add component (AddParameter): Name = "Radiation Hardening"; Value = "No"; VariantName = "[No Variations]"
Add component (AddParameter): Name = "REACH SVHC"; Value = "Yes"; VariantName = "[No Variations]"
Add component (AddParameter): Name = "Resistance"; Value = "1 KOhm"; VariantName = "[No Variations]"
Add component (AddParameter): Name = "RoHSCompliant"; Value = "true"; VariantName = "[No Variations]"
Add component (AddParameter): Name = "Tolerance"; Value = "1%"; VariantName = "[No Variations]"
Add component (AddParameter): Name = "Voltage Rating"; Value = "50 V"; VariantName = "[No Variations]"
Add component (AddParameter): Name = "Width"; Value = "0.5 mm"; VariantName = "[No Variations]"
Added Component: Designator=R20_SellSensor21(RESC1005X40X25NL05T05)
Add component (AddParameter): Name = "Case Code (Imperial)"; Value = "0402"; VariantName = "[No Variations]"
Add component (AddParameter): Name = "Case Code (Metric)"; Value = "1005"; VariantName = "[No Variations]"
Add component (AddParameter): Name = "Case\/Package"; Value = "0402"; VariantName = "[No Variations]"
Add component (AddParameter): Name = "ComponentLink1Description"; Value = "Manufacturer URL"; VariantName = "[No Variations]"
Add component (AddParameter): Name = "ComponentLink1URL"; Value = "http://www.panasonic.com/"; VariantName = "[No Variations]"
Add component (AddParameter): Name = "ComponentLink2Description"; Value = "Datasheet"; VariantName = "[No Variations]"
Add component (AddParameter): Name = "ComponentLink2URL"; Value = "http://industrial.panasonic.com/cdbs/www-data/pdf/RDA0000/AOA0000C86.pdf"; VariantName = "[No Variations]"
Add component (AddParameter): Name = "DatasheetVersion"; Value = "04/2015"; VariantName = "[No Variations]"
Add component (AddParameter): Name = "Height"; Value = "0.35 mm"; VariantName = "[No Variations]"
Add component (AddParameter): Name = "Length"; Value = "1 mm"; VariantName = "[No Variations]"
Add component (AddParameter): Name = "Manufacturer"; Value = "Basic Passives"; VariantName = "[No Variations]"
Add component (AddParameter): Name = "Max Operating Temperature"; Value = "155 degC"; VariantName = "[No Variations]"
Add component (AddParameter): Name = "Min Operating Temperature"; Value = "-55 degC"; VariantName = "[No Variations]"
Add component (AddParameter): Name = "Mount"; Value = "Surface Mount"; VariantName = "[No Variations]"
Add component (AddParameter): Name = "Mounting Technology"; Value = "Surface Mount"; VariantName = "[No Variations]"
Add component (AddParameter): Name = "Package Quantity"; Value = "10000"; VariantName = "[No Variations]"
Add component (AddParameter): Name = "PackageDescription"; Value = "2-Pin Surface Mount Device, Body 1 x 0.5 mm"; VariantName = "[No Variations]"
Add component (AddParameter): Name = "PackageReference"; Value = "0402"; VariantName = "[No Variations]"
Add component (AddParameter): Name = "Packaging"; Value = "Tape and Reel"; VariantName = "[No Variations]"
Add component (AddParameter): Name = "PartNumber"; Value = "ERJ-2RKF1001X"; VariantName = "[No Variations]"
Add component (AddParameter): Name = "Pins"; Value = "2"; VariantName = "[No Variations]"
Add component (AddParameter): Name = "Power Rating"; Value = "100 mW"; VariantName = "[No Variations]"
Add component (AddParameter): Name = "Radiation Hardening"; Value = "No"; VariantName = "[No Variations]"
Add component (AddParameter): Name = "REACH SVHC"; Value = "Yes"; VariantName = "[No Variations]"
Add component (AddParameter): Name = "Resistance"; Value = "1 KOhm"; VariantName = "[No Variations]"
Add component (AddParameter): Name = "RoHSCompliant"; Value = "true"; VariantName = "[No Variations]"
Add component (AddParameter): Name = "Tolerance"; Value = "1%"; VariantName = "[No Variations]"
Add component (AddParameter): Name = "Voltage Rating"; Value = "50 V"; VariantName = "[No Variations]"
Add component (AddParameter): Name = "Width"; Value = "0.5 mm"; VariantName = "[No Variations]"
Added Component: Designator=R20_SellSensor22(RESC1005X40X25NL05T05)
Add component (AddParameter): Name = "Case Code (Imperial)"; Value = "0402"; VariantName = "[No Variations]"
Add component (AddParameter): Name = "Case Code (Metric)"; Value = "1005"; VariantName = "[No Variations]"
Add component (AddParameter): Name = "Case\/Package"; Value = "0402"; VariantName = "[No Variations]"
Add component (AddParameter): Name = "ComponentLink1Description"; Value = "Manufacturer URL"; VariantName = "[No Variations]"
Add component (AddParameter): Name = "ComponentLink1URL"; Value = "http://www.panasonic.com/"; VariantName = "[No Variations]"
Add component (AddParameter): Name = "ComponentLink2Description"; Value = "Datasheet"; VariantName = "[No Variations]"
Add component (AddParameter): Name = "ComponentLink2URL"; Value = "http://industrial.panasonic.com/cdbs/www-data/pdf/RDA0000/AOA0000C86.pdf"; VariantName = "[No Variations]"
Add component (AddParameter): Name = "DatasheetVersion"; Value = "04/2015"; VariantName = "[No Variations]"
Add component (AddParameter): Name = "Height"; Value = "0.35 mm"; VariantName = "[No Variations]"
Add component (AddParameter): Name = "Length"; Value = "1 mm"; VariantName = "[No Variations]"
Add component (AddParameter): Name = "Manufacturer"; Value = "Basic Passives"; VariantName = "[No Variations]"
Add component (AddParameter): Name = "Max Operating Temperature"; Value = "155 degC"; VariantName = "[No Variations]"
Add component (AddParameter): Name = "Min Operating Temperature"; Value = "-55 degC"; VariantName = "[No Variations]"
Add component (AddParameter): Name = "Mount"; Value = "Surface Mount"; VariantName = "[No Variations]"
Add component (AddParameter): Name = "Mounting Technology"; Value = "Surface Mount"; VariantName = "[No Variations]"
Add component (AddParameter): Name = "Package Quantity"; Value = "10000"; VariantName = "[No Variations]"
Add component (AddParameter): Name = "PackageDescription"; Value = "2-Pin Surface Mount Device, Body 1 x 0.5 mm"; VariantName = "[No Variations]"
Add component (AddParameter): Name = "PackageReference"; Value = "0402"; VariantName = "[No Variations]"
Add component (AddParameter): Name = "Packaging"; Value = "Tape and Reel"; VariantName = "[No Variations]"
Add component (AddParameter): Name = "PartNumber"; Value = "ERJ-2RKF1001X"; VariantName = "[No Variations]"
Add component (AddParameter): Name = "Pins"; Value = "2"; VariantName = "[No Variations]"
Add component (AddParameter): Name = "Power Rating"; Value = "100 mW"; VariantName = "[No Variations]"
Add component (AddParameter): Name = "Radiation Hardening"; Value = "No"; VariantName = "[No Variations]"
Add component (AddParameter): Name = "REACH SVHC"; Value = "Yes"; VariantName = "[No Variations]"
Add component (AddParameter): Name = "Resistance"; Value = "1 KOhm"; VariantName = "[No Variations]"
Add component (AddParameter): Name = "RoHSCompliant"; Value = "true"; VariantName = "[No Variations]"
Add component (AddParameter): Name = "Tolerance"; Value = "1%"; VariantName = "[No Variations]"
Add component (AddParameter): Name = "Voltage Rating"; Value = "50 V"; VariantName = "[No Variations]"
Add component (AddParameter): Name = "Width"; Value = "0.5 mm"; VariantName = "[No Variations]"
Added Component: Designator=R20_SellSensor23(RESC1005X40X25NL05T05)
Add component (AddParameter): Name = "Case Code (Imperial)"; Value = "0402"; VariantName = "[No Variations]"
Add component (AddParameter): Name = "Case Code (Metric)"; Value = "1005"; VariantName = "[No Variations]"
Add component (AddParameter): Name = "Case\/Package"; Value = "0402"; VariantName = "[No Variations]"
Add component (AddParameter): Name = "ComponentLink1Description"; Value = "Manufacturer URL"; VariantName = "[No Variations]"
Add component (AddParameter): Name = "ComponentLink1URL"; Value = "http://www.panasonic.com/"; VariantName = "[No Variations]"
Add component (AddParameter): Name = "ComponentLink2Description"; Value = "Datasheet"; VariantName = "[No Variations]"
Add component (AddParameter): Name = "ComponentLink2URL"; Value = "http://industrial.panasonic.com/cdbs/www-data/pdf/RDA0000/AOA0000C86.pdf"; VariantName = "[No Variations]"
Add component (AddParameter): Name = "DatasheetVersion"; Value = "04/2015"; VariantName = "[No Variations]"
Add component (AddParameter): Name = "Height"; Value = "0.35 mm"; VariantName = "[No Variations]"
Add component (AddParameter): Name = "Length"; Value = "1 mm"; VariantName = "[No Variations]"
Add component (AddParameter): Name = "Manufacturer"; Value = "Basic Passives"; VariantName = "[No Variations]"
Add component (AddParameter): Name = "Max Operating Temperature"; Value = "155 degC"; VariantName = "[No Variations]"
Add component (AddParameter): Name = "Min Operating Temperature"; Value = "-55 degC"; VariantName = "[No Variations]"
Add component (AddParameter): Name = "Mount"; Value = "Surface Mount"; VariantName = "[No Variations]"
Add component (AddParameter): Name = "Mounting Technology"; Value = "Surface Mount"; VariantName = "[No Variations]"
Add component (AddParameter): Name = "Package Quantity"; Value = "10000"; VariantName = "[No Variations]"
Add component (AddParameter): Name = "PackageDescription"; Value = "2-Pin Surface Mount Device, Body 1 x 0.5 mm"; VariantName = "[No Variations]"
Add component (AddParameter): Name = "PackageReference"; Value = "0402"; VariantName = "[No Variations]"
Add component (AddParameter): Name = "Packaging"; Value = "Tape and Reel"; VariantName = "[No Variations]"
Add component (AddParameter): Name = "PartNumber"; Value = "ERJ-2RKF1001X"; VariantName = "[No Variations]"
Add component (AddParameter): Name = "Pins"; Value = "2"; VariantName = "[No Variations]"
Add component (AddParameter): Name = "Power Rating"; Value = "100 mW"; VariantName = "[No Variations]"
Add component (AddParameter): Name = "Radiation Hardening"; Value = "No"; VariantName = "[No Variations]"
Add component (AddParameter): Name = "REACH SVHC"; Value = "Yes"; VariantName = "[No Variations]"
Add component (AddParameter): Name = "Resistance"; Value = "1 KOhm"; VariantName = "[No Variations]"
Add component (AddParameter): Name = "RoHSCompliant"; Value = "true"; VariantName = "[No Variations]"
Add component (AddParameter): Name = "Tolerance"; Value = "1%"; VariantName = "[No Variations]"
Add component (AddParameter): Name = "Voltage Rating"; Value = "50 V"; VariantName = "[No Variations]"
Add component (AddParameter): Name = "Width"; Value = "0.5 mm"; VariantName = "[No Variations]"
Added Component: Designator=R21_SellSensor1(RESC1005X40X25LL05T05)
Add component (AddParameter): Name = "Case Code (Imperial)"; Value = "0402"; VariantName = "[No Variations]"
Add component (AddParameter): Name = "Case Code (Metric)"; Value = "1005"; VariantName = "[No Variations]"
Add component (AddParameter): Name = "Case\/Package"; Value = "0402"; VariantName = "[No Variations]"
Add component (AddParameter): Name = "ComponentLink1Description"; Value = "Manufacturer URL"; VariantName = "[No Variations]"
Add component (AddParameter): Name = "ComponentLink1URL"; Value = "http://www.panasonic.com/"; VariantName = "[No Variations]"
Add component (AddParameter): Name = "ComponentLink2Description"; Value = "Datasheet"; VariantName = "[No Variations]"
Add component (AddParameter): Name = "ComponentLink2URL"; Value = "http://industrial.panasonic.com/cdbs/www-data/pdf/RDA0000/AOA0000C86.pdf"; VariantName = "[No Variations]"
Add component (AddParameter): Name = "DatasheetVersion"; Value = "04/2015"; VariantName = "[No Variations]"
Add component (AddParameter): Name = "Height"; Value = "0.35 mm"; VariantName = "[No Variations]"
Add component (AddParameter): Name = "Length"; Value = "1 mm"; VariantName = "[No Variations]"
Add component (AddParameter): Name = "Manufacturer"; Value = "Basic Passives"; VariantName = "[No Variations]"
Add component (AddParameter): Name = "Max Operating Temperature"; Value = "155 degC"; VariantName = "[No Variations]"
Add component (AddParameter): Name = "Min Operating Temperature"; Value = "-55 degC"; VariantName = "[No Variations]"
Add component (AddParameter): Name = "Mount"; Value = "Surface Mount"; VariantName = "[No Variations]"
Add component (AddParameter): Name = "Mounting Technology"; Value = "Surface Mount"; VariantName = "[No Variations]"
Add component (AddParameter): Name = "Package Quantity"; Value = "10000"; VariantName = "[No Variations]"
Add component (AddParameter): Name = "PackageDescription"; Value = "2-Pin Surface Mount Device, Body 1 x 0.5 mm"; VariantName = "[No Variations]"
Add component (AddParameter): Name = "PackageReference"; Value = "0402"; VariantName = "[No Variations]"
Add component (AddParameter): Name = "Packaging"; Value = "Tape and Reel"; VariantName = "[No Variations]"
Add component (AddParameter): Name = "PartNumber"; Value = "ERJ-2RKF1000X"; VariantName = "[No Variations]"
Add component (AddParameter): Name = "Pins"; Value = "2"; VariantName = "[No Variations]"
Add component (AddParameter): Name = "Power Rating"; Value = "100 mW"; VariantName = "[No Variations]"
Add component (AddParameter): Name = "Radiation Hardening"; Value = "No"; VariantName = "[No Variations]"
Add component (AddParameter): Name = "REACH SVHC"; Value = "Yes"; VariantName = "[No Variations]"
Add component (AddParameter): Name = "Resistance"; Value = "100 Ohm"; VariantName = "[No Variations]"
Add component (AddParameter): Name = "RoHSCompliant"; Value = "true"; VariantName = "[No Variations]"
Add component (AddParameter): Name = "Tolerance"; Value = "1%"; VariantName = "[No Variations]"
Add component (AddParameter): Name = "Voltage Rating"; Value = "50 V"; VariantName = "[No Variations]"
Add component (AddParameter): Name = "Width"; Value = "0.5 mm"; VariantName = "[No Variations]"
Added Component: Designator=R21_SellSensor2(RESC1005X40X25LL05T05)
Add component (AddParameter): Name = "Case Code (Imperial)"; Value = "0402"; VariantName = "[No Variations]"
Add component (AddParameter): Name = "Case Code (Metric)"; Value = "1005"; VariantName = "[No Variations]"
Add component (AddParameter): Name = "Case\/Package"; Value = "0402"; VariantName = "[No Variations]"
Add component (AddParameter): Name = "ComponentLink1Description"; Value = "Manufacturer URL"; VariantName = "[No Variations]"
Add component (AddParameter): Name = "ComponentLink1URL"; Value = "http://www.panasonic.com/"; VariantName = "[No Variations]"
Add component (AddParameter): Name = "ComponentLink2Description"; Value = "Datasheet"; VariantName = "[No Variations]"
Add component (AddParameter): Name = "ComponentLink2URL"; Value = "http://industrial.panasonic.com/cdbs/www-data/pdf/RDA0000/AOA0000C86.pdf"; VariantName = "[No Variations]"
Add component (AddParameter): Name = "DatasheetVersion"; Value = "04/2015"; VariantName = "[No Variations]"
Add component (AddParameter): Name = "Height"; Value = "0.35 mm"; VariantName = "[No Variations]"
Add component (AddParameter): Name = "Length"; Value = "1 mm"; VariantName = "[No Variations]"
Add component (AddParameter): Name = "Manufacturer"; Value = "Basic Passives"; VariantName = "[No Variations]"
Add component (AddParameter): Name = "Max Operating Temperature"; Value = "155 degC"; VariantName = "[No Variations]"
Add component (AddParameter): Name = "Min Operating Temperature"; Value = "-55 degC"; VariantName = "[No Variations]"
Add component (AddParameter): Name = "Mount"; Value = "Surface Mount"; VariantName = "[No Variations]"
Add component (AddParameter): Name = "Mounting Technology"; Value = "Surface Mount"; VariantName = "[No Variations]"
Add component (AddParameter): Name = "Package Quantity"; Value = "10000"; VariantName = "[No Variations]"
Add component (AddParameter): Name = "PackageDescription"; Value = "2-Pin Surface Mount Device, Body 1 x 0.5 mm"; VariantName = "[No Variations]"
Add component (AddParameter): Name = "PackageReference"; Value = "0402"; VariantName = "[No Variations]"
Add component (AddParameter): Name = "Packaging"; Value = "Tape and Reel"; VariantName = "[No Variations]"
Add component (AddParameter): Name = "PartNumber"; Value = "ERJ-2RKF1000X"; VariantName = "[No Variations]"
Add component (AddParameter): Name = "Pins"; Value = "2"; VariantName = "[No Variations]"
Add component (AddParameter): Name = "Power Rating"; Value = "100 mW"; VariantName = "[No Variations]"
Add component (AddParameter): Name = "Radiation Hardening"; Value = "No"; VariantName = "[No Variations]"
Add component (AddParameter): Name = "REACH SVHC"; Value = "Yes"; VariantName = "[No Variations]"
Add component (AddParameter): Name = "Resistance"; Value = "100 Ohm"; VariantName = "[No Variations]"
Add component (AddParameter): Name = "RoHSCompliant"; Value = "true"; VariantName = "[No Variations]"
Add component (AddParameter): Name = "Tolerance"; Value = "1%"; VariantName = "[No Variations]"
Add component (AddParameter): Name = "Voltage Rating"; Value = "50 V"; VariantName = "[No Variations]"
Add component (AddParameter): Name = "Width"; Value = "0.5 mm"; VariantName = "[No Variations]"
Added Component: Designator=R21_SellSensor3(RESC1005X40X25LL05T05)
Add component (AddParameter): Name = "Case Code (Imperial)"; Value = "0402"; VariantName = "[No Variations]"
Add component (AddParameter): Name = "Case Code (Metric)"; Value = "1005"; VariantName = "[No Variations]"
Add component (AddParameter): Name = "Case\/Package"; Value = "0402"; VariantName = "[No Variations]"
Add component (AddParameter): Name = "ComponentLink1Description"; Value = "Manufacturer URL"; VariantName = "[No Variations]"
Add component (AddParameter): Name = "ComponentLink1URL"; Value = "http://www.panasonic.com/"; VariantName = "[No Variations]"
Add component (AddParameter): Name = "ComponentLink2Description"; Value = "Datasheet"; VariantName = "[No Variations]"
Add component (AddParameter): Name = "ComponentLink2URL"; Value = "http://industrial.panasonic.com/cdbs/www-data/pdf/RDA0000/AOA0000C86.pdf"; VariantName = "[No Variations]"
Add component (AddParameter): Name = "DatasheetVersion"; Value = "04/2015"; VariantName = "[No Variations]"
Add component (AddParameter): Name = "Height"; Value = "0.35 mm"; VariantName = "[No Variations]"
Add component (AddParameter): Name = "Length"; Value = "1 mm"; VariantName = "[No Variations]"
Add component (AddParameter): Name = "Manufacturer"; Value = "Basic Passives"; VariantName = "[No Variations]"
Add component (AddParameter): Name = "Max Operating Temperature"; Value = "155 degC"; VariantName = "[No Variations]"
Add component (AddParameter): Name = "Min Operating Temperature"; Value = "-55 degC"; VariantName = "[No Variations]"
Add component (AddParameter): Name = "Mount"; Value = "Surface Mount"; VariantName = "[No Variations]"
Add component (AddParameter): Name = "Mounting Technology"; Value = "Surface Mount"; VariantName = "[No Variations]"
Add component (AddParameter): Name = "Package Quantity"; Value = "10000"; VariantName = "[No Variations]"
Add component (AddParameter): Name = "PackageDescription"; Value = "2-Pin Surface Mount Device, Body 1 x 0.5 mm"; VariantName = "[No Variations]"
Add component (AddParameter): Name = "PackageReference"; Value = "0402"; VariantName = "[No Variations]"
Add component (AddParameter): Name = "Packaging"; Value = "Tape and Reel"; VariantName = "[No Variations]"
Add component (AddParameter): Name = "PartNumber"; Value = "ERJ-2RKF1000X"; VariantName = "[No Variations]"
Add component (AddParameter): Name = "Pins"; Value = "2"; VariantName = "[No Variations]"
Add component (AddParameter): Name = "Power Rating"; Value = "100 mW"; VariantName = "[No Variations]"
Add component (AddParameter): Name = "Radiation Hardening"; Value = "No"; VariantName = "[No Variations]"
Add component (AddParameter): Name = "REACH SVHC"; Value = "Yes"; VariantName = "[No Variations]"
Add component (AddParameter): Name = "Resistance"; Value = "100 Ohm"; VariantName = "[No Variations]"
Add component (AddParameter): Name = "RoHSCompliant"; Value = "true"; VariantName = "[No Variations]"
Add component (AddParameter): Name = "Tolerance"; Value = "1%"; VariantName = "[No Variations]"
Add component (AddParameter): Name = "Voltage Rating"; Value = "50 V"; VariantName = "[No Variations]"
Add component (AddParameter): Name = "Width"; Value = "0.5 mm"; VariantName = "[No Variations]"
Added Component: Designator=R21_SellSensor4(RESC1005X40X25LL05T05)
Add component (AddParameter): Name = "Case Code (Imperial)"; Value = "0402"; VariantName = "[No Variations]"
Add component (AddParameter): Name = "Case Code (Metric)"; Value = "1005"; VariantName = "[No Variations]"
Add component (AddParameter): Name = "Case\/Package"; Value = "0402"; VariantName = "[No Variations]"
Add component (AddParameter): Name = "ComponentLink1Description"; Value = "Manufacturer URL"; VariantName = "[No Variations]"
Add component (AddParameter): Name = "ComponentLink1URL"; Value = "http://www.panasonic.com/"; VariantName = "[No Variations]"
Add component (AddParameter): Name = "ComponentLink2Description"; Value = "Datasheet"; VariantName = "[No Variations]"
Add component (AddParameter): Name = "ComponentLink2URL"; Value = "http://industrial.panasonic.com/cdbs/www-data/pdf/RDA0000/AOA0000C86.pdf"; VariantName = "[No Variations]"
Add component (AddParameter): Name = "DatasheetVersion"; Value = "04/2015"; VariantName = "[No Variations]"
Add component (AddParameter): Name = "Height"; Value = "0.35 mm"; VariantName = "[No Variations]"
Add component (AddParameter): Name = "Length"; Value = "1 mm"; VariantName = "[No Variations]"
Add component (AddParameter): Name = "Manufacturer"; Value = "Basic Passives"; VariantName = "[No Variations]"
Add component (AddParameter): Name = "Max Operating Temperature"; Value = "155 degC"; VariantName = "[No Variations]"
Add component (AddParameter): Name = "Min Operating Temperature"; Value = "-55 degC"; VariantName = "[No Variations]"
Add component (AddParameter): Name = "Mount"; Value = "Surface Mount"; VariantName = "[No Variations]"
Add component (AddParameter): Name = "Mounting Technology"; Value = "Surface Mount"; VariantName = "[No Variations]"
Add component (AddParameter): Name = "Package Quantity"; Value = "10000"; VariantName = "[No Variations]"
Add component (AddParameter): Name = "PackageDescription"; Value = "2-Pin Surface Mount Device, Body 1 x 0.5 mm"; VariantName = "[No Variations]"
Add component (AddParameter): Name = "PackageReference"; Value = "0402"; VariantName = "[No Variations]"
Add component (AddParameter): Name = "Packaging"; Value = "Tape and Reel"; VariantName = "[No Variations]"
Add component (AddParameter): Name = "PartNumber"; Value = "ERJ-2RKF1000X"; VariantName = "[No Variations]"
Add component (AddParameter): Name = "Pins"; Value = "2"; VariantName = "[No Variations]"
Add component (AddParameter): Name = "Power Rating"; Value = "100 mW"; VariantName = "[No Variations]"
Add component (AddParameter): Name = "Radiation Hardening"; Value = "No"; VariantName = "[No Variations]"
Add component (AddParameter): Name = "REACH SVHC"; Value = "Yes"; VariantName = "[No Variations]"
Add component (AddParameter): Name = "Resistance"; Value = "100 Ohm"; VariantName = "[No Variations]"
Add component (AddParameter): Name = "RoHSCompliant"; Value = "true"; VariantName = "[No Variations]"
Add component (AddParameter): Name = "Tolerance"; Value = "1%"; VariantName = "[No Variations]"
Add component (AddParameter): Name = "Voltage Rating"; Value = "50 V"; VariantName = "[No Variations]"
Add component (AddParameter): Name = "Width"; Value = "0.5 mm"; VariantName = "[No Variations]"
Added Component: Designator=R21_SellSensor5(RESC1005X40X25LL05T05)
Add component (AddParameter): Name = "Case Code (Imperial)"; Value = "0402"; VariantName = "[No Variations]"
Add component (AddParameter): Name = "Case Code (Metric)"; Value = "1005"; VariantName = "[No Variations]"
Add component (AddParameter): Name = "Case\/Package"; Value = "0402"; VariantName = "[No Variations]"
Add component (AddParameter): Name = "ComponentLink1Description"; Value = "Manufacturer URL"; VariantName = "[No Variations]"
Add component (AddParameter): Name = "ComponentLink1URL"; Value = "http://www.panasonic.com/"; VariantName = "[No Variations]"
Add component (AddParameter): Name = "ComponentLink2Description"; Value = "Datasheet"; VariantName = "[No Variations]"
Add component (AddParameter): Name = "ComponentLink2URL"; Value = "http://industrial.panasonic.com/cdbs/www-data/pdf/RDA0000/AOA0000C86.pdf"; VariantName = "[No Variations]"
Add component (AddParameter): Name = "DatasheetVersion"; Value = "04/2015"; VariantName = "[No Variations]"
Add component (AddParameter): Name = "Height"; Value = "0.35 mm"; VariantName = "[No Variations]"
Add component (AddParameter): Name = "Length"; Value = "1 mm"; VariantName = "[No Variations]"
Add component (AddParameter): Name = "Manufacturer"; Value = "Basic Passives"; VariantName = "[No Variations]"
Add component (AddParameter): Name = "Max Operating Temperature"; Value = "155 degC"; VariantName = "[No Variations]"
Add component (AddParameter): Name = "Min Operating Temperature"; Value = "-55 degC"; VariantName = "[No Variations]"
Add component (AddParameter): Name = "Mount"; Value = "Surface Mount"; VariantName = "[No Variations]"
Add component (AddParameter): Name = "Mounting Technology"; Value = "Surface Mount"; VariantName = "[No Variations]"
Add component (AddParameter): Name = "Package Quantity"; Value = "10000"; VariantName = "[No Variations]"
Add component (AddParameter): Name = "PackageDescription"; Value = "2-Pin Surface Mount Device, Body 1 x 0.5 mm"; VariantName = "[No Variations]"
Add component (AddParameter): Name = "PackageReference"; Value = "0402"; VariantName = "[No Variations]"
Add component (AddParameter): Name = "Packaging"; Value = "Tape and Reel"; VariantName = "[No Variations]"
Add component (AddParameter): Name = "PartNumber"; Value = "ERJ-2RKF1000X"; VariantName = "[No Variations]"
Add component (AddParameter): Name = "Pins"; Value = "2"; VariantName = "[No Variations]"
Add component (AddParameter): Name = "Power Rating"; Value = "100 mW"; VariantName = "[No Variations]"
Add component (AddParameter): Name = "Radiation Hardening"; Value = "No"; VariantName = "[No Variations]"
Add component (AddParameter): Name = "REACH SVHC"; Value = "Yes"; VariantName = "[No Variations]"
Add component (AddParameter): Name = "Resistance"; Value = "100 Ohm"; VariantName = "[No Variations]"
Add component (AddParameter): Name = "RoHSCompliant"; Value = "true"; VariantName = "[No Variations]"
Add component (AddParameter): Name = "Tolerance"; Value = "1%"; VariantName = "[No Variations]"
Add component (AddParameter): Name = "Voltage Rating"; Value = "50 V"; VariantName = "[No Variations]"
Add component (AddParameter): Name = "Width"; Value = "0.5 mm"; VariantName = "[No Variations]"
Added Component: Designator=R21_SellSensor6(RESC1005X40X25LL05T05)
Add component (AddParameter): Name = "Case Code (Imperial)"; Value = "0402"; VariantName = "[No Variations]"
Add component (AddParameter): Name = "Case Code (Metric)"; Value = "1005"; VariantName = "[No Variations]"
Add component (AddParameter): Name = "Case\/Package"; Value = "0402"; VariantName = "[No Variations]"
Add component (AddParameter): Name = "ComponentLink1Description"; Value = "Manufacturer URL"; VariantName = "[No Variations]"
Add component (AddParameter): Name = "ComponentLink1URL"; Value = "http://www.panasonic.com/"; VariantName = "[No Variations]"
Add component (AddParameter): Name = "ComponentLink2Description"; Value = "Datasheet"; VariantName = "[No Variations]"
Add component (AddParameter): Name = "ComponentLink2URL"; Value = "http://industrial.panasonic.com/cdbs/www-data/pdf/RDA0000/AOA0000C86.pdf"; VariantName = "[No Variations]"
Add component (AddParameter): Name = "DatasheetVersion"; Value = "04/2015"; VariantName = "[No Variations]"
Add component (AddParameter): Name = "Height"; Value = "0.35 mm"; VariantName = "[No Variations]"
Add component (AddParameter): Name = "Length"; Value = "1 mm"; VariantName = "[No Variations]"
Add component (AddParameter): Name = "Manufacturer"; Value = "Basic Passives"; VariantName = "[No Variations]"
Add component (AddParameter): Name = "Max Operating Temperature"; Value = "155 degC"; VariantName = "[No Variations]"
Add component (AddParameter): Name = "Min Operating Temperature"; Value = "-55 degC"; VariantName = "[No Variations]"
Add component (AddParameter): Name = "Mount"; Value = "Surface Mount"; VariantName = "[No Variations]"
Add component (AddParameter): Name = "Mounting Technology"; Value = "Surface Mount"; VariantName = "[No Variations]"
Add component (AddParameter): Name = "Package Quantity"; Value = "10000"; VariantName = "[No Variations]"
Add component (AddParameter): Name = "PackageDescription"; Value = "2-Pin Surface Mount Device, Body 1 x 0.5 mm"; VariantName = "[No Variations]"
Add component (AddParameter): Name = "PackageReference"; Value = "0402"; VariantName = "[No Variations]"
Add component (AddParameter): Name = "Packaging"; Value = "Tape and Reel"; VariantName = "[No Variations]"
Add component (AddParameter): Name = "PartNumber"; Value = "ERJ-2RKF1000X"; VariantName = "[No Variations]"
Add component (AddParameter): Name = "Pins"; Value = "2"; VariantName = "[No Variations]"
Add component (AddParameter): Name = "Power Rating"; Value = "100 mW"; VariantName = "[No Variations]"
Add component (AddParameter): Name = "Radiation Hardening"; Value = "No"; VariantName = "[No Variations]"
Add component (AddParameter): Name = "REACH SVHC"; Value = "Yes"; VariantName = "[No Variations]"
Add component (AddParameter): Name = "Resistance"; Value = "100 Ohm"; VariantName = "[No Variations]"
Add component (AddParameter): Name = "RoHSCompliant"; Value = "true"; VariantName = "[No Variations]"
Add component (AddParameter): Name = "Tolerance"; Value = "1%"; VariantName = "[No Variations]"
Add component (AddParameter): Name = "Voltage Rating"; Value = "50 V"; VariantName = "[No Variations]"
Add component (AddParameter): Name = "Width"; Value = "0.5 mm"; VariantName = "[No Variations]"
Added Component: Designator=R21_SellSensor7(RESC1005X40X25LL05T05)
Add component (AddParameter): Name = "Case Code (Imperial)"; Value = "0402"; VariantName = "[No Variations]"
Add component (AddParameter): Name = "Case Code (Metric)"; Value = "1005"; VariantName = "[No Variations]"
Add component (AddParameter): Name = "Case\/Package"; Value = "0402"; VariantName = "[No Variations]"
Add component (AddParameter): Name = "ComponentLink1Description"; Value = "Manufacturer URL"; VariantName = "[No Variations]"
Add component (AddParameter): Name = "ComponentLink1URL"; Value = "http://www.panasonic.com/"; VariantName = "[No Variations]"
Add component (AddParameter): Name = "ComponentLink2Description"; Value = "Datasheet"; VariantName = "[No Variations]"
Add component (AddParameter): Name = "ComponentLink2URL"; Value = "http://industrial.panasonic.com/cdbs/www-data/pdf/RDA0000/AOA0000C86.pdf"; VariantName = "[No Variations]"
Add component (AddParameter): Name = "DatasheetVersion"; Value = "04/2015"; VariantName = "[No Variations]"
Add component (AddParameter): Name = "Height"; Value = "0.35 mm"; VariantName = "[No Variations]"
Add component (AddParameter): Name = "Length"; Value = "1 mm"; VariantName = "[No Variations]"
Add component (AddParameter): Name = "Manufacturer"; Value = "Basic Passives"; VariantName = "[No Variations]"
Add component (AddParameter): Name = "Max Operating Temperature"; Value = "155 degC"; VariantName = "[No Variations]"
Add component (AddParameter): Name = "Min Operating Temperature"; Value = "-55 degC"; VariantName = "[No Variations]"
Add component (AddParameter): Name = "Mount"; Value = "Surface Mount"; VariantName = "[No Variations]"
Add component (AddParameter): Name = "Mounting Technology"; Value = "Surface Mount"; VariantName = "[No Variations]"
Add component (AddParameter): Name = "Package Quantity"; Value = "10000"; VariantName = "[No Variations]"
Add component (AddParameter): Name = "PackageDescription"; Value = "2-Pin Surface Mount Device, Body 1 x 0.5 mm"; VariantName = "[No Variations]"
Add component (AddParameter): Name = "PackageReference"; Value = "0402"; VariantName = "[No Variations]"
Add component (AddParameter): Name = "Packaging"; Value = "Tape and Reel"; VariantName = "[No Variations]"
Add component (AddParameter): Name = "PartNumber"; Value = "ERJ-2RKF1000X"; VariantName = "[No Variations]"
Add component (AddParameter): Name = "Pins"; Value = "2"; VariantName = "[No Variations]"
Add component (AddParameter): Name = "Power Rating"; Value = "100 mW"; VariantName = "[No Variations]"
Add component (AddParameter): Name = "Radiation Hardening"; Value = "No"; VariantName = "[No Variations]"
Add component (AddParameter): Name = "REACH SVHC"; Value = "Yes"; VariantName = "[No Variations]"
Add component (AddParameter): Name = "Resistance"; Value = "100 Ohm"; VariantName = "[No Variations]"
Add component (AddParameter): Name = "RoHSCompliant"; Value = "true"; VariantName = "[No Variations]"
Add component (AddParameter): Name = "Tolerance"; Value = "1%"; VariantName = "[No Variations]"
Add component (AddParameter): Name = "Voltage Rating"; Value = "50 V"; VariantName = "[No Variations]"
Add component (AddParameter): Name = "Width"; Value = "0.5 mm"; VariantName = "[No Variations]"
Added Component: Designator=R21_SellSensor8(RESC1005X40X25LL05T05)
Add component (AddParameter): Name = "Case Code (Imperial)"; Value = "0402"; VariantName = "[No Variations]"
Add component (AddParameter): Name = "Case Code (Metric)"; Value = "1005"; VariantName = "[No Variations]"
Add component (AddParameter): Name = "Case\/Package"; Value = "0402"; VariantName = "[No Variations]"
Add component (AddParameter): Name = "ComponentLink1Description"; Value = "Manufacturer URL"; VariantName = "[No Variations]"
Add component (AddParameter): Name = "ComponentLink1URL"; Value = "http://www.panasonic.com/"; VariantName = "[No Variations]"
Add component (AddParameter): Name = "ComponentLink2Description"; Value = "Datasheet"; VariantName = "[No Variations]"
Add component (AddParameter): Name = "ComponentLink2URL"; Value = "http://industrial.panasonic.com/cdbs/www-data/pdf/RDA0000/AOA0000C86.pdf"; VariantName = "[No Variations]"
Add component (AddParameter): Name = "DatasheetVersion"; Value = "04/2015"; VariantName = "[No Variations]"
Add component (AddParameter): Name = "Height"; Value = "0.35 mm"; VariantName = "[No Variations]"
Add component (AddParameter): Name = "Length"; Value = "1 mm"; VariantName = "[No Variations]"
Add component (AddParameter): Name = "Manufacturer"; Value = "Basic Passives"; VariantName = "[No Variations]"
Add component (AddParameter): Name = "Max Operating Temperature"; Value = "155 degC"; VariantName = "[No Variations]"
Add component (AddParameter): Name = "Min Operating Temperature"; Value = "-55 degC"; VariantName = "[No Variations]"
Add component (AddParameter): Name = "Mount"; Value = "Surface Mount"; VariantName = "[No Variations]"
Add component (AddParameter): Name = "Mounting Technology"; Value = "Surface Mount"; VariantName = "[No Variations]"
Add component (AddParameter): Name = "Package Quantity"; Value = "10000"; VariantName = "[No Variations]"
Add component (AddParameter): Name = "PackageDescription"; Value = "2-Pin Surface Mount Device, Body 1 x 0.5 mm"; VariantName = "[No Variations]"
Add component (AddParameter): Name = "PackageReference"; Value = "0402"; VariantName = "[No Variations]"
Add component (AddParameter): Name = "Packaging"; Value = "Tape and Reel"; VariantName = "[No Variations]"
Add component (AddParameter): Name = "PartNumber"; Value = "ERJ-2RKF1000X"; VariantName = "[No Variations]"
Add component (AddParameter): Name = "Pins"; Value = "2"; VariantName = "[No Variations]"
Add component (AddParameter): Name = "Power Rating"; Value = "100 mW"; VariantName = "[No Variations]"
Add component (AddParameter): Name = "Radiation Hardening"; Value = "No"; VariantName = "[No Variations]"
Add component (AddParameter): Name = "REACH SVHC"; Value = "Yes"; VariantName = "[No Variations]"
Add component (AddParameter): Name = "Resistance"; Value = "100 Ohm"; VariantName = "[No Variations]"
Add component (AddParameter): Name = "RoHSCompliant"; Value = "true"; VariantName = "[No Variations]"
Add component (AddParameter): Name = "Tolerance"; Value = "1%"; VariantName = "[No Variations]"
Add component (AddParameter): Name = "Voltage Rating"; Value = "50 V"; VariantName = "[No Variations]"
Add component (AddParameter): Name = "Width"; Value = "0.5 mm"; VariantName = "[No Variations]"
Added Component: Designator=R21_SellSensor9(RESC1005X40X25LL05T05)
Add component (AddParameter): Name = "Case Code (Imperial)"; Value = "0402"; VariantName = "[No Variations]"
Add component (AddParameter): Name = "Case Code (Metric)"; Value = "1005"; VariantName = "[No Variations]"
Add component (AddParameter): Name = "Case\/Package"; Value = "0402"; VariantName = "[No Variations]"
Add component (AddParameter): Name = "ComponentLink1Description"; Value = "Manufacturer URL"; VariantName = "[No Variations]"
Add component (AddParameter): Name = "ComponentLink1URL"; Value = "http://www.panasonic.com/"; VariantName = "[No Variations]"
Add component (AddParameter): Name = "ComponentLink2Description"; Value = "Datasheet"; VariantName = "[No Variations]"
Add component (AddParameter): Name = "ComponentLink2URL"; Value = "http://industrial.panasonic.com/cdbs/www-data/pdf/RDA0000/AOA0000C86.pdf"; VariantName = "[No Variations]"
Add component (AddParameter): Name = "DatasheetVersion"; Value = "04/2015"; VariantName = "[No Variations]"
Add component (AddParameter): Name = "Height"; Value = "0.35 mm"; VariantName = "[No Variations]"
Add component (AddParameter): Name = "Length"; Value = "1 mm"; VariantName = "[No Variations]"
Add component (AddParameter): Name = "Manufacturer"; Value = "Basic Passives"; VariantName = "[No Variations]"
Add component (AddParameter): Name = "Max Operating Temperature"; Value = "155 degC"; VariantName = "[No Variations]"
Add component (AddParameter): Name = "Min Operating Temperature"; Value = "-55 degC"; VariantName = "[No Variations]"
Add component (AddParameter): Name = "Mount"; Value = "Surface Mount"; VariantName = "[No Variations]"
Add component (AddParameter): Name = "Mounting Technology"; Value = "Surface Mount"; VariantName = "[No Variations]"
Add component (AddParameter): Name = "Package Quantity"; Value = "10000"; VariantName = "[No Variations]"
Add component (AddParameter): Name = "PackageDescription"; Value = "2-Pin Surface Mount Device, Body 1 x 0.5 mm"; VariantName = "[No Variations]"
Add component (AddParameter): Name = "PackageReference"; Value = "0402"; VariantName = "[No Variations]"
Add component (AddParameter): Name = "Packaging"; Value = "Tape and Reel"; VariantName = "[No Variations]"
Add component (AddParameter): Name = "PartNumber"; Value = "ERJ-2RKF1000X"; VariantName = "[No Variations]"
Add component (AddParameter): Name = "Pins"; Value = "2"; VariantName = "[No Variations]"
Add component (AddParameter): Name = "Power Rating"; Value = "100 mW"; VariantName = "[No Variations]"
Add component (AddParameter): Name = "Radiation Hardening"; Value = "No"; VariantName = "[No Variations]"
Add component (AddParameter): Name = "REACH SVHC"; Value = "Yes"; VariantName = "[No Variations]"
Add component (AddParameter): Name = "Resistance"; Value = "100 Ohm"; VariantName = "[No Variations]"
Add component (AddParameter): Name = "RoHSCompliant"; Value = "true"; VariantName = "[No Variations]"
Add component (AddParameter): Name = "Tolerance"; Value = "1%"; VariantName = "[No Variations]"
Add component (AddParameter): Name = "Voltage Rating"; Value = "50 V"; VariantName = "[No Variations]"
Add component (AddParameter): Name = "Width"; Value = "0.5 mm"; VariantName = "[No Variations]"
Added Component: Designator=R21_SellSensor10(RESC1005X40X25LL05T05)
Add component (AddParameter): Name = "Case Code (Imperial)"; Value = "0402"; VariantName = "[No Variations]"
Add component (AddParameter): Name = "Case Code (Metric)"; Value = "1005"; VariantName = "[No Variations]"
Add component (AddParameter): Name = "Case\/Package"; Value = "0402"; VariantName = "[No Variations]"
Add component (AddParameter): Name = "ComponentLink1Description"; Value = "Manufacturer URL"; VariantName = "[No Variations]"
Add component (AddParameter): Name = "ComponentLink1URL"; Value = "http://www.panasonic.com/"; VariantName = "[No Variations]"
Add component (AddParameter): Name = "ComponentLink2Description"; Value = "Datasheet"; VariantName = "[No Variations]"
Add component (AddParameter): Name = "ComponentLink2URL"; Value = "http://industrial.panasonic.com/cdbs/www-data/pdf/RDA0000/AOA0000C86.pdf"; VariantName = "[No Variations]"
Add component (AddParameter): Name = "DatasheetVersion"; Value = "04/2015"; VariantName = "[No Variations]"
Add component (AddParameter): Name = "Height"; Value = "0.35 mm"; VariantName = "[No Variations]"
Add component (AddParameter): Name = "Length"; Value = "1 mm"; VariantName = "[No Variations]"
Add component (AddParameter): Name = "Manufacturer"; Value = "Basic Passives"; VariantName = "[No Variations]"
Add component (AddParameter): Name = "Max Operating Temperature"; Value = "155 degC"; VariantName = "[No Variations]"
Add component (AddParameter): Name = "Min Operating Temperature"; Value = "-55 degC"; VariantName = "[No Variations]"
Add component (AddParameter): Name = "Mount"; Value = "Surface Mount"; VariantName = "[No Variations]"
Add component (AddParameter): Name = "Mounting Technology"; Value = "Surface Mount"; VariantName = "[No Variations]"
Add component (AddParameter): Name = "Package Quantity"; Value = "10000"; VariantName = "[No Variations]"
Add component (AddParameter): Name = "PackageDescription"; Value = "2-Pin Surface Mount Device, Body 1 x 0.5 mm"; VariantName = "[No Variations]"
Add component (AddParameter): Name = "PackageReference"; Value = "0402"; VariantName = "[No Variations]"
Add component (AddParameter): Name = "Packaging"; Value = "Tape and Reel"; VariantName = "[No Variations]"
Add component (AddParameter): Name = "PartNumber"; Value = "ERJ-2RKF1000X"; VariantName = "[No Variations]"
Add component (AddParameter): Name = "Pins"; Value = "2"; VariantName = "[No Variations]"
Add component (AddParameter): Name = "Power Rating"; Value = "100 mW"; VariantName = "[No Variations]"
Add component (AddParameter): Name = "Radiation Hardening"; Value = "No"; VariantName = "[No Variations]"
Add component (AddParameter): Name = "REACH SVHC"; Value = "Yes"; VariantName = "[No Variations]"
Add component (AddParameter): Name = "Resistance"; Value = "100 Ohm"; VariantName = "[No Variations]"
Add component (AddParameter): Name = "RoHSCompliant"; Value = "true"; VariantName = "[No Variations]"
Add component (AddParameter): Name = "Tolerance"; Value = "1%"; VariantName = "[No Variations]"
Add component (AddParameter): Name = "Voltage Rating"; Value = "50 V"; VariantName = "[No Variations]"
Add component (AddParameter): Name = "Width"; Value = "0.5 mm"; VariantName = "[No Variations]"
Added Component: Designator=R21_SellSensor11(RESC1005X40X25LL05T05)
Add component (AddParameter): Name = "Case Code (Imperial)"; Value = "0402"; VariantName = "[No Variations]"
Add component (AddParameter): Name = "Case Code (Metric)"; Value = "1005"; VariantName = "[No Variations]"
Add component (AddParameter): Name = "Case\/Package"; Value = "0402"; VariantName = "[No Variations]"
Add component (AddParameter): Name = "ComponentLink1Description"; Value = "Manufacturer URL"; VariantName = "[No Variations]"
Add component (AddParameter): Name = "ComponentLink1URL"; Value = "http://www.panasonic.com/"; VariantName = "[No Variations]"
Add component (AddParameter): Name = "ComponentLink2Description"; Value = "Datasheet"; VariantName = "[No Variations]"
Add component (AddParameter): Name = "ComponentLink2URL"; Value = "http://industrial.panasonic.com/cdbs/www-data/pdf/RDA0000/AOA0000C86.pdf"; VariantName = "[No Variations]"
Add component (AddParameter): Name = "DatasheetVersion"; Value = "04/2015"; VariantName = "[No Variations]"
Add component (AddParameter): Name = "Height"; Value = "0.35 mm"; VariantName = "[No Variations]"
Add component (AddParameter): Name = "Length"; Value = "1 mm"; VariantName = "[No Variations]"
Add component (AddParameter): Name = "Manufacturer"; Value = "Basic Passives"; VariantName = "[No Variations]"
Add component (AddParameter): Name = "Max Operating Temperature"; Value = "155 degC"; VariantName = "[No Variations]"
Add component (AddParameter): Name = "Min Operating Temperature"; Value = "-55 degC"; VariantName = "[No Variations]"
Add component (AddParameter): Name = "Mount"; Value = "Surface Mount"; VariantName = "[No Variations]"
Add component (AddParameter): Name = "Mounting Technology"; Value = "Surface Mount"; VariantName = "[No Variations]"
Add component (AddParameter): Name = "Package Quantity"; Value = "10000"; VariantName = "[No Variations]"
Add component (AddParameter): Name = "PackageDescription"; Value = "2-Pin Surface Mount Device, Body 1 x 0.5 mm"; VariantName = "[No Variations]"
Add component (AddParameter): Name = "PackageReference"; Value = "0402"; VariantName = "[No Variations]"
Add component (AddParameter): Name = "Packaging"; Value = "Tape and Reel"; VariantName = "[No Variations]"
Add component (AddParameter): Name = "PartNumber"; Value = "ERJ-2RKF1000X"; VariantName = "[No Variations]"
Add component (AddParameter): Name = "Pins"; Value = "2"; VariantName = "[No Variations]"
Add component (AddParameter): Name = "Power Rating"; Value = "100 mW"; VariantName = "[No Variations]"
Add component (AddParameter): Name = "Radiation Hardening"; Value = "No"; VariantName = "[No Variations]"
Add component (AddParameter): Name = "REACH SVHC"; Value = "Yes"; VariantName = "[No Variations]"
Add component (AddParameter): Name = "Resistance"; Value = "100 Ohm"; VariantName = "[No Variations]"
Add component (AddParameter): Name = "RoHSCompliant"; Value = "true"; VariantName = "[No Variations]"
Add component (AddParameter): Name = "Tolerance"; Value = "1%"; VariantName = "[No Variations]"
Add component (AddParameter): Name = "Voltage Rating"; Value = "50 V"; VariantName = "[No Variations]"
Add component (AddParameter): Name = "Width"; Value = "0.5 mm"; VariantName = "[No Variations]"
Added Component: Designator=R21_SellSensor12(RESC1005X40X25LL05T05)
Add component (AddParameter): Name = "Case Code (Imperial)"; Value = "0402"; VariantName = "[No Variations]"
Add component (AddParameter): Name = "Case Code (Metric)"; Value = "1005"; VariantName = "[No Variations]"
Add component (AddParameter): Name = "Case\/Package"; Value = "0402"; VariantName = "[No Variations]"
Add component (AddParameter): Name = "ComponentLink1Description"; Value = "Manufacturer URL"; VariantName = "[No Variations]"
Add component (AddParameter): Name = "ComponentLink1URL"; Value = "http://www.panasonic.com/"; VariantName = "[No Variations]"
Add component (AddParameter): Name = "ComponentLink2Description"; Value = "Datasheet"; VariantName = "[No Variations]"
Add component (AddParameter): Name = "ComponentLink2URL"; Value = "http://industrial.panasonic.com/cdbs/www-data/pdf/RDA0000/AOA0000C86.pdf"; VariantName = "[No Variations]"
Add component (AddParameter): Name = "DatasheetVersion"; Value = "04/2015"; VariantName = "[No Variations]"
Add component (AddParameter): Name = "Height"; Value = "0.35 mm"; VariantName = "[No Variations]"
Add component (AddParameter): Name = "Length"; Value = "1 mm"; VariantName = "[No Variations]"
Add component (AddParameter): Name = "Manufacturer"; Value = "Basic Passives"; VariantName = "[No Variations]"
Add component (AddParameter): Name = "Max Operating Temperature"; Value = "155 degC"; VariantName = "[No Variations]"
Add component (AddParameter): Name = "Min Operating Temperature"; Value = "-55 degC"; VariantName = "[No Variations]"
Add component (AddParameter): Name = "Mount"; Value = "Surface Mount"; VariantName = "[No Variations]"
Add component (AddParameter): Name = "Mounting Technology"; Value = "Surface Mount"; VariantName = "[No Variations]"
Add component (AddParameter): Name = "Package Quantity"; Value = "10000"; VariantName = "[No Variations]"
Add component (AddParameter): Name = "PackageDescription"; Value = "2-Pin Surface Mount Device, Body 1 x 0.5 mm"; VariantName = "[No Variations]"
Add component (AddParameter): Name = "PackageReference"; Value = "0402"; VariantName = "[No Variations]"
Add component (AddParameter): Name = "Packaging"; Value = "Tape and Reel"; VariantName = "[No Variations]"
Add component (AddParameter): Name = "PartNumber"; Value = "ERJ-2RKF1000X"; VariantName = "[No Variations]"
Add component (AddParameter): Name = "Pins"; Value = "2"; VariantName = "[No Variations]"
Add component (AddParameter): Name = "Power Rating"; Value = "100 mW"; VariantName = "[No Variations]"
Add component (AddParameter): Name = "Radiation Hardening"; Value = "No"; VariantName = "[No Variations]"
Add component (AddParameter): Name = "REACH SVHC"; Value = "Yes"; VariantName = "[No Variations]"
Add component (AddParameter): Name = "Resistance"; Value = "100 Ohm"; VariantName = "[No Variations]"
Add component (AddParameter): Name = "RoHSCompliant"; Value = "true"; VariantName = "[No Variations]"
Add component (AddParameter): Name = "Tolerance"; Value = "1%"; VariantName = "[No Variations]"
Add component (AddParameter): Name = "Voltage Rating"; Value = "50 V"; VariantName = "[No Variations]"
Add component (AddParameter): Name = "Width"; Value = "0.5 mm"; VariantName = "[No Variations]"
Added Component: Designator=R21_SellSensor13(RESC1005X40X25LL05T05)
Add component (AddParameter): Name = "Case Code (Imperial)"; Value = "0402"; VariantName = "[No Variations]"
Add component (AddParameter): Name = "Case Code (Metric)"; Value = "1005"; VariantName = "[No Variations]"
Add component (AddParameter): Name = "Case\/Package"; Value = "0402"; VariantName = "[No Variations]"
Add component (AddParameter): Name = "ComponentLink1Description"; Value = "Manufacturer URL"; VariantName = "[No Variations]"
Add component (AddParameter): Name = "ComponentLink1URL"; Value = "http://www.panasonic.com/"; VariantName = "[No Variations]"
Add component (AddParameter): Name = "ComponentLink2Description"; Value = "Datasheet"; VariantName = "[No Variations]"
Add component (AddParameter): Name = "ComponentLink2URL"; Value = "http://industrial.panasonic.com/cdbs/www-data/pdf/RDA0000/AOA0000C86.pdf"; VariantName = "[No Variations]"
Add component (AddParameter): Name = "DatasheetVersion"; Value = "04/2015"; VariantName = "[No Variations]"
Add component (AddParameter): Name = "Height"; Value = "0.35 mm"; VariantName = "[No Variations]"
Add component (AddParameter): Name = "Length"; Value = "1 mm"; VariantName = "[No Variations]"
Add component (AddParameter): Name = "Manufacturer"; Value = "Basic Passives"; VariantName = "[No Variations]"
Add component (AddParameter): Name = "Max Operating Temperature"; Value = "155 degC"; VariantName = "[No Variations]"
Add component (AddParameter): Name = "Min Operating Temperature"; Value = "-55 degC"; VariantName = "[No Variations]"
Add component (AddParameter): Name = "Mount"; Value = "Surface Mount"; VariantName = "[No Variations]"
Add component (AddParameter): Name = "Mounting Technology"; Value = "Surface Mount"; VariantName = "[No Variations]"
Add component (AddParameter): Name = "Package Quantity"; Value = "10000"; VariantName = "[No Variations]"
Add component (AddParameter): Name = "PackageDescription"; Value = "2-Pin Surface Mount Device, Body 1 x 0.5 mm"; VariantName = "[No Variations]"
Add component (AddParameter): Name = "PackageReference"; Value = "0402"; VariantName = "[No Variations]"
Add component (AddParameter): Name = "Packaging"; Value = "Tape and Reel"; VariantName = "[No Variations]"
Add component (AddParameter): Name = "PartNumber"; Value = "ERJ-2RKF1000X"; VariantName = "[No Variations]"
Add component (AddParameter): Name = "Pins"; Value = "2"; VariantName = "[No Variations]"
Add component (AddParameter): Name = "Power Rating"; Value = "100 mW"; VariantName = "[No Variations]"
Add component (AddParameter): Name = "Radiation Hardening"; Value = "No"; VariantName = "[No Variations]"
Add component (AddParameter): Name = "REACH SVHC"; Value = "Yes"; VariantName = "[No Variations]"
Add component (AddParameter): Name = "Resistance"; Value = "100 Ohm"; VariantName = "[No Variations]"
Add component (AddParameter): Name = "RoHSCompliant"; Value = "true"; VariantName = "[No Variations]"
Add component (AddParameter): Name = "Tolerance"; Value = "1%"; VariantName = "[No Variations]"
Add component (AddParameter): Name = "Voltage Rating"; Value = "50 V"; VariantName = "[No Variations]"
Add component (AddParameter): Name = "Width"; Value = "0.5 mm"; VariantName = "[No Variations]"
Added Component: Designator=R21_SellSensor14(RESC1005X40X25LL05T05)
Add component (AddParameter): Name = "Case Code (Imperial)"; Value = "0402"; VariantName = "[No Variations]"
Add component (AddParameter): Name = "Case Code (Metric)"; Value = "1005"; VariantName = "[No Variations]"
Add component (AddParameter): Name = "Case\/Package"; Value = "0402"; VariantName = "[No Variations]"
Add component (AddParameter): Name = "ComponentLink1Description"; Value = "Manufacturer URL"; VariantName = "[No Variations]"
Add component (AddParameter): Name = "ComponentLink1URL"; Value = "http://www.panasonic.com/"; VariantName = "[No Variations]"
Add component (AddParameter): Name = "ComponentLink2Description"; Value = "Datasheet"; VariantName = "[No Variations]"
Add component (AddParameter): Name = "ComponentLink2URL"; Value = "http://industrial.panasonic.com/cdbs/www-data/pdf/RDA0000/AOA0000C86.pdf"; VariantName = "[No Variations]"
Add component (AddParameter): Name = "DatasheetVersion"; Value = "04/2015"; VariantName = "[No Variations]"
Add component (AddParameter): Name = "Height"; Value = "0.35 mm"; VariantName = "[No Variations]"
Add component (AddParameter): Name = "Length"; Value = "1 mm"; VariantName = "[No Variations]"
Add component (AddParameter): Name = "Manufacturer"; Value = "Basic Passives"; VariantName = "[No Variations]"
Add component (AddParameter): Name = "Max Operating Temperature"; Value = "155 degC"; VariantName = "[No Variations]"
Add component (AddParameter): Name = "Min Operating Temperature"; Value = "-55 degC"; VariantName = "[No Variations]"
Add component (AddParameter): Name = "Mount"; Value = "Surface Mount"; VariantName = "[No Variations]"
Add component (AddParameter): Name = "Mounting Technology"; Value = "Surface Mount"; VariantName = "[No Variations]"
Add component (AddParameter): Name = "Package Quantity"; Value = "10000"; VariantName = "[No Variations]"
Add component (AddParameter): Name = "PackageDescription"; Value = "2-Pin Surface Mount Device, Body 1 x 0.5 mm"; VariantName = "[No Variations]"
Add component (AddParameter): Name = "PackageReference"; Value = "0402"; VariantName = "[No Variations]"
Add component (AddParameter): Name = "Packaging"; Value = "Tape and Reel"; VariantName = "[No Variations]"
Add component (AddParameter): Name = "PartNumber"; Value = "ERJ-2RKF1000X"; VariantName = "[No Variations]"
Add component (AddParameter): Name = "Pins"; Value = "2"; VariantName = "[No Variations]"
Add component (AddParameter): Name = "Power Rating"; Value = "100 mW"; VariantName = "[No Variations]"
Add component (AddParameter): Name = "Radiation Hardening"; Value = "No"; VariantName = "[No Variations]"
Add component (AddParameter): Name = "REACH SVHC"; Value = "Yes"; VariantName = "[No Variations]"
Add component (AddParameter): Name = "Resistance"; Value = "100 Ohm"; VariantName = "[No Variations]"
Add component (AddParameter): Name = "RoHSCompliant"; Value = "true"; VariantName = "[No Variations]"
Add component (AddParameter): Name = "Tolerance"; Value = "1%"; VariantName = "[No Variations]"
Add component (AddParameter): Name = "Voltage Rating"; Value = "50 V"; VariantName = "[No Variations]"
Add component (AddParameter): Name = "Width"; Value = "0.5 mm"; VariantName = "[No Variations]"
Added Component: Designator=R21_SellSensor15(RESC1005X40X25LL05T05)
Add component (AddParameter): Name = "Case Code (Imperial)"; Value = "0402"; VariantName = "[No Variations]"
Add component (AddParameter): Name = "Case Code (Metric)"; Value = "1005"; VariantName = "[No Variations]"
Add component (AddParameter): Name = "Case\/Package"; Value = "0402"; VariantName = "[No Variations]"
Add component (AddParameter): Name = "ComponentLink1Description"; Value = "Manufacturer URL"; VariantName = "[No Variations]"
Add component (AddParameter): Name = "ComponentLink1URL"; Value = "http://www.panasonic.com/"; VariantName = "[No Variations]"
Add component (AddParameter): Name = "ComponentLink2Description"; Value = "Datasheet"; VariantName = "[No Variations]"
Add component (AddParameter): Name = "ComponentLink2URL"; Value = "http://industrial.panasonic.com/cdbs/www-data/pdf/RDA0000/AOA0000C86.pdf"; VariantName = "[No Variations]"
Add component (AddParameter): Name = "DatasheetVersion"; Value = "04/2015"; VariantName = "[No Variations]"
Add component (AddParameter): Name = "Height"; Value = "0.35 mm"; VariantName = "[No Variations]"
Add component (AddParameter): Name = "Length"; Value = "1 mm"; VariantName = "[No Variations]"
Add component (AddParameter): Name = "Manufacturer"; Value = "Basic Passives"; VariantName = "[No Variations]"
Add component (AddParameter): Name = "Max Operating Temperature"; Value = "155 degC"; VariantName = "[No Variations]"
Add component (AddParameter): Name = "Min Operating Temperature"; Value = "-55 degC"; VariantName = "[No Variations]"
Add component (AddParameter): Name = "Mount"; Value = "Surface Mount"; VariantName = "[No Variations]"
Add component (AddParameter): Name = "Mounting Technology"; Value = "Surface Mount"; VariantName = "[No Variations]"
Add component (AddParameter): Name = "Package Quantity"; Value = "10000"; VariantName = "[No Variations]"
Add component (AddParameter): Name = "PackageDescription"; Value = "2-Pin Surface Mount Device, Body 1 x 0.5 mm"; VariantName = "[No Variations]"
Add component (AddParameter): Name = "PackageReference"; Value = "0402"; VariantName = "[No Variations]"
Add component (AddParameter): Name = "Packaging"; Value = "Tape and Reel"; VariantName = "[No Variations]"
Add component (AddParameter): Name = "PartNumber"; Value = "ERJ-2RKF1000X"; VariantName = "[No Variations]"
Add component (AddParameter): Name = "Pins"; Value = "2"; VariantName = "[No Variations]"
Add component (AddParameter): Name = "Power Rating"; Value = "100 mW"; VariantName = "[No Variations]"
Add component (AddParameter): Name = "Radiation Hardening"; Value = "No"; VariantName = "[No Variations]"
Add component (AddParameter): Name = "REACH SVHC"; Value = "Yes"; VariantName = "[No Variations]"
Add component (AddParameter): Name = "Resistance"; Value = "100 Ohm"; VariantName = "[No Variations]"
Add component (AddParameter): Name = "RoHSCompliant"; Value = "true"; VariantName = "[No Variations]"
Add component (AddParameter): Name = "Tolerance"; Value = "1%"; VariantName = "[No Variations]"
Add component (AddParameter): Name = "Voltage Rating"; Value = "50 V"; VariantName = "[No Variations]"
Add component (AddParameter): Name = "Width"; Value = "0.5 mm"; VariantName = "[No Variations]"
Added Component: Designator=R21_SellSensor16(RESC1005X40X25LL05T05)
Add component (AddParameter): Name = "Case Code (Imperial)"; Value = "0402"; VariantName = "[No Variations]"
Add component (AddParameter): Name = "Case Code (Metric)"; Value = "1005"; VariantName = "[No Variations]"
Add component (AddParameter): Name = "Case\/Package"; Value = "0402"; VariantName = "[No Variations]"
Add component (AddParameter): Name = "ComponentLink1Description"; Value = "Manufacturer URL"; VariantName = "[No Variations]"
Add component (AddParameter): Name = "ComponentLink1URL"; Value = "http://www.panasonic.com/"; VariantName = "[No Variations]"
Add component (AddParameter): Name = "ComponentLink2Description"; Value = "Datasheet"; VariantName = "[No Variations]"
Add component (AddParameter): Name = "ComponentLink2URL"; Value = "http://industrial.panasonic.com/cdbs/www-data/pdf/RDA0000/AOA0000C86.pdf"; VariantName = "[No Variations]"
Add component (AddParameter): Name = "DatasheetVersion"; Value = "04/2015"; VariantName = "[No Variations]"
Add component (AddParameter): Name = "Height"; Value = "0.35 mm"; VariantName = "[No Variations]"
Add component (AddParameter): Name = "Length"; Value = "1 mm"; VariantName = "[No Variations]"
Add component (AddParameter): Name = "Manufacturer"; Value = "Basic Passives"; VariantName = "[No Variations]"
Add component (AddParameter): Name = "Max Operating Temperature"; Value = "155 degC"; VariantName = "[No Variations]"
Add component (AddParameter): Name = "Min Operating Temperature"; Value = "-55 degC"; VariantName = "[No Variations]"
Add component (AddParameter): Name = "Mount"; Value = "Surface Mount"; VariantName = "[No Variations]"
Add component (AddParameter): Name = "Mounting Technology"; Value = "Surface Mount"; VariantName = "[No Variations]"
Add component (AddParameter): Name = "Package Quantity"; Value = "10000"; VariantName = "[No Variations]"
Add component (AddParameter): Name = "PackageDescription"; Value = "2-Pin Surface Mount Device, Body 1 x 0.5 mm"; VariantName = "[No Variations]"
Add component (AddParameter): Name = "PackageReference"; Value = "0402"; VariantName = "[No Variations]"
Add component (AddParameter): Name = "Packaging"; Value = "Tape and Reel"; VariantName = "[No Variations]"
Add component (AddParameter): Name = "PartNumber"; Value = "ERJ-2RKF1000X"; VariantName = "[No Variations]"
Add component (AddParameter): Name = "Pins"; Value = "2"; VariantName = "[No Variations]"
Add component (AddParameter): Name = "Power Rating"; Value = "100 mW"; VariantName = "[No Variations]"
Add component (AddParameter): Name = "Radiation Hardening"; Value = "No"; VariantName = "[No Variations]"
Add component (AddParameter): Name = "REACH SVHC"; Value = "Yes"; VariantName = "[No Variations]"
Add component (AddParameter): Name = "Resistance"; Value = "100 Ohm"; VariantName = "[No Variations]"
Add component (AddParameter): Name = "RoHSCompliant"; Value = "true"; VariantName = "[No Variations]"
Add component (AddParameter): Name = "Tolerance"; Value = "1%"; VariantName = "[No Variations]"
Add component (AddParameter): Name = "Voltage Rating"; Value = "50 V"; VariantName = "[No Variations]"
Add component (AddParameter): Name = "Width"; Value = "0.5 mm"; VariantName = "[No Variations]"
Added Component: Designator=R21_SellSensor17(RESC1005X40X25LL05T05)
Add component (AddParameter): Name = "Case Code (Imperial)"; Value = "0402"; VariantName = "[No Variations]"
Add component (AddParameter): Name = "Case Code (Metric)"; Value = "1005"; VariantName = "[No Variations]"
Add component (AddParameter): Name = "Case\/Package"; Value = "0402"; VariantName = "[No Variations]"
Add component (AddParameter): Name = "ComponentLink1Description"; Value = "Manufacturer URL"; VariantName = "[No Variations]"
Add component (AddParameter): Name = "ComponentLink1URL"; Value = "http://www.panasonic.com/"; VariantName = "[No Variations]"
Add component (AddParameter): Name = "ComponentLink2Description"; Value = "Datasheet"; VariantName = "[No Variations]"
Add component (AddParameter): Name = "ComponentLink2URL"; Value = "http://industrial.panasonic.com/cdbs/www-data/pdf/RDA0000/AOA0000C86.pdf"; VariantName = "[No Variations]"
Add component (AddParameter): Name = "DatasheetVersion"; Value = "04/2015"; VariantName = "[No Variations]"
Add component (AddParameter): Name = "Height"; Value = "0.35 mm"; VariantName = "[No Variations]"
Add component (AddParameter): Name = "Length"; Value = "1 mm"; VariantName = "[No Variations]"
Add component (AddParameter): Name = "Manufacturer"; Value = "Basic Passives"; VariantName = "[No Variations]"
Add component (AddParameter): Name = "Max Operating Temperature"; Value = "155 degC"; VariantName = "[No Variations]"
Add component (AddParameter): Name = "Min Operating Temperature"; Value = "-55 degC"; VariantName = "[No Variations]"
Add component (AddParameter): Name = "Mount"; Value = "Surface Mount"; VariantName = "[No Variations]"
Add component (AddParameter): Name = "Mounting Technology"; Value = "Surface Mount"; VariantName = "[No Variations]"
Add component (AddParameter): Name = "Package Quantity"; Value = "10000"; VariantName = "[No Variations]"
Add component (AddParameter): Name = "PackageDescription"; Value = "2-Pin Surface Mount Device, Body 1 x 0.5 mm"; VariantName = "[No Variations]"
Add component (AddParameter): Name = "PackageReference"; Value = "0402"; VariantName = "[No Variations]"
Add component (AddParameter): Name = "Packaging"; Value = "Tape and Reel"; VariantName = "[No Variations]"
Add component (AddParameter): Name = "PartNumber"; Value = "ERJ-2RKF1000X"; VariantName = "[No Variations]"
Add component (AddParameter): Name = "Pins"; Value = "2"; VariantName = "[No Variations]"
Add component (AddParameter): Name = "Power Rating"; Value = "100 mW"; VariantName = "[No Variations]"
Add component (AddParameter): Name = "Radiation Hardening"; Value = "No"; VariantName = "[No Variations]"
Add component (AddParameter): Name = "REACH SVHC"; Value = "Yes"; VariantName = "[No Variations]"
Add component (AddParameter): Name = "Resistance"; Value = "100 Ohm"; VariantName = "[No Variations]"
Add component (AddParameter): Name = "RoHSCompliant"; Value = "true"; VariantName = "[No Variations]"
Add component (AddParameter): Name = "Tolerance"; Value = "1%"; VariantName = "[No Variations]"
Add component (AddParameter): Name = "Voltage Rating"; Value = "50 V"; VariantName = "[No Variations]"
Add component (AddParameter): Name = "Width"; Value = "0.5 mm"; VariantName = "[No Variations]"
Added Component: Designator=R21_SellSensor18(RESC1005X40X25LL05T05)
Add component (AddParameter): Name = "Case Code (Imperial)"; Value = "0402"; VariantName = "[No Variations]"
Add component (AddParameter): Name = "Case Code (Metric)"; Value = "1005"; VariantName = "[No Variations]"
Add component (AddParameter): Name = "Case\/Package"; Value = "0402"; VariantName = "[No Variations]"
Add component (AddParameter): Name = "ComponentLink1Description"; Value = "Manufacturer URL"; VariantName = "[No Variations]"
Add component (AddParameter): Name = "ComponentLink1URL"; Value = "http://www.panasonic.com/"; VariantName = "[No Variations]"
Add component (AddParameter): Name = "ComponentLink2Description"; Value = "Datasheet"; VariantName = "[No Variations]"
Add component (AddParameter): Name = "ComponentLink2URL"; Value = "http://industrial.panasonic.com/cdbs/www-data/pdf/RDA0000/AOA0000C86.pdf"; VariantName = "[No Variations]"
Add component (AddParameter): Name = "DatasheetVersion"; Value = "04/2015"; VariantName = "[No Variations]"
Add component (AddParameter): Name = "Height"; Value = "0.35 mm"; VariantName = "[No Variations]"
Add component (AddParameter): Name = "Length"; Value = "1 mm"; VariantName = "[No Variations]"
Add component (AddParameter): Name = "Manufacturer"; Value = "Basic Passives"; VariantName = "[No Variations]"
Add component (AddParameter): Name = "Max Operating Temperature"; Value = "155 degC"; VariantName = "[No Variations]"
Add component (AddParameter): Name = "Min Operating Temperature"; Value = "-55 degC"; VariantName = "[No Variations]"
Add component (AddParameter): Name = "Mount"; Value = "Surface Mount"; VariantName = "[No Variations]"
Add component (AddParameter): Name = "Mounting Technology"; Value = "Surface Mount"; VariantName = "[No Variations]"
Add component (AddParameter): Name = "Package Quantity"; Value = "10000"; VariantName = "[No Variations]"
Add component (AddParameter): Name = "PackageDescription"; Value = "2-Pin Surface Mount Device, Body 1 x 0.5 mm"; VariantName = "[No Variations]"
Add component (AddParameter): Name = "PackageReference"; Value = "0402"; VariantName = "[No Variations]"
Add component (AddParameter): Name = "Packaging"; Value = "Tape and Reel"; VariantName = "[No Variations]"
Add component (AddParameter): Name = "PartNumber"; Value = "ERJ-2RKF1000X"; VariantName = "[No Variations]"
Add component (AddParameter): Name = "Pins"; Value = "2"; VariantName = "[No Variations]"
Add component (AddParameter): Name = "Power Rating"; Value = "100 mW"; VariantName = "[No Variations]"
Add component (AddParameter): Name = "Radiation Hardening"; Value = "No"; VariantName = "[No Variations]"
Add component (AddParameter): Name = "REACH SVHC"; Value = "Yes"; VariantName = "[No Variations]"
Add component (AddParameter): Name = "Resistance"; Value = "100 Ohm"; VariantName = "[No Variations]"
Add component (AddParameter): Name = "RoHSCompliant"; Value = "true"; VariantName = "[No Variations]"
Add component (AddParameter): Name = "Tolerance"; Value = "1%"; VariantName = "[No Variations]"
Add component (AddParameter): Name = "Voltage Rating"; Value = "50 V"; VariantName = "[No Variations]"
Add component (AddParameter): Name = "Width"; Value = "0.5 mm"; VariantName = "[No Variations]"
Added Component: Designator=R21_SellSensor19(RESC1005X40X25LL05T05)
Add component (AddParameter): Name = "Case Code (Imperial)"; Value = "0402"; VariantName = "[No Variations]"
Add component (AddParameter): Name = "Case Code (Metric)"; Value = "1005"; VariantName = "[No Variations]"
Add component (AddParameter): Name = "Case\/Package"; Value = "0402"; VariantName = "[No Variations]"
Add component (AddParameter): Name = "ComponentLink1Description"; Value = "Manufacturer URL"; VariantName = "[No Variations]"
Add component (AddParameter): Name = "ComponentLink1URL"; Value = "http://www.panasonic.com/"; VariantName = "[No Variations]"
Add component (AddParameter): Name = "ComponentLink2Description"; Value = "Datasheet"; VariantName = "[No Variations]"
Add component (AddParameter): Name = "ComponentLink2URL"; Value = "http://industrial.panasonic.com/cdbs/www-data/pdf/RDA0000/AOA0000C86.pdf"; VariantName = "[No Variations]"
Add component (AddParameter): Name = "DatasheetVersion"; Value = "04/2015"; VariantName = "[No Variations]"
Add component (AddParameter): Name = "Height"; Value = "0.35 mm"; VariantName = "[No Variations]"
Add component (AddParameter): Name = "Length"; Value = "1 mm"; VariantName = "[No Variations]"
Add component (AddParameter): Name = "Manufacturer"; Value = "Basic Passives"; VariantName = "[No Variations]"
Add component (AddParameter): Name = "Max Operating Temperature"; Value = "155 degC"; VariantName = "[No Variations]"
Add component (AddParameter): Name = "Min Operating Temperature"; Value = "-55 degC"; VariantName = "[No Variations]"
Add component (AddParameter): Name = "Mount"; Value = "Surface Mount"; VariantName = "[No Variations]"
Add component (AddParameter): Name = "Mounting Technology"; Value = "Surface Mount"; VariantName = "[No Variations]"
Add component (AddParameter): Name = "Package Quantity"; Value = "10000"; VariantName = "[No Variations]"
Add component (AddParameter): Name = "PackageDescription"; Value = "2-Pin Surface Mount Device, Body 1 x 0.5 mm"; VariantName = "[No Variations]"
Add component (AddParameter): Name = "PackageReference"; Value = "0402"; VariantName = "[No Variations]"
Add component (AddParameter): Name = "Packaging"; Value = "Tape and Reel"; VariantName = "[No Variations]"
Add component (AddParameter): Name = "PartNumber"; Value = "ERJ-2RKF1000X"; VariantName = "[No Variations]"
Add component (AddParameter): Name = "Pins"; Value = "2"; VariantName = "[No Variations]"
Add component (AddParameter): Name = "Power Rating"; Value = "100 mW"; VariantName = "[No Variations]"
Add component (AddParameter): Name = "Radiation Hardening"; Value = "No"; VariantName = "[No Variations]"
Add component (AddParameter): Name = "REACH SVHC"; Value = "Yes"; VariantName = "[No Variations]"
Add component (AddParameter): Name = "Resistance"; Value = "100 Ohm"; VariantName = "[No Variations]"
Add component (AddParameter): Name = "RoHSCompliant"; Value = "true"; VariantName = "[No Variations]"
Add component (AddParameter): Name = "Tolerance"; Value = "1%"; VariantName = "[No Variations]"
Add component (AddParameter): Name = "Voltage Rating"; Value = "50 V"; VariantName = "[No Variations]"
Add component (AddParameter): Name = "Width"; Value = "0.5 mm"; VariantName = "[No Variations]"
Added Component: Designator=R21_SellSensor20(RESC1005X40X25LL05T05)
Add component (AddParameter): Name = "Case Code (Imperial)"; Value = "0402"; VariantName = "[No Variations]"
Add component (AddParameter): Name = "Case Code (Metric)"; Value = "1005"; VariantName = "[No Variations]"
Add component (AddParameter): Name = "Case\/Package"; Value = "0402"; VariantName = "[No Variations]"
Add component (AddParameter): Name = "ComponentLink1Description"; Value = "Manufacturer URL"; VariantName = "[No Variations]"
Add component (AddParameter): Name = "ComponentLink1URL"; Value = "http://www.panasonic.com/"; VariantName = "[No Variations]"
Add component (AddParameter): Name = "ComponentLink2Description"; Value = "Datasheet"; VariantName = "[No Variations]"
Add component (AddParameter): Name = "ComponentLink2URL"; Value = "http://industrial.panasonic.com/cdbs/www-data/pdf/RDA0000/AOA0000C86.pdf"; VariantName = "[No Variations]"
Add component (AddParameter): Name = "DatasheetVersion"; Value = "04/2015"; VariantName = "[No Variations]"
Add component (AddParameter): Name = "Height"; Value = "0.35 mm"; VariantName = "[No Variations]"
Add component (AddParameter): Name = "Length"; Value = "1 mm"; VariantName = "[No Variations]"
Add component (AddParameter): Name = "Manufacturer"; Value = "Basic Passives"; VariantName = "[No Variations]"
Add component (AddParameter): Name = "Max Operating Temperature"; Value = "155 degC"; VariantName = "[No Variations]"
Add component (AddParameter): Name = "Min Operating Temperature"; Value = "-55 degC"; VariantName = "[No Variations]"
Add component (AddParameter): Name = "Mount"; Value = "Surface Mount"; VariantName = "[No Variations]"
Add component (AddParameter): Name = "Mounting Technology"; Value = "Surface Mount"; VariantName = "[No Variations]"
Add component (AddParameter): Name = "Package Quantity"; Value = "10000"; VariantName = "[No Variations]"
Add component (AddParameter): Name = "PackageDescription"; Value = "2-Pin Surface Mount Device, Body 1 x 0.5 mm"; VariantName = "[No Variations]"
Add component (AddParameter): Name = "PackageReference"; Value = "0402"; VariantName = "[No Variations]"
Add component (AddParameter): Name = "Packaging"; Value = "Tape and Reel"; VariantName = "[No Variations]"
Add component (AddParameter): Name = "PartNumber"; Value = "ERJ-2RKF1000X"; VariantName = "[No Variations]"
Add component (AddParameter): Name = "Pins"; Value = "2"; VariantName = "[No Variations]"
Add component (AddParameter): Name = "Power Rating"; Value = "100 mW"; VariantName = "[No Variations]"
Add component (AddParameter): Name = "Radiation Hardening"; Value = "No"; VariantName = "[No Variations]"
Add component (AddParameter): Name = "REACH SVHC"; Value = "Yes"; VariantName = "[No Variations]"
Add component (AddParameter): Name = "Resistance"; Value = "100 Ohm"; VariantName = "[No Variations]"
Add component (AddParameter): Name = "RoHSCompliant"; Value = "true"; VariantName = "[No Variations]"
Add component (AddParameter): Name = "Tolerance"; Value = "1%"; VariantName = "[No Variations]"
Add component (AddParameter): Name = "Voltage Rating"; Value = "50 V"; VariantName = "[No Variations]"
Add component (AddParameter): Name = "Width"; Value = "0.5 mm"; VariantName = "[No Variations]"
Added Component: Designator=R21_SellSensor21(RESC1005X40X25LL05T05)
Add component (AddParameter): Name = "Case Code (Imperial)"; Value = "0402"; VariantName = "[No Variations]"
Add component (AddParameter): Name = "Case Code (Metric)"; Value = "1005"; VariantName = "[No Variations]"
Add component (AddParameter): Name = "Case\/Package"; Value = "0402"; VariantName = "[No Variations]"
Add component (AddParameter): Name = "ComponentLink1Description"; Value = "Manufacturer URL"; VariantName = "[No Variations]"
Add component (AddParameter): Name = "ComponentLink1URL"; Value = "http://www.panasonic.com/"; VariantName = "[No Variations]"
Add component (AddParameter): Name = "ComponentLink2Description"; Value = "Datasheet"; VariantName = "[No Variations]"
Add component (AddParameter): Name = "ComponentLink2URL"; Value = "http://industrial.panasonic.com/cdbs/www-data/pdf/RDA0000/AOA0000C86.pdf"; VariantName = "[No Variations]"
Add component (AddParameter): Name = "DatasheetVersion"; Value = "04/2015"; VariantName = "[No Variations]"
Add component (AddParameter): Name = "Height"; Value = "0.35 mm"; VariantName = "[No Variations]"
Add component (AddParameter): Name = "Length"; Value = "1 mm"; VariantName = "[No Variations]"
Add component (AddParameter): Name = "Manufacturer"; Value = "Basic Passives"; VariantName = "[No Variations]"
Add component (AddParameter): Name = "Max Operating Temperature"; Value = "155 degC"; VariantName = "[No Variations]"
Add component (AddParameter): Name = "Min Operating Temperature"; Value = "-55 degC"; VariantName = "[No Variations]"
Add component (AddParameter): Name = "Mount"; Value = "Surface Mount"; VariantName = "[No Variations]"
Add component (AddParameter): Name = "Mounting Technology"; Value = "Surface Mount"; VariantName = "[No Variations]"
Add component (AddParameter): Name = "Package Quantity"; Value = "10000"; VariantName = "[No Variations]"
Add component (AddParameter): Name = "PackageDescription"; Value = "2-Pin Surface Mount Device, Body 1 x 0.5 mm"; VariantName = "[No Variations]"
Add component (AddParameter): Name = "PackageReference"; Value = "0402"; VariantName = "[No Variations]"
Add component (AddParameter): Name = "Packaging"; Value = "Tape and Reel"; VariantName = "[No Variations]"
Add component (AddParameter): Name = "PartNumber"; Value = "ERJ-2RKF1000X"; VariantName = "[No Variations]"
Add component (AddParameter): Name = "Pins"; Value = "2"; VariantName = "[No Variations]"
Add component (AddParameter): Name = "Power Rating"; Value = "100 mW"; VariantName = "[No Variations]"
Add component (AddParameter): Name = "Radiation Hardening"; Value = "No"; VariantName = "[No Variations]"
Add component (AddParameter): Name = "REACH SVHC"; Value = "Yes"; VariantName = "[No Variations]"
Add component (AddParameter): Name = "Resistance"; Value = "100 Ohm"; VariantName = "[No Variations]"
Add component (AddParameter): Name = "RoHSCompliant"; Value = "true"; VariantName = "[No Variations]"
Add component (AddParameter): Name = "Tolerance"; Value = "1%"; VariantName = "[No Variations]"
Add component (AddParameter): Name = "Voltage Rating"; Value = "50 V"; VariantName = "[No Variations]"
Add component (AddParameter): Name = "Width"; Value = "0.5 mm"; VariantName = "[No Variations]"
Added Component: Designator=R21_SellSensor22(RESC1005X40X25LL05T05)
Add component (AddParameter): Name = "Case Code (Imperial)"; Value = "0402"; VariantName = "[No Variations]"
Add component (AddParameter): Name = "Case Code (Metric)"; Value = "1005"; VariantName = "[No Variations]"
Add component (AddParameter): Name = "Case\/Package"; Value = "0402"; VariantName = "[No Variations]"
Add component (AddParameter): Name = "ComponentLink1Description"; Value = "Manufacturer URL"; VariantName = "[No Variations]"
Add component (AddParameter): Name = "ComponentLink1URL"; Value = "http://www.panasonic.com/"; VariantName = "[No Variations]"
Add component (AddParameter): Name = "ComponentLink2Description"; Value = "Datasheet"; VariantName = "[No Variations]"
Add component (AddParameter): Name = "ComponentLink2URL"; Value = "http://industrial.panasonic.com/cdbs/www-data/pdf/RDA0000/AOA0000C86.pdf"; VariantName = "[No Variations]"
Add component (AddParameter): Name = "DatasheetVersion"; Value = "04/2015"; VariantName = "[No Variations]"
Add component (AddParameter): Name = "Height"; Value = "0.35 mm"; VariantName = "[No Variations]"
Add component (AddParameter): Name = "Length"; Value = "1 mm"; VariantName = "[No Variations]"
Add component (AddParameter): Name = "Manufacturer"; Value = "Basic Passives"; VariantName = "[No Variations]"
Add component (AddParameter): Name = "Max Operating Temperature"; Value = "155 degC"; VariantName = "[No Variations]"
Add component (AddParameter): Name = "Min Operating Temperature"; Value = "-55 degC"; VariantName = "[No Variations]"
Add component (AddParameter): Name = "Mount"; Value = "Surface Mount"; VariantName = "[No Variations]"
Add component (AddParameter): Name = "Mounting Technology"; Value = "Surface Mount"; VariantName = "[No Variations]"
Add component (AddParameter): Name = "Package Quantity"; Value = "10000"; VariantName = "[No Variations]"
Add component (AddParameter): Name = "PackageDescription"; Value = "2-Pin Surface Mount Device, Body 1 x 0.5 mm"; VariantName = "[No Variations]"
Add component (AddParameter): Name = "PackageReference"; Value = "0402"; VariantName = "[No Variations]"
Add component (AddParameter): Name = "Packaging"; Value = "Tape and Reel"; VariantName = "[No Variations]"
Add component (AddParameter): Name = "PartNumber"; Value = "ERJ-2RKF1000X"; VariantName = "[No Variations]"
Add component (AddParameter): Name = "Pins"; Value = "2"; VariantName = "[No Variations]"
Add component (AddParameter): Name = "Power Rating"; Value = "100 mW"; VariantName = "[No Variations]"
Add component (AddParameter): Name = "Radiation Hardening"; Value = "No"; VariantName = "[No Variations]"
Add component (AddParameter): Name = "REACH SVHC"; Value = "Yes"; VariantName = "[No Variations]"
Add component (AddParameter): Name = "Resistance"; Value = "100 Ohm"; VariantName = "[No Variations]"
Add component (AddParameter): Name = "RoHSCompliant"; Value = "true"; VariantName = "[No Variations]"
Add component (AddParameter): Name = "Tolerance"; Value = "1%"; VariantName = "[No Variations]"
Add component (AddParameter): Name = "Voltage Rating"; Value = "50 V"; VariantName = "[No Variations]"
Add component (AddParameter): Name = "Width"; Value = "0.5 mm"; VariantName = "[No Variations]"
Added Component: Designator=R21_SellSensor23(RESC1005X40X25LL05T05)
Add component (AddParameter): Name = "Case Code (Imperial)"; Value = "0402"; VariantName = "[No Variations]"
Add component (AddParameter): Name = "Case Code (Metric)"; Value = "1005"; VariantName = "[No Variations]"
Add component (AddParameter): Name = "Case\/Package"; Value = "0402"; VariantName = "[No Variations]"
Add component (AddParameter): Name = "ComponentLink1Description"; Value = "Manufacturer URL"; VariantName = "[No Variations]"
Add component (AddParameter): Name = "ComponentLink1URL"; Value = "http://www.panasonic.com/"; VariantName = "[No Variations]"
Add component (AddParameter): Name = "ComponentLink2Description"; Value = "Datasheet"; VariantName = "[No Variations]"
Add component (AddParameter): Name = "ComponentLink2URL"; Value = "http://industrial.panasonic.com/cdbs/www-data/pdf/RDA0000/AOA0000C86.pdf"; VariantName = "[No Variations]"
Add component (AddParameter): Name = "DatasheetVersion"; Value = "04/2015"; VariantName = "[No Variations]"
Add component (AddParameter): Name = "Height"; Value = "0.35 mm"; VariantName = "[No Variations]"
Add component (AddParameter): Name = "Length"; Value = "1 mm"; VariantName = "[No Variations]"
Add component (AddParameter): Name = "Manufacturer"; Value = "Basic Passives"; VariantName = "[No Variations]"
Add component (AddParameter): Name = "Max Operating Temperature"; Value = "155 degC"; VariantName = "[No Variations]"
Add component (AddParameter): Name = "Min Operating Temperature"; Value = "-55 degC"; VariantName = "[No Variations]"
Add component (AddParameter): Name = "Mount"; Value = "Surface Mount"; VariantName = "[No Variations]"
Add component (AddParameter): Name = "Mounting Technology"; Value = "Surface Mount"; VariantName = "[No Variations]"
Add component (AddParameter): Name = "Package Quantity"; Value = "10000"; VariantName = "[No Variations]"
Add component (AddParameter): Name = "PackageDescription"; Value = "2-Pin Surface Mount Device, Body 1 x 0.5 mm"; VariantName = "[No Variations]"
Add component (AddParameter): Name = "PackageReference"; Value = "0402"; VariantName = "[No Variations]"
Add component (AddParameter): Name = "Packaging"; Value = "Tape and Reel"; VariantName = "[No Variations]"
Add component (AddParameter): Name = "PartNumber"; Value = "ERJ-2RKF1000X"; VariantName = "[No Variations]"
Add component (AddParameter): Name = "Pins"; Value = "2"; VariantName = "[No Variations]"
Add component (AddParameter): Name = "Power Rating"; Value = "100 mW"; VariantName = "[No Variations]"
Add component (AddParameter): Name = "Radiation Hardening"; Value = "No"; VariantName = "[No Variations]"
Add component (AddParameter): Name = "REACH SVHC"; Value = "Yes"; VariantName = "[No Variations]"
Add component (AddParameter): Name = "Resistance"; Value = "100 Ohm"; VariantName = "[No Variations]"
Add component (AddParameter): Name = "RoHSCompliant"; Value = "true"; VariantName = "[No Variations]"
Add component (AddParameter): Name = "Tolerance"; Value = "1%"; VariantName = "[No Variations]"
Add component (AddParameter): Name = "Voltage Rating"; Value = "50 V"; VariantName = "[No Variations]"
Add component (AddParameter): Name = "Width"; Value = "0.5 mm"; VariantName = "[No Variations]"
Added Component: Designator=R22_SellSensor1(FP-ERJ2R-MFG)
Add component (AddParameter): Name = "Automotive"; Value = "Yes"; VariantName = "[No Variations]"
Add component (AddParameter): Name = "Automotive Grade"; Value = "Grade 0"; VariantName = "[No Variations]"
Add component (AddParameter): Name = "Category"; Value = "Res"; VariantName = "[No Variations]"
Add component (AddParameter): Name = "ComponentLink2Description"; Value = "Datasheet"; VariantName = "[No Variations]"
Add component (AddParameter): Name = "ComponentLink2URL"; Value = "https://industrial.panasonic.com/cdbs/www-data/pdf/RDA0000/AOA0000C304.pdf"; VariantName = "[No Variations]"
Add component (AddParameter): Name = "Composition"; Value = "Thick Film"; VariantName = "[No Variations]"
Add component (AddParameter): Name = "Device Class L1"; Value = "Passive Components"; VariantName = "[No Variations]"
Add component (AddParameter): Name = "Device Class L2"; Value = "Resistors"; VariantName = "[No Variations]"
Add component (AddParameter): Name = "Device Class L3"; Value = "Chip SMD Resistors"; VariantName = "[No Variations]"
Add component (AddParameter): Name = "Digikey Description"; Value = "RES SMD 15K OHM 1% 1/10W 0402"; VariantName = "[No Variations]"
Add component (AddParameter): Name = "Footprint Url"; Value = "https://b2b-api.panasonic.eu/file_stream/pids/fileversion/1180"; VariantName = "[No Variations]"
Add component (AddParameter): Name = "Height"; Value = "0.4mm"; VariantName = "[No Variations]"
Add component (AddParameter): Name = "Lead Free"; Value = "Yes"; VariantName = "[No Variations]"
Add component (AddParameter): Name = "Manufacturer"; Value = "Panasonic"; VariantName = "[No Variations]"
Add component (AddParameter): Name = "Manufacturer Part Number"; Value = "ERJ-2RKF1502X"; VariantName = "[No Variations]"
Add component (AddParameter): Name = "Mouser Description"; Value = "Res Thick Film 1.0 x 0.5 mm 15K Ohm 1% 0.1W(1/10W) 100ppm/ C Molded SMD Punched Carrier T/R"; VariantName = "[No Variations]"
Add component (AddParameter): Name = "Octopart"; Value = "https://octopart.com/erj-2rkf1502x-panasonic-55404985"; VariantName = "[No Variations]"
Add component (AddParameter): Name = "Package"; Value = "ERJ2R"; VariantName = "[No Variations]"
Add component (AddParameter): Name = "Power Rating"; Value = "0.1W"; VariantName = "[No Variations]"
Add component (AddParameter): Name = "Resistance"; Value = "15k?"; VariantName = "[No Variations]"
Add component (AddParameter): Name = "RoHS"; Value = "TRUE"; VariantName = "[No Variations]"
Add component (AddParameter): Name = "Series"; Value = "ERJ"; VariantName = "[No Variations]"
Add component (AddParameter): Name = "Temperature"; Value = "-55°C to +155°C"; VariantName = "[No Variations]"
Add component (AddParameter): Name = "Temperature Coefficient"; Value = "100ppm/°C"; VariantName = "[No Variations]"
Add component (AddParameter): Name = "Temperature Range High"; Value = "+155°C"; VariantName = "[No Variations]"
Add component (AddParameter): Name = "Temperature Range Low"; Value = "-55°C"; VariantName = "[No Variations]"
Add component (AddParameter): Name = "Tolerance"; Value = "1%"; VariantName = "[No Variations]"
Add component (AddParameter): Name = "Value"; Value = "15k?"; VariantName = "[No Variations]"
Add component (AddParameter): Name = "Voltage Rating"; Value = "50V"; VariantName = "[No Variations]"
Added Component: Designator=R22_SellSensor2(FP-ERJ2R-MFG)
Add component (AddParameter): Name = "Automotive"; Value = "Yes"; VariantName = "[No Variations]"
Add component (AddParameter): Name = "Automotive Grade"; Value = "Grade 0"; VariantName = "[No Variations]"
Add component (AddParameter): Name = "Category"; Value = "Res"; VariantName = "[No Variations]"
Add component (AddParameter): Name = "ComponentLink2Description"; Value = "Datasheet"; VariantName = "[No Variations]"
Add component (AddParameter): Name = "ComponentLink2URL"; Value = "https://industrial.panasonic.com/cdbs/www-data/pdf/RDA0000/AOA0000C304.pdf"; VariantName = "[No Variations]"
Add component (AddParameter): Name = "Composition"; Value = "Thick Film"; VariantName = "[No Variations]"
Add component (AddParameter): Name = "Device Class L1"; Value = "Passive Components"; VariantName = "[No Variations]"
Add component (AddParameter): Name = "Device Class L2"; Value = "Resistors"; VariantName = "[No Variations]"
Add component (AddParameter): Name = "Device Class L3"; Value = "Chip SMD Resistors"; VariantName = "[No Variations]"
Add component (AddParameter): Name = "Digikey Description"; Value = "RES SMD 15K OHM 1% 1/10W 0402"; VariantName = "[No Variations]"
Add component (AddParameter): Name = "Footprint Url"; Value = "https://b2b-api.panasonic.eu/file_stream/pids/fileversion/1180"; VariantName = "[No Variations]"
Add component (AddParameter): Name = "Height"; Value = "0.4mm"; VariantName = "[No Variations]"
Add component (AddParameter): Name = "Lead Free"; Value = "Yes"; VariantName = "[No Variations]"
Add component (AddParameter): Name = "Manufacturer"; Value = "Panasonic"; VariantName = "[No Variations]"
Add component (AddParameter): Name = "Manufacturer Part Number"; Value = "ERJ-2RKF1502X"; VariantName = "[No Variations]"
Add component (AddParameter): Name = "Mouser Description"; Value = "Res Thick Film 1.0 x 0.5 mm 15K Ohm 1% 0.1W(1/10W) 100ppm/ C Molded SMD Punched Carrier T/R"; VariantName = "[No Variations]"
Add component (AddParameter): Name = "Octopart"; Value = "https://octopart.com/erj-2rkf1502x-panasonic-55404985"; VariantName = "[No Variations]"
Add component (AddParameter): Name = "Package"; Value = "ERJ2R"; VariantName = "[No Variations]"
Add component (AddParameter): Name = "Power Rating"; Value = "0.1W"; VariantName = "[No Variations]"
Add component (AddParameter): Name = "Resistance"; Value = "15k?"; VariantName = "[No Variations]"
Add component (AddParameter): Name = "RoHS"; Value = "TRUE"; VariantName = "[No Variations]"
Add component (AddParameter): Name = "Series"; Value = "ERJ"; VariantName = "[No Variations]"
Add component (AddParameter): Name = "Temperature"; Value = "-55°C to +155°C"; VariantName = "[No Variations]"
Add component (AddParameter): Name = "Temperature Coefficient"; Value = "100ppm/°C"; VariantName = "[No Variations]"
Add component (AddParameter): Name = "Temperature Range High"; Value = "+155°C"; VariantName = "[No Variations]"
Add component (AddParameter): Name = "Temperature Range Low"; Value = "-55°C"; VariantName = "[No Variations]"
Add component (AddParameter): Name = "Tolerance"; Value = "1%"; VariantName = "[No Variations]"
Add component (AddParameter): Name = "Value"; Value = "15k?"; VariantName = "[No Variations]"
Add component (AddParameter): Name = "Voltage Rating"; Value = "50V"; VariantName = "[No Variations]"
Added Component: Designator=R22_SellSensor3(FP-ERJ2R-MFG)
Add component (AddParameter): Name = "Automotive"; Value = "Yes"; VariantName = "[No Variations]"
Add component (AddParameter): Name = "Automotive Grade"; Value = "Grade 0"; VariantName = "[No Variations]"
Add component (AddParameter): Name = "Category"; Value = "Res"; VariantName = "[No Variations]"
Add component (AddParameter): Name = "ComponentLink2Description"; Value = "Datasheet"; VariantName = "[No Variations]"
Add component (AddParameter): Name = "ComponentLink2URL"; Value = "https://industrial.panasonic.com/cdbs/www-data/pdf/RDA0000/AOA0000C304.pdf"; VariantName = "[No Variations]"
Add component (AddParameter): Name = "Composition"; Value = "Thick Film"; VariantName = "[No Variations]"
Add component (AddParameter): Name = "Device Class L1"; Value = "Passive Components"; VariantName = "[No Variations]"
Add component (AddParameter): Name = "Device Class L2"; Value = "Resistors"; VariantName = "[No Variations]"
Add component (AddParameter): Name = "Device Class L3"; Value = "Chip SMD Resistors"; VariantName = "[No Variations]"
Add component (AddParameter): Name = "Digikey Description"; Value = "RES SMD 15K OHM 1% 1/10W 0402"; VariantName = "[No Variations]"
Add component (AddParameter): Name = "Footprint Url"; Value = "https://b2b-api.panasonic.eu/file_stream/pids/fileversion/1180"; VariantName = "[No Variations]"
Add component (AddParameter): Name = "Height"; Value = "0.4mm"; VariantName = "[No Variations]"
Add component (AddParameter): Name = "Lead Free"; Value = "Yes"; VariantName = "[No Variations]"
Add component (AddParameter): Name = "Manufacturer"; Value = "Panasonic"; VariantName = "[No Variations]"
Add component (AddParameter): Name = "Manufacturer Part Number"; Value = "ERJ-2RKF1502X"; VariantName = "[No Variations]"
Add component (AddParameter): Name = "Mouser Description"; Value = "Res Thick Film 1.0 x 0.5 mm 15K Ohm 1% 0.1W(1/10W) 100ppm/ C Molded SMD Punched Carrier T/R"; VariantName = "[No Variations]"
Add component (AddParameter): Name = "Octopart"; Value = "https://octopart.com/erj-2rkf1502x-panasonic-55404985"; VariantName = "[No Variations]"
Add component (AddParameter): Name = "Package"; Value = "ERJ2R"; VariantName = "[No Variations]"
Add component (AddParameter): Name = "Power Rating"; Value = "0.1W"; VariantName = "[No Variations]"
Add component (AddParameter): Name = "Resistance"; Value = "15k?"; VariantName = "[No Variations]"
Add component (AddParameter): Name = "RoHS"; Value = "TRUE"; VariantName = "[No Variations]"
Add component (AddParameter): Name = "Series"; Value = "ERJ"; VariantName = "[No Variations]"
Add component (AddParameter): Name = "Temperature"; Value = "-55°C to +155°C"; VariantName = "[No Variations]"
Add component (AddParameter): Name = "Temperature Coefficient"; Value = "100ppm/°C"; VariantName = "[No Variations]"
Add component (AddParameter): Name = "Temperature Range High"; Value = "+155°C"; VariantName = "[No Variations]"
Add component (AddParameter): Name = "Temperature Range Low"; Value = "-55°C"; VariantName = "[No Variations]"
Add component (AddParameter): Name = "Tolerance"; Value = "1%"; VariantName = "[No Variations]"
Add component (AddParameter): Name = "Value"; Value = "15k?"; VariantName = "[No Variations]"
Add component (AddParameter): Name = "Voltage Rating"; Value = "50V"; VariantName = "[No Variations]"
Added Component: Designator=R22_SellSensor4(FP-ERJ2R-MFG)
Add component (AddParameter): Name = "Automotive"; Value = "Yes"; VariantName = "[No Variations]"
Add component (AddParameter): Name = "Automotive Grade"; Value = "Grade 0"; VariantName = "[No Variations]"
Add component (AddParameter): Name = "Category"; Value = "Res"; VariantName = "[No Variations]"
Add component (AddParameter): Name = "ComponentLink2Description"; Value = "Datasheet"; VariantName = "[No Variations]"
Add component (AddParameter): Name = "ComponentLink2URL"; Value = "https://industrial.panasonic.com/cdbs/www-data/pdf/RDA0000/AOA0000C304.pdf"; VariantName = "[No Variations]"
Add component (AddParameter): Name = "Composition"; Value = "Thick Film"; VariantName = "[No Variations]"
Add component (AddParameter): Name = "Device Class L1"; Value = "Passive Components"; VariantName = "[No Variations]"
Add component (AddParameter): Name = "Device Class L2"; Value = "Resistors"; VariantName = "[No Variations]"
Add component (AddParameter): Name = "Device Class L3"; Value = "Chip SMD Resistors"; VariantName = "[No Variations]"
Add component (AddParameter): Name = "Digikey Description"; Value = "RES SMD 15K OHM 1% 1/10W 0402"; VariantName = "[No Variations]"
Add component (AddParameter): Name = "Footprint Url"; Value = "https://b2b-api.panasonic.eu/file_stream/pids/fileversion/1180"; VariantName = "[No Variations]"
Add component (AddParameter): Name = "Height"; Value = "0.4mm"; VariantName = "[No Variations]"
Add component (AddParameter): Name = "Lead Free"; Value = "Yes"; VariantName = "[No Variations]"
Add component (AddParameter): Name = "Manufacturer"; Value = "Panasonic"; VariantName = "[No Variations]"
Add component (AddParameter): Name = "Manufacturer Part Number"; Value = "ERJ-2RKF1502X"; VariantName = "[No Variations]"
Add component (AddParameter): Name = "Mouser Description"; Value = "Res Thick Film 1.0 x 0.5 mm 15K Ohm 1% 0.1W(1/10W) 100ppm/ C Molded SMD Punched Carrier T/R"; VariantName = "[No Variations]"
Add component (AddParameter): Name = "Octopart"; Value = "https://octopart.com/erj-2rkf1502x-panasonic-55404985"; VariantName = "[No Variations]"
Add component (AddParameter): Name = "Package"; Value = "ERJ2R"; VariantName = "[No Variations]"
Add component (AddParameter): Name = "Power Rating"; Value = "0.1W"; VariantName = "[No Variations]"
Add component (AddParameter): Name = "Resistance"; Value = "15k?"; VariantName = "[No Variations]"
Add component (AddParameter): Name = "RoHS"; Value = "TRUE"; VariantName = "[No Variations]"
Add component (AddParameter): Name = "Series"; Value = "ERJ"; VariantName = "[No Variations]"
Add component (AddParameter): Name = "Temperature"; Value = "-55°C to +155°C"; VariantName = "[No Variations]"
Add component (AddParameter): Name = "Temperature Coefficient"; Value = "100ppm/°C"; VariantName = "[No Variations]"
Add component (AddParameter): Name = "Temperature Range High"; Value = "+155°C"; VariantName = "[No Variations]"
Add component (AddParameter): Name = "Temperature Range Low"; Value = "-55°C"; VariantName = "[No Variations]"
Add component (AddParameter): Name = "Tolerance"; Value = "1%"; VariantName = "[No Variations]"
Add component (AddParameter): Name = "Value"; Value = "15k?"; VariantName = "[No Variations]"
Add component (AddParameter): Name = "Voltage Rating"; Value = "50V"; VariantName = "[No Variations]"
Added Component: Designator=R22_SellSensor5(FP-ERJ2R-MFG)
Add component (AddParameter): Name = "Automotive"; Value = "Yes"; VariantName = "[No Variations]"
Add component (AddParameter): Name = "Automotive Grade"; Value = "Grade 0"; VariantName = "[No Variations]"
Add component (AddParameter): Name = "Category"; Value = "Res"; VariantName = "[No Variations]"
Add component (AddParameter): Name = "ComponentLink2Description"; Value = "Datasheet"; VariantName = "[No Variations]"
Add component (AddParameter): Name = "ComponentLink2URL"; Value = "https://industrial.panasonic.com/cdbs/www-data/pdf/RDA0000/AOA0000C304.pdf"; VariantName = "[No Variations]"
Add component (AddParameter): Name = "Composition"; Value = "Thick Film"; VariantName = "[No Variations]"
Add component (AddParameter): Name = "Device Class L1"; Value = "Passive Components"; VariantName = "[No Variations]"
Add component (AddParameter): Name = "Device Class L2"; Value = "Resistors"; VariantName = "[No Variations]"
Add component (AddParameter): Name = "Device Class L3"; Value = "Chip SMD Resistors"; VariantName = "[No Variations]"
Add component (AddParameter): Name = "Digikey Description"; Value = "RES SMD 15K OHM 1% 1/10W 0402"; VariantName = "[No Variations]"
Add component (AddParameter): Name = "Footprint Url"; Value = "https://b2b-api.panasonic.eu/file_stream/pids/fileversion/1180"; VariantName = "[No Variations]"
Add component (AddParameter): Name = "Height"; Value = "0.4mm"; VariantName = "[No Variations]"
Add component (AddParameter): Name = "Lead Free"; Value = "Yes"; VariantName = "[No Variations]"
Add component (AddParameter): Name = "Manufacturer"; Value = "Panasonic"; VariantName = "[No Variations]"
Add component (AddParameter): Name = "Manufacturer Part Number"; Value = "ERJ-2RKF1502X"; VariantName = "[No Variations]"
Add component (AddParameter): Name = "Mouser Description"; Value = "Res Thick Film 1.0 x 0.5 mm 15K Ohm 1% 0.1W(1/10W) 100ppm/ C Molded SMD Punched Carrier T/R"; VariantName = "[No Variations]"
Add component (AddParameter): Name = "Octopart"; Value = "https://octopart.com/erj-2rkf1502x-panasonic-55404985"; VariantName = "[No Variations]"
Add component (AddParameter): Name = "Package"; Value = "ERJ2R"; VariantName = "[No Variations]"
Add component (AddParameter): Name = "Power Rating"; Value = "0.1W"; VariantName = "[No Variations]"
Add component (AddParameter): Name = "Resistance"; Value = "15k?"; VariantName = "[No Variations]"
Add component (AddParameter): Name = "RoHS"; Value = "TRUE"; VariantName = "[No Variations]"
Add component (AddParameter): Name = "Series"; Value = "ERJ"; VariantName = "[No Variations]"
Add component (AddParameter): Name = "Temperature"; Value = "-55°C to +155°C"; VariantName = "[No Variations]"
Add component (AddParameter): Name = "Temperature Coefficient"; Value = "100ppm/°C"; VariantName = "[No Variations]"
Add component (AddParameter): Name = "Temperature Range High"; Value = "+155°C"; VariantName = "[No Variations]"
Add component (AddParameter): Name = "Temperature Range Low"; Value = "-55°C"; VariantName = "[No Variations]"
Add component (AddParameter): Name = "Tolerance"; Value = "1%"; VariantName = "[No Variations]"
Add component (AddParameter): Name = "Value"; Value = "15k?"; VariantName = "[No Variations]"
Add component (AddParameter): Name = "Voltage Rating"; Value = "50V"; VariantName = "[No Variations]"
Added Component: Designator=R22_SellSensor6(FP-ERJ2R-MFG)
Add component (AddParameter): Name = "Automotive"; Value = "Yes"; VariantName = "[No Variations]"
Add component (AddParameter): Name = "Automotive Grade"; Value = "Grade 0"; VariantName = "[No Variations]"
Add component (AddParameter): Name = "Category"; Value = "Res"; VariantName = "[No Variations]"
Add component (AddParameter): Name = "ComponentLink2Description"; Value = "Datasheet"; VariantName = "[No Variations]"
Add component (AddParameter): Name = "ComponentLink2URL"; Value = "https://industrial.panasonic.com/cdbs/www-data/pdf/RDA0000/AOA0000C304.pdf"; VariantName = "[No Variations]"
Add component (AddParameter): Name = "Composition"; Value = "Thick Film"; VariantName = "[No Variations]"
Add component (AddParameter): Name = "Device Class L1"; Value = "Passive Components"; VariantName = "[No Variations]"
Add component (AddParameter): Name = "Device Class L2"; Value = "Resistors"; VariantName = "[No Variations]"
Add component (AddParameter): Name = "Device Class L3"; Value = "Chip SMD Resistors"; VariantName = "[No Variations]"
Add component (AddParameter): Name = "Digikey Description"; Value = "RES SMD 15K OHM 1% 1/10W 0402"; VariantName = "[No Variations]"
Add component (AddParameter): Name = "Footprint Url"; Value = "https://b2b-api.panasonic.eu/file_stream/pids/fileversion/1180"; VariantName = "[No Variations]"
Add component (AddParameter): Name = "Height"; Value = "0.4mm"; VariantName = "[No Variations]"
Add component (AddParameter): Name = "Lead Free"; Value = "Yes"; VariantName = "[No Variations]"
Add component (AddParameter): Name = "Manufacturer"; Value = "Panasonic"; VariantName = "[No Variations]"
Add component (AddParameter): Name = "Manufacturer Part Number"; Value = "ERJ-2RKF1502X"; VariantName = "[No Variations]"
Add component (AddParameter): Name = "Mouser Description"; Value = "Res Thick Film 1.0 x 0.5 mm 15K Ohm 1% 0.1W(1/10W) 100ppm/ C Molded SMD Punched Carrier T/R"; VariantName = "[No Variations]"
Add component (AddParameter): Name = "Octopart"; Value = "https://octopart.com/erj-2rkf1502x-panasonic-55404985"; VariantName = "[No Variations]"
Add component (AddParameter): Name = "Package"; Value = "ERJ2R"; VariantName = "[No Variations]"
Add component (AddParameter): Name = "Power Rating"; Value = "0.1W"; VariantName = "[No Variations]"
Add component (AddParameter): Name = "Resistance"; Value = "15k?"; VariantName = "[No Variations]"
Add component (AddParameter): Name = "RoHS"; Value = "TRUE"; VariantName = "[No Variations]"
Add component (AddParameter): Name = "Series"; Value = "ERJ"; VariantName = "[No Variations]"
Add component (AddParameter): Name = "Temperature"; Value = "-55°C to +155°C"; VariantName = "[No Variations]"
Add component (AddParameter): Name = "Temperature Coefficient"; Value = "100ppm/°C"; VariantName = "[No Variations]"
Add component (AddParameter): Name = "Temperature Range High"; Value = "+155°C"; VariantName = "[No Variations]"
Add component (AddParameter): Name = "Temperature Range Low"; Value = "-55°C"; VariantName = "[No Variations]"
Add component (AddParameter): Name = "Tolerance"; Value = "1%"; VariantName = "[No Variations]"
Add component (AddParameter): Name = "Value"; Value = "15k?"; VariantName = "[No Variations]"
Add component (AddParameter): Name = "Voltage Rating"; Value = "50V"; VariantName = "[No Variations]"
Added Component: Designator=R22_SellSensor7(FP-ERJ2R-MFG)
Add component (AddParameter): Name = "Automotive"; Value = "Yes"; VariantName = "[No Variations]"
Add component (AddParameter): Name = "Automotive Grade"; Value = "Grade 0"; VariantName = "[No Variations]"
Add component (AddParameter): Name = "Category"; Value = "Res"; VariantName = "[No Variations]"
Add component (AddParameter): Name = "ComponentLink2Description"; Value = "Datasheet"; VariantName = "[No Variations]"
Add component (AddParameter): Name = "ComponentLink2URL"; Value = "https://industrial.panasonic.com/cdbs/www-data/pdf/RDA0000/AOA0000C304.pdf"; VariantName = "[No Variations]"
Add component (AddParameter): Name = "Composition"; Value = "Thick Film"; VariantName = "[No Variations]"
Add component (AddParameter): Name = "Device Class L1"; Value = "Passive Components"; VariantName = "[No Variations]"
Add component (AddParameter): Name = "Device Class L2"; Value = "Resistors"; VariantName = "[No Variations]"
Add component (AddParameter): Name = "Device Class L3"; Value = "Chip SMD Resistors"; VariantName = "[No Variations]"
Add component (AddParameter): Name = "Digikey Description"; Value = "RES SMD 15K OHM 1% 1/10W 0402"; VariantName = "[No Variations]"
Add component (AddParameter): Name = "Footprint Url"; Value = "https://b2b-api.panasonic.eu/file_stream/pids/fileversion/1180"; VariantName = "[No Variations]"
Add component (AddParameter): Name = "Height"; Value = "0.4mm"; VariantName = "[No Variations]"
Add component (AddParameter): Name = "Lead Free"; Value = "Yes"; VariantName = "[No Variations]"
Add component (AddParameter): Name = "Manufacturer"; Value = "Panasonic"; VariantName = "[No Variations]"
Add component (AddParameter): Name = "Manufacturer Part Number"; Value = "ERJ-2RKF1502X"; VariantName = "[No Variations]"
Add component (AddParameter): Name = "Mouser Description"; Value = "Res Thick Film 1.0 x 0.5 mm 15K Ohm 1% 0.1W(1/10W) 100ppm/ C Molded SMD Punched Carrier T/R"; VariantName = "[No Variations]"
Add component (AddParameter): Name = "Octopart"; Value = "https://octopart.com/erj-2rkf1502x-panasonic-55404985"; VariantName = "[No Variations]"
Add component (AddParameter): Name = "Package"; Value = "ERJ2R"; VariantName = "[No Variations]"
Add component (AddParameter): Name = "Power Rating"; Value = "0.1W"; VariantName = "[No Variations]"
Add component (AddParameter): Name = "Resistance"; Value = "15k?"; VariantName = "[No Variations]"
Add component (AddParameter): Name = "RoHS"; Value = "TRUE"; VariantName = "[No Variations]"
Add component (AddParameter): Name = "Series"; Value = "ERJ"; VariantName = "[No Variations]"
Add component (AddParameter): Name = "Temperature"; Value = "-55°C to +155°C"; VariantName = "[No Variations]"
Add component (AddParameter): Name = "Temperature Coefficient"; Value = "100ppm/°C"; VariantName = "[No Variations]"
Add component (AddParameter): Name = "Temperature Range High"; Value = "+155°C"; VariantName = "[No Variations]"
Add component (AddParameter): Name = "Temperature Range Low"; Value = "-55°C"; VariantName = "[No Variations]"
Add component (AddParameter): Name = "Tolerance"; Value = "1%"; VariantName = "[No Variations]"
Add component (AddParameter): Name = "Value"; Value = "15k?"; VariantName = "[No Variations]"
Add component (AddParameter): Name = "Voltage Rating"; Value = "50V"; VariantName = "[No Variations]"
Added Component: Designator=R22_SellSensor8(FP-ERJ2R-MFG)
Add component (AddParameter): Name = "Automotive"; Value = "Yes"; VariantName = "[No Variations]"
Add component (AddParameter): Name = "Automotive Grade"; Value = "Grade 0"; VariantName = "[No Variations]"
Add component (AddParameter): Name = "Category"; Value = "Res"; VariantName = "[No Variations]"
Add component (AddParameter): Name = "ComponentLink2Description"; Value = "Datasheet"; VariantName = "[No Variations]"
Add component (AddParameter): Name = "ComponentLink2URL"; Value = "https://industrial.panasonic.com/cdbs/www-data/pdf/RDA0000/AOA0000C304.pdf"; VariantName = "[No Variations]"
Add component (AddParameter): Name = "Composition"; Value = "Thick Film"; VariantName = "[No Variations]"
Add component (AddParameter): Name = "Device Class L1"; Value = "Passive Components"; VariantName = "[No Variations]"
Add component (AddParameter): Name = "Device Class L2"; Value = "Resistors"; VariantName = "[No Variations]"
Add component (AddParameter): Name = "Device Class L3"; Value = "Chip SMD Resistors"; VariantName = "[No Variations]"
Add component (AddParameter): Name = "Digikey Description"; Value = "RES SMD 15K OHM 1% 1/10W 0402"; VariantName = "[No Variations]"
Add component (AddParameter): Name = "Footprint Url"; Value = "https://b2b-api.panasonic.eu/file_stream/pids/fileversion/1180"; VariantName = "[No Variations]"
Add component (AddParameter): Name = "Height"; Value = "0.4mm"; VariantName = "[No Variations]"
Add component (AddParameter): Name = "Lead Free"; Value = "Yes"; VariantName = "[No Variations]"
Add component (AddParameter): Name = "Manufacturer"; Value = "Panasonic"; VariantName = "[No Variations]"
Add component (AddParameter): Name = "Manufacturer Part Number"; Value = "ERJ-2RKF1502X"; VariantName = "[No Variations]"
Add component (AddParameter): Name = "Mouser Description"; Value = "Res Thick Film 1.0 x 0.5 mm 15K Ohm 1% 0.1W(1/10W) 100ppm/ C Molded SMD Punched Carrier T/R"; VariantName = "[No Variations]"
Add component (AddParameter): Name = "Octopart"; Value = "https://octopart.com/erj-2rkf1502x-panasonic-55404985"; VariantName = "[No Variations]"
Add component (AddParameter): Name = "Package"; Value = "ERJ2R"; VariantName = "[No Variations]"
Add component (AddParameter): Name = "Power Rating"; Value = "0.1W"; VariantName = "[No Variations]"
Add component (AddParameter): Name = "Resistance"; Value = "15k?"; VariantName = "[No Variations]"
Add component (AddParameter): Name = "RoHS"; Value = "TRUE"; VariantName = "[No Variations]"
Add component (AddParameter): Name = "Series"; Value = "ERJ"; VariantName = "[No Variations]"
Add component (AddParameter): Name = "Temperature"; Value = "-55°C to +155°C"; VariantName = "[No Variations]"
Add component (AddParameter): Name = "Temperature Coefficient"; Value = "100ppm/°C"; VariantName = "[No Variations]"
Add component (AddParameter): Name = "Temperature Range High"; Value = "+155°C"; VariantName = "[No Variations]"
Add component (AddParameter): Name = "Temperature Range Low"; Value = "-55°C"; VariantName = "[No Variations]"
Add component (AddParameter): Name = "Tolerance"; Value = "1%"; VariantName = "[No Variations]"
Add component (AddParameter): Name = "Value"; Value = "15k?"; VariantName = "[No Variations]"
Add component (AddParameter): Name = "Voltage Rating"; Value = "50V"; VariantName = "[No Variations]"
Added Component: Designator=R22_SellSensor9(FP-ERJ2R-MFG)
Add component (AddParameter): Name = "Automotive"; Value = "Yes"; VariantName = "[No Variations]"
Add component (AddParameter): Name = "Automotive Grade"; Value = "Grade 0"; VariantName = "[No Variations]"
Add component (AddParameter): Name = "Category"; Value = "Res"; VariantName = "[No Variations]"
Add component (AddParameter): Name = "ComponentLink2Description"; Value = "Datasheet"; VariantName = "[No Variations]"
Add component (AddParameter): Name = "ComponentLink2URL"; Value = "https://industrial.panasonic.com/cdbs/www-data/pdf/RDA0000/AOA0000C304.pdf"; VariantName = "[No Variations]"
Add component (AddParameter): Name = "Composition"; Value = "Thick Film"; VariantName = "[No Variations]"
Add component (AddParameter): Name = "Device Class L1"; Value = "Passive Components"; VariantName = "[No Variations]"
Add component (AddParameter): Name = "Device Class L2"; Value = "Resistors"; VariantName = "[No Variations]"
Add component (AddParameter): Name = "Device Class L3"; Value = "Chip SMD Resistors"; VariantName = "[No Variations]"
Add component (AddParameter): Name = "Digikey Description"; Value = "RES SMD 15K OHM 1% 1/10W 0402"; VariantName = "[No Variations]"
Add component (AddParameter): Name = "Footprint Url"; Value = "https://b2b-api.panasonic.eu/file_stream/pids/fileversion/1180"; VariantName = "[No Variations]"
Add component (AddParameter): Name = "Height"; Value = "0.4mm"; VariantName = "[No Variations]"
Add component (AddParameter): Name = "Lead Free"; Value = "Yes"; VariantName = "[No Variations]"
Add component (AddParameter): Name = "Manufacturer"; Value = "Panasonic"; VariantName = "[No Variations]"
Add component (AddParameter): Name = "Manufacturer Part Number"; Value = "ERJ-2RKF1502X"; VariantName = "[No Variations]"
Add component (AddParameter): Name = "Mouser Description"; Value = "Res Thick Film 1.0 x 0.5 mm 15K Ohm 1% 0.1W(1/10W) 100ppm/ C Molded SMD Punched Carrier T/R"; VariantName = "[No Variations]"
Add component (AddParameter): Name = "Octopart"; Value = "https://octopart.com/erj-2rkf1502x-panasonic-55404985"; VariantName = "[No Variations]"
Add component (AddParameter): Name = "Package"; Value = "ERJ2R"; VariantName = "[No Variations]"
Add component (AddParameter): Name = "Power Rating"; Value = "0.1W"; VariantName = "[No Variations]"
Add component (AddParameter): Name = "Resistance"; Value = "15k?"; VariantName = "[No Variations]"
Add component (AddParameter): Name = "RoHS"; Value = "TRUE"; VariantName = "[No Variations]"
Add component (AddParameter): Name = "Series"; Value = "ERJ"; VariantName = "[No Variations]"
Add component (AddParameter): Name = "Temperature"; Value = "-55°C to +155°C"; VariantName = "[No Variations]"
Add component (AddParameter): Name = "Temperature Coefficient"; Value = "100ppm/°C"; VariantName = "[No Variations]"
Add component (AddParameter): Name = "Temperature Range High"; Value = "+155°C"; VariantName = "[No Variations]"
Add component (AddParameter): Name = "Temperature Range Low"; Value = "-55°C"; VariantName = "[No Variations]"
Add component (AddParameter): Name = "Tolerance"; Value = "1%"; VariantName = "[No Variations]"
Add component (AddParameter): Name = "Value"; Value = "15k?"; VariantName = "[No Variations]"
Add component (AddParameter): Name = "Voltage Rating"; Value = "50V"; VariantName = "[No Variations]"
Added Component: Designator=R22_SellSensor10(FP-ERJ2R-MFG)
Add component (AddParameter): Name = "Automotive"; Value = "Yes"; VariantName = "[No Variations]"
Add component (AddParameter): Name = "Automotive Grade"; Value = "Grade 0"; VariantName = "[No Variations]"
Add component (AddParameter): Name = "Category"; Value = "Res"; VariantName = "[No Variations]"
Add component (AddParameter): Name = "ComponentLink2Description"; Value = "Datasheet"; VariantName = "[No Variations]"
Add component (AddParameter): Name = "ComponentLink2URL"; Value = "https://industrial.panasonic.com/cdbs/www-data/pdf/RDA0000/AOA0000C304.pdf"; VariantName = "[No Variations]"
Add component (AddParameter): Name = "Composition"; Value = "Thick Film"; VariantName = "[No Variations]"
Add component (AddParameter): Name = "Device Class L1"; Value = "Passive Components"; VariantName = "[No Variations]"
Add component (AddParameter): Name = "Device Class L2"; Value = "Resistors"; VariantName = "[No Variations]"
Add component (AddParameter): Name = "Device Class L3"; Value = "Chip SMD Resistors"; VariantName = "[No Variations]"
Add component (AddParameter): Name = "Digikey Description"; Value = "RES SMD 15K OHM 1% 1/10W 0402"; VariantName = "[No Variations]"
Add component (AddParameter): Name = "Footprint Url"; Value = "https://b2b-api.panasonic.eu/file_stream/pids/fileversion/1180"; VariantName = "[No Variations]"
Add component (AddParameter): Name = "Height"; Value = "0.4mm"; VariantName = "[No Variations]"
Add component (AddParameter): Name = "Lead Free"; Value = "Yes"; VariantName = "[No Variations]"
Add component (AddParameter): Name = "Manufacturer"; Value = "Panasonic"; VariantName = "[No Variations]"
Add component (AddParameter): Name = "Manufacturer Part Number"; Value = "ERJ-2RKF1502X"; VariantName = "[No Variations]"
Add component (AddParameter): Name = "Mouser Description"; Value = "Res Thick Film 1.0 x 0.5 mm 15K Ohm 1% 0.1W(1/10W) 100ppm/ C Molded SMD Punched Carrier T/R"; VariantName = "[No Variations]"
Add component (AddParameter): Name = "Octopart"; Value = "https://octopart.com/erj-2rkf1502x-panasonic-55404985"; VariantName = "[No Variations]"
Add component (AddParameter): Name = "Package"; Value = "ERJ2R"; VariantName = "[No Variations]"
Add component (AddParameter): Name = "Power Rating"; Value = "0.1W"; VariantName = "[No Variations]"
Add component (AddParameter): Name = "Resistance"; Value = "15k?"; VariantName = "[No Variations]"
Add component (AddParameter): Name = "RoHS"; Value = "TRUE"; VariantName = "[No Variations]"
Add component (AddParameter): Name = "Series"; Value = "ERJ"; VariantName = "[No Variations]"
Add component (AddParameter): Name = "Temperature"; Value = "-55°C to +155°C"; VariantName = "[No Variations]"
Add component (AddParameter): Name = "Temperature Coefficient"; Value = "100ppm/°C"; VariantName = "[No Variations]"
Add component (AddParameter): Name = "Temperature Range High"; Value = "+155°C"; VariantName = "[No Variations]"
Add component (AddParameter): Name = "Temperature Range Low"; Value = "-55°C"; VariantName = "[No Variations]"
Add component (AddParameter): Name = "Tolerance"; Value = "1%"; VariantName = "[No Variations]"
Add component (AddParameter): Name = "Value"; Value = "15k?"; VariantName = "[No Variations]"
Add component (AddParameter): Name = "Voltage Rating"; Value = "50V"; VariantName = "[No Variations]"
Added Component: Designator=R22_SellSensor11(FP-ERJ2R-MFG)
Add component (AddParameter): Name = "Automotive"; Value = "Yes"; VariantName = "[No Variations]"
Add component (AddParameter): Name = "Automotive Grade"; Value = "Grade 0"; VariantName = "[No Variations]"
Add component (AddParameter): Name = "Category"; Value = "Res"; VariantName = "[No Variations]"
Add component (AddParameter): Name = "ComponentLink2Description"; Value = "Datasheet"; VariantName = "[No Variations]"
Add component (AddParameter): Name = "ComponentLink2URL"; Value = "https://industrial.panasonic.com/cdbs/www-data/pdf/RDA0000/AOA0000C304.pdf"; VariantName = "[No Variations]"
Add component (AddParameter): Name = "Composition"; Value = "Thick Film"; VariantName = "[No Variations]"
Add component (AddParameter): Name = "Device Class L1"; Value = "Passive Components"; VariantName = "[No Variations]"
Add component (AddParameter): Name = "Device Class L2"; Value = "Resistors"; VariantName = "[No Variations]"
Add component (AddParameter): Name = "Device Class L3"; Value = "Chip SMD Resistors"; VariantName = "[No Variations]"
Add component (AddParameter): Name = "Digikey Description"; Value = "RES SMD 15K OHM 1% 1/10W 0402"; VariantName = "[No Variations]"
Add component (AddParameter): Name = "Footprint Url"; Value = "https://b2b-api.panasonic.eu/file_stream/pids/fileversion/1180"; VariantName = "[No Variations]"
Add component (AddParameter): Name = "Height"; Value = "0.4mm"; VariantName = "[No Variations]"
Add component (AddParameter): Name = "Lead Free"; Value = "Yes"; VariantName = "[No Variations]"
Add component (AddParameter): Name = "Manufacturer"; Value = "Panasonic"; VariantName = "[No Variations]"
Add component (AddParameter): Name = "Manufacturer Part Number"; Value = "ERJ-2RKF1502X"; VariantName = "[No Variations]"
Add component (AddParameter): Name = "Mouser Description"; Value = "Res Thick Film 1.0 x 0.5 mm 15K Ohm 1% 0.1W(1/10W) 100ppm/ C Molded SMD Punched Carrier T/R"; VariantName = "[No Variations]"
Add component (AddParameter): Name = "Octopart"; Value = "https://octopart.com/erj-2rkf1502x-panasonic-55404985"; VariantName = "[No Variations]"
Add component (AddParameter): Name = "Package"; Value = "ERJ2R"; VariantName = "[No Variations]"
Add component (AddParameter): Name = "Power Rating"; Value = "0.1W"; VariantName = "[No Variations]"
Add component (AddParameter): Name = "Resistance"; Value = "15k?"; VariantName = "[No Variations]"
Add component (AddParameter): Name = "RoHS"; Value = "TRUE"; VariantName = "[No Variations]"
Add component (AddParameter): Name = "Series"; Value = "ERJ"; VariantName = "[No Variations]"
Add component (AddParameter): Name = "Temperature"; Value = "-55°C to +155°C"; VariantName = "[No Variations]"
Add component (AddParameter): Name = "Temperature Coefficient"; Value = "100ppm/°C"; VariantName = "[No Variations]"
Add component (AddParameter): Name = "Temperature Range High"; Value = "+155°C"; VariantName = "[No Variations]"
Add component (AddParameter): Name = "Temperature Range Low"; Value = "-55°C"; VariantName = "[No Variations]"
Add component (AddParameter): Name = "Tolerance"; Value = "1%"; VariantName = "[No Variations]"
Add component (AddParameter): Name = "Value"; Value = "15k?"; VariantName = "[No Variations]"
Add component (AddParameter): Name = "Voltage Rating"; Value = "50V"; VariantName = "[No Variations]"
Added Component: Designator=R22_SellSensor12(FP-ERJ2R-MFG)
Add component (AddParameter): Name = "Automotive"; Value = "Yes"; VariantName = "[No Variations]"
Add component (AddParameter): Name = "Automotive Grade"; Value = "Grade 0"; VariantName = "[No Variations]"
Add component (AddParameter): Name = "Category"; Value = "Res"; VariantName = "[No Variations]"
Add component (AddParameter): Name = "ComponentLink2Description"; Value = "Datasheet"; VariantName = "[No Variations]"
Add component (AddParameter): Name = "ComponentLink2URL"; Value = "https://industrial.panasonic.com/cdbs/www-data/pdf/RDA0000/AOA0000C304.pdf"; VariantName = "[No Variations]"
Add component (AddParameter): Name = "Composition"; Value = "Thick Film"; VariantName = "[No Variations]"
Add component (AddParameter): Name = "Device Class L1"; Value = "Passive Components"; VariantName = "[No Variations]"
Add component (AddParameter): Name = "Device Class L2"; Value = "Resistors"; VariantName = "[No Variations]"
Add component (AddParameter): Name = "Device Class L3"; Value = "Chip SMD Resistors"; VariantName = "[No Variations]"
Add component (AddParameter): Name = "Digikey Description"; Value = "RES SMD 15K OHM 1% 1/10W 0402"; VariantName = "[No Variations]"
Add component (AddParameter): Name = "Footprint Url"; Value = "https://b2b-api.panasonic.eu/file_stream/pids/fileversion/1180"; VariantName = "[No Variations]"
Add component (AddParameter): Name = "Height"; Value = "0.4mm"; VariantName = "[No Variations]"
Add component (AddParameter): Name = "Lead Free"; Value = "Yes"; VariantName = "[No Variations]"
Add component (AddParameter): Name = "Manufacturer"; Value = "Panasonic"; VariantName = "[No Variations]"
Add component (AddParameter): Name = "Manufacturer Part Number"; Value = "ERJ-2RKF1502X"; VariantName = "[No Variations]"
Add component (AddParameter): Name = "Mouser Description"; Value = "Res Thick Film 1.0 x 0.5 mm 15K Ohm 1% 0.1W(1/10W) 100ppm/ C Molded SMD Punched Carrier T/R"; VariantName = "[No Variations]"
Add component (AddParameter): Name = "Octopart"; Value = "https://octopart.com/erj-2rkf1502x-panasonic-55404985"; VariantName = "[No Variations]"
Add component (AddParameter): Name = "Package"; Value = "ERJ2R"; VariantName = "[No Variations]"
Add component (AddParameter): Name = "Power Rating"; Value = "0.1W"; VariantName = "[No Variations]"
Add component (AddParameter): Name = "Resistance"; Value = "15k?"; VariantName = "[No Variations]"
Add component (AddParameter): Name = "RoHS"; Value = "TRUE"; VariantName = "[No Variations]"
Add component (AddParameter): Name = "Series"; Value = "ERJ"; VariantName = "[No Variations]"
Add component (AddParameter): Name = "Temperature"; Value = "-55°C to +155°C"; VariantName = "[No Variations]"
Add component (AddParameter): Name = "Temperature Coefficient"; Value = "100ppm/°C"; VariantName = "[No Variations]"
Add component (AddParameter): Name = "Temperature Range High"; Value = "+155°C"; VariantName = "[No Variations]"
Add component (AddParameter): Name = "Temperature Range Low"; Value = "-55°C"; VariantName = "[No Variations]"
Add component (AddParameter): Name = "Tolerance"; Value = "1%"; VariantName = "[No Variations]"
Add component (AddParameter): Name = "Value"; Value = "15k?"; VariantName = "[No Variations]"
Add component (AddParameter): Name = "Voltage Rating"; Value = "50V"; VariantName = "[No Variations]"
Added Component: Designator=R22_SellSensor13(FP-ERJ2R-MFG)
Add component (AddParameter): Name = "Automotive"; Value = "Yes"; VariantName = "[No Variations]"
Add component (AddParameter): Name = "Automotive Grade"; Value = "Grade 0"; VariantName = "[No Variations]"
Add component (AddParameter): Name = "Category"; Value = "Res"; VariantName = "[No Variations]"
Add component (AddParameter): Name = "ComponentLink2Description"; Value = "Datasheet"; VariantName = "[No Variations]"
Add component (AddParameter): Name = "ComponentLink2URL"; Value = "https://industrial.panasonic.com/cdbs/www-data/pdf/RDA0000/AOA0000C304.pdf"; VariantName = "[No Variations]"
Add component (AddParameter): Name = "Composition"; Value = "Thick Film"; VariantName = "[No Variations]"
Add component (AddParameter): Name = "Device Class L1"; Value = "Passive Components"; VariantName = "[No Variations]"
Add component (AddParameter): Name = "Device Class L2"; Value = "Resistors"; VariantName = "[No Variations]"
Add component (AddParameter): Name = "Device Class L3"; Value = "Chip SMD Resistors"; VariantName = "[No Variations]"
Add component (AddParameter): Name = "Digikey Description"; Value = "RES SMD 15K OHM 1% 1/10W 0402"; VariantName = "[No Variations]"
Add component (AddParameter): Name = "Footprint Url"; Value = "https://b2b-api.panasonic.eu/file_stream/pids/fileversion/1180"; VariantName = "[No Variations]"
Add component (AddParameter): Name = "Height"; Value = "0.4mm"; VariantName = "[No Variations]"
Add component (AddParameter): Name = "Lead Free"; Value = "Yes"; VariantName = "[No Variations]"
Add component (AddParameter): Name = "Manufacturer"; Value = "Panasonic"; VariantName = "[No Variations]"
Add component (AddParameter): Name = "Manufacturer Part Number"; Value = "ERJ-2RKF1502X"; VariantName = "[No Variations]"
Add component (AddParameter): Name = "Mouser Description"; Value = "Res Thick Film 1.0 x 0.5 mm 15K Ohm 1% 0.1W(1/10W) 100ppm/ C Molded SMD Punched Carrier T/R"; VariantName = "[No Variations]"
Add component (AddParameter): Name = "Octopart"; Value = "https://octopart.com/erj-2rkf1502x-panasonic-55404985"; VariantName = "[No Variations]"
Add component (AddParameter): Name = "Package"; Value = "ERJ2R"; VariantName = "[No Variations]"
Add component (AddParameter): Name = "Power Rating"; Value = "0.1W"; VariantName = "[No Variations]"
Add component (AddParameter): Name = "Resistance"; Value = "15k?"; VariantName = "[No Variations]"
Add component (AddParameter): Name = "RoHS"; Value = "TRUE"; VariantName = "[No Variations]"
Add component (AddParameter): Name = "Series"; Value = "ERJ"; VariantName = "[No Variations]"
Add component (AddParameter): Name = "Temperature"; Value = "-55°C to +155°C"; VariantName = "[No Variations]"
Add component (AddParameter): Name = "Temperature Coefficient"; Value = "100ppm/°C"; VariantName = "[No Variations]"
Add component (AddParameter): Name = "Temperature Range High"; Value = "+155°C"; VariantName = "[No Variations]"
Add component (AddParameter): Name = "Temperature Range Low"; Value = "-55°C"; VariantName = "[No Variations]"
Add component (AddParameter): Name = "Tolerance"; Value = "1%"; VariantName = "[No Variations]"
Add component (AddParameter): Name = "Value"; Value = "15k?"; VariantName = "[No Variations]"
Add component (AddParameter): Name = "Voltage Rating"; Value = "50V"; VariantName = "[No Variations]"
Added Component: Designator=R22_SellSensor14(FP-ERJ2R-MFG)
Add component (AddParameter): Name = "Automotive"; Value = "Yes"; VariantName = "[No Variations]"
Add component (AddParameter): Name = "Automotive Grade"; Value = "Grade 0"; VariantName = "[No Variations]"
Add component (AddParameter): Name = "Category"; Value = "Res"; VariantName = "[No Variations]"
Add component (AddParameter): Name = "ComponentLink2Description"; Value = "Datasheet"; VariantName = "[No Variations]"
Add component (AddParameter): Name = "ComponentLink2URL"; Value = "https://industrial.panasonic.com/cdbs/www-data/pdf/RDA0000/AOA0000C304.pdf"; VariantName = "[No Variations]"
Add component (AddParameter): Name = "Composition"; Value = "Thick Film"; VariantName = "[No Variations]"
Add component (AddParameter): Name = "Device Class L1"; Value = "Passive Components"; VariantName = "[No Variations]"
Add component (AddParameter): Name = "Device Class L2"; Value = "Resistors"; VariantName = "[No Variations]"
Add component (AddParameter): Name = "Device Class L3"; Value = "Chip SMD Resistors"; VariantName = "[No Variations]"
Add component (AddParameter): Name = "Digikey Description"; Value = "RES SMD 15K OHM 1% 1/10W 0402"; VariantName = "[No Variations]"
Add component (AddParameter): Name = "Footprint Url"; Value = "https://b2b-api.panasonic.eu/file_stream/pids/fileversion/1180"; VariantName = "[No Variations]"
Add component (AddParameter): Name = "Height"; Value = "0.4mm"; VariantName = "[No Variations]"
Add component (AddParameter): Name = "Lead Free"; Value = "Yes"; VariantName = "[No Variations]"
Add component (AddParameter): Name = "Manufacturer"; Value = "Panasonic"; VariantName = "[No Variations]"
Add component (AddParameter): Name = "Manufacturer Part Number"; Value = "ERJ-2RKF1502X"; VariantName = "[No Variations]"
Add component (AddParameter): Name = "Mouser Description"; Value = "Res Thick Film 1.0 x 0.5 mm 15K Ohm 1% 0.1W(1/10W) 100ppm/ C Molded SMD Punched Carrier T/R"; VariantName = "[No Variations]"
Add component (AddParameter): Name = "Octopart"; Value = "https://octopart.com/erj-2rkf1502x-panasonic-55404985"; VariantName = "[No Variations]"
Add component (AddParameter): Name = "Package"; Value = "ERJ2R"; VariantName = "[No Variations]"
Add component (AddParameter): Name = "Power Rating"; Value = "0.1W"; VariantName = "[No Variations]"
Add component (AddParameter): Name = "Resistance"; Value = "15k?"; VariantName = "[No Variations]"
Add component (AddParameter): Name = "RoHS"; Value = "TRUE"; VariantName = "[No Variations]"
Add component (AddParameter): Name = "Series"; Value = "ERJ"; VariantName = "[No Variations]"
Add component (AddParameter): Name = "Temperature"; Value = "-55°C to +155°C"; VariantName = "[No Variations]"
Add component (AddParameter): Name = "Temperature Coefficient"; Value = "100ppm/°C"; VariantName = "[No Variations]"
Add component (AddParameter): Name = "Temperature Range High"; Value = "+155°C"; VariantName = "[No Variations]"
Add component (AddParameter): Name = "Temperature Range Low"; Value = "-55°C"; VariantName = "[No Variations]"
Add component (AddParameter): Name = "Tolerance"; Value = "1%"; VariantName = "[No Variations]"
Add component (AddParameter): Name = "Value"; Value = "15k?"; VariantName = "[No Variations]"
Add component (AddParameter): Name = "Voltage Rating"; Value = "50V"; VariantName = "[No Variations]"
Added Component: Designator=R22_SellSensor15(FP-ERJ2R-MFG)
Add component (AddParameter): Name = "Automotive"; Value = "Yes"; VariantName = "[No Variations]"
Add component (AddParameter): Name = "Automotive Grade"; Value = "Grade 0"; VariantName = "[No Variations]"
Add component (AddParameter): Name = "Category"; Value = "Res"; VariantName = "[No Variations]"
Add component (AddParameter): Name = "ComponentLink2Description"; Value = "Datasheet"; VariantName = "[No Variations]"
Add component (AddParameter): Name = "ComponentLink2URL"; Value = "https://industrial.panasonic.com/cdbs/www-data/pdf/RDA0000/AOA0000C304.pdf"; VariantName = "[No Variations]"
Add component (AddParameter): Name = "Composition"; Value = "Thick Film"; VariantName = "[No Variations]"
Add component (AddParameter): Name = "Device Class L1"; Value = "Passive Components"; VariantName = "[No Variations]"
Add component (AddParameter): Name = "Device Class L2"; Value = "Resistors"; VariantName = "[No Variations]"
Add component (AddParameter): Name = "Device Class L3"; Value = "Chip SMD Resistors"; VariantName = "[No Variations]"
Add component (AddParameter): Name = "Digikey Description"; Value = "RES SMD 15K OHM 1% 1/10W 0402"; VariantName = "[No Variations]"
Add component (AddParameter): Name = "Footprint Url"; Value = "https://b2b-api.panasonic.eu/file_stream/pids/fileversion/1180"; VariantName = "[No Variations]"
Add component (AddParameter): Name = "Height"; Value = "0.4mm"; VariantName = "[No Variations]"
Add component (AddParameter): Name = "Lead Free"; Value = "Yes"; VariantName = "[No Variations]"
Add component (AddParameter): Name = "Manufacturer"; Value = "Panasonic"; VariantName = "[No Variations]"
Add component (AddParameter): Name = "Manufacturer Part Number"; Value = "ERJ-2RKF1502X"; VariantName = "[No Variations]"
Add component (AddParameter): Name = "Mouser Description"; Value = "Res Thick Film 1.0 x 0.5 mm 15K Ohm 1% 0.1W(1/10W) 100ppm/ C Molded SMD Punched Carrier T/R"; VariantName = "[No Variations]"
Add component (AddParameter): Name = "Octopart"; Value = "https://octopart.com/erj-2rkf1502x-panasonic-55404985"; VariantName = "[No Variations]"
Add component (AddParameter): Name = "Package"; Value = "ERJ2R"; VariantName = "[No Variations]"
Add component (AddParameter): Name = "Power Rating"; Value = "0.1W"; VariantName = "[No Variations]"
Add component (AddParameter): Name = "Resistance"; Value = "15k?"; VariantName = "[No Variations]"
Add component (AddParameter): Name = "RoHS"; Value = "TRUE"; VariantName = "[No Variations]"
Add component (AddParameter): Name = "Series"; Value = "ERJ"; VariantName = "[No Variations]"
Add component (AddParameter): Name = "Temperature"; Value = "-55°C to +155°C"; VariantName = "[No Variations]"
Add component (AddParameter): Name = "Temperature Coefficient"; Value = "100ppm/°C"; VariantName = "[No Variations]"
Add component (AddParameter): Name = "Temperature Range High"; Value = "+155°C"; VariantName = "[No Variations]"
Add component (AddParameter): Name = "Temperature Range Low"; Value = "-55°C"; VariantName = "[No Variations]"
Add component (AddParameter): Name = "Tolerance"; Value = "1%"; VariantName = "[No Variations]"
Add component (AddParameter): Name = "Value"; Value = "15k?"; VariantName = "[No Variations]"
Add component (AddParameter): Name = "Voltage Rating"; Value = "50V"; VariantName = "[No Variations]"
Added Component: Designator=R22_SellSensor16(FP-ERJ2R-MFG)
Add component (AddParameter): Name = "Automotive"; Value = "Yes"; VariantName = "[No Variations]"
Add component (AddParameter): Name = "Automotive Grade"; Value = "Grade 0"; VariantName = "[No Variations]"
Add component (AddParameter): Name = "Category"; Value = "Res"; VariantName = "[No Variations]"
Add component (AddParameter): Name = "ComponentLink2Description"; Value = "Datasheet"; VariantName = "[No Variations]"
Add component (AddParameter): Name = "ComponentLink2URL"; Value = "https://industrial.panasonic.com/cdbs/www-data/pdf/RDA0000/AOA0000C304.pdf"; VariantName = "[No Variations]"
Add component (AddParameter): Name = "Composition"; Value = "Thick Film"; VariantName = "[No Variations]"
Add component (AddParameter): Name = "Device Class L1"; Value = "Passive Components"; VariantName = "[No Variations]"
Add component (AddParameter): Name = "Device Class L2"; Value = "Resistors"; VariantName = "[No Variations]"
Add component (AddParameter): Name = "Device Class L3"; Value = "Chip SMD Resistors"; VariantName = "[No Variations]"
Add component (AddParameter): Name = "Digikey Description"; Value = "RES SMD 15K OHM 1% 1/10W 0402"; VariantName = "[No Variations]"
Add component (AddParameter): Name = "Footprint Url"; Value = "https://b2b-api.panasonic.eu/file_stream/pids/fileversion/1180"; VariantName = "[No Variations]"
Add component (AddParameter): Name = "Height"; Value = "0.4mm"; VariantName = "[No Variations]"
Add component (AddParameter): Name = "Lead Free"; Value = "Yes"; VariantName = "[No Variations]"
Add component (AddParameter): Name = "Manufacturer"; Value = "Panasonic"; VariantName = "[No Variations]"
Add component (AddParameter): Name = "Manufacturer Part Number"; Value = "ERJ-2RKF1502X"; VariantName = "[No Variations]"
Add component (AddParameter): Name = "Mouser Description"; Value = "Res Thick Film 1.0 x 0.5 mm 15K Ohm 1% 0.1W(1/10W) 100ppm/ C Molded SMD Punched Carrier T/R"; VariantName = "[No Variations]"
Add component (AddParameter): Name = "Octopart"; Value = "https://octopart.com/erj-2rkf1502x-panasonic-55404985"; VariantName = "[No Variations]"
Add component (AddParameter): Name = "Package"; Value = "ERJ2R"; VariantName = "[No Variations]"
Add component (AddParameter): Name = "Power Rating"; Value = "0.1W"; VariantName = "[No Variations]"
Add component (AddParameter): Name = "Resistance"; Value = "15k?"; VariantName = "[No Variations]"
Add component (AddParameter): Name = "RoHS"; Value = "TRUE"; VariantName = "[No Variations]"
Add component (AddParameter): Name = "Series"; Value = "ERJ"; VariantName = "[No Variations]"
Add component (AddParameter): Name = "Temperature"; Value = "-55°C to +155°C"; VariantName = "[No Variations]"
Add component (AddParameter): Name = "Temperature Coefficient"; Value = "100ppm/°C"; VariantName = "[No Variations]"
Add component (AddParameter): Name = "Temperature Range High"; Value = "+155°C"; VariantName = "[No Variations]"
Add component (AddParameter): Name = "Temperature Range Low"; Value = "-55°C"; VariantName = "[No Variations]"
Add component (AddParameter): Name = "Tolerance"; Value = "1%"; VariantName = "[No Variations]"
Add component (AddParameter): Name = "Value"; Value = "15k?"; VariantName = "[No Variations]"
Add component (AddParameter): Name = "Voltage Rating"; Value = "50V"; VariantName = "[No Variations]"
Added Component: Designator=R22_SellSensor17(FP-ERJ2R-MFG)
Add component (AddParameter): Name = "Automotive"; Value = "Yes"; VariantName = "[No Variations]"
Add component (AddParameter): Name = "Automotive Grade"; Value = "Grade 0"; VariantName = "[No Variations]"
Add component (AddParameter): Name = "Category"; Value = "Res"; VariantName = "[No Variations]"
Add component (AddParameter): Name = "ComponentLink2Description"; Value = "Datasheet"; VariantName = "[No Variations]"
Add component (AddParameter): Name = "ComponentLink2URL"; Value = "https://industrial.panasonic.com/cdbs/www-data/pdf/RDA0000/AOA0000C304.pdf"; VariantName = "[No Variations]"
Add component (AddParameter): Name = "Composition"; Value = "Thick Film"; VariantName = "[No Variations]"
Add component (AddParameter): Name = "Device Class L1"; Value = "Passive Components"; VariantName = "[No Variations]"
Add component (AddParameter): Name = "Device Class L2"; Value = "Resistors"; VariantName = "[No Variations]"
Add component (AddParameter): Name = "Device Class L3"; Value = "Chip SMD Resistors"; VariantName = "[No Variations]"
Add component (AddParameter): Name = "Digikey Description"; Value = "RES SMD 15K OHM 1% 1/10W 0402"; VariantName = "[No Variations]"
Add component (AddParameter): Name = "Footprint Url"; Value = "https://b2b-api.panasonic.eu/file_stream/pids/fileversion/1180"; VariantName = "[No Variations]"
Add component (AddParameter): Name = "Height"; Value = "0.4mm"; VariantName = "[No Variations]"
Add component (AddParameter): Name = "Lead Free"; Value = "Yes"; VariantName = "[No Variations]"
Add component (AddParameter): Name = "Manufacturer"; Value = "Panasonic"; VariantName = "[No Variations]"
Add component (AddParameter): Name = "Manufacturer Part Number"; Value = "ERJ-2RKF1502X"; VariantName = "[No Variations]"
Add component (AddParameter): Name = "Mouser Description"; Value = "Res Thick Film 1.0 x 0.5 mm 15K Ohm 1% 0.1W(1/10W) 100ppm/ C Molded SMD Punched Carrier T/R"; VariantName = "[No Variations]"
Add component (AddParameter): Name = "Octopart"; Value = "https://octopart.com/erj-2rkf1502x-panasonic-55404985"; VariantName = "[No Variations]"
Add component (AddParameter): Name = "Package"; Value = "ERJ2R"; VariantName = "[No Variations]"
Add component (AddParameter): Name = "Power Rating"; Value = "0.1W"; VariantName = "[No Variations]"
Add component (AddParameter): Name = "Resistance"; Value = "15k?"; VariantName = "[No Variations]"
Add component (AddParameter): Name = "RoHS"; Value = "TRUE"; VariantName = "[No Variations]"
Add component (AddParameter): Name = "Series"; Value = "ERJ"; VariantName = "[No Variations]"
Add component (AddParameter): Name = "Temperature"; Value = "-55°C to +155°C"; VariantName = "[No Variations]"
Add component (AddParameter): Name = "Temperature Coefficient"; Value = "100ppm/°C"; VariantName = "[No Variations]"
Add component (AddParameter): Name = "Temperature Range High"; Value = "+155°C"; VariantName = "[No Variations]"
Add component (AddParameter): Name = "Temperature Range Low"; Value = "-55°C"; VariantName = "[No Variations]"
Add component (AddParameter): Name = "Tolerance"; Value = "1%"; VariantName = "[No Variations]"
Add component (AddParameter): Name = "Value"; Value = "15k?"; VariantName = "[No Variations]"
Add component (AddParameter): Name = "Voltage Rating"; Value = "50V"; VariantName = "[No Variations]"
Added Component: Designator=R22_SellSensor18(FP-ERJ2R-MFG)
Add component (AddParameter): Name = "Automotive"; Value = "Yes"; VariantName = "[No Variations]"
Add component (AddParameter): Name = "Automotive Grade"; Value = "Grade 0"; VariantName = "[No Variations]"
Add component (AddParameter): Name = "Category"; Value = "Res"; VariantName = "[No Variations]"
Add component (AddParameter): Name = "ComponentLink2Description"; Value = "Datasheet"; VariantName = "[No Variations]"
Add component (AddParameter): Name = "ComponentLink2URL"; Value = "https://industrial.panasonic.com/cdbs/www-data/pdf/RDA0000/AOA0000C304.pdf"; VariantName = "[No Variations]"
Add component (AddParameter): Name = "Composition"; Value = "Thick Film"; VariantName = "[No Variations]"
Add component (AddParameter): Name = "Device Class L1"; Value = "Passive Components"; VariantName = "[No Variations]"
Add component (AddParameter): Name = "Device Class L2"; Value = "Resistors"; VariantName = "[No Variations]"
Add component (AddParameter): Name = "Device Class L3"; Value = "Chip SMD Resistors"; VariantName = "[No Variations]"
Add component (AddParameter): Name = "Digikey Description"; Value = "RES SMD 15K OHM 1% 1/10W 0402"; VariantName = "[No Variations]"
Add component (AddParameter): Name = "Footprint Url"; Value = "https://b2b-api.panasonic.eu/file_stream/pids/fileversion/1180"; VariantName = "[No Variations]"
Add component (AddParameter): Name = "Height"; Value = "0.4mm"; VariantName = "[No Variations]"
Add component (AddParameter): Name = "Lead Free"; Value = "Yes"; VariantName = "[No Variations]"
Add component (AddParameter): Name = "Manufacturer"; Value = "Panasonic"; VariantName = "[No Variations]"
Add component (AddParameter): Name = "Manufacturer Part Number"; Value = "ERJ-2RKF1502X"; VariantName = "[No Variations]"
Add component (AddParameter): Name = "Mouser Description"; Value = "Res Thick Film 1.0 x 0.5 mm 15K Ohm 1% 0.1W(1/10W) 100ppm/ C Molded SMD Punched Carrier T/R"; VariantName = "[No Variations]"
Add component (AddParameter): Name = "Octopart"; Value = "https://octopart.com/erj-2rkf1502x-panasonic-55404985"; VariantName = "[No Variations]"
Add component (AddParameter): Name = "Package"; Value = "ERJ2R"; VariantName = "[No Variations]"
Add component (AddParameter): Name = "Power Rating"; Value = "0.1W"; VariantName = "[No Variations]"
Add component (AddParameter): Name = "Resistance"; Value = "15k?"; VariantName = "[No Variations]"
Add component (AddParameter): Name = "RoHS"; Value = "TRUE"; VariantName = "[No Variations]"
Add component (AddParameter): Name = "Series"; Value = "ERJ"; VariantName = "[No Variations]"
Add component (AddParameter): Name = "Temperature"; Value = "-55°C to +155°C"; VariantName = "[No Variations]"
Add component (AddParameter): Name = "Temperature Coefficient"; Value = "100ppm/°C"; VariantName = "[No Variations]"
Add component (AddParameter): Name = "Temperature Range High"; Value = "+155°C"; VariantName = "[No Variations]"
Add component (AddParameter): Name = "Temperature Range Low"; Value = "-55°C"; VariantName = "[No Variations]"
Add component (AddParameter): Name = "Tolerance"; Value = "1%"; VariantName = "[No Variations]"
Add component (AddParameter): Name = "Value"; Value = "15k?"; VariantName = "[No Variations]"
Add component (AddParameter): Name = "Voltage Rating"; Value = "50V"; VariantName = "[No Variations]"
Added Component: Designator=R22_SellSensor19(FP-ERJ2R-MFG)
Add component (AddParameter): Name = "Automotive"; Value = "Yes"; VariantName = "[No Variations]"
Add component (AddParameter): Name = "Automotive Grade"; Value = "Grade 0"; VariantName = "[No Variations]"
Add component (AddParameter): Name = "Category"; Value = "Res"; VariantName = "[No Variations]"
Add component (AddParameter): Name = "ComponentLink2Description"; Value = "Datasheet"; VariantName = "[No Variations]"
Add component (AddParameter): Name = "ComponentLink2URL"; Value = "https://industrial.panasonic.com/cdbs/www-data/pdf/RDA0000/AOA0000C304.pdf"; VariantName = "[No Variations]"
Add component (AddParameter): Name = "Composition"; Value = "Thick Film"; VariantName = "[No Variations]"
Add component (AddParameter): Name = "Device Class L1"; Value = "Passive Components"; VariantName = "[No Variations]"
Add component (AddParameter): Name = "Device Class L2"; Value = "Resistors"; VariantName = "[No Variations]"
Add component (AddParameter): Name = "Device Class L3"; Value = "Chip SMD Resistors"; VariantName = "[No Variations]"
Add component (AddParameter): Name = "Digikey Description"; Value = "RES SMD 15K OHM 1% 1/10W 0402"; VariantName = "[No Variations]"
Add component (AddParameter): Name = "Footprint Url"; Value = "https://b2b-api.panasonic.eu/file_stream/pids/fileversion/1180"; VariantName = "[No Variations]"
Add component (AddParameter): Name = "Height"; Value = "0.4mm"; VariantName = "[No Variations]"
Add component (AddParameter): Name = "Lead Free"; Value = "Yes"; VariantName = "[No Variations]"
Add component (AddParameter): Name = "Manufacturer"; Value = "Panasonic"; VariantName = "[No Variations]"
Add component (AddParameter): Name = "Manufacturer Part Number"; Value = "ERJ-2RKF1502X"; VariantName = "[No Variations]"
Add component (AddParameter): Name = "Mouser Description"; Value = "Res Thick Film 1.0 x 0.5 mm 15K Ohm 1% 0.1W(1/10W) 100ppm/ C Molded SMD Punched Carrier T/R"; VariantName = "[No Variations]"
Add component (AddParameter): Name = "Octopart"; Value = "https://octopart.com/erj-2rkf1502x-panasonic-55404985"; VariantName = "[No Variations]"
Add component (AddParameter): Name = "Package"; Value = "ERJ2R"; VariantName = "[No Variations]"
Add component (AddParameter): Name = "Power Rating"; Value = "0.1W"; VariantName = "[No Variations]"
Add component (AddParameter): Name = "Resistance"; Value = "15k?"; VariantName = "[No Variations]"
Add component (AddParameter): Name = "RoHS"; Value = "TRUE"; VariantName = "[No Variations]"
Add component (AddParameter): Name = "Series"; Value = "ERJ"; VariantName = "[No Variations]"
Add component (AddParameter): Name = "Temperature"; Value = "-55°C to +155°C"; VariantName = "[No Variations]"
Add component (AddParameter): Name = "Temperature Coefficient"; Value = "100ppm/°C"; VariantName = "[No Variations]"
Add component (AddParameter): Name = "Temperature Range High"; Value = "+155°C"; VariantName = "[No Variations]"
Add component (AddParameter): Name = "Temperature Range Low"; Value = "-55°C"; VariantName = "[No Variations]"
Add component (AddParameter): Name = "Tolerance"; Value = "1%"; VariantName = "[No Variations]"
Add component (AddParameter): Name = "Value"; Value = "15k?"; VariantName = "[No Variations]"
Add component (AddParameter): Name = "Voltage Rating"; Value = "50V"; VariantName = "[No Variations]"
Added Component: Designator=R22_SellSensor20(FP-ERJ2R-MFG)
Add component (AddParameter): Name = "Automotive"; Value = "Yes"; VariantName = "[No Variations]"
Add component (AddParameter): Name = "Automotive Grade"; Value = "Grade 0"; VariantName = "[No Variations]"
Add component (AddParameter): Name = "Category"; Value = "Res"; VariantName = "[No Variations]"
Add component (AddParameter): Name = "ComponentLink2Description"; Value = "Datasheet"; VariantName = "[No Variations]"
Add component (AddParameter): Name = "ComponentLink2URL"; Value = "https://industrial.panasonic.com/cdbs/www-data/pdf/RDA0000/AOA0000C304.pdf"; VariantName = "[No Variations]"
Add component (AddParameter): Name = "Composition"; Value = "Thick Film"; VariantName = "[No Variations]"
Add component (AddParameter): Name = "Device Class L1"; Value = "Passive Components"; VariantName = "[No Variations]"
Add component (AddParameter): Name = "Device Class L2"; Value = "Resistors"; VariantName = "[No Variations]"
Add component (AddParameter): Name = "Device Class L3"; Value = "Chip SMD Resistors"; VariantName = "[No Variations]"
Add component (AddParameter): Name = "Digikey Description"; Value = "RES SMD 15K OHM 1% 1/10W 0402"; VariantName = "[No Variations]"
Add component (AddParameter): Name = "Footprint Url"; Value = "https://b2b-api.panasonic.eu/file_stream/pids/fileversion/1180"; VariantName = "[No Variations]"
Add component (AddParameter): Name = "Height"; Value = "0.4mm"; VariantName = "[No Variations]"
Add component (AddParameter): Name = "Lead Free"; Value = "Yes"; VariantName = "[No Variations]"
Add component (AddParameter): Name = "Manufacturer"; Value = "Panasonic"; VariantName = "[No Variations]"
Add component (AddParameter): Name = "Manufacturer Part Number"; Value = "ERJ-2RKF1502X"; VariantName = "[No Variations]"
Add component (AddParameter): Name = "Mouser Description"; Value = "Res Thick Film 1.0 x 0.5 mm 15K Ohm 1% 0.1W(1/10W) 100ppm/ C Molded SMD Punched Carrier T/R"; VariantName = "[No Variations]"
Add component (AddParameter): Name = "Octopart"; Value = "https://octopart.com/erj-2rkf1502x-panasonic-55404985"; VariantName = "[No Variations]"
Add component (AddParameter): Name = "Package"; Value = "ERJ2R"; VariantName = "[No Variations]"
Add component (AddParameter): Name = "Power Rating"; Value = "0.1W"; VariantName = "[No Variations]"
Add component (AddParameter): Name = "Resistance"; Value = "15k?"; VariantName = "[No Variations]"
Add component (AddParameter): Name = "RoHS"; Value = "TRUE"; VariantName = "[No Variations]"
Add component (AddParameter): Name = "Series"; Value = "ERJ"; VariantName = "[No Variations]"
Add component (AddParameter): Name = "Temperature"; Value = "-55°C to +155°C"; VariantName = "[No Variations]"
Add component (AddParameter): Name = "Temperature Coefficient"; Value = "100ppm/°C"; VariantName = "[No Variations]"
Add component (AddParameter): Name = "Temperature Range High"; Value = "+155°C"; VariantName = "[No Variations]"
Add component (AddParameter): Name = "Temperature Range Low"; Value = "-55°C"; VariantName = "[No Variations]"
Add component (AddParameter): Name = "Tolerance"; Value = "1%"; VariantName = "[No Variations]"
Add component (AddParameter): Name = "Value"; Value = "15k?"; VariantName = "[No Variations]"
Add component (AddParameter): Name = "Voltage Rating"; Value = "50V"; VariantName = "[No Variations]"
Added Component: Designator=R22_SellSensor21(FP-ERJ2R-MFG)
Add component (AddParameter): Name = "Automotive"; Value = "Yes"; VariantName = "[No Variations]"
Add component (AddParameter): Name = "Automotive Grade"; Value = "Grade 0"; VariantName = "[No Variations]"
Add component (AddParameter): Name = "Category"; Value = "Res"; VariantName = "[No Variations]"
Add component (AddParameter): Name = "ComponentLink2Description"; Value = "Datasheet"; VariantName = "[No Variations]"
Add component (AddParameter): Name = "ComponentLink2URL"; Value = "https://industrial.panasonic.com/cdbs/www-data/pdf/RDA0000/AOA0000C304.pdf"; VariantName = "[No Variations]"
Add component (AddParameter): Name = "Composition"; Value = "Thick Film"; VariantName = "[No Variations]"
Add component (AddParameter): Name = "Device Class L1"; Value = "Passive Components"; VariantName = "[No Variations]"
Add component (AddParameter): Name = "Device Class L2"; Value = "Resistors"; VariantName = "[No Variations]"
Add component (AddParameter): Name = "Device Class L3"; Value = "Chip SMD Resistors"; VariantName = "[No Variations]"
Add component (AddParameter): Name = "Digikey Description"; Value = "RES SMD 15K OHM 1% 1/10W 0402"; VariantName = "[No Variations]"
Add component (AddParameter): Name = "Footprint Url"; Value = "https://b2b-api.panasonic.eu/file_stream/pids/fileversion/1180"; VariantName = "[No Variations]"
Add component (AddParameter): Name = "Height"; Value = "0.4mm"; VariantName = "[No Variations]"
Add component (AddParameter): Name = "Lead Free"; Value = "Yes"; VariantName = "[No Variations]"
Add component (AddParameter): Name = "Manufacturer"; Value = "Panasonic"; VariantName = "[No Variations]"
Add component (AddParameter): Name = "Manufacturer Part Number"; Value = "ERJ-2RKF1502X"; VariantName = "[No Variations]"
Add component (AddParameter): Name = "Mouser Description"; Value = "Res Thick Film 1.0 x 0.5 mm 15K Ohm 1% 0.1W(1/10W) 100ppm/ C Molded SMD Punched Carrier T/R"; VariantName = "[No Variations]"
Add component (AddParameter): Name = "Octopart"; Value = "https://octopart.com/erj-2rkf1502x-panasonic-55404985"; VariantName = "[No Variations]"
Add component (AddParameter): Name = "Package"; Value = "ERJ2R"; VariantName = "[No Variations]"
Add component (AddParameter): Name = "Power Rating"; Value = "0.1W"; VariantName = "[No Variations]"
Add component (AddParameter): Name = "Resistance"; Value = "15k?"; VariantName = "[No Variations]"
Add component (AddParameter): Name = "RoHS"; Value = "TRUE"; VariantName = "[No Variations]"
Add component (AddParameter): Name = "Series"; Value = "ERJ"; VariantName = "[No Variations]"
Add component (AddParameter): Name = "Temperature"; Value = "-55°C to +155°C"; VariantName = "[No Variations]"
Add component (AddParameter): Name = "Temperature Coefficient"; Value = "100ppm/°C"; VariantName = "[No Variations]"
Add component (AddParameter): Name = "Temperature Range High"; Value = "+155°C"; VariantName = "[No Variations]"
Add component (AddParameter): Name = "Temperature Range Low"; Value = "-55°C"; VariantName = "[No Variations]"
Add component (AddParameter): Name = "Tolerance"; Value = "1%"; VariantName = "[No Variations]"
Add component (AddParameter): Name = "Value"; Value = "15k?"; VariantName = "[No Variations]"
Add component (AddParameter): Name = "Voltage Rating"; Value = "50V"; VariantName = "[No Variations]"
Added Component: Designator=R22_SellSensor22(FP-ERJ2R-MFG)
Add component (AddParameter): Name = "Automotive"; Value = "Yes"; VariantName = "[No Variations]"
Add component (AddParameter): Name = "Automotive Grade"; Value = "Grade 0"; VariantName = "[No Variations]"
Add component (AddParameter): Name = "Category"; Value = "Res"; VariantName = "[No Variations]"
Add component (AddParameter): Name = "ComponentLink2Description"; Value = "Datasheet"; VariantName = "[No Variations]"
Add component (AddParameter): Name = "ComponentLink2URL"; Value = "https://industrial.panasonic.com/cdbs/www-data/pdf/RDA0000/AOA0000C304.pdf"; VariantName = "[No Variations]"
Add component (AddParameter): Name = "Composition"; Value = "Thick Film"; VariantName = "[No Variations]"
Add component (AddParameter): Name = "Device Class L1"; Value = "Passive Components"; VariantName = "[No Variations]"
Add component (AddParameter): Name = "Device Class L2"; Value = "Resistors"; VariantName = "[No Variations]"
Add component (AddParameter): Name = "Device Class L3"; Value = "Chip SMD Resistors"; VariantName = "[No Variations]"
Add component (AddParameter): Name = "Digikey Description"; Value = "RES SMD 15K OHM 1% 1/10W 0402"; VariantName = "[No Variations]"
Add component (AddParameter): Name = "Footprint Url"; Value = "https://b2b-api.panasonic.eu/file_stream/pids/fileversion/1180"; VariantName = "[No Variations]"
Add component (AddParameter): Name = "Height"; Value = "0.4mm"; VariantName = "[No Variations]"
Add component (AddParameter): Name = "Lead Free"; Value = "Yes"; VariantName = "[No Variations]"
Add component (AddParameter): Name = "Manufacturer"; Value = "Panasonic"; VariantName = "[No Variations]"
Add component (AddParameter): Name = "Manufacturer Part Number"; Value = "ERJ-2RKF1502X"; VariantName = "[No Variations]"
Add component (AddParameter): Name = "Mouser Description"; Value = "Res Thick Film 1.0 x 0.5 mm 15K Ohm 1% 0.1W(1/10W) 100ppm/ C Molded SMD Punched Carrier T/R"; VariantName = "[No Variations]"
Add component (AddParameter): Name = "Octopart"; Value = "https://octopart.com/erj-2rkf1502x-panasonic-55404985"; VariantName = "[No Variations]"
Add component (AddParameter): Name = "Package"; Value = "ERJ2R"; VariantName = "[No Variations]"
Add component (AddParameter): Name = "Power Rating"; Value = "0.1W"; VariantName = "[No Variations]"
Add component (AddParameter): Name = "Resistance"; Value = "15k?"; VariantName = "[No Variations]"
Add component (AddParameter): Name = "RoHS"; Value = "TRUE"; VariantName = "[No Variations]"
Add component (AddParameter): Name = "Series"; Value = "ERJ"; VariantName = "[No Variations]"
Add component (AddParameter): Name = "Temperature"; Value = "-55°C to +155°C"; VariantName = "[No Variations]"
Add component (AddParameter): Name = "Temperature Coefficient"; Value = "100ppm/°C"; VariantName = "[No Variations]"
Add component (AddParameter): Name = "Temperature Range High"; Value = "+155°C"; VariantName = "[No Variations]"
Add component (AddParameter): Name = "Temperature Range Low"; Value = "-55°C"; VariantName = "[No Variations]"
Add component (AddParameter): Name = "Tolerance"; Value = "1%"; VariantName = "[No Variations]"
Add component (AddParameter): Name = "Value"; Value = "15k?"; VariantName = "[No Variations]"
Add component (AddParameter): Name = "Voltage Rating"; Value = "50V"; VariantName = "[No Variations]"
Added Component: Designator=R22_SellSensor23(FP-ERJ2R-MFG)
Add component (AddParameter): Name = "Automotive"; Value = "Yes"; VariantName = "[No Variations]"
Add component (AddParameter): Name = "Automotive Grade"; Value = "Grade 0"; VariantName = "[No Variations]"
Add component (AddParameter): Name = "Category"; Value = "Res"; VariantName = "[No Variations]"
Add component (AddParameter): Name = "ComponentLink2Description"; Value = "Datasheet"; VariantName = "[No Variations]"
Add component (AddParameter): Name = "ComponentLink2URL"; Value = "https://industrial.panasonic.com/cdbs/www-data/pdf/RDA0000/AOA0000C304.pdf"; VariantName = "[No Variations]"
Add component (AddParameter): Name = "Composition"; Value = "Thick Film"; VariantName = "[No Variations]"
Add component (AddParameter): Name = "Device Class L1"; Value = "Passive Components"; VariantName = "[No Variations]"
Add component (AddParameter): Name = "Device Class L2"; Value = "Resistors"; VariantName = "[No Variations]"
Add component (AddParameter): Name = "Device Class L3"; Value = "Chip SMD Resistors"; VariantName = "[No Variations]"
Add component (AddParameter): Name = "Digikey Description"; Value = "RES SMD 15K OHM 1% 1/10W 0402"; VariantName = "[No Variations]"
Add component (AddParameter): Name = "Footprint Url"; Value = "https://b2b-api.panasonic.eu/file_stream/pids/fileversion/1180"; VariantName = "[No Variations]"
Add component (AddParameter): Name = "Height"; Value = "0.4mm"; VariantName = "[No Variations]"
Add component (AddParameter): Name = "Lead Free"; Value = "Yes"; VariantName = "[No Variations]"
Add component (AddParameter): Name = "Manufacturer"; Value = "Panasonic"; VariantName = "[No Variations]"
Add component (AddParameter): Name = "Manufacturer Part Number"; Value = "ERJ-2RKF1502X"; VariantName = "[No Variations]"
Add component (AddParameter): Name = "Mouser Description"; Value = "Res Thick Film 1.0 x 0.5 mm 15K Ohm 1% 0.1W(1/10W) 100ppm/ C Molded SMD Punched Carrier T/R"; VariantName = "[No Variations]"
Add component (AddParameter): Name = "Octopart"; Value = "https://octopart.com/erj-2rkf1502x-panasonic-55404985"; VariantName = "[No Variations]"
Add component (AddParameter): Name = "Package"; Value = "ERJ2R"; VariantName = "[No Variations]"
Add component (AddParameter): Name = "Power Rating"; Value = "0.1W"; VariantName = "[No Variations]"
Add component (AddParameter): Name = "Resistance"; Value = "15k?"; VariantName = "[No Variations]"
Add component (AddParameter): Name = "RoHS"; Value = "TRUE"; VariantName = "[No Variations]"
Add component (AddParameter): Name = "Series"; Value = "ERJ"; VariantName = "[No Variations]"
Add component (AddParameter): Name = "Temperature"; Value = "-55°C to +155°C"; VariantName = "[No Variations]"
Add component (AddParameter): Name = "Temperature Coefficient"; Value = "100ppm/°C"; VariantName = "[No Variations]"
Add component (AddParameter): Name = "Temperature Range High"; Value = "+155°C"; VariantName = "[No Variations]"
Add component (AddParameter): Name = "Temperature Range Low"; Value = "-55°C"; VariantName = "[No Variations]"
Add component (AddParameter): Name = "Tolerance"; Value = "1%"; VariantName = "[No Variations]"
Add component (AddParameter): Name = "Value"; Value = "15k?"; VariantName = "[No Variations]"
Add component (AddParameter): Name = "Voltage Rating"; Value = "50V"; VariantName = "[No Variations]"
Added Component: Designator=R23_SellSensor1(RESC1005X40X25NL05T05)
Add component (AddParameter): Name = "Case Code (Imperial)"; Value = "0402"; VariantName = "[No Variations]"
Add component (AddParameter): Name = "Case Code (Metric)"; Value = "1005"; VariantName = "[No Variations]"
Add component (AddParameter): Name = "Case\/Package"; Value = "0402"; VariantName = "[No Variations]"
Add component (AddParameter): Name = "ComponentLink1Description"; Value = "Manufacturer URL"; VariantName = "[No Variations]"
Add component (AddParameter): Name = "ComponentLink1URL"; Value = "http://www.panasonic.com/"; VariantName = "[No Variations]"
Add component (AddParameter): Name = "ComponentLink2Description"; Value = "Datasheet"; VariantName = "[No Variations]"
Add component (AddParameter): Name = "ComponentLink2URL"; Value = "http://industrial.panasonic.com/cdbs/www-data/pdf/RDA0000/AOA0000C86.pdf"; VariantName = "[No Variations]"
Add component (AddParameter): Name = "DatasheetVersion"; Value = "04/2015"; VariantName = "[No Variations]"
Add component (AddParameter): Name = "Height"; Value = "0.35 mm"; VariantName = "[No Variations]"
Add component (AddParameter): Name = "Length"; Value = "1 mm"; VariantName = "[No Variations]"
Add component (AddParameter): Name = "Manufacturer"; Value = "Basic Passives"; VariantName = "[No Variations]"
Add component (AddParameter): Name = "Max Operating Temperature"; Value = "155 degC"; VariantName = "[No Variations]"
Add component (AddParameter): Name = "Min Operating Temperature"; Value = "-55 degC"; VariantName = "[No Variations]"
Add component (AddParameter): Name = "Mount"; Value = "Surface Mount"; VariantName = "[No Variations]"
Add component (AddParameter): Name = "Mounting Technology"; Value = "Surface Mount"; VariantName = "[No Variations]"
Add component (AddParameter): Name = "Package Quantity"; Value = "10000"; VariantName = "[No Variations]"
Add component (AddParameter): Name = "PackageDescription"; Value = "2-Pin Surface Mount Device, Body 1 x 0.5 mm"; VariantName = "[No Variations]"
Add component (AddParameter): Name = "PackageReference"; Value = "0402"; VariantName = "[No Variations]"
Add component (AddParameter): Name = "Packaging"; Value = "Tape and Reel"; VariantName = "[No Variations]"
Add component (AddParameter): Name = "PartNumber"; Value = "ERJ-2RKF1001X"; VariantName = "[No Variations]"
Add component (AddParameter): Name = "Pins"; Value = "2"; VariantName = "[No Variations]"
Add component (AddParameter): Name = "Power Rating"; Value = "100 mW"; VariantName = "[No Variations]"
Add component (AddParameter): Name = "Radiation Hardening"; Value = "No"; VariantName = "[No Variations]"
Add component (AddParameter): Name = "REACH SVHC"; Value = "Yes"; VariantName = "[No Variations]"
Add component (AddParameter): Name = "Resistance"; Value = "1 KOhm"; VariantName = "[No Variations]"
Add component (AddParameter): Name = "RoHSCompliant"; Value = "true"; VariantName = "[No Variations]"
Add component (AddParameter): Name = "Tolerance"; Value = "1%"; VariantName = "[No Variations]"
Add component (AddParameter): Name = "Voltage Rating"; Value = "50 V"; VariantName = "[No Variations]"
Add component (AddParameter): Name = "Width"; Value = "0.5 mm"; VariantName = "[No Variations]"
Added Component: Designator=R23_SellSensor2(RESC1005X40X25NL05T05)
Add component (AddParameter): Name = "Case Code (Imperial)"; Value = "0402"; VariantName = "[No Variations]"
Add component (AddParameter): Name = "Case Code (Metric)"; Value = "1005"; VariantName = "[No Variations]"
Add component (AddParameter): Name = "Case\/Package"; Value = "0402"; VariantName = "[No Variations]"
Add component (AddParameter): Name = "ComponentLink1Description"; Value = "Manufacturer URL"; VariantName = "[No Variations]"
Add component (AddParameter): Name = "ComponentLink1URL"; Value = "http://www.panasonic.com/"; VariantName = "[No Variations]"
Add component (AddParameter): Name = "ComponentLink2Description"; Value = "Datasheet"; VariantName = "[No Variations]"
Add component (AddParameter): Name = "ComponentLink2URL"; Value = "http://industrial.panasonic.com/cdbs/www-data/pdf/RDA0000/AOA0000C86.pdf"; VariantName = "[No Variations]"
Add component (AddParameter): Name = "DatasheetVersion"; Value = "04/2015"; VariantName = "[No Variations]"
Add component (AddParameter): Name = "Height"; Value = "0.35 mm"; VariantName = "[No Variations]"
Add component (AddParameter): Name = "Length"; Value = "1 mm"; VariantName = "[No Variations]"
Add component (AddParameter): Name = "Manufacturer"; Value = "Basic Passives"; VariantName = "[No Variations]"
Add component (AddParameter): Name = "Max Operating Temperature"; Value = "155 degC"; VariantName = "[No Variations]"
Add component (AddParameter): Name = "Min Operating Temperature"; Value = "-55 degC"; VariantName = "[No Variations]"
Add component (AddParameter): Name = "Mount"; Value = "Surface Mount"; VariantName = "[No Variations]"
Add component (AddParameter): Name = "Mounting Technology"; Value = "Surface Mount"; VariantName = "[No Variations]"
Add component (AddParameter): Name = "Package Quantity"; Value = "10000"; VariantName = "[No Variations]"
Add component (AddParameter): Name = "PackageDescription"; Value = "2-Pin Surface Mount Device, Body 1 x 0.5 mm"; VariantName = "[No Variations]"
Add component (AddParameter): Name = "PackageReference"; Value = "0402"; VariantName = "[No Variations]"
Add component (AddParameter): Name = "Packaging"; Value = "Tape and Reel"; VariantName = "[No Variations]"
Add component (AddParameter): Name = "PartNumber"; Value = "ERJ-2RKF1001X"; VariantName = "[No Variations]"
Add component (AddParameter): Name = "Pins"; Value = "2"; VariantName = "[No Variations]"
Add component (AddParameter): Name = "Power Rating"; Value = "100 mW"; VariantName = "[No Variations]"
Add component (AddParameter): Name = "Radiation Hardening"; Value = "No"; VariantName = "[No Variations]"
Add component (AddParameter): Name = "REACH SVHC"; Value = "Yes"; VariantName = "[No Variations]"
Add component (AddParameter): Name = "Resistance"; Value = "1 KOhm"; VariantName = "[No Variations]"
Add component (AddParameter): Name = "RoHSCompliant"; Value = "true"; VariantName = "[No Variations]"
Add component (AddParameter): Name = "Tolerance"; Value = "1%"; VariantName = "[No Variations]"
Add component (AddParameter): Name = "Voltage Rating"; Value = "50 V"; VariantName = "[No Variations]"
Add component (AddParameter): Name = "Width"; Value = "0.5 mm"; VariantName = "[No Variations]"
Added Component: Designator=R23_SellSensor3(RESC1005X40X25NL05T05)
Add component (AddParameter): Name = "Case Code (Imperial)"; Value = "0402"; VariantName = "[No Variations]"
Add component (AddParameter): Name = "Case Code (Metric)"; Value = "1005"; VariantName = "[No Variations]"
Add component (AddParameter): Name = "Case\/Package"; Value = "0402"; VariantName = "[No Variations]"
Add component (AddParameter): Name = "ComponentLink1Description"; Value = "Manufacturer URL"; VariantName = "[No Variations]"
Add component (AddParameter): Name = "ComponentLink1URL"; Value = "http://www.panasonic.com/"; VariantName = "[No Variations]"
Add component (AddParameter): Name = "ComponentLink2Description"; Value = "Datasheet"; VariantName = "[No Variations]"
Add component (AddParameter): Name = "ComponentLink2URL"; Value = "http://industrial.panasonic.com/cdbs/www-data/pdf/RDA0000/AOA0000C86.pdf"; VariantName = "[No Variations]"
Add component (AddParameter): Name = "DatasheetVersion"; Value = "04/2015"; VariantName = "[No Variations]"
Add component (AddParameter): Name = "Height"; Value = "0.35 mm"; VariantName = "[No Variations]"
Add component (AddParameter): Name = "Length"; Value = "1 mm"; VariantName = "[No Variations]"
Add component (AddParameter): Name = "Manufacturer"; Value = "Basic Passives"; VariantName = "[No Variations]"
Add component (AddParameter): Name = "Max Operating Temperature"; Value = "155 degC"; VariantName = "[No Variations]"
Add component (AddParameter): Name = "Min Operating Temperature"; Value = "-55 degC"; VariantName = "[No Variations]"
Add component (AddParameter): Name = "Mount"; Value = "Surface Mount"; VariantName = "[No Variations]"
Add component (AddParameter): Name = "Mounting Technology"; Value = "Surface Mount"; VariantName = "[No Variations]"
Add component (AddParameter): Name = "Package Quantity"; Value = "10000"; VariantName = "[No Variations]"
Add component (AddParameter): Name = "PackageDescription"; Value = "2-Pin Surface Mount Device, Body 1 x 0.5 mm"; VariantName = "[No Variations]"
Add component (AddParameter): Name = "PackageReference"; Value = "0402"; VariantName = "[No Variations]"
Add component (AddParameter): Name = "Packaging"; Value = "Tape and Reel"; VariantName = "[No Variations]"
Add component (AddParameter): Name = "PartNumber"; Value = "ERJ-2RKF1001X"; VariantName = "[No Variations]"
Add component (AddParameter): Name = "Pins"; Value = "2"; VariantName = "[No Variations]"
Add component (AddParameter): Name = "Power Rating"; Value = "100 mW"; VariantName = "[No Variations]"
Add component (AddParameter): Name = "Radiation Hardening"; Value = "No"; VariantName = "[No Variations]"
Add component (AddParameter): Name = "REACH SVHC"; Value = "Yes"; VariantName = "[No Variations]"
Add component (AddParameter): Name = "Resistance"; Value = "1 KOhm"; VariantName = "[No Variations]"
Add component (AddParameter): Name = "RoHSCompliant"; Value = "true"; VariantName = "[No Variations]"
Add component (AddParameter): Name = "Tolerance"; Value = "1%"; VariantName = "[No Variations]"
Add component (AddParameter): Name = "Voltage Rating"; Value = "50 V"; VariantName = "[No Variations]"
Add component (AddParameter): Name = "Width"; Value = "0.5 mm"; VariantName = "[No Variations]"
Added Component: Designator=R23_SellSensor4(RESC1005X40X25NL05T05)
Add component (AddParameter): Name = "Case Code (Imperial)"; Value = "0402"; VariantName = "[No Variations]"
Add component (AddParameter): Name = "Case Code (Metric)"; Value = "1005"; VariantName = "[No Variations]"
Add component (AddParameter): Name = "Case\/Package"; Value = "0402"; VariantName = "[No Variations]"
Add component (AddParameter): Name = "ComponentLink1Description"; Value = "Manufacturer URL"; VariantName = "[No Variations]"
Add component (AddParameter): Name = "ComponentLink1URL"; Value = "http://www.panasonic.com/"; VariantName = "[No Variations]"
Add component (AddParameter): Name = "ComponentLink2Description"; Value = "Datasheet"; VariantName = "[No Variations]"
Add component (AddParameter): Name = "ComponentLink2URL"; Value = "http://industrial.panasonic.com/cdbs/www-data/pdf/RDA0000/AOA0000C86.pdf"; VariantName = "[No Variations]"
Add component (AddParameter): Name = "DatasheetVersion"; Value = "04/2015"; VariantName = "[No Variations]"
Add component (AddParameter): Name = "Height"; Value = "0.35 mm"; VariantName = "[No Variations]"
Add component (AddParameter): Name = "Length"; Value = "1 mm"; VariantName = "[No Variations]"
Add component (AddParameter): Name = "Manufacturer"; Value = "Basic Passives"; VariantName = "[No Variations]"
Add component (AddParameter): Name = "Max Operating Temperature"; Value = "155 degC"; VariantName = "[No Variations]"
Add component (AddParameter): Name = "Min Operating Temperature"; Value = "-55 degC"; VariantName = "[No Variations]"
Add component (AddParameter): Name = "Mount"; Value = "Surface Mount"; VariantName = "[No Variations]"
Add component (AddParameter): Name = "Mounting Technology"; Value = "Surface Mount"; VariantName = "[No Variations]"
Add component (AddParameter): Name = "Package Quantity"; Value = "10000"; VariantName = "[No Variations]"
Add component (AddParameter): Name = "PackageDescription"; Value = "2-Pin Surface Mount Device, Body 1 x 0.5 mm"; VariantName = "[No Variations]"
Add component (AddParameter): Name = "PackageReference"; Value = "0402"; VariantName = "[No Variations]"
Add component (AddParameter): Name = "Packaging"; Value = "Tape and Reel"; VariantName = "[No Variations]"
Add component (AddParameter): Name = "PartNumber"; Value = "ERJ-2RKF1001X"; VariantName = "[No Variations]"
Add component (AddParameter): Name = "Pins"; Value = "2"; VariantName = "[No Variations]"
Add component (AddParameter): Name = "Power Rating"; Value = "100 mW"; VariantName = "[No Variations]"
Add component (AddParameter): Name = "Radiation Hardening"; Value = "No"; VariantName = "[No Variations]"
Add component (AddParameter): Name = "REACH SVHC"; Value = "Yes"; VariantName = "[No Variations]"
Add component (AddParameter): Name = "Resistance"; Value = "1 KOhm"; VariantName = "[No Variations]"
Add component (AddParameter): Name = "RoHSCompliant"; Value = "true"; VariantName = "[No Variations]"
Add component (AddParameter): Name = "Tolerance"; Value = "1%"; VariantName = "[No Variations]"
Add component (AddParameter): Name = "Voltage Rating"; Value = "50 V"; VariantName = "[No Variations]"
Add component (AddParameter): Name = "Width"; Value = "0.5 mm"; VariantName = "[No Variations]"
Added Component: Designator=R23_SellSensor5(RESC1005X40X25NL05T05)
Add component (AddParameter): Name = "Case Code (Imperial)"; Value = "0402"; VariantName = "[No Variations]"
Add component (AddParameter): Name = "Case Code (Metric)"; Value = "1005"; VariantName = "[No Variations]"
Add component (AddParameter): Name = "Case\/Package"; Value = "0402"; VariantName = "[No Variations]"
Add component (AddParameter): Name = "ComponentLink1Description"; Value = "Manufacturer URL"; VariantName = "[No Variations]"
Add component (AddParameter): Name = "ComponentLink1URL"; Value = "http://www.panasonic.com/"; VariantName = "[No Variations]"
Add component (AddParameter): Name = "ComponentLink2Description"; Value = "Datasheet"; VariantName = "[No Variations]"
Add component (AddParameter): Name = "ComponentLink2URL"; Value = "http://industrial.panasonic.com/cdbs/www-data/pdf/RDA0000/AOA0000C86.pdf"; VariantName = "[No Variations]"
Add component (AddParameter): Name = "DatasheetVersion"; Value = "04/2015"; VariantName = "[No Variations]"
Add component (AddParameter): Name = "Height"; Value = "0.35 mm"; VariantName = "[No Variations]"
Add component (AddParameter): Name = "Length"; Value = "1 mm"; VariantName = "[No Variations]"
Add component (AddParameter): Name = "Manufacturer"; Value = "Basic Passives"; VariantName = "[No Variations]"
Add component (AddParameter): Name = "Max Operating Temperature"; Value = "155 degC"; VariantName = "[No Variations]"
Add component (AddParameter): Name = "Min Operating Temperature"; Value = "-55 degC"; VariantName = "[No Variations]"
Add component (AddParameter): Name = "Mount"; Value = "Surface Mount"; VariantName = "[No Variations]"
Add component (AddParameter): Name = "Mounting Technology"; Value = "Surface Mount"; VariantName = "[No Variations]"
Add component (AddParameter): Name = "Package Quantity"; Value = "10000"; VariantName = "[No Variations]"
Add component (AddParameter): Name = "PackageDescription"; Value = "2-Pin Surface Mount Device, Body 1 x 0.5 mm"; VariantName = "[No Variations]"
Add component (AddParameter): Name = "PackageReference"; Value = "0402"; VariantName = "[No Variations]"
Add component (AddParameter): Name = "Packaging"; Value = "Tape and Reel"; VariantName = "[No Variations]"
Add component (AddParameter): Name = "PartNumber"; Value = "ERJ-2RKF1001X"; VariantName = "[No Variations]"
Add component (AddParameter): Name = "Pins"; Value = "2"; VariantName = "[No Variations]"
Add component (AddParameter): Name = "Power Rating"; Value = "100 mW"; VariantName = "[No Variations]"
Add component (AddParameter): Name = "Radiation Hardening"; Value = "No"; VariantName = "[No Variations]"
Add component (AddParameter): Name = "REACH SVHC"; Value = "Yes"; VariantName = "[No Variations]"
Add component (AddParameter): Name = "Resistance"; Value = "1 KOhm"; VariantName = "[No Variations]"
Add component (AddParameter): Name = "RoHSCompliant"; Value = "true"; VariantName = "[No Variations]"
Add component (AddParameter): Name = "Tolerance"; Value = "1%"; VariantName = "[No Variations]"
Add component (AddParameter): Name = "Voltage Rating"; Value = "50 V"; VariantName = "[No Variations]"
Add component (AddParameter): Name = "Width"; Value = "0.5 mm"; VariantName = "[No Variations]"
Added Component: Designator=R23_SellSensor6(RESC1005X40X25NL05T05)
Add component (AddParameter): Name = "Case Code (Imperial)"; Value = "0402"; VariantName = "[No Variations]"
Add component (AddParameter): Name = "Case Code (Metric)"; Value = "1005"; VariantName = "[No Variations]"
Add component (AddParameter): Name = "Case\/Package"; Value = "0402"; VariantName = "[No Variations]"
Add component (AddParameter): Name = "ComponentLink1Description"; Value = "Manufacturer URL"; VariantName = "[No Variations]"
Add component (AddParameter): Name = "ComponentLink1URL"; Value = "http://www.panasonic.com/"; VariantName = "[No Variations]"
Add component (AddParameter): Name = "ComponentLink2Description"; Value = "Datasheet"; VariantName = "[No Variations]"
Add component (AddParameter): Name = "ComponentLink2URL"; Value = "http://industrial.panasonic.com/cdbs/www-data/pdf/RDA0000/AOA0000C86.pdf"; VariantName = "[No Variations]"
Add component (AddParameter): Name = "DatasheetVersion"; Value = "04/2015"; VariantName = "[No Variations]"
Add component (AddParameter): Name = "Height"; Value = "0.35 mm"; VariantName = "[No Variations]"
Add component (AddParameter): Name = "Length"; Value = "1 mm"; VariantName = "[No Variations]"
Add component (AddParameter): Name = "Manufacturer"; Value = "Basic Passives"; VariantName = "[No Variations]"
Add component (AddParameter): Name = "Max Operating Temperature"; Value = "155 degC"; VariantName = "[No Variations]"
Add component (AddParameter): Name = "Min Operating Temperature"; Value = "-55 degC"; VariantName = "[No Variations]"
Add component (AddParameter): Name = "Mount"; Value = "Surface Mount"; VariantName = "[No Variations]"
Add component (AddParameter): Name = "Mounting Technology"; Value = "Surface Mount"; VariantName = "[No Variations]"
Add component (AddParameter): Name = "Package Quantity"; Value = "10000"; VariantName = "[No Variations]"
Add component (AddParameter): Name = "PackageDescription"; Value = "2-Pin Surface Mount Device, Body 1 x 0.5 mm"; VariantName = "[No Variations]"
Add component (AddParameter): Name = "PackageReference"; Value = "0402"; VariantName = "[No Variations]"
Add component (AddParameter): Name = "Packaging"; Value = "Tape and Reel"; VariantName = "[No Variations]"
Add component (AddParameter): Name = "PartNumber"; Value = "ERJ-2RKF1001X"; VariantName = "[No Variations]"
Add component (AddParameter): Name = "Pins"; Value = "2"; VariantName = "[No Variations]"
Add component (AddParameter): Name = "Power Rating"; Value = "100 mW"; VariantName = "[No Variations]"
Add component (AddParameter): Name = "Radiation Hardening"; Value = "No"; VariantName = "[No Variations]"
Add component (AddParameter): Name = "REACH SVHC"; Value = "Yes"; VariantName = "[No Variations]"
Add component (AddParameter): Name = "Resistance"; Value = "1 KOhm"; VariantName = "[No Variations]"
Add component (AddParameter): Name = "RoHSCompliant"; Value = "true"; VariantName = "[No Variations]"
Add component (AddParameter): Name = "Tolerance"; Value = "1%"; VariantName = "[No Variations]"
Add component (AddParameter): Name = "Voltage Rating"; Value = "50 V"; VariantName = "[No Variations]"
Add component (AddParameter): Name = "Width"; Value = "0.5 mm"; VariantName = "[No Variations]"
Added Component: Designator=R23_SellSensor7(RESC1005X40X25NL05T05)
Add component (AddParameter): Name = "Case Code (Imperial)"; Value = "0402"; VariantName = "[No Variations]"
Add component (AddParameter): Name = "Case Code (Metric)"; Value = "1005"; VariantName = "[No Variations]"
Add component (AddParameter): Name = "Case\/Package"; Value = "0402"; VariantName = "[No Variations]"
Add component (AddParameter): Name = "ComponentLink1Description"; Value = "Manufacturer URL"; VariantName = "[No Variations]"
Add component (AddParameter): Name = "ComponentLink1URL"; Value = "http://www.panasonic.com/"; VariantName = "[No Variations]"
Add component (AddParameter): Name = "ComponentLink2Description"; Value = "Datasheet"; VariantName = "[No Variations]"
Add component (AddParameter): Name = "ComponentLink2URL"; Value = "http://industrial.panasonic.com/cdbs/www-data/pdf/RDA0000/AOA0000C86.pdf"; VariantName = "[No Variations]"
Add component (AddParameter): Name = "DatasheetVersion"; Value = "04/2015"; VariantName = "[No Variations]"
Add component (AddParameter): Name = "Height"; Value = "0.35 mm"; VariantName = "[No Variations]"
Add component (AddParameter): Name = "Length"; Value = "1 mm"; VariantName = "[No Variations]"
Add component (AddParameter): Name = "Manufacturer"; Value = "Basic Passives"; VariantName = "[No Variations]"
Add component (AddParameter): Name = "Max Operating Temperature"; Value = "155 degC"; VariantName = "[No Variations]"
Add component (AddParameter): Name = "Min Operating Temperature"; Value = "-55 degC"; VariantName = "[No Variations]"
Add component (AddParameter): Name = "Mount"; Value = "Surface Mount"; VariantName = "[No Variations]"
Add component (AddParameter): Name = "Mounting Technology"; Value = "Surface Mount"; VariantName = "[No Variations]"
Add component (AddParameter): Name = "Package Quantity"; Value = "10000"; VariantName = "[No Variations]"
Add component (AddParameter): Name = "PackageDescription"; Value = "2-Pin Surface Mount Device, Body 1 x 0.5 mm"; VariantName = "[No Variations]"
Add component (AddParameter): Name = "PackageReference"; Value = "0402"; VariantName = "[No Variations]"
Add component (AddParameter): Name = "Packaging"; Value = "Tape and Reel"; VariantName = "[No Variations]"
Add component (AddParameter): Name = "PartNumber"; Value = "ERJ-2RKF1001X"; VariantName = "[No Variations]"
Add component (AddParameter): Name = "Pins"; Value = "2"; VariantName = "[No Variations]"
Add component (AddParameter): Name = "Power Rating"; Value = "100 mW"; VariantName = "[No Variations]"
Add component (AddParameter): Name = "Radiation Hardening"; Value = "No"; VariantName = "[No Variations]"
Add component (AddParameter): Name = "REACH SVHC"; Value = "Yes"; VariantName = "[No Variations]"
Add component (AddParameter): Name = "Resistance"; Value = "1 KOhm"; VariantName = "[No Variations]"
Add component (AddParameter): Name = "RoHSCompliant"; Value = "true"; VariantName = "[No Variations]"
Add component (AddParameter): Name = "Tolerance"; Value = "1%"; VariantName = "[No Variations]"
Add component (AddParameter): Name = "Voltage Rating"; Value = "50 V"; VariantName = "[No Variations]"
Add component (AddParameter): Name = "Width"; Value = "0.5 mm"; VariantName = "[No Variations]"
Added Component: Designator=R23_SellSensor8(RESC1005X40X25NL05T05)
Add component (AddParameter): Name = "Case Code (Imperial)"; Value = "0402"; VariantName = "[No Variations]"
Add component (AddParameter): Name = "Case Code (Metric)"; Value = "1005"; VariantName = "[No Variations]"
Add component (AddParameter): Name = "Case\/Package"; Value = "0402"; VariantName = "[No Variations]"
Add component (AddParameter): Name = "ComponentLink1Description"; Value = "Manufacturer URL"; VariantName = "[No Variations]"
Add component (AddParameter): Name = "ComponentLink1URL"; Value = "http://www.panasonic.com/"; VariantName = "[No Variations]"
Add component (AddParameter): Name = "ComponentLink2Description"; Value = "Datasheet"; VariantName = "[No Variations]"
Add component (AddParameter): Name = "ComponentLink2URL"; Value = "http://industrial.panasonic.com/cdbs/www-data/pdf/RDA0000/AOA0000C86.pdf"; VariantName = "[No Variations]"
Add component (AddParameter): Name = "DatasheetVersion"; Value = "04/2015"; VariantName = "[No Variations]"
Add component (AddParameter): Name = "Height"; Value = "0.35 mm"; VariantName = "[No Variations]"
Add component (AddParameter): Name = "Length"; Value = "1 mm"; VariantName = "[No Variations]"
Add component (AddParameter): Name = "Manufacturer"; Value = "Basic Passives"; VariantName = "[No Variations]"
Add component (AddParameter): Name = "Max Operating Temperature"; Value = "155 degC"; VariantName = "[No Variations]"
Add component (AddParameter): Name = "Min Operating Temperature"; Value = "-55 degC"; VariantName = "[No Variations]"
Add component (AddParameter): Name = "Mount"; Value = "Surface Mount"; VariantName = "[No Variations]"
Add component (AddParameter): Name = "Mounting Technology"; Value = "Surface Mount"; VariantName = "[No Variations]"
Add component (AddParameter): Name = "Package Quantity"; Value = "10000"; VariantName = "[No Variations]"
Add component (AddParameter): Name = "PackageDescription"; Value = "2-Pin Surface Mount Device, Body 1 x 0.5 mm"; VariantName = "[No Variations]"
Add component (AddParameter): Name = "PackageReference"; Value = "0402"; VariantName = "[No Variations]"
Add component (AddParameter): Name = "Packaging"; Value = "Tape and Reel"; VariantName = "[No Variations]"
Add component (AddParameter): Name = "PartNumber"; Value = "ERJ-2RKF1001X"; VariantName = "[No Variations]"
Add component (AddParameter): Name = "Pins"; Value = "2"; VariantName = "[No Variations]"
Add component (AddParameter): Name = "Power Rating"; Value = "100 mW"; VariantName = "[No Variations]"
Add component (AddParameter): Name = "Radiation Hardening"; Value = "No"; VariantName = "[No Variations]"
Add component (AddParameter): Name = "REACH SVHC"; Value = "Yes"; VariantName = "[No Variations]"
Add component (AddParameter): Name = "Resistance"; Value = "1 KOhm"; VariantName = "[No Variations]"
Add component (AddParameter): Name = "RoHSCompliant"; Value = "true"; VariantName = "[No Variations]"
Add component (AddParameter): Name = "Tolerance"; Value = "1%"; VariantName = "[No Variations]"
Add component (AddParameter): Name = "Voltage Rating"; Value = "50 V"; VariantName = "[No Variations]"
Add component (AddParameter): Name = "Width"; Value = "0.5 mm"; VariantName = "[No Variations]"
Added Component: Designator=R23_SellSensor9(RESC1005X40X25NL05T05)
Add component (AddParameter): Name = "Case Code (Imperial)"; Value = "0402"; VariantName = "[No Variations]"
Add component (AddParameter): Name = "Case Code (Metric)"; Value = "1005"; VariantName = "[No Variations]"
Add component (AddParameter): Name = "Case\/Package"; Value = "0402"; VariantName = "[No Variations]"
Add component (AddParameter): Name = "ComponentLink1Description"; Value = "Manufacturer URL"; VariantName = "[No Variations]"
Add component (AddParameter): Name = "ComponentLink1URL"; Value = "http://www.panasonic.com/"; VariantName = "[No Variations]"
Add component (AddParameter): Name = "ComponentLink2Description"; Value = "Datasheet"; VariantName = "[No Variations]"
Add component (AddParameter): Name = "ComponentLink2URL"; Value = "http://industrial.panasonic.com/cdbs/www-data/pdf/RDA0000/AOA0000C86.pdf"; VariantName = "[No Variations]"
Add component (AddParameter): Name = "DatasheetVersion"; Value = "04/2015"; VariantName = "[No Variations]"
Add component (AddParameter): Name = "Height"; Value = "0.35 mm"; VariantName = "[No Variations]"
Add component (AddParameter): Name = "Length"; Value = "1 mm"; VariantName = "[No Variations]"
Add component (AddParameter): Name = "Manufacturer"; Value = "Basic Passives"; VariantName = "[No Variations]"
Add component (AddParameter): Name = "Max Operating Temperature"; Value = "155 degC"; VariantName = "[No Variations]"
Add component (AddParameter): Name = "Min Operating Temperature"; Value = "-55 degC"; VariantName = "[No Variations]"
Add component (AddParameter): Name = "Mount"; Value = "Surface Mount"; VariantName = "[No Variations]"
Add component (AddParameter): Name = "Mounting Technology"; Value = "Surface Mount"; VariantName = "[No Variations]"
Add component (AddParameter): Name = "Package Quantity"; Value = "10000"; VariantName = "[No Variations]"
Add component (AddParameter): Name = "PackageDescription"; Value = "2-Pin Surface Mount Device, Body 1 x 0.5 mm"; VariantName = "[No Variations]"
Add component (AddParameter): Name = "PackageReference"; Value = "0402"; VariantName = "[No Variations]"
Add component (AddParameter): Name = "Packaging"; Value = "Tape and Reel"; VariantName = "[No Variations]"
Add component (AddParameter): Name = "PartNumber"; Value = "ERJ-2RKF1001X"; VariantName = "[No Variations]"
Add component (AddParameter): Name = "Pins"; Value = "2"; VariantName = "[No Variations]"
Add component (AddParameter): Name = "Power Rating"; Value = "100 mW"; VariantName = "[No Variations]"
Add component (AddParameter): Name = "Radiation Hardening"; Value = "No"; VariantName = "[No Variations]"
Add component (AddParameter): Name = "REACH SVHC"; Value = "Yes"; VariantName = "[No Variations]"
Add component (AddParameter): Name = "Resistance"; Value = "1 KOhm"; VariantName = "[No Variations]"
Add component (AddParameter): Name = "RoHSCompliant"; Value = "true"; VariantName = "[No Variations]"
Add component (AddParameter): Name = "Tolerance"; Value = "1%"; VariantName = "[No Variations]"
Add component (AddParameter): Name = "Voltage Rating"; Value = "50 V"; VariantName = "[No Variations]"
Add component (AddParameter): Name = "Width"; Value = "0.5 mm"; VariantName = "[No Variations]"
Added Component: Designator=R23_SellSensor10(RESC1005X40X25NL05T05)
Add component (AddParameter): Name = "Case Code (Imperial)"; Value = "0402"; VariantName = "[No Variations]"
Add component (AddParameter): Name = "Case Code (Metric)"; Value = "1005"; VariantName = "[No Variations]"
Add component (AddParameter): Name = "Case\/Package"; Value = "0402"; VariantName = "[No Variations]"
Add component (AddParameter): Name = "ComponentLink1Description"; Value = "Manufacturer URL"; VariantName = "[No Variations]"
Add component (AddParameter): Name = "ComponentLink1URL"; Value = "http://www.panasonic.com/"; VariantName = "[No Variations]"
Add component (AddParameter): Name = "ComponentLink2Description"; Value = "Datasheet"; VariantName = "[No Variations]"
Add component (AddParameter): Name = "ComponentLink2URL"; Value = "http://industrial.panasonic.com/cdbs/www-data/pdf/RDA0000/AOA0000C86.pdf"; VariantName = "[No Variations]"
Add component (AddParameter): Name = "DatasheetVersion"; Value = "04/2015"; VariantName = "[No Variations]"
Add component (AddParameter): Name = "Height"; Value = "0.35 mm"; VariantName = "[No Variations]"
Add component (AddParameter): Name = "Length"; Value = "1 mm"; VariantName = "[No Variations]"
Add component (AddParameter): Name = "Manufacturer"; Value = "Basic Passives"; VariantName = "[No Variations]"
Add component (AddParameter): Name = "Max Operating Temperature"; Value = "155 degC"; VariantName = "[No Variations]"
Add component (AddParameter): Name = "Min Operating Temperature"; Value = "-55 degC"; VariantName = "[No Variations]"
Add component (AddParameter): Name = "Mount"; Value = "Surface Mount"; VariantName = "[No Variations]"
Add component (AddParameter): Name = "Mounting Technology"; Value = "Surface Mount"; VariantName = "[No Variations]"
Add component (AddParameter): Name = "Package Quantity"; Value = "10000"; VariantName = "[No Variations]"
Add component (AddParameter): Name = "PackageDescription"; Value = "2-Pin Surface Mount Device, Body 1 x 0.5 mm"; VariantName = "[No Variations]"
Add component (AddParameter): Name = "PackageReference"; Value = "0402"; VariantName = "[No Variations]"
Add component (AddParameter): Name = "Packaging"; Value = "Tape and Reel"; VariantName = "[No Variations]"
Add component (AddParameter): Name = "PartNumber"; Value = "ERJ-2RKF1001X"; VariantName = "[No Variations]"
Add component (AddParameter): Name = "Pins"; Value = "2"; VariantName = "[No Variations]"
Add component (AddParameter): Name = "Power Rating"; Value = "100 mW"; VariantName = "[No Variations]"
Add component (AddParameter): Name = "Radiation Hardening"; Value = "No"; VariantName = "[No Variations]"
Add component (AddParameter): Name = "REACH SVHC"; Value = "Yes"; VariantName = "[No Variations]"
Add component (AddParameter): Name = "Resistance"; Value = "1 KOhm"; VariantName = "[No Variations]"
Add component (AddParameter): Name = "RoHSCompliant"; Value = "true"; VariantName = "[No Variations]"
Add component (AddParameter): Name = "Tolerance"; Value = "1%"; VariantName = "[No Variations]"
Add component (AddParameter): Name = "Voltage Rating"; Value = "50 V"; VariantName = "[No Variations]"
Add component (AddParameter): Name = "Width"; Value = "0.5 mm"; VariantName = "[No Variations]"
Added Component: Designator=R23_SellSensor11(RESC1005X40X25NL05T05)
Add component (AddParameter): Name = "Case Code (Imperial)"; Value = "0402"; VariantName = "[No Variations]"
Add component (AddParameter): Name = "Case Code (Metric)"; Value = "1005"; VariantName = "[No Variations]"
Add component (AddParameter): Name = "Case\/Package"; Value = "0402"; VariantName = "[No Variations]"
Add component (AddParameter): Name = "ComponentLink1Description"; Value = "Manufacturer URL"; VariantName = "[No Variations]"
Add component (AddParameter): Name = "ComponentLink1URL"; Value = "http://www.panasonic.com/"; VariantName = "[No Variations]"
Add component (AddParameter): Name = "ComponentLink2Description"; Value = "Datasheet"; VariantName = "[No Variations]"
Add component (AddParameter): Name = "ComponentLink2URL"; Value = "http://industrial.panasonic.com/cdbs/www-data/pdf/RDA0000/AOA0000C86.pdf"; VariantName = "[No Variations]"
Add component (AddParameter): Name = "DatasheetVersion"; Value = "04/2015"; VariantName = "[No Variations]"
Add component (AddParameter): Name = "Height"; Value = "0.35 mm"; VariantName = "[No Variations]"
Add component (AddParameter): Name = "Length"; Value = "1 mm"; VariantName = "[No Variations]"
Add component (AddParameter): Name = "Manufacturer"; Value = "Basic Passives"; VariantName = "[No Variations]"
Add component (AddParameter): Name = "Max Operating Temperature"; Value = "155 degC"; VariantName = "[No Variations]"
Add component (AddParameter): Name = "Min Operating Temperature"; Value = "-55 degC"; VariantName = "[No Variations]"
Add component (AddParameter): Name = "Mount"; Value = "Surface Mount"; VariantName = "[No Variations]"
Add component (AddParameter): Name = "Mounting Technology"; Value = "Surface Mount"; VariantName = "[No Variations]"
Add component (AddParameter): Name = "Package Quantity"; Value = "10000"; VariantName = "[No Variations]"
Add component (AddParameter): Name = "PackageDescription"; Value = "2-Pin Surface Mount Device, Body 1 x 0.5 mm"; VariantName = "[No Variations]"
Add component (AddParameter): Name = "PackageReference"; Value = "0402"; VariantName = "[No Variations]"
Add component (AddParameter): Name = "Packaging"; Value = "Tape and Reel"; VariantName = "[No Variations]"
Add component (AddParameter): Name = "PartNumber"; Value = "ERJ-2RKF1001X"; VariantName = "[No Variations]"
Add component (AddParameter): Name = "Pins"; Value = "2"; VariantName = "[No Variations]"
Add component (AddParameter): Name = "Power Rating"; Value = "100 mW"; VariantName = "[No Variations]"
Add component (AddParameter): Name = "Radiation Hardening"; Value = "No"; VariantName = "[No Variations]"
Add component (AddParameter): Name = "REACH SVHC"; Value = "Yes"; VariantName = "[No Variations]"
Add component (AddParameter): Name = "Resistance"; Value = "1 KOhm"; VariantName = "[No Variations]"
Add component (AddParameter): Name = "RoHSCompliant"; Value = "true"; VariantName = "[No Variations]"
Add component (AddParameter): Name = "Tolerance"; Value = "1%"; VariantName = "[No Variations]"
Add component (AddParameter): Name = "Voltage Rating"; Value = "50 V"; VariantName = "[No Variations]"
Add component (AddParameter): Name = "Width"; Value = "0.5 mm"; VariantName = "[No Variations]"
Added Component: Designator=R23_SellSensor12(RESC1005X40X25NL05T05)
Add component (AddParameter): Name = "Case Code (Imperial)"; Value = "0402"; VariantName = "[No Variations]"
Add component (AddParameter): Name = "Case Code (Metric)"; Value = "1005"; VariantName = "[No Variations]"
Add component (AddParameter): Name = "Case\/Package"; Value = "0402"; VariantName = "[No Variations]"
Add component (AddParameter): Name = "ComponentLink1Description"; Value = "Manufacturer URL"; VariantName = "[No Variations]"
Add component (AddParameter): Name = "ComponentLink1URL"; Value = "http://www.panasonic.com/"; VariantName = "[No Variations]"
Add component (AddParameter): Name = "ComponentLink2Description"; Value = "Datasheet"; VariantName = "[No Variations]"
Add component (AddParameter): Name = "ComponentLink2URL"; Value = "http://industrial.panasonic.com/cdbs/www-data/pdf/RDA0000/AOA0000C86.pdf"; VariantName = "[No Variations]"
Add component (AddParameter): Name = "DatasheetVersion"; Value = "04/2015"; VariantName = "[No Variations]"
Add component (AddParameter): Name = "Height"; Value = "0.35 mm"; VariantName = "[No Variations]"
Add component (AddParameter): Name = "Length"; Value = "1 mm"; VariantName = "[No Variations]"
Add component (AddParameter): Name = "Manufacturer"; Value = "Basic Passives"; VariantName = "[No Variations]"
Add component (AddParameter): Name = "Max Operating Temperature"; Value = "155 degC"; VariantName = "[No Variations]"
Add component (AddParameter): Name = "Min Operating Temperature"; Value = "-55 degC"; VariantName = "[No Variations]"
Add component (AddParameter): Name = "Mount"; Value = "Surface Mount"; VariantName = "[No Variations]"
Add component (AddParameter): Name = "Mounting Technology"; Value = "Surface Mount"; VariantName = "[No Variations]"
Add component (AddParameter): Name = "Package Quantity"; Value = "10000"; VariantName = "[No Variations]"
Add component (AddParameter): Name = "PackageDescription"; Value = "2-Pin Surface Mount Device, Body 1 x 0.5 mm"; VariantName = "[No Variations]"
Add component (AddParameter): Name = "PackageReference"; Value = "0402"; VariantName = "[No Variations]"
Add component (AddParameter): Name = "Packaging"; Value = "Tape and Reel"; VariantName = "[No Variations]"
Add component (AddParameter): Name = "PartNumber"; Value = "ERJ-2RKF1001X"; VariantName = "[No Variations]"
Add component (AddParameter): Name = "Pins"; Value = "2"; VariantName = "[No Variations]"
Add component (AddParameter): Name = "Power Rating"; Value = "100 mW"; VariantName = "[No Variations]"
Add component (AddParameter): Name = "Radiation Hardening"; Value = "No"; VariantName = "[No Variations]"
Add component (AddParameter): Name = "REACH SVHC"; Value = "Yes"; VariantName = "[No Variations]"
Add component (AddParameter): Name = "Resistance"; Value = "1 KOhm"; VariantName = "[No Variations]"
Add component (AddParameter): Name = "RoHSCompliant"; Value = "true"; VariantName = "[No Variations]"
Add component (AddParameter): Name = "Tolerance"; Value = "1%"; VariantName = "[No Variations]"
Add component (AddParameter): Name = "Voltage Rating"; Value = "50 V"; VariantName = "[No Variations]"
Add component (AddParameter): Name = "Width"; Value = "0.5 mm"; VariantName = "[No Variations]"
Added Component: Designator=R23_SellSensor13(RESC1005X40X25NL05T05)
Add component (AddParameter): Name = "Case Code (Imperial)"; Value = "0402"; VariantName = "[No Variations]"
Add component (AddParameter): Name = "Case Code (Metric)"; Value = "1005"; VariantName = "[No Variations]"
Add component (AddParameter): Name = "Case\/Package"; Value = "0402"; VariantName = "[No Variations]"
Add component (AddParameter): Name = "ComponentLink1Description"; Value = "Manufacturer URL"; VariantName = "[No Variations]"
Add component (AddParameter): Name = "ComponentLink1URL"; Value = "http://www.panasonic.com/"; VariantName = "[No Variations]"
Add component (AddParameter): Name = "ComponentLink2Description"; Value = "Datasheet"; VariantName = "[No Variations]"
Add component (AddParameter): Name = "ComponentLink2URL"; Value = "http://industrial.panasonic.com/cdbs/www-data/pdf/RDA0000/AOA0000C86.pdf"; VariantName = "[No Variations]"
Add component (AddParameter): Name = "DatasheetVersion"; Value = "04/2015"; VariantName = "[No Variations]"
Add component (AddParameter): Name = "Height"; Value = "0.35 mm"; VariantName = "[No Variations]"
Add component (AddParameter): Name = "Length"; Value = "1 mm"; VariantName = "[No Variations]"
Add component (AddParameter): Name = "Manufacturer"; Value = "Basic Passives"; VariantName = "[No Variations]"
Add component (AddParameter): Name = "Max Operating Temperature"; Value = "155 degC"; VariantName = "[No Variations]"
Add component (AddParameter): Name = "Min Operating Temperature"; Value = "-55 degC"; VariantName = "[No Variations]"
Add component (AddParameter): Name = "Mount"; Value = "Surface Mount"; VariantName = "[No Variations]"
Add component (AddParameter): Name = "Mounting Technology"; Value = "Surface Mount"; VariantName = "[No Variations]"
Add component (AddParameter): Name = "Package Quantity"; Value = "10000"; VariantName = "[No Variations]"
Add component (AddParameter): Name = "PackageDescription"; Value = "2-Pin Surface Mount Device, Body 1 x 0.5 mm"; VariantName = "[No Variations]"
Add component (AddParameter): Name = "PackageReference"; Value = "0402"; VariantName = "[No Variations]"
Add component (AddParameter): Name = "Packaging"; Value = "Tape and Reel"; VariantName = "[No Variations]"
Add component (AddParameter): Name = "PartNumber"; Value = "ERJ-2RKF1001X"; VariantName = "[No Variations]"
Add component (AddParameter): Name = "Pins"; Value = "2"; VariantName = "[No Variations]"
Add component (AddParameter): Name = "Power Rating"; Value = "100 mW"; VariantName = "[No Variations]"
Add component (AddParameter): Name = "Radiation Hardening"; Value = "No"; VariantName = "[No Variations]"
Add component (AddParameter): Name = "REACH SVHC"; Value = "Yes"; VariantName = "[No Variations]"
Add component (AddParameter): Name = "Resistance"; Value = "1 KOhm"; VariantName = "[No Variations]"
Add component (AddParameter): Name = "RoHSCompliant"; Value = "true"; VariantName = "[No Variations]"
Add component (AddParameter): Name = "Tolerance"; Value = "1%"; VariantName = "[No Variations]"
Add component (AddParameter): Name = "Voltage Rating"; Value = "50 V"; VariantName = "[No Variations]"
Add component (AddParameter): Name = "Width"; Value = "0.5 mm"; VariantName = "[No Variations]"
Added Component: Designator=R23_SellSensor14(RESC1005X40X25NL05T05)
Add component (AddParameter): Name = "Case Code (Imperial)"; Value = "0402"; VariantName = "[No Variations]"
Add component (AddParameter): Name = "Case Code (Metric)"; Value = "1005"; VariantName = "[No Variations]"
Add component (AddParameter): Name = "Case\/Package"; Value = "0402"; VariantName = "[No Variations]"
Add component (AddParameter): Name = "ComponentLink1Description"; Value = "Manufacturer URL"; VariantName = "[No Variations]"
Add component (AddParameter): Name = "ComponentLink1URL"; Value = "http://www.panasonic.com/"; VariantName = "[No Variations]"
Add component (AddParameter): Name = "ComponentLink2Description"; Value = "Datasheet"; VariantName = "[No Variations]"
Add component (AddParameter): Name = "ComponentLink2URL"; Value = "http://industrial.panasonic.com/cdbs/www-data/pdf/RDA0000/AOA0000C86.pdf"; VariantName = "[No Variations]"
Add component (AddParameter): Name = "DatasheetVersion"; Value = "04/2015"; VariantName = "[No Variations]"
Add component (AddParameter): Name = "Height"; Value = "0.35 mm"; VariantName = "[No Variations]"
Add component (AddParameter): Name = "Length"; Value = "1 mm"; VariantName = "[No Variations]"
Add component (AddParameter): Name = "Manufacturer"; Value = "Basic Passives"; VariantName = "[No Variations]"
Add component (AddParameter): Name = "Max Operating Temperature"; Value = "155 degC"; VariantName = "[No Variations]"
Add component (AddParameter): Name = "Min Operating Temperature"; Value = "-55 degC"; VariantName = "[No Variations]"
Add component (AddParameter): Name = "Mount"; Value = "Surface Mount"; VariantName = "[No Variations]"
Add component (AddParameter): Name = "Mounting Technology"; Value = "Surface Mount"; VariantName = "[No Variations]"
Add component (AddParameter): Name = "Package Quantity"; Value = "10000"; VariantName = "[No Variations]"
Add component (AddParameter): Name = "PackageDescription"; Value = "2-Pin Surface Mount Device, Body 1 x 0.5 mm"; VariantName = "[No Variations]"
Add component (AddParameter): Name = "PackageReference"; Value = "0402"; VariantName = "[No Variations]"
Add component (AddParameter): Name = "Packaging"; Value = "Tape and Reel"; VariantName = "[No Variations]"
Add component (AddParameter): Name = "PartNumber"; Value = "ERJ-2RKF1001X"; VariantName = "[No Variations]"
Add component (AddParameter): Name = "Pins"; Value = "2"; VariantName = "[No Variations]"
Add component (AddParameter): Name = "Power Rating"; Value = "100 mW"; VariantName = "[No Variations]"
Add component (AddParameter): Name = "Radiation Hardening"; Value = "No"; VariantName = "[No Variations]"
Add component (AddParameter): Name = "REACH SVHC"; Value = "Yes"; VariantName = "[No Variations]"
Add component (AddParameter): Name = "Resistance"; Value = "1 KOhm"; VariantName = "[No Variations]"
Add component (AddParameter): Name = "RoHSCompliant"; Value = "true"; VariantName = "[No Variations]"
Add component (AddParameter): Name = "Tolerance"; Value = "1%"; VariantName = "[No Variations]"
Add component (AddParameter): Name = "Voltage Rating"; Value = "50 V"; VariantName = "[No Variations]"
Add component (AddParameter): Name = "Width"; Value = "0.5 mm"; VariantName = "[No Variations]"
Added Component: Designator=R23_SellSensor15(RESC1005X40X25NL05T05)
Add component (AddParameter): Name = "Case Code (Imperial)"; Value = "0402"; VariantName = "[No Variations]"
Add component (AddParameter): Name = "Case Code (Metric)"; Value = "1005"; VariantName = "[No Variations]"
Add component (AddParameter): Name = "Case\/Package"; Value = "0402"; VariantName = "[No Variations]"
Add component (AddParameter): Name = "ComponentLink1Description"; Value = "Manufacturer URL"; VariantName = "[No Variations]"
Add component (AddParameter): Name = "ComponentLink1URL"; Value = "http://www.panasonic.com/"; VariantName = "[No Variations]"
Add component (AddParameter): Name = "ComponentLink2Description"; Value = "Datasheet"; VariantName = "[No Variations]"
Add component (AddParameter): Name = "ComponentLink2URL"; Value = "http://industrial.panasonic.com/cdbs/www-data/pdf/RDA0000/AOA0000C86.pdf"; VariantName = "[No Variations]"
Add component (AddParameter): Name = "DatasheetVersion"; Value = "04/2015"; VariantName = "[No Variations]"
Add component (AddParameter): Name = "Height"; Value = "0.35 mm"; VariantName = "[No Variations]"
Add component (AddParameter): Name = "Length"; Value = "1 mm"; VariantName = "[No Variations]"
Add component (AddParameter): Name = "Manufacturer"; Value = "Basic Passives"; VariantName = "[No Variations]"
Add component (AddParameter): Name = "Max Operating Temperature"; Value = "155 degC"; VariantName = "[No Variations]"
Add component (AddParameter): Name = "Min Operating Temperature"; Value = "-55 degC"; VariantName = "[No Variations]"
Add component (AddParameter): Name = "Mount"; Value = "Surface Mount"; VariantName = "[No Variations]"
Add component (AddParameter): Name = "Mounting Technology"; Value = "Surface Mount"; VariantName = "[No Variations]"
Add component (AddParameter): Name = "Package Quantity"; Value = "10000"; VariantName = "[No Variations]"
Add component (AddParameter): Name = "PackageDescription"; Value = "2-Pin Surface Mount Device, Body 1 x 0.5 mm"; VariantName = "[No Variations]"
Add component (AddParameter): Name = "PackageReference"; Value = "0402"; VariantName = "[No Variations]"
Add component (AddParameter): Name = "Packaging"; Value = "Tape and Reel"; VariantName = "[No Variations]"
Add component (AddParameter): Name = "PartNumber"; Value = "ERJ-2RKF1001X"; VariantName = "[No Variations]"
Add component (AddParameter): Name = "Pins"; Value = "2"; VariantName = "[No Variations]"
Add component (AddParameter): Name = "Power Rating"; Value = "100 mW"; VariantName = "[No Variations]"
Add component (AddParameter): Name = "Radiation Hardening"; Value = "No"; VariantName = "[No Variations]"
Add component (AddParameter): Name = "REACH SVHC"; Value = "Yes"; VariantName = "[No Variations]"
Add component (AddParameter): Name = "Resistance"; Value = "1 KOhm"; VariantName = "[No Variations]"
Add component (AddParameter): Name = "RoHSCompliant"; Value = "true"; VariantName = "[No Variations]"
Add component (AddParameter): Name = "Tolerance"; Value = "1%"; VariantName = "[No Variations]"
Add component (AddParameter): Name = "Voltage Rating"; Value = "50 V"; VariantName = "[No Variations]"
Add component (AddParameter): Name = "Width"; Value = "0.5 mm"; VariantName = "[No Variations]"
Added Component: Designator=R23_SellSensor16(RESC1005X40X25NL05T05)
Add component (AddParameter): Name = "Case Code (Imperial)"; Value = "0402"; VariantName = "[No Variations]"
Add component (AddParameter): Name = "Case Code (Metric)"; Value = "1005"; VariantName = "[No Variations]"
Add component (AddParameter): Name = "Case\/Package"; Value = "0402"; VariantName = "[No Variations]"
Add component (AddParameter): Name = "ComponentLink1Description"; Value = "Manufacturer URL"; VariantName = "[No Variations]"
Add component (AddParameter): Name = "ComponentLink1URL"; Value = "http://www.panasonic.com/"; VariantName = "[No Variations]"
Add component (AddParameter): Name = "ComponentLink2Description"; Value = "Datasheet"; VariantName = "[No Variations]"
Add component (AddParameter): Name = "ComponentLink2URL"; Value = "http://industrial.panasonic.com/cdbs/www-data/pdf/RDA0000/AOA0000C86.pdf"; VariantName = "[No Variations]"
Add component (AddParameter): Name = "DatasheetVersion"; Value = "04/2015"; VariantName = "[No Variations]"
Add component (AddParameter): Name = "Height"; Value = "0.35 mm"; VariantName = "[No Variations]"
Add component (AddParameter): Name = "Length"; Value = "1 mm"; VariantName = "[No Variations]"
Add component (AddParameter): Name = "Manufacturer"; Value = "Basic Passives"; VariantName = "[No Variations]"
Add component (AddParameter): Name = "Max Operating Temperature"; Value = "155 degC"; VariantName = "[No Variations]"
Add component (AddParameter): Name = "Min Operating Temperature"; Value = "-55 degC"; VariantName = "[No Variations]"
Add component (AddParameter): Name = "Mount"; Value = "Surface Mount"; VariantName = "[No Variations]"
Add component (AddParameter): Name = "Mounting Technology"; Value = "Surface Mount"; VariantName = "[No Variations]"
Add component (AddParameter): Name = "Package Quantity"; Value = "10000"; VariantName = "[No Variations]"
Add component (AddParameter): Name = "PackageDescription"; Value = "2-Pin Surface Mount Device, Body 1 x 0.5 mm"; VariantName = "[No Variations]"
Add component (AddParameter): Name = "PackageReference"; Value = "0402"; VariantName = "[No Variations]"
Add component (AddParameter): Name = "Packaging"; Value = "Tape and Reel"; VariantName = "[No Variations]"
Add component (AddParameter): Name = "PartNumber"; Value = "ERJ-2RKF1001X"; VariantName = "[No Variations]"
Add component (AddParameter): Name = "Pins"; Value = "2"; VariantName = "[No Variations]"
Add component (AddParameter): Name = "Power Rating"; Value = "100 mW"; VariantName = "[No Variations]"
Add component (AddParameter): Name = "Radiation Hardening"; Value = "No"; VariantName = "[No Variations]"
Add component (AddParameter): Name = "REACH SVHC"; Value = "Yes"; VariantName = "[No Variations]"
Add component (AddParameter): Name = "Resistance"; Value = "1 KOhm"; VariantName = "[No Variations]"
Add component (AddParameter): Name = "RoHSCompliant"; Value = "true"; VariantName = "[No Variations]"
Add component (AddParameter): Name = "Tolerance"; Value = "1%"; VariantName = "[No Variations]"
Add component (AddParameter): Name = "Voltage Rating"; Value = "50 V"; VariantName = "[No Variations]"
Add component (AddParameter): Name = "Width"; Value = "0.5 mm"; VariantName = "[No Variations]"
Added Component: Designator=R23_SellSensor17(RESC1005X40X25NL05T05)
Add component (AddParameter): Name = "Case Code (Imperial)"; Value = "0402"; VariantName = "[No Variations]"
Add component (AddParameter): Name = "Case Code (Metric)"; Value = "1005"; VariantName = "[No Variations]"
Add component (AddParameter): Name = "Case\/Package"; Value = "0402"; VariantName = "[No Variations]"
Add component (AddParameter): Name = "ComponentLink1Description"; Value = "Manufacturer URL"; VariantName = "[No Variations]"
Add component (AddParameter): Name = "ComponentLink1URL"; Value = "http://www.panasonic.com/"; VariantName = "[No Variations]"
Add component (AddParameter): Name = "ComponentLink2Description"; Value = "Datasheet"; VariantName = "[No Variations]"
Add component (AddParameter): Name = "ComponentLink2URL"; Value = "http://industrial.panasonic.com/cdbs/www-data/pdf/RDA0000/AOA0000C86.pdf"; VariantName = "[No Variations]"
Add component (AddParameter): Name = "DatasheetVersion"; Value = "04/2015"; VariantName = "[No Variations]"
Add component (AddParameter): Name = "Height"; Value = "0.35 mm"; VariantName = "[No Variations]"
Add component (AddParameter): Name = "Length"; Value = "1 mm"; VariantName = "[No Variations]"
Add component (AddParameter): Name = "Manufacturer"; Value = "Basic Passives"; VariantName = "[No Variations]"
Add component (AddParameter): Name = "Max Operating Temperature"; Value = "155 degC"; VariantName = "[No Variations]"
Add component (AddParameter): Name = "Min Operating Temperature"; Value = "-55 degC"; VariantName = "[No Variations]"
Add component (AddParameter): Name = "Mount"; Value = "Surface Mount"; VariantName = "[No Variations]"
Add component (AddParameter): Name = "Mounting Technology"; Value = "Surface Mount"; VariantName = "[No Variations]"
Add component (AddParameter): Name = "Package Quantity"; Value = "10000"; VariantName = "[No Variations]"
Add component (AddParameter): Name = "PackageDescription"; Value = "2-Pin Surface Mount Device, Body 1 x 0.5 mm"; VariantName = "[No Variations]"
Add component (AddParameter): Name = "PackageReference"; Value = "0402"; VariantName = "[No Variations]"
Add component (AddParameter): Name = "Packaging"; Value = "Tape and Reel"; VariantName = "[No Variations]"
Add component (AddParameter): Name = "PartNumber"; Value = "ERJ-2RKF1001X"; VariantName = "[No Variations]"
Add component (AddParameter): Name = "Pins"; Value = "2"; VariantName = "[No Variations]"
Add component (AddParameter): Name = "Power Rating"; Value = "100 mW"; VariantName = "[No Variations]"
Add component (AddParameter): Name = "Radiation Hardening"; Value = "No"; VariantName = "[No Variations]"
Add component (AddParameter): Name = "REACH SVHC"; Value = "Yes"; VariantName = "[No Variations]"
Add component (AddParameter): Name = "Resistance"; Value = "1 KOhm"; VariantName = "[No Variations]"
Add component (AddParameter): Name = "RoHSCompliant"; Value = "true"; VariantName = "[No Variations]"
Add component (AddParameter): Name = "Tolerance"; Value = "1%"; VariantName = "[No Variations]"
Add component (AddParameter): Name = "Voltage Rating"; Value = "50 V"; VariantName = "[No Variations]"
Add component (AddParameter): Name = "Width"; Value = "0.5 mm"; VariantName = "[No Variations]"
Added Component: Designator=R23_SellSensor18(RESC1005X40X25NL05T05)
Add component (AddParameter): Name = "Case Code (Imperial)"; Value = "0402"; VariantName = "[No Variations]"
Add component (AddParameter): Name = "Case Code (Metric)"; Value = "1005"; VariantName = "[No Variations]"
Add component (AddParameter): Name = "Case\/Package"; Value = "0402"; VariantName = "[No Variations]"
Add component (AddParameter): Name = "ComponentLink1Description"; Value = "Manufacturer URL"; VariantName = "[No Variations]"
Add component (AddParameter): Name = "ComponentLink1URL"; Value = "http://www.panasonic.com/"; VariantName = "[No Variations]"
Add component (AddParameter): Name = "ComponentLink2Description"; Value = "Datasheet"; VariantName = "[No Variations]"
Add component (AddParameter): Name = "ComponentLink2URL"; Value = "http://industrial.panasonic.com/cdbs/www-data/pdf/RDA0000/AOA0000C86.pdf"; VariantName = "[No Variations]"
Add component (AddParameter): Name = "DatasheetVersion"; Value = "04/2015"; VariantName = "[No Variations]"
Add component (AddParameter): Name = "Height"; Value = "0.35 mm"; VariantName = "[No Variations]"
Add component (AddParameter): Name = "Length"; Value = "1 mm"; VariantName = "[No Variations]"
Add component (AddParameter): Name = "Manufacturer"; Value = "Basic Passives"; VariantName = "[No Variations]"
Add component (AddParameter): Name = "Max Operating Temperature"; Value = "155 degC"; VariantName = "[No Variations]"
Add component (AddParameter): Name = "Min Operating Temperature"; Value = "-55 degC"; VariantName = "[No Variations]"
Add component (AddParameter): Name = "Mount"; Value = "Surface Mount"; VariantName = "[No Variations]"
Add component (AddParameter): Name = "Mounting Technology"; Value = "Surface Mount"; VariantName = "[No Variations]"
Add component (AddParameter): Name = "Package Quantity"; Value = "10000"; VariantName = "[No Variations]"
Add component (AddParameter): Name = "PackageDescription"; Value = "2-Pin Surface Mount Device, Body 1 x 0.5 mm"; VariantName = "[No Variations]"
Add component (AddParameter): Name = "PackageReference"; Value = "0402"; VariantName = "[No Variations]"
Add component (AddParameter): Name = "Packaging"; Value = "Tape and Reel"; VariantName = "[No Variations]"
Add component (AddParameter): Name = "PartNumber"; Value = "ERJ-2RKF1001X"; VariantName = "[No Variations]"
Add component (AddParameter): Name = "Pins"; Value = "2"; VariantName = "[No Variations]"
Add component (AddParameter): Name = "Power Rating"; Value = "100 mW"; VariantName = "[No Variations]"
Add component (AddParameter): Name = "Radiation Hardening"; Value = "No"; VariantName = "[No Variations]"
Add component (AddParameter): Name = "REACH SVHC"; Value = "Yes"; VariantName = "[No Variations]"
Add component (AddParameter): Name = "Resistance"; Value = "1 KOhm"; VariantName = "[No Variations]"
Add component (AddParameter): Name = "RoHSCompliant"; Value = "true"; VariantName = "[No Variations]"
Add component (AddParameter): Name = "Tolerance"; Value = "1%"; VariantName = "[No Variations]"
Add component (AddParameter): Name = "Voltage Rating"; Value = "50 V"; VariantName = "[No Variations]"
Add component (AddParameter): Name = "Width"; Value = "0.5 mm"; VariantName = "[No Variations]"
Added Component: Designator=R23_SellSensor19(RESC1005X40X25NL05T05)
Add component (AddParameter): Name = "Case Code (Imperial)"; Value = "0402"; VariantName = "[No Variations]"
Add component (AddParameter): Name = "Case Code (Metric)"; Value = "1005"; VariantName = "[No Variations]"
Add component (AddParameter): Name = "Case\/Package"; Value = "0402"; VariantName = "[No Variations]"
Add component (AddParameter): Name = "ComponentLink1Description"; Value = "Manufacturer URL"; VariantName = "[No Variations]"
Add component (AddParameter): Name = "ComponentLink1URL"; Value = "http://www.panasonic.com/"; VariantName = "[No Variations]"
Add component (AddParameter): Name = "ComponentLink2Description"; Value = "Datasheet"; VariantName = "[No Variations]"
Add component (AddParameter): Name = "ComponentLink2URL"; Value = "http://industrial.panasonic.com/cdbs/www-data/pdf/RDA0000/AOA0000C86.pdf"; VariantName = "[No Variations]"
Add component (AddParameter): Name = "DatasheetVersion"; Value = "04/2015"; VariantName = "[No Variations]"
Add component (AddParameter): Name = "Height"; Value = "0.35 mm"; VariantName = "[No Variations]"
Add component (AddParameter): Name = "Length"; Value = "1 mm"; VariantName = "[No Variations]"
Add component (AddParameter): Name = "Manufacturer"; Value = "Basic Passives"; VariantName = "[No Variations]"
Add component (AddParameter): Name = "Max Operating Temperature"; Value = "155 degC"; VariantName = "[No Variations]"
Add component (AddParameter): Name = "Min Operating Temperature"; Value = "-55 degC"; VariantName = "[No Variations]"
Add component (AddParameter): Name = "Mount"; Value = "Surface Mount"; VariantName = "[No Variations]"
Add component (AddParameter): Name = "Mounting Technology"; Value = "Surface Mount"; VariantName = "[No Variations]"
Add component (AddParameter): Name = "Package Quantity"; Value = "10000"; VariantName = "[No Variations]"
Add component (AddParameter): Name = "PackageDescription"; Value = "2-Pin Surface Mount Device, Body 1 x 0.5 mm"; VariantName = "[No Variations]"
Add component (AddParameter): Name = "PackageReference"; Value = "0402"; VariantName = "[No Variations]"
Add component (AddParameter): Name = "Packaging"; Value = "Tape and Reel"; VariantName = "[No Variations]"
Add component (AddParameter): Name = "PartNumber"; Value = "ERJ-2RKF1001X"; VariantName = "[No Variations]"
Add component (AddParameter): Name = "Pins"; Value = "2"; VariantName = "[No Variations]"
Add component (AddParameter): Name = "Power Rating"; Value = "100 mW"; VariantName = "[No Variations]"
Add component (AddParameter): Name = "Radiation Hardening"; Value = "No"; VariantName = "[No Variations]"
Add component (AddParameter): Name = "REACH SVHC"; Value = "Yes"; VariantName = "[No Variations]"
Add component (AddParameter): Name = "Resistance"; Value = "1 KOhm"; VariantName = "[No Variations]"
Add component (AddParameter): Name = "RoHSCompliant"; Value = "true"; VariantName = "[No Variations]"
Add component (AddParameter): Name = "Tolerance"; Value = "1%"; VariantName = "[No Variations]"
Add component (AddParameter): Name = "Voltage Rating"; Value = "50 V"; VariantName = "[No Variations]"
Add component (AddParameter): Name = "Width"; Value = "0.5 mm"; VariantName = "[No Variations]"
Added Component: Designator=R23_SellSensor20(RESC1005X40X25NL05T05)
Add component (AddParameter): Name = "Case Code (Imperial)"; Value = "0402"; VariantName = "[No Variations]"
Add component (AddParameter): Name = "Case Code (Metric)"; Value = "1005"; VariantName = "[No Variations]"
Add component (AddParameter): Name = "Case\/Package"; Value = "0402"; VariantName = "[No Variations]"
Add component (AddParameter): Name = "ComponentLink1Description"; Value = "Manufacturer URL"; VariantName = "[No Variations]"
Add component (AddParameter): Name = "ComponentLink1URL"; Value = "http://www.panasonic.com/"; VariantName = "[No Variations]"
Add component (AddParameter): Name = "ComponentLink2Description"; Value = "Datasheet"; VariantName = "[No Variations]"
Add component (AddParameter): Name = "ComponentLink2URL"; Value = "http://industrial.panasonic.com/cdbs/www-data/pdf/RDA0000/AOA0000C86.pdf"; VariantName = "[No Variations]"
Add component (AddParameter): Name = "DatasheetVersion"; Value = "04/2015"; VariantName = "[No Variations]"
Add component (AddParameter): Name = "Height"; Value = "0.35 mm"; VariantName = "[No Variations]"
Add component (AddParameter): Name = "Length"; Value = "1 mm"; VariantName = "[No Variations]"
Add component (AddParameter): Name = "Manufacturer"; Value = "Basic Passives"; VariantName = "[No Variations]"
Add component (AddParameter): Name = "Max Operating Temperature"; Value = "155 degC"; VariantName = "[No Variations]"
Add component (AddParameter): Name = "Min Operating Temperature"; Value = "-55 degC"; VariantName = "[No Variations]"
Add component (AddParameter): Name = "Mount"; Value = "Surface Mount"; VariantName = "[No Variations]"
Add component (AddParameter): Name = "Mounting Technology"; Value = "Surface Mount"; VariantName = "[No Variations]"
Add component (AddParameter): Name = "Package Quantity"; Value = "10000"; VariantName = "[No Variations]"
Add component (AddParameter): Name = "PackageDescription"; Value = "2-Pin Surface Mount Device, Body 1 x 0.5 mm"; VariantName = "[No Variations]"
Add component (AddParameter): Name = "PackageReference"; Value = "0402"; VariantName = "[No Variations]"
Add component (AddParameter): Name = "Packaging"; Value = "Tape and Reel"; VariantName = "[No Variations]"
Add component (AddParameter): Name = "PartNumber"; Value = "ERJ-2RKF1001X"; VariantName = "[No Variations]"
Add component (AddParameter): Name = "Pins"; Value = "2"; VariantName = "[No Variations]"
Add component (AddParameter): Name = "Power Rating"; Value = "100 mW"; VariantName = "[No Variations]"
Add component (AddParameter): Name = "Radiation Hardening"; Value = "No"; VariantName = "[No Variations]"
Add component (AddParameter): Name = "REACH SVHC"; Value = "Yes"; VariantName = "[No Variations]"
Add component (AddParameter): Name = "Resistance"; Value = "1 KOhm"; VariantName = "[No Variations]"
Add component (AddParameter): Name = "RoHSCompliant"; Value = "true"; VariantName = "[No Variations]"
Add component (AddParameter): Name = "Tolerance"; Value = "1%"; VariantName = "[No Variations]"
Add component (AddParameter): Name = "Voltage Rating"; Value = "50 V"; VariantName = "[No Variations]"
Add component (AddParameter): Name = "Width"; Value = "0.5 mm"; VariantName = "[No Variations]"
Added Component: Designator=R23_SellSensor21(RESC1005X40X25NL05T05)
Add component (AddParameter): Name = "Case Code (Imperial)"; Value = "0402"; VariantName = "[No Variations]"
Add component (AddParameter): Name = "Case Code (Metric)"; Value = "1005"; VariantName = "[No Variations]"
Add component (AddParameter): Name = "Case\/Package"; Value = "0402"; VariantName = "[No Variations]"
Add component (AddParameter): Name = "ComponentLink1Description"; Value = "Manufacturer URL"; VariantName = "[No Variations]"
Add component (AddParameter): Name = "ComponentLink1URL"; Value = "http://www.panasonic.com/"; VariantName = "[No Variations]"
Add component (AddParameter): Name = "ComponentLink2Description"; Value = "Datasheet"; VariantName = "[No Variations]"
Add component (AddParameter): Name = "ComponentLink2URL"; Value = "http://industrial.panasonic.com/cdbs/www-data/pdf/RDA0000/AOA0000C86.pdf"; VariantName = "[No Variations]"
Add component (AddParameter): Name = "DatasheetVersion"; Value = "04/2015"; VariantName = "[No Variations]"
Add component (AddParameter): Name = "Height"; Value = "0.35 mm"; VariantName = "[No Variations]"
Add component (AddParameter): Name = "Length"; Value = "1 mm"; VariantName = "[No Variations]"
Add component (AddParameter): Name = "Manufacturer"; Value = "Basic Passives"; VariantName = "[No Variations]"
Add component (AddParameter): Name = "Max Operating Temperature"; Value = "155 degC"; VariantName = "[No Variations]"
Add component (AddParameter): Name = "Min Operating Temperature"; Value = "-55 degC"; VariantName = "[No Variations]"
Add component (AddParameter): Name = "Mount"; Value = "Surface Mount"; VariantName = "[No Variations]"
Add component (AddParameter): Name = "Mounting Technology"; Value = "Surface Mount"; VariantName = "[No Variations]"
Add component (AddParameter): Name = "Package Quantity"; Value = "10000"; VariantName = "[No Variations]"
Add component (AddParameter): Name = "PackageDescription"; Value = "2-Pin Surface Mount Device, Body 1 x 0.5 mm"; VariantName = "[No Variations]"
Add component (AddParameter): Name = "PackageReference"; Value = "0402"; VariantName = "[No Variations]"
Add component (AddParameter): Name = "Packaging"; Value = "Tape and Reel"; VariantName = "[No Variations]"
Add component (AddParameter): Name = "PartNumber"; Value = "ERJ-2RKF1001X"; VariantName = "[No Variations]"
Add component (AddParameter): Name = "Pins"; Value = "2"; VariantName = "[No Variations]"
Add component (AddParameter): Name = "Power Rating"; Value = "100 mW"; VariantName = "[No Variations]"
Add component (AddParameter): Name = "Radiation Hardening"; Value = "No"; VariantName = "[No Variations]"
Add component (AddParameter): Name = "REACH SVHC"; Value = "Yes"; VariantName = "[No Variations]"
Add component (AddParameter): Name = "Resistance"; Value = "1 KOhm"; VariantName = "[No Variations]"
Add component (AddParameter): Name = "RoHSCompliant"; Value = "true"; VariantName = "[No Variations]"
Add component (AddParameter): Name = "Tolerance"; Value = "1%"; VariantName = "[No Variations]"
Add component (AddParameter): Name = "Voltage Rating"; Value = "50 V"; VariantName = "[No Variations]"
Add component (AddParameter): Name = "Width"; Value = "0.5 mm"; VariantName = "[No Variations]"
Added Component: Designator=R23_SellSensor22(RESC1005X40X25NL05T05)
Add component (AddParameter): Name = "Case Code (Imperial)"; Value = "0402"; VariantName = "[No Variations]"
Add component (AddParameter): Name = "Case Code (Metric)"; Value = "1005"; VariantName = "[No Variations]"
Add component (AddParameter): Name = "Case\/Package"; Value = "0402"; VariantName = "[No Variations]"
Add component (AddParameter): Name = "ComponentLink1Description"; Value = "Manufacturer URL"; VariantName = "[No Variations]"
Add component (AddParameter): Name = "ComponentLink1URL"; Value = "http://www.panasonic.com/"; VariantName = "[No Variations]"
Add component (AddParameter): Name = "ComponentLink2Description"; Value = "Datasheet"; VariantName = "[No Variations]"
Add component (AddParameter): Name = "ComponentLink2URL"; Value = "http://industrial.panasonic.com/cdbs/www-data/pdf/RDA0000/AOA0000C86.pdf"; VariantName = "[No Variations]"
Add component (AddParameter): Name = "DatasheetVersion"; Value = "04/2015"; VariantName = "[No Variations]"
Add component (AddParameter): Name = "Height"; Value = "0.35 mm"; VariantName = "[No Variations]"
Add component (AddParameter): Name = "Length"; Value = "1 mm"; VariantName = "[No Variations]"
Add component (AddParameter): Name = "Manufacturer"; Value = "Basic Passives"; VariantName = "[No Variations]"
Add component (AddParameter): Name = "Max Operating Temperature"; Value = "155 degC"; VariantName = "[No Variations]"
Add component (AddParameter): Name = "Min Operating Temperature"; Value = "-55 degC"; VariantName = "[No Variations]"
Add component (AddParameter): Name = "Mount"; Value = "Surface Mount"; VariantName = "[No Variations]"
Add component (AddParameter): Name = "Mounting Technology"; Value = "Surface Mount"; VariantName = "[No Variations]"
Add component (AddParameter): Name = "Package Quantity"; Value = "10000"; VariantName = "[No Variations]"
Add component (AddParameter): Name = "PackageDescription"; Value = "2-Pin Surface Mount Device, Body 1 x 0.5 mm"; VariantName = "[No Variations]"
Add component (AddParameter): Name = "PackageReference"; Value = "0402"; VariantName = "[No Variations]"
Add component (AddParameter): Name = "Packaging"; Value = "Tape and Reel"; VariantName = "[No Variations]"
Add component (AddParameter): Name = "PartNumber"; Value = "ERJ-2RKF1001X"; VariantName = "[No Variations]"
Add component (AddParameter): Name = "Pins"; Value = "2"; VariantName = "[No Variations]"
Add component (AddParameter): Name = "Power Rating"; Value = "100 mW"; VariantName = "[No Variations]"
Add component (AddParameter): Name = "Radiation Hardening"; Value = "No"; VariantName = "[No Variations]"
Add component (AddParameter): Name = "REACH SVHC"; Value = "Yes"; VariantName = "[No Variations]"
Add component (AddParameter): Name = "Resistance"; Value = "1 KOhm"; VariantName = "[No Variations]"
Add component (AddParameter): Name = "RoHSCompliant"; Value = "true"; VariantName = "[No Variations]"
Add component (AddParameter): Name = "Tolerance"; Value = "1%"; VariantName = "[No Variations]"
Add component (AddParameter): Name = "Voltage Rating"; Value = "50 V"; VariantName = "[No Variations]"
Add component (AddParameter): Name = "Width"; Value = "0.5 mm"; VariantName = "[No Variations]"
Added Component: Designator=R23_SellSensor23(RESC1005X40X25NL05T05)
Add component (AddParameter): Name = "Case Code (Imperial)"; Value = "0402"; VariantName = "[No Variations]"
Add component (AddParameter): Name = "Case Code (Metric)"; Value = "1005"; VariantName = "[No Variations]"
Add component (AddParameter): Name = "Case\/Package"; Value = "0402"; VariantName = "[No Variations]"
Add component (AddParameter): Name = "ComponentLink1Description"; Value = "Manufacturer URL"; VariantName = "[No Variations]"
Add component (AddParameter): Name = "ComponentLink1URL"; Value = "http://www.panasonic.com/"; VariantName = "[No Variations]"
Add component (AddParameter): Name = "ComponentLink2Description"; Value = "Datasheet"; VariantName = "[No Variations]"
Add component (AddParameter): Name = "ComponentLink2URL"; Value = "http://industrial.panasonic.com/cdbs/www-data/pdf/RDA0000/AOA0000C86.pdf"; VariantName = "[No Variations]"
Add component (AddParameter): Name = "DatasheetVersion"; Value = "04/2015"; VariantName = "[No Variations]"
Add component (AddParameter): Name = "Height"; Value = "0.35 mm"; VariantName = "[No Variations]"
Add component (AddParameter): Name = "Length"; Value = "1 mm"; VariantName = "[No Variations]"
Add component (AddParameter): Name = "Manufacturer"; Value = "Basic Passives"; VariantName = "[No Variations]"
Add component (AddParameter): Name = "Max Operating Temperature"; Value = "155 degC"; VariantName = "[No Variations]"
Add component (AddParameter): Name = "Min Operating Temperature"; Value = "-55 degC"; VariantName = "[No Variations]"
Add component (AddParameter): Name = "Mount"; Value = "Surface Mount"; VariantName = "[No Variations]"
Add component (AddParameter): Name = "Mounting Technology"; Value = "Surface Mount"; VariantName = "[No Variations]"
Add component (AddParameter): Name = "Package Quantity"; Value = "10000"; VariantName = "[No Variations]"
Add component (AddParameter): Name = "PackageDescription"; Value = "2-Pin Surface Mount Device, Body 1 x 0.5 mm"; VariantName = "[No Variations]"
Add component (AddParameter): Name = "PackageReference"; Value = "0402"; VariantName = "[No Variations]"
Add component (AddParameter): Name = "Packaging"; Value = "Tape and Reel"; VariantName = "[No Variations]"
Add component (AddParameter): Name = "PartNumber"; Value = "ERJ-2RKF1001X"; VariantName = "[No Variations]"
Add component (AddParameter): Name = "Pins"; Value = "2"; VariantName = "[No Variations]"
Add component (AddParameter): Name = "Power Rating"; Value = "100 mW"; VariantName = "[No Variations]"
Add component (AddParameter): Name = "Radiation Hardening"; Value = "No"; VariantName = "[No Variations]"
Add component (AddParameter): Name = "REACH SVHC"; Value = "Yes"; VariantName = "[No Variations]"
Add component (AddParameter): Name = "Resistance"; Value = "1 KOhm"; VariantName = "[No Variations]"
Add component (AddParameter): Name = "RoHSCompliant"; Value = "true"; VariantName = "[No Variations]"
Add component (AddParameter): Name = "Tolerance"; Value = "1%"; VariantName = "[No Variations]"
Add component (AddParameter): Name = "Voltage Rating"; Value = "50 V"; VariantName = "[No Variations]"
Add component (AddParameter): Name = "Width"; Value = "0.5 mm"; VariantName = "[No Variations]"
Added Component: Designator=U3_SellSensor1(ONSC-SOIC-14-751A-03_V)
Add component (AddParameter): Name = "ComponentLink1Description"; Value = "Manufacturer URL"; VariantName = "[No Variations]"
Add component (AddParameter): Name = "ComponentLink1URL"; Value = "http://www.onsemi.com/"; VariantName = "[No Variations]"
Add component (AddParameter): Name = "ComponentLink2Description"; Value = "Datasheet"; VariantName = "[No Variations]"
Add component (AddParameter): Name = "ComponentLink2URL"; Value = "http://www.onsemi.cn/pub_link/Collateral/LM324-D.PDF"; VariantName = "[No Variations]"
Add component (AddParameter): Name = "ComponentLink3Description"; Value = "Package Specification"; VariantName = "[No Variations]"
Add component (AddParameter): Name = "ComponentLink3URL"; Value = "http://www.onsemi.com/pub_link/Collateral/751A-03.PDF"; VariantName = "[No Variations]"
Add component (AddParameter): Name = "DatasheetVersion"; Value = "Rev. 25"; VariantName = "[No Variations]"
Add component (AddParameter): Name = "Manufacturer"; Value = "On Semiconductor"; VariantName = "[No Variations]"
Add component (AddParameter): Name = "Mounting Technology"; Value = "Surface Mount"; VariantName = "[No Variations]"
Add component (AddParameter): Name = "PackageDescription"; Value = "14-Pin Small Outline Integrated Circuit, Body 8.65 x 3.9 mm, Pitch 1.27 mm"; VariantName = "[No Variations]"
Add component (AddParameter): Name = "PackageReference"; Value = "SOIC-14-751A-03"; VariantName = "[No Variations]"
Add component (AddParameter): Name = "PackageVersion"; Value = "Rev. K, 05/2011"; VariantName = "[No Variations]"
Add component (AddParameter): Name = "Packing"; Value = "Tape and Reel"; VariantName = "[No Variations]"
Add component (AddParameter): Name = "PartNumber"; Value = "LM324DR2G"; VariantName = "[No Variations]"
Add component (AddParameter): Name = "RoHS"; Value = "TRUE"; VariantName = "[No Variations]"
Add component (AddParameter): Name = "VCC Max (V)"; Value = "32"; VariantName = "[No Variations]"
Add component (AddParameter): Name = "VCC Min (V)"; Value = "3"; VariantName = "[No Variations]"
Added Component: Designator=U3_SellSensor2(ONSC-SOIC-14-751A-03_V)
Add component (AddParameter): Name = "ComponentLink1Description"; Value = "Manufacturer URL"; VariantName = "[No Variations]"
Add component (AddParameter): Name = "ComponentLink1URL"; Value = "http://www.onsemi.com/"; VariantName = "[No Variations]"
Add component (AddParameter): Name = "ComponentLink2Description"; Value = "Datasheet"; VariantName = "[No Variations]"
Add component (AddParameter): Name = "ComponentLink2URL"; Value = "http://www.onsemi.cn/pub_link/Collateral/LM324-D.PDF"; VariantName = "[No Variations]"
Add component (AddParameter): Name = "ComponentLink3Description"; Value = "Package Specification"; VariantName = "[No Variations]"
Add component (AddParameter): Name = "ComponentLink3URL"; Value = "http://www.onsemi.com/pub_link/Collateral/751A-03.PDF"; VariantName = "[No Variations]"
Add component (AddParameter): Name = "DatasheetVersion"; Value = "Rev. 25"; VariantName = "[No Variations]"
Add component (AddParameter): Name = "Manufacturer"; Value = "On Semiconductor"; VariantName = "[No Variations]"
Add component (AddParameter): Name = "Mounting Technology"; Value = "Surface Mount"; VariantName = "[No Variations]"
Add component (AddParameter): Name = "PackageDescription"; Value = "14-Pin Small Outline Integrated Circuit, Body 8.65 x 3.9 mm, Pitch 1.27 mm"; VariantName = "[No Variations]"
Add component (AddParameter): Name = "PackageReference"; Value = "SOIC-14-751A-03"; VariantName = "[No Variations]"
Add component (AddParameter): Name = "PackageVersion"; Value = "Rev. K, 05/2011"; VariantName = "[No Variations]"
Add component (AddParameter): Name = "Packing"; Value = "Tape and Reel"; VariantName = "[No Variations]"
Add component (AddParameter): Name = "PartNumber"; Value = "LM324DR2G"; VariantName = "[No Variations]"
Add component (AddParameter): Name = "RoHS"; Value = "TRUE"; VariantName = "[No Variations]"
Add component (AddParameter): Name = "VCC Max (V)"; Value = "32"; VariantName = "[No Variations]"
Add component (AddParameter): Name = "VCC Min (V)"; Value = "3"; VariantName = "[No Variations]"
Added Component: Designator=U3_SellSensor3(ONSC-SOIC-14-751A-03_V)
Add component (AddParameter): Name = "ComponentLink1Description"; Value = "Manufacturer URL"; VariantName = "[No Variations]"
Add component (AddParameter): Name = "ComponentLink1URL"; Value = "http://www.onsemi.com/"; VariantName = "[No Variations]"
Add component (AddParameter): Name = "ComponentLink2Description"; Value = "Datasheet"; VariantName = "[No Variations]"
Add component (AddParameter): Name = "ComponentLink2URL"; Value = "http://www.onsemi.cn/pub_link/Collateral/LM324-D.PDF"; VariantName = "[No Variations]"
Add component (AddParameter): Name = "ComponentLink3Description"; Value = "Package Specification"; VariantName = "[No Variations]"
Add component (AddParameter): Name = "ComponentLink3URL"; Value = "http://www.onsemi.com/pub_link/Collateral/751A-03.PDF"; VariantName = "[No Variations]"
Add component (AddParameter): Name = "DatasheetVersion"; Value = "Rev. 25"; VariantName = "[No Variations]"
Add component (AddParameter): Name = "Manufacturer"; Value = "On Semiconductor"; VariantName = "[No Variations]"
Add component (AddParameter): Name = "Mounting Technology"; Value = "Surface Mount"; VariantName = "[No Variations]"
Add component (AddParameter): Name = "PackageDescription"; Value = "14-Pin Small Outline Integrated Circuit, Body 8.65 x 3.9 mm, Pitch 1.27 mm"; VariantName = "[No Variations]"
Add component (AddParameter): Name = "PackageReference"; Value = "SOIC-14-751A-03"; VariantName = "[No Variations]"
Add component (AddParameter): Name = "PackageVersion"; Value = "Rev. K, 05/2011"; VariantName = "[No Variations]"
Add component (AddParameter): Name = "Packing"; Value = "Tape and Reel"; VariantName = "[No Variations]"
Add component (AddParameter): Name = "PartNumber"; Value = "LM324DR2G"; VariantName = "[No Variations]"
Add component (AddParameter): Name = "RoHS"; Value = "TRUE"; VariantName = "[No Variations]"
Add component (AddParameter): Name = "VCC Max (V)"; Value = "32"; VariantName = "[No Variations]"
Add component (AddParameter): Name = "VCC Min (V)"; Value = "3"; VariantName = "[No Variations]"
Added Component: Designator=U3_SellSensor4(ONSC-SOIC-14-751A-03_V)
Add component (AddParameter): Name = "ComponentLink1Description"; Value = "Manufacturer URL"; VariantName = "[No Variations]"
Add component (AddParameter): Name = "ComponentLink1URL"; Value = "http://www.onsemi.com/"; VariantName = "[No Variations]"
Add component (AddParameter): Name = "ComponentLink2Description"; Value = "Datasheet"; VariantName = "[No Variations]"
Add component (AddParameter): Name = "ComponentLink2URL"; Value = "http://www.onsemi.cn/pub_link/Collateral/LM324-D.PDF"; VariantName = "[No Variations]"
Add component (AddParameter): Name = "ComponentLink3Description"; Value = "Package Specification"; VariantName = "[No Variations]"
Add component (AddParameter): Name = "ComponentLink3URL"; Value = "http://www.onsemi.com/pub_link/Collateral/751A-03.PDF"; VariantName = "[No Variations]"
Add component (AddParameter): Name = "DatasheetVersion"; Value = "Rev. 25"; VariantName = "[No Variations]"
Add component (AddParameter): Name = "Manufacturer"; Value = "On Semiconductor"; VariantName = "[No Variations]"
Add component (AddParameter): Name = "Mounting Technology"; Value = "Surface Mount"; VariantName = "[No Variations]"
Add component (AddParameter): Name = "PackageDescription"; Value = "14-Pin Small Outline Integrated Circuit, Body 8.65 x 3.9 mm, Pitch 1.27 mm"; VariantName = "[No Variations]"
Add component (AddParameter): Name = "PackageReference"; Value = "SOIC-14-751A-03"; VariantName = "[No Variations]"
Add component (AddParameter): Name = "PackageVersion"; Value = "Rev. K, 05/2011"; VariantName = "[No Variations]"
Add component (AddParameter): Name = "Packing"; Value = "Tape and Reel"; VariantName = "[No Variations]"
Add component (AddParameter): Name = "PartNumber"; Value = "LM324DR2G"; VariantName = "[No Variations]"
Add component (AddParameter): Name = "RoHS"; Value = "TRUE"; VariantName = "[No Variations]"
Add component (AddParameter): Name = "VCC Max (V)"; Value = "32"; VariantName = "[No Variations]"
Add component (AddParameter): Name = "VCC Min (V)"; Value = "3"; VariantName = "[No Variations]"
Added Component: Designator=U3_SellSensor5(ONSC-SOIC-14-751A-03_V)
Add component (AddParameter): Name = "ComponentLink1Description"; Value = "Manufacturer URL"; VariantName = "[No Variations]"
Add component (AddParameter): Name = "ComponentLink1URL"; Value = "http://www.onsemi.com/"; VariantName = "[No Variations]"
Add component (AddParameter): Name = "ComponentLink2Description"; Value = "Datasheet"; VariantName = "[No Variations]"
Add component (AddParameter): Name = "ComponentLink2URL"; Value = "http://www.onsemi.cn/pub_link/Collateral/LM324-D.PDF"; VariantName = "[No Variations]"
Add component (AddParameter): Name = "ComponentLink3Description"; Value = "Package Specification"; VariantName = "[No Variations]"
Add component (AddParameter): Name = "ComponentLink3URL"; Value = "http://www.onsemi.com/pub_link/Collateral/751A-03.PDF"; VariantName = "[No Variations]"
Add component (AddParameter): Name = "DatasheetVersion"; Value = "Rev. 25"; VariantName = "[No Variations]"
Add component (AddParameter): Name = "Manufacturer"; Value = "On Semiconductor"; VariantName = "[No Variations]"
Add component (AddParameter): Name = "Mounting Technology"; Value = "Surface Mount"; VariantName = "[No Variations]"
Add component (AddParameter): Name = "PackageDescription"; Value = "14-Pin Small Outline Integrated Circuit, Body 8.65 x 3.9 mm, Pitch 1.27 mm"; VariantName = "[No Variations]"
Add component (AddParameter): Name = "PackageReference"; Value = "SOIC-14-751A-03"; VariantName = "[No Variations]"
Add component (AddParameter): Name = "PackageVersion"; Value = "Rev. K, 05/2011"; VariantName = "[No Variations]"
Add component (AddParameter): Name = "Packing"; Value = "Tape and Reel"; VariantName = "[No Variations]"
Add component (AddParameter): Name = "PartNumber"; Value = "LM324DR2G"; VariantName = "[No Variations]"
Add component (AddParameter): Name = "RoHS"; Value = "TRUE"; VariantName = "[No Variations]"
Add component (AddParameter): Name = "VCC Max (V)"; Value = "32"; VariantName = "[No Variations]"
Add component (AddParameter): Name = "VCC Min (V)"; Value = "3"; VariantName = "[No Variations]"
Added Component: Designator=U3_SellSensor6(ONSC-SOIC-14-751A-03_V)
Add component (AddParameter): Name = "ComponentLink1Description"; Value = "Manufacturer URL"; VariantName = "[No Variations]"
Add component (AddParameter): Name = "ComponentLink1URL"; Value = "http://www.onsemi.com/"; VariantName = "[No Variations]"
Add component (AddParameter): Name = "ComponentLink2Description"; Value = "Datasheet"; VariantName = "[No Variations]"
Add component (AddParameter): Name = "ComponentLink2URL"; Value = "http://www.onsemi.cn/pub_link/Collateral/LM324-D.PDF"; VariantName = "[No Variations]"
Add component (AddParameter): Name = "ComponentLink3Description"; Value = "Package Specification"; VariantName = "[No Variations]"
Add component (AddParameter): Name = "ComponentLink3URL"; Value = "http://www.onsemi.com/pub_link/Collateral/751A-03.PDF"; VariantName = "[No Variations]"
Add component (AddParameter): Name = "DatasheetVersion"; Value = "Rev. 25"; VariantName = "[No Variations]"
Add component (AddParameter): Name = "Manufacturer"; Value = "On Semiconductor"; VariantName = "[No Variations]"
Add component (AddParameter): Name = "Mounting Technology"; Value = "Surface Mount"; VariantName = "[No Variations]"
Add component (AddParameter): Name = "PackageDescription"; Value = "14-Pin Small Outline Integrated Circuit, Body 8.65 x 3.9 mm, Pitch 1.27 mm"; VariantName = "[No Variations]"
Add component (AddParameter): Name = "PackageReference"; Value = "SOIC-14-751A-03"; VariantName = "[No Variations]"
Add component (AddParameter): Name = "PackageVersion"; Value = "Rev. K, 05/2011"; VariantName = "[No Variations]"
Add component (AddParameter): Name = "Packing"; Value = "Tape and Reel"; VariantName = "[No Variations]"
Add component (AddParameter): Name = "PartNumber"; Value = "LM324DR2G"; VariantName = "[No Variations]"
Add component (AddParameter): Name = "RoHS"; Value = "TRUE"; VariantName = "[No Variations]"
Add component (AddParameter): Name = "VCC Max (V)"; Value = "32"; VariantName = "[No Variations]"
Add component (AddParameter): Name = "VCC Min (V)"; Value = "3"; VariantName = "[No Variations]"
Added Component: Designator=U3_SellSensor7(ONSC-SOIC-14-751A-03_V)
Add component (AddParameter): Name = "ComponentLink1Description"; Value = "Manufacturer URL"; VariantName = "[No Variations]"
Add component (AddParameter): Name = "ComponentLink1URL"; Value = "http://www.onsemi.com/"; VariantName = "[No Variations]"
Add component (AddParameter): Name = "ComponentLink2Description"; Value = "Datasheet"; VariantName = "[No Variations]"
Add component (AddParameter): Name = "ComponentLink2URL"; Value = "http://www.onsemi.cn/pub_link/Collateral/LM324-D.PDF"; VariantName = "[No Variations]"
Add component (AddParameter): Name = "ComponentLink3Description"; Value = "Package Specification"; VariantName = "[No Variations]"
Add component (AddParameter): Name = "ComponentLink3URL"; Value = "http://www.onsemi.com/pub_link/Collateral/751A-03.PDF"; VariantName = "[No Variations]"
Add component (AddParameter): Name = "DatasheetVersion"; Value = "Rev. 25"; VariantName = "[No Variations]"
Add component (AddParameter): Name = "Manufacturer"; Value = "On Semiconductor"; VariantName = "[No Variations]"
Add component (AddParameter): Name = "Mounting Technology"; Value = "Surface Mount"; VariantName = "[No Variations]"
Add component (AddParameter): Name = "PackageDescription"; Value = "14-Pin Small Outline Integrated Circuit, Body 8.65 x 3.9 mm, Pitch 1.27 mm"; VariantName = "[No Variations]"
Add component (AddParameter): Name = "PackageReference"; Value = "SOIC-14-751A-03"; VariantName = "[No Variations]"
Add component (AddParameter): Name = "PackageVersion"; Value = "Rev. K, 05/2011"; VariantName = "[No Variations]"
Add component (AddParameter): Name = "Packing"; Value = "Tape and Reel"; VariantName = "[No Variations]"
Add component (AddParameter): Name = "PartNumber"; Value = "LM324DR2G"; VariantName = "[No Variations]"
Add component (AddParameter): Name = "RoHS"; Value = "TRUE"; VariantName = "[No Variations]"
Add component (AddParameter): Name = "VCC Max (V)"; Value = "32"; VariantName = "[No Variations]"
Add component (AddParameter): Name = "VCC Min (V)"; Value = "3"; VariantName = "[No Variations]"
Added Component: Designator=U3_SellSensor8(ONSC-SOIC-14-751A-03_V)
Add component (AddParameter): Name = "ComponentLink1Description"; Value = "Manufacturer URL"; VariantName = "[No Variations]"
Add component (AddParameter): Name = "ComponentLink1URL"; Value = "http://www.onsemi.com/"; VariantName = "[No Variations]"
Add component (AddParameter): Name = "ComponentLink2Description"; Value = "Datasheet"; VariantName = "[No Variations]"
Add component (AddParameter): Name = "ComponentLink2URL"; Value = "http://www.onsemi.cn/pub_link/Collateral/LM324-D.PDF"; VariantName = "[No Variations]"
Add component (AddParameter): Name = "ComponentLink3Description"; Value = "Package Specification"; VariantName = "[No Variations]"
Add component (AddParameter): Name = "ComponentLink3URL"; Value = "http://www.onsemi.com/pub_link/Collateral/751A-03.PDF"; VariantName = "[No Variations]"
Add component (AddParameter): Name = "DatasheetVersion"; Value = "Rev. 25"; VariantName = "[No Variations]"
Add component (AddParameter): Name = "Manufacturer"; Value = "On Semiconductor"; VariantName = "[No Variations]"
Add component (AddParameter): Name = "Mounting Technology"; Value = "Surface Mount"; VariantName = "[No Variations]"
Add component (AddParameter): Name = "PackageDescription"; Value = "14-Pin Small Outline Integrated Circuit, Body 8.65 x 3.9 mm, Pitch 1.27 mm"; VariantName = "[No Variations]"
Add component (AddParameter): Name = "PackageReference"; Value = "SOIC-14-751A-03"; VariantName = "[No Variations]"
Add component (AddParameter): Name = "PackageVersion"; Value = "Rev. K, 05/2011"; VariantName = "[No Variations]"
Add component (AddParameter): Name = "Packing"; Value = "Tape and Reel"; VariantName = "[No Variations]"
Add component (AddParameter): Name = "PartNumber"; Value = "LM324DR2G"; VariantName = "[No Variations]"
Add component (AddParameter): Name = "RoHS"; Value = "TRUE"; VariantName = "[No Variations]"
Add component (AddParameter): Name = "VCC Max (V)"; Value = "32"; VariantName = "[No Variations]"
Add component (AddParameter): Name = "VCC Min (V)"; Value = "3"; VariantName = "[No Variations]"
Added Component: Designator=U3_SellSensor9(ONSC-SOIC-14-751A-03_V)
Add component (AddParameter): Name = "ComponentLink1Description"; Value = "Manufacturer URL"; VariantName = "[No Variations]"
Add component (AddParameter): Name = "ComponentLink1URL"; Value = "http://www.onsemi.com/"; VariantName = "[No Variations]"
Add component (AddParameter): Name = "ComponentLink2Description"; Value = "Datasheet"; VariantName = "[No Variations]"
Add component (AddParameter): Name = "ComponentLink2URL"; Value = "http://www.onsemi.cn/pub_link/Collateral/LM324-D.PDF"; VariantName = "[No Variations]"
Add component (AddParameter): Name = "ComponentLink3Description"; Value = "Package Specification"; VariantName = "[No Variations]"
Add component (AddParameter): Name = "ComponentLink3URL"; Value = "http://www.onsemi.com/pub_link/Collateral/751A-03.PDF"; VariantName = "[No Variations]"
Add component (AddParameter): Name = "DatasheetVersion"; Value = "Rev. 25"; VariantName = "[No Variations]"
Add component (AddParameter): Name = "Manufacturer"; Value = "On Semiconductor"; VariantName = "[No Variations]"
Add component (AddParameter): Name = "Mounting Technology"; Value = "Surface Mount"; VariantName = "[No Variations]"
Add component (AddParameter): Name = "PackageDescription"; Value = "14-Pin Small Outline Integrated Circuit, Body 8.65 x 3.9 mm, Pitch 1.27 mm"; VariantName = "[No Variations]"
Add component (AddParameter): Name = "PackageReference"; Value = "SOIC-14-751A-03"; VariantName = "[No Variations]"
Add component (AddParameter): Name = "PackageVersion"; Value = "Rev. K, 05/2011"; VariantName = "[No Variations]"
Add component (AddParameter): Name = "Packing"; Value = "Tape and Reel"; VariantName = "[No Variations]"
Add component (AddParameter): Name = "PartNumber"; Value = "LM324DR2G"; VariantName = "[No Variations]"
Add component (AddParameter): Name = "RoHS"; Value = "TRUE"; VariantName = "[No Variations]"
Add component (AddParameter): Name = "VCC Max (V)"; Value = "32"; VariantName = "[No Variations]"
Add component (AddParameter): Name = "VCC Min (V)"; Value = "3"; VariantName = "[No Variations]"
Added Component: Designator=U3_SellSensor10(ONSC-SOIC-14-751A-03_V)
Add component (AddParameter): Name = "ComponentLink1Description"; Value = "Manufacturer URL"; VariantName = "[No Variations]"
Add component (AddParameter): Name = "ComponentLink1URL"; Value = "http://www.onsemi.com/"; VariantName = "[No Variations]"
Add component (AddParameter): Name = "ComponentLink2Description"; Value = "Datasheet"; VariantName = "[No Variations]"
Add component (AddParameter): Name = "ComponentLink2URL"; Value = "http://www.onsemi.cn/pub_link/Collateral/LM324-D.PDF"; VariantName = "[No Variations]"
Add component (AddParameter): Name = "ComponentLink3Description"; Value = "Package Specification"; VariantName = "[No Variations]"
Add component (AddParameter): Name = "ComponentLink3URL"; Value = "http://www.onsemi.com/pub_link/Collateral/751A-03.PDF"; VariantName = "[No Variations]"
Add component (AddParameter): Name = "DatasheetVersion"; Value = "Rev. 25"; VariantName = "[No Variations]"
Add component (AddParameter): Name = "Manufacturer"; Value = "On Semiconductor"; VariantName = "[No Variations]"
Add component (AddParameter): Name = "Mounting Technology"; Value = "Surface Mount"; VariantName = "[No Variations]"
Add component (AddParameter): Name = "PackageDescription"; Value = "14-Pin Small Outline Integrated Circuit, Body 8.65 x 3.9 mm, Pitch 1.27 mm"; VariantName = "[No Variations]"
Add component (AddParameter): Name = "PackageReference"; Value = "SOIC-14-751A-03"; VariantName = "[No Variations]"
Add component (AddParameter): Name = "PackageVersion"; Value = "Rev. K, 05/2011"; VariantName = "[No Variations]"
Add component (AddParameter): Name = "Packing"; Value = "Tape and Reel"; VariantName = "[No Variations]"
Add component (AddParameter): Name = "PartNumber"; Value = "LM324DR2G"; VariantName = "[No Variations]"
Add component (AddParameter): Name = "RoHS"; Value = "TRUE"; VariantName = "[No Variations]"
Add component (AddParameter): Name = "VCC Max (V)"; Value = "32"; VariantName = "[No Variations]"
Add component (AddParameter): Name = "VCC Min (V)"; Value = "3"; VariantName = "[No Variations]"
Added Component: Designator=U3_SellSensor11(ONSC-SOIC-14-751A-03_V)
Add component (AddParameter): Name = "ComponentLink1Description"; Value = "Manufacturer URL"; VariantName = "[No Variations]"
Add component (AddParameter): Name = "ComponentLink1URL"; Value = "http://www.onsemi.com/"; VariantName = "[No Variations]"
Add component (AddParameter): Name = "ComponentLink2Description"; Value = "Datasheet"; VariantName = "[No Variations]"
Add component (AddParameter): Name = "ComponentLink2URL"; Value = "http://www.onsemi.cn/pub_link/Collateral/LM324-D.PDF"; VariantName = "[No Variations]"
Add component (AddParameter): Name = "ComponentLink3Description"; Value = "Package Specification"; VariantName = "[No Variations]"
Add component (AddParameter): Name = "ComponentLink3URL"; Value = "http://www.onsemi.com/pub_link/Collateral/751A-03.PDF"; VariantName = "[No Variations]"
Add component (AddParameter): Name = "DatasheetVersion"; Value = "Rev. 25"; VariantName = "[No Variations]"
Add component (AddParameter): Name = "Manufacturer"; Value = "On Semiconductor"; VariantName = "[No Variations]"
Add component (AddParameter): Name = "Mounting Technology"; Value = "Surface Mount"; VariantName = "[No Variations]"
Add component (AddParameter): Name = "PackageDescription"; Value = "14-Pin Small Outline Integrated Circuit, Body 8.65 x 3.9 mm, Pitch 1.27 mm"; VariantName = "[No Variations]"
Add component (AddParameter): Name = "PackageReference"; Value = "SOIC-14-751A-03"; VariantName = "[No Variations]"
Add component (AddParameter): Name = "PackageVersion"; Value = "Rev. K, 05/2011"; VariantName = "[No Variations]"
Add component (AddParameter): Name = "Packing"; Value = "Tape and Reel"; VariantName = "[No Variations]"
Add component (AddParameter): Name = "PartNumber"; Value = "LM324DR2G"; VariantName = "[No Variations]"
Add component (AddParameter): Name = "RoHS"; Value = "TRUE"; VariantName = "[No Variations]"
Add component (AddParameter): Name = "VCC Max (V)"; Value = "32"; VariantName = "[No Variations]"
Add component (AddParameter): Name = "VCC Min (V)"; Value = "3"; VariantName = "[No Variations]"
Added Component: Designator=U3_SellSensor12(ONSC-SOIC-14-751A-03_V)
Add component (AddParameter): Name = "ComponentLink1Description"; Value = "Manufacturer URL"; VariantName = "[No Variations]"
Add component (AddParameter): Name = "ComponentLink1URL"; Value = "http://www.onsemi.com/"; VariantName = "[No Variations]"
Add component (AddParameter): Name = "ComponentLink2Description"; Value = "Datasheet"; VariantName = "[No Variations]"
Add component (AddParameter): Name = "ComponentLink2URL"; Value = "http://www.onsemi.cn/pub_link/Collateral/LM324-D.PDF"; VariantName = "[No Variations]"
Add component (AddParameter): Name = "ComponentLink3Description"; Value = "Package Specification"; VariantName = "[No Variations]"
Add component (AddParameter): Name = "ComponentLink3URL"; Value = "http://www.onsemi.com/pub_link/Collateral/751A-03.PDF"; VariantName = "[No Variations]"
Add component (AddParameter): Name = "DatasheetVersion"; Value = "Rev. 25"; VariantName = "[No Variations]"
Add component (AddParameter): Name = "Manufacturer"; Value = "On Semiconductor"; VariantName = "[No Variations]"
Add component (AddParameter): Name = "Mounting Technology"; Value = "Surface Mount"; VariantName = "[No Variations]"
Add component (AddParameter): Name = "PackageDescription"; Value = "14-Pin Small Outline Integrated Circuit, Body 8.65 x 3.9 mm, Pitch 1.27 mm"; VariantName = "[No Variations]"
Add component (AddParameter): Name = "PackageReference"; Value = "SOIC-14-751A-03"; VariantName = "[No Variations]"
Add component (AddParameter): Name = "PackageVersion"; Value = "Rev. K, 05/2011"; VariantName = "[No Variations]"
Add component (AddParameter): Name = "Packing"; Value = "Tape and Reel"; VariantName = "[No Variations]"
Add component (AddParameter): Name = "PartNumber"; Value = "LM324DR2G"; VariantName = "[No Variations]"
Add component (AddParameter): Name = "RoHS"; Value = "TRUE"; VariantName = "[No Variations]"
Add component (AddParameter): Name = "VCC Max (V)"; Value = "32"; VariantName = "[No Variations]"
Add component (AddParameter): Name = "VCC Min (V)"; Value = "3"; VariantName = "[No Variations]"
Added Component: Designator=U3_SellSensor13(ONSC-SOIC-14-751A-03_V)
Add component (AddParameter): Name = "ComponentLink1Description"; Value = "Manufacturer URL"; VariantName = "[No Variations]"
Add component (AddParameter): Name = "ComponentLink1URL"; Value = "http://www.onsemi.com/"; VariantName = "[No Variations]"
Add component (AddParameter): Name = "ComponentLink2Description"; Value = "Datasheet"; VariantName = "[No Variations]"
Add component (AddParameter): Name = "ComponentLink2URL"; Value = "http://www.onsemi.cn/pub_link/Collateral/LM324-D.PDF"; VariantName = "[No Variations]"
Add component (AddParameter): Name = "ComponentLink3Description"; Value = "Package Specification"; VariantName = "[No Variations]"
Add component (AddParameter): Name = "ComponentLink3URL"; Value = "http://www.onsemi.com/pub_link/Collateral/751A-03.PDF"; VariantName = "[No Variations]"
Add component (AddParameter): Name = "DatasheetVersion"; Value = "Rev. 25"; VariantName = "[No Variations]"
Add component (AddParameter): Name = "Manufacturer"; Value = "On Semiconductor"; VariantName = "[No Variations]"
Add component (AddParameter): Name = "Mounting Technology"; Value = "Surface Mount"; VariantName = "[No Variations]"
Add component (AddParameter): Name = "PackageDescription"; Value = "14-Pin Small Outline Integrated Circuit, Body 8.65 x 3.9 mm, Pitch 1.27 mm"; VariantName = "[No Variations]"
Add component (AddParameter): Name = "PackageReference"; Value = "SOIC-14-751A-03"; VariantName = "[No Variations]"
Add component (AddParameter): Name = "PackageVersion"; Value = "Rev. K, 05/2011"; VariantName = "[No Variations]"
Add component (AddParameter): Name = "Packing"; Value = "Tape and Reel"; VariantName = "[No Variations]"
Add component (AddParameter): Name = "PartNumber"; Value = "LM324DR2G"; VariantName = "[No Variations]"
Add component (AddParameter): Name = "RoHS"; Value = "TRUE"; VariantName = "[No Variations]"
Add component (AddParameter): Name = "VCC Max (V)"; Value = "32"; VariantName = "[No Variations]"
Add component (AddParameter): Name = "VCC Min (V)"; Value = "3"; VariantName = "[No Variations]"
Added Component: Designator=U3_SellSensor14(ONSC-SOIC-14-751A-03_V)
Add component (AddParameter): Name = "ComponentLink1Description"; Value = "Manufacturer URL"; VariantName = "[No Variations]"
Add component (AddParameter): Name = "ComponentLink1URL"; Value = "http://www.onsemi.com/"; VariantName = "[No Variations]"
Add component (AddParameter): Name = "ComponentLink2Description"; Value = "Datasheet"; VariantName = "[No Variations]"
Add component (AddParameter): Name = "ComponentLink2URL"; Value = "http://www.onsemi.cn/pub_link/Collateral/LM324-D.PDF"; VariantName = "[No Variations]"
Add component (AddParameter): Name = "ComponentLink3Description"; Value = "Package Specification"; VariantName = "[No Variations]"
Add component (AddParameter): Name = "ComponentLink3URL"; Value = "http://www.onsemi.com/pub_link/Collateral/751A-03.PDF"; VariantName = "[No Variations]"
Add component (AddParameter): Name = "DatasheetVersion"; Value = "Rev. 25"; VariantName = "[No Variations]"
Add component (AddParameter): Name = "Manufacturer"; Value = "On Semiconductor"; VariantName = "[No Variations]"
Add component (AddParameter): Name = "Mounting Technology"; Value = "Surface Mount"; VariantName = "[No Variations]"
Add component (AddParameter): Name = "PackageDescription"; Value = "14-Pin Small Outline Integrated Circuit, Body 8.65 x 3.9 mm, Pitch 1.27 mm"; VariantName = "[No Variations]"
Add component (AddParameter): Name = "PackageReference"; Value = "SOIC-14-751A-03"; VariantName = "[No Variations]"
Add component (AddParameter): Name = "PackageVersion"; Value = "Rev. K, 05/2011"; VariantName = "[No Variations]"
Add component (AddParameter): Name = "Packing"; Value = "Tape and Reel"; VariantName = "[No Variations]"
Add component (AddParameter): Name = "PartNumber"; Value = "LM324DR2G"; VariantName = "[No Variations]"
Add component (AddParameter): Name = "RoHS"; Value = "TRUE"; VariantName = "[No Variations]"
Add component (AddParameter): Name = "VCC Max (V)"; Value = "32"; VariantName = "[No Variations]"
Add component (AddParameter): Name = "VCC Min (V)"; Value = "3"; VariantName = "[No Variations]"
Added Component: Designator=U3_SellSensor15(ONSC-SOIC-14-751A-03_V)
Add component (AddParameter): Name = "ComponentLink1Description"; Value = "Manufacturer URL"; VariantName = "[No Variations]"
Add component (AddParameter): Name = "ComponentLink1URL"; Value = "http://www.onsemi.com/"; VariantName = "[No Variations]"
Add component (AddParameter): Name = "ComponentLink2Description"; Value = "Datasheet"; VariantName = "[No Variations]"
Add component (AddParameter): Name = "ComponentLink2URL"; Value = "http://www.onsemi.cn/pub_link/Collateral/LM324-D.PDF"; VariantName = "[No Variations]"
Add component (AddParameter): Name = "ComponentLink3Description"; Value = "Package Specification"; VariantName = "[No Variations]"
Add component (AddParameter): Name = "ComponentLink3URL"; Value = "http://www.onsemi.com/pub_link/Collateral/751A-03.PDF"; VariantName = "[No Variations]"
Add component (AddParameter): Name = "DatasheetVersion"; Value = "Rev. 25"; VariantName = "[No Variations]"
Add component (AddParameter): Name = "Manufacturer"; Value = "On Semiconductor"; VariantName = "[No Variations]"
Add component (AddParameter): Name = "Mounting Technology"; Value = "Surface Mount"; VariantName = "[No Variations]"
Add component (AddParameter): Name = "PackageDescription"; Value = "14-Pin Small Outline Integrated Circuit, Body 8.65 x 3.9 mm, Pitch 1.27 mm"; VariantName = "[No Variations]"
Add component (AddParameter): Name = "PackageReference"; Value = "SOIC-14-751A-03"; VariantName = "[No Variations]"
Add component (AddParameter): Name = "PackageVersion"; Value = "Rev. K, 05/2011"; VariantName = "[No Variations]"
Add component (AddParameter): Name = "Packing"; Value = "Tape and Reel"; VariantName = "[No Variations]"
Add component (AddParameter): Name = "PartNumber"; Value = "LM324DR2G"; VariantName = "[No Variations]"
Add component (AddParameter): Name = "RoHS"; Value = "TRUE"; VariantName = "[No Variations]"
Add component (AddParameter): Name = "VCC Max (V)"; Value = "32"; VariantName = "[No Variations]"
Add component (AddParameter): Name = "VCC Min (V)"; Value = "3"; VariantName = "[No Variations]"
Added Component: Designator=U3_SellSensor16(ONSC-SOIC-14-751A-03_V)
Add component (AddParameter): Name = "ComponentLink1Description"; Value = "Manufacturer URL"; VariantName = "[No Variations]"
Add component (AddParameter): Name = "ComponentLink1URL"; Value = "http://www.onsemi.com/"; VariantName = "[No Variations]"
Add component (AddParameter): Name = "ComponentLink2Description"; Value = "Datasheet"; VariantName = "[No Variations]"
Add component (AddParameter): Name = "ComponentLink2URL"; Value = "http://www.onsemi.cn/pub_link/Collateral/LM324-D.PDF"; VariantName = "[No Variations]"
Add component (AddParameter): Name = "ComponentLink3Description"; Value = "Package Specification"; VariantName = "[No Variations]"
Add component (AddParameter): Name = "ComponentLink3URL"; Value = "http://www.onsemi.com/pub_link/Collateral/751A-03.PDF"; VariantName = "[No Variations]"
Add component (AddParameter): Name = "DatasheetVersion"; Value = "Rev. 25"; VariantName = "[No Variations]"
Add component (AddParameter): Name = "Manufacturer"; Value = "On Semiconductor"; VariantName = "[No Variations]"
Add component (AddParameter): Name = "Mounting Technology"; Value = "Surface Mount"; VariantName = "[No Variations]"
Add component (AddParameter): Name = "PackageDescription"; Value = "14-Pin Small Outline Integrated Circuit, Body 8.65 x 3.9 mm, Pitch 1.27 mm"; VariantName = "[No Variations]"
Add component (AddParameter): Name = "PackageReference"; Value = "SOIC-14-751A-03"; VariantName = "[No Variations]"
Add component (AddParameter): Name = "PackageVersion"; Value = "Rev. K, 05/2011"; VariantName = "[No Variations]"
Add component (AddParameter): Name = "Packing"; Value = "Tape and Reel"; VariantName = "[No Variations]"
Add component (AddParameter): Name = "PartNumber"; Value = "LM324DR2G"; VariantName = "[No Variations]"
Add component (AddParameter): Name = "RoHS"; Value = "TRUE"; VariantName = "[No Variations]"
Add component (AddParameter): Name = "VCC Max (V)"; Value = "32"; VariantName = "[No Variations]"
Add component (AddParameter): Name = "VCC Min (V)"; Value = "3"; VariantName = "[No Variations]"
Added Component: Designator=U3_SellSensor17(ONSC-SOIC-14-751A-03_V)
Add component (AddParameter): Name = "ComponentLink1Description"; Value = "Manufacturer URL"; VariantName = "[No Variations]"
Add component (AddParameter): Name = "ComponentLink1URL"; Value = "http://www.onsemi.com/"; VariantName = "[No Variations]"
Add component (AddParameter): Name = "ComponentLink2Description"; Value = "Datasheet"; VariantName = "[No Variations]"
Add component (AddParameter): Name = "ComponentLink2URL"; Value = "http://www.onsemi.cn/pub_link/Collateral/LM324-D.PDF"; VariantName = "[No Variations]"
Add component (AddParameter): Name = "ComponentLink3Description"; Value = "Package Specification"; VariantName = "[No Variations]"
Add component (AddParameter): Name = "ComponentLink3URL"; Value = "http://www.onsemi.com/pub_link/Collateral/751A-03.PDF"; VariantName = "[No Variations]"
Add component (AddParameter): Name = "DatasheetVersion"; Value = "Rev. 25"; VariantName = "[No Variations]"
Add component (AddParameter): Name = "Manufacturer"; Value = "On Semiconductor"; VariantName = "[No Variations]"
Add component (AddParameter): Name = "Mounting Technology"; Value = "Surface Mount"; VariantName = "[No Variations]"
Add component (AddParameter): Name = "PackageDescription"; Value = "14-Pin Small Outline Integrated Circuit, Body 8.65 x 3.9 mm, Pitch 1.27 mm"; VariantName = "[No Variations]"
Add component (AddParameter): Name = "PackageReference"; Value = "SOIC-14-751A-03"; VariantName = "[No Variations]"
Add component (AddParameter): Name = "PackageVersion"; Value = "Rev. K, 05/2011"; VariantName = "[No Variations]"
Add component (AddParameter): Name = "Packing"; Value = "Tape and Reel"; VariantName = "[No Variations]"
Add component (AddParameter): Name = "PartNumber"; Value = "LM324DR2G"; VariantName = "[No Variations]"
Add component (AddParameter): Name = "RoHS"; Value = "TRUE"; VariantName = "[No Variations]"
Add component (AddParameter): Name = "VCC Max (V)"; Value = "32"; VariantName = "[No Variations]"
Add component (AddParameter): Name = "VCC Min (V)"; Value = "3"; VariantName = "[No Variations]"
Added Component: Designator=U3_SellSensor18(ONSC-SOIC-14-751A-03_V)
Add component (AddParameter): Name = "ComponentLink1Description"; Value = "Manufacturer URL"; VariantName = "[No Variations]"
Add component (AddParameter): Name = "ComponentLink1URL"; Value = "http://www.onsemi.com/"; VariantName = "[No Variations]"
Add component (AddParameter): Name = "ComponentLink2Description"; Value = "Datasheet"; VariantName = "[No Variations]"
Add component (AddParameter): Name = "ComponentLink2URL"; Value = "http://www.onsemi.cn/pub_link/Collateral/LM324-D.PDF"; VariantName = "[No Variations]"
Add component (AddParameter): Name = "ComponentLink3Description"; Value = "Package Specification"; VariantName = "[No Variations]"
Add component (AddParameter): Name = "ComponentLink3URL"; Value = "http://www.onsemi.com/pub_link/Collateral/751A-03.PDF"; VariantName = "[No Variations]"
Add component (AddParameter): Name = "DatasheetVersion"; Value = "Rev. 25"; VariantName = "[No Variations]"
Add component (AddParameter): Name = "Manufacturer"; Value = "On Semiconductor"; VariantName = "[No Variations]"
Add component (AddParameter): Name = "Mounting Technology"; Value = "Surface Mount"; VariantName = "[No Variations]"
Add component (AddParameter): Name = "PackageDescription"; Value = "14-Pin Small Outline Integrated Circuit, Body 8.65 x 3.9 mm, Pitch 1.27 mm"; VariantName = "[No Variations]"
Add component (AddParameter): Name = "PackageReference"; Value = "SOIC-14-751A-03"; VariantName = "[No Variations]"
Add component (AddParameter): Name = "PackageVersion"; Value = "Rev. K, 05/2011"; VariantName = "[No Variations]"
Add component (AddParameter): Name = "Packing"; Value = "Tape and Reel"; VariantName = "[No Variations]"
Add component (AddParameter): Name = "PartNumber"; Value = "LM324DR2G"; VariantName = "[No Variations]"
Add component (AddParameter): Name = "RoHS"; Value = "TRUE"; VariantName = "[No Variations]"
Add component (AddParameter): Name = "VCC Max (V)"; Value = "32"; VariantName = "[No Variations]"
Add component (AddParameter): Name = "VCC Min (V)"; Value = "3"; VariantName = "[No Variations]"
Added Component: Designator=U3_SellSensor19(ONSC-SOIC-14-751A-03_V)
Add component (AddParameter): Name = "ComponentLink1Description"; Value = "Manufacturer URL"; VariantName = "[No Variations]"
Add component (AddParameter): Name = "ComponentLink1URL"; Value = "http://www.onsemi.com/"; VariantName = "[No Variations]"
Add component (AddParameter): Name = "ComponentLink2Description"; Value = "Datasheet"; VariantName = "[No Variations]"
Add component (AddParameter): Name = "ComponentLink2URL"; Value = "http://www.onsemi.cn/pub_link/Collateral/LM324-D.PDF"; VariantName = "[No Variations]"
Add component (AddParameter): Name = "ComponentLink3Description"; Value = "Package Specification"; VariantName = "[No Variations]"
Add component (AddParameter): Name = "ComponentLink3URL"; Value = "http://www.onsemi.com/pub_link/Collateral/751A-03.PDF"; VariantName = "[No Variations]"
Add component (AddParameter): Name = "DatasheetVersion"; Value = "Rev. 25"; VariantName = "[No Variations]"
Add component (AddParameter): Name = "Manufacturer"; Value = "On Semiconductor"; VariantName = "[No Variations]"
Add component (AddParameter): Name = "Mounting Technology"; Value = "Surface Mount"; VariantName = "[No Variations]"
Add component (AddParameter): Name = "PackageDescription"; Value = "14-Pin Small Outline Integrated Circuit, Body 8.65 x 3.9 mm, Pitch 1.27 mm"; VariantName = "[No Variations]"
Add component (AddParameter): Name = "PackageReference"; Value = "SOIC-14-751A-03"; VariantName = "[No Variations]"
Add component (AddParameter): Name = "PackageVersion"; Value = "Rev. K, 05/2011"; VariantName = "[No Variations]"
Add component (AddParameter): Name = "Packing"; Value = "Tape and Reel"; VariantName = "[No Variations]"
Add component (AddParameter): Name = "PartNumber"; Value = "LM324DR2G"; VariantName = "[No Variations]"
Add component (AddParameter): Name = "RoHS"; Value = "TRUE"; VariantName = "[No Variations]"
Add component (AddParameter): Name = "VCC Max (V)"; Value = "32"; VariantName = "[No Variations]"
Add component (AddParameter): Name = "VCC Min (V)"; Value = "3"; VariantName = "[No Variations]"
Added Component: Designator=U3_SellSensor20(ONSC-SOIC-14-751A-03_V)
Add component (AddParameter): Name = "ComponentLink1Description"; Value = "Manufacturer URL"; VariantName = "[No Variations]"
Add component (AddParameter): Name = "ComponentLink1URL"; Value = "http://www.onsemi.com/"; VariantName = "[No Variations]"
Add component (AddParameter): Name = "ComponentLink2Description"; Value = "Datasheet"; VariantName = "[No Variations]"
Add component (AddParameter): Name = "ComponentLink2URL"; Value = "http://www.onsemi.cn/pub_link/Collateral/LM324-D.PDF"; VariantName = "[No Variations]"
Add component (AddParameter): Name = "ComponentLink3Description"; Value = "Package Specification"; VariantName = "[No Variations]"
Add component (AddParameter): Name = "ComponentLink3URL"; Value = "http://www.onsemi.com/pub_link/Collateral/751A-03.PDF"; VariantName = "[No Variations]"
Add component (AddParameter): Name = "DatasheetVersion"; Value = "Rev. 25"; VariantName = "[No Variations]"
Add component (AddParameter): Name = "Manufacturer"; Value = "On Semiconductor"; VariantName = "[No Variations]"
Add component (AddParameter): Name = "Mounting Technology"; Value = "Surface Mount"; VariantName = "[No Variations]"
Add component (AddParameter): Name = "PackageDescription"; Value = "14-Pin Small Outline Integrated Circuit, Body 8.65 x 3.9 mm, Pitch 1.27 mm"; VariantName = "[No Variations]"
Add component (AddParameter): Name = "PackageReference"; Value = "SOIC-14-751A-03"; VariantName = "[No Variations]"
Add component (AddParameter): Name = "PackageVersion"; Value = "Rev. K, 05/2011"; VariantName = "[No Variations]"
Add component (AddParameter): Name = "Packing"; Value = "Tape and Reel"; VariantName = "[No Variations]"
Add component (AddParameter): Name = "PartNumber"; Value = "LM324DR2G"; VariantName = "[No Variations]"
Add component (AddParameter): Name = "RoHS"; Value = "TRUE"; VariantName = "[No Variations]"
Add component (AddParameter): Name = "VCC Max (V)"; Value = "32"; VariantName = "[No Variations]"
Add component (AddParameter): Name = "VCC Min (V)"; Value = "3"; VariantName = "[No Variations]"
Added Component: Designator=U3_SellSensor21(ONSC-SOIC-14-751A-03_V)
Add component (AddParameter): Name = "ComponentLink1Description"; Value = "Manufacturer URL"; VariantName = "[No Variations]"
Add component (AddParameter): Name = "ComponentLink1URL"; Value = "http://www.onsemi.com/"; VariantName = "[No Variations]"
Add component (AddParameter): Name = "ComponentLink2Description"; Value = "Datasheet"; VariantName = "[No Variations]"
Add component (AddParameter): Name = "ComponentLink2URL"; Value = "http://www.onsemi.cn/pub_link/Collateral/LM324-D.PDF"; VariantName = "[No Variations]"
Add component (AddParameter): Name = "ComponentLink3Description"; Value = "Package Specification"; VariantName = "[No Variations]"
Add component (AddParameter): Name = "ComponentLink3URL"; Value = "http://www.onsemi.com/pub_link/Collateral/751A-03.PDF"; VariantName = "[No Variations]"
Add component (AddParameter): Name = "DatasheetVersion"; Value = "Rev. 25"; VariantName = "[No Variations]"
Add component (AddParameter): Name = "Manufacturer"; Value = "On Semiconductor"; VariantName = "[No Variations]"
Add component (AddParameter): Name = "Mounting Technology"; Value = "Surface Mount"; VariantName = "[No Variations]"
Add component (AddParameter): Name = "PackageDescription"; Value = "14-Pin Small Outline Integrated Circuit, Body 8.65 x 3.9 mm, Pitch 1.27 mm"; VariantName = "[No Variations]"
Add component (AddParameter): Name = "PackageReference"; Value = "SOIC-14-751A-03"; VariantName = "[No Variations]"
Add component (AddParameter): Name = "PackageVersion"; Value = "Rev. K, 05/2011"; VariantName = "[No Variations]"
Add component (AddParameter): Name = "Packing"; Value = "Tape and Reel"; VariantName = "[No Variations]"
Add component (AddParameter): Name = "PartNumber"; Value = "LM324DR2G"; VariantName = "[No Variations]"
Add component (AddParameter): Name = "RoHS"; Value = "TRUE"; VariantName = "[No Variations]"
Add component (AddParameter): Name = "VCC Max (V)"; Value = "32"; VariantName = "[No Variations]"
Add component (AddParameter): Name = "VCC Min (V)"; Value = "3"; VariantName = "[No Variations]"
Added Component: Designator=U3_SellSensor22(ONSC-SOIC-14-751A-03_V)
Add component (AddParameter): Name = "ComponentLink1Description"; Value = "Manufacturer URL"; VariantName = "[No Variations]"
Add component (AddParameter): Name = "ComponentLink1URL"; Value = "http://www.onsemi.com/"; VariantName = "[No Variations]"
Add component (AddParameter): Name = "ComponentLink2Description"; Value = "Datasheet"; VariantName = "[No Variations]"
Add component (AddParameter): Name = "ComponentLink2URL"; Value = "http://www.onsemi.cn/pub_link/Collateral/LM324-D.PDF"; VariantName = "[No Variations]"
Add component (AddParameter): Name = "ComponentLink3Description"; Value = "Package Specification"; VariantName = "[No Variations]"
Add component (AddParameter): Name = "ComponentLink3URL"; Value = "http://www.onsemi.com/pub_link/Collateral/751A-03.PDF"; VariantName = "[No Variations]"
Add component (AddParameter): Name = "DatasheetVersion"; Value = "Rev. 25"; VariantName = "[No Variations]"
Add component (AddParameter): Name = "Manufacturer"; Value = "On Semiconductor"; VariantName = "[No Variations]"
Add component (AddParameter): Name = "Mounting Technology"; Value = "Surface Mount"; VariantName = "[No Variations]"
Add component (AddParameter): Name = "PackageDescription"; Value = "14-Pin Small Outline Integrated Circuit, Body 8.65 x 3.9 mm, Pitch 1.27 mm"; VariantName = "[No Variations]"
Add component (AddParameter): Name = "PackageReference"; Value = "SOIC-14-751A-03"; VariantName = "[No Variations]"
Add component (AddParameter): Name = "PackageVersion"; Value = "Rev. K, 05/2011"; VariantName = "[No Variations]"
Add component (AddParameter): Name = "Packing"; Value = "Tape and Reel"; VariantName = "[No Variations]"
Add component (AddParameter): Name = "PartNumber"; Value = "LM324DR2G"; VariantName = "[No Variations]"
Add component (AddParameter): Name = "RoHS"; Value = "TRUE"; VariantName = "[No Variations]"
Add component (AddParameter): Name = "VCC Max (V)"; Value = "32"; VariantName = "[No Variations]"
Add component (AddParameter): Name = "VCC Min (V)"; Value = "3"; VariantName = "[No Variations]"
Added Component: Designator=U3_SellSensor23(ONSC-SOIC-14-751A-03_V)
Add component (AddParameter): Name = "ComponentLink1Description"; Value = "Manufacturer URL"; VariantName = "[No Variations]"
Add component (AddParameter): Name = "ComponentLink1URL"; Value = "http://www.onsemi.com/"; VariantName = "[No Variations]"
Add component (AddParameter): Name = "ComponentLink2Description"; Value = "Datasheet"; VariantName = "[No Variations]"
Add component (AddParameter): Name = "ComponentLink2URL"; Value = "http://www.onsemi.cn/pub_link/Collateral/LM324-D.PDF"; VariantName = "[No Variations]"
Add component (AddParameter): Name = "ComponentLink3Description"; Value = "Package Specification"; VariantName = "[No Variations]"
Add component (AddParameter): Name = "ComponentLink3URL"; Value = "http://www.onsemi.com/pub_link/Collateral/751A-03.PDF"; VariantName = "[No Variations]"
Add component (AddParameter): Name = "DatasheetVersion"; Value = "Rev. 25"; VariantName = "[No Variations]"
Add component (AddParameter): Name = "Manufacturer"; Value = "On Semiconductor"; VariantName = "[No Variations]"
Add component (AddParameter): Name = "Mounting Technology"; Value = "Surface Mount"; VariantName = "[No Variations]"
Add component (AddParameter): Name = "PackageDescription"; Value = "14-Pin Small Outline Integrated Circuit, Body 8.65 x 3.9 mm, Pitch 1.27 mm"; VariantName = "[No Variations]"
Add component (AddParameter): Name = "PackageReference"; Value = "SOIC-14-751A-03"; VariantName = "[No Variations]"
Add component (AddParameter): Name = "PackageVersion"; Value = "Rev. K, 05/2011"; VariantName = "[No Variations]"
Add component (AddParameter): Name = "Packing"; Value = "Tape and Reel"; VariantName = "[No Variations]"
Add component (AddParameter): Name = "PartNumber"; Value = "LM324DR2G"; VariantName = "[No Variations]"
Add component (AddParameter): Name = "RoHS"; Value = "TRUE"; VariantName = "[No Variations]"
Add component (AddParameter): Name = "VCC Max (V)"; Value = "32"; VariantName = "[No Variations]"
Add component (AddParameter): Name = "VCC Min (V)"; Value = "3"; VariantName = "[No Variations]"
Added Pin To Net: NetName=Cell-1 Pin=P1-1
Added Pin To Net: NetName=Cell-1 Pin=U3_SellSensor23-5
Added Net: Name=Cell-1
Added Pin To Net: NetName=Cell-2 Pin=P1-2
Added Pin To Net: NetName=Cell-2 Pin=U3_SellSensor22-5
Added Pin To Net: NetName=Cell-2 Pin=U3_SellSensor23-10
Added Net: Name=Cell-2
Added Pin To Net: NetName=Cell-3 Pin=P1-3
Added Pin To Net: NetName=Cell-3 Pin=U3_SellSensor21-5
Added Pin To Net: NetName=Cell-3 Pin=U3_SellSensor22-10
Added Net: Name=Cell-3
Added Pin To Net: NetName=Cell-4 Pin=P1-4
Added Pin To Net: NetName=Cell-4 Pin=U3_SellSensor20-5
Added Pin To Net: NetName=Cell-4 Pin=U3_SellSensor21-10
Added Net: Name=Cell-4
Added Pin To Net: NetName=Cell-5 Pin=P1-5
Added Pin To Net: NetName=Cell-5 Pin=U3_SellSensor19-5
Added Pin To Net: NetName=Cell-5 Pin=U3_SellSensor20-10
Added Net: Name=Cell-5
Added Pin To Net: NetName=Cell-6 Pin=P1-6
Added Pin To Net: NetName=Cell-6 Pin=U3_SellSensor18-5
Added Pin To Net: NetName=Cell-6 Pin=U3_SellSensor19-10
Added Net: Name=Cell-6
Added Pin To Net: NetName=Cell-7 Pin=P1-7
Added Pin To Net: NetName=Cell-7 Pin=U3_SellSensor11-5
Added Pin To Net: NetName=Cell-7 Pin=U3_SellSensor18-10
Added Net: Name=Cell-7
Added Pin To Net: NetName=Cell-8 Pin=P1-8
Added Pin To Net: NetName=Cell-8 Pin=U3_SellSensor10-5
Added Pin To Net: NetName=Cell-8 Pin=U3_SellSensor11-10
Added Net: Name=Cell-8
Added Pin To Net: NetName=Cell-9 Pin=P1-9
Added Pin To Net: NetName=Cell-9 Pin=U3_SellSensor9-5
Added Pin To Net: NetName=Cell-9 Pin=U3_SellSensor10-10
Added Net: Name=Cell-9
Added Pin To Net: NetName=Cell-10 Pin=P1-10
Added Pin To Net: NetName=Cell-10 Pin=U3_SellSensor8-5
Added Pin To Net: NetName=Cell-10 Pin=U3_SellSensor9-10
Added Net: Name=Cell-10
Added Pin To Net: NetName=Cell-11 Pin=P1-11
Added Pin To Net: NetName=Cell-11 Pin=U3_SellSensor7-5
Added Pin To Net: NetName=Cell-11 Pin=U3_SellSensor8-10
Added Net: Name=Cell-11
Added Pin To Net: NetName=Cell-12 Pin=P1-12
Added Pin To Net: NetName=Cell-12 Pin=U3_SellSensor6-5
Added Pin To Net: NetName=Cell-12 Pin=U3_SellSensor7-10
Added Net: Name=Cell-12
Added Pin To Net: NetName=Cell-13 Pin=P1-13
Added Pin To Net: NetName=Cell-13 Pin=U3_SellSensor6-10
Added Pin To Net: NetName=Cell-13 Pin=U3_SellSensor17-5
Added Net: Name=Cell-13
Added Pin To Net: NetName=Cell-14 Pin=P1-14
Added Pin To Net: NetName=Cell-14 Pin=U3_SellSensor16-5
Added Pin To Net: NetName=Cell-14 Pin=U3_SellSensor17-10
Added Net: Name=Cell-14
Added Pin To Net: NetName=Cell-15 Pin=P1-15
Added Pin To Net: NetName=Cell-15 Pin=U3_SellSensor15-5
Added Pin To Net: NetName=Cell-15 Pin=U3_SellSensor16-10
Added Net: Name=Cell-15
Added Pin To Net: NetName=Cell-16 Pin=P1-16
Added Pin To Net: NetName=Cell-16 Pin=U3_SellSensor14-5
Added Pin To Net: NetName=Cell-16 Pin=U3_SellSensor15-10
Added Net: Name=Cell-16
Added Pin To Net: NetName=Cell-17 Pin=P1-17
Added Pin To Net: NetName=Cell-17 Pin=U3_SellSensor13-5
Added Pin To Net: NetName=Cell-17 Pin=U3_SellSensor14-10
Added Net: Name=Cell-17
Added Pin To Net: NetName=Cell-18 Pin=P1-18
Added Pin To Net: NetName=Cell-18 Pin=U3_SellSensor12-5
Added Pin To Net: NetName=Cell-18 Pin=U3_SellSensor13-10
Added Net: Name=Cell-18
Added Pin To Net: NetName=Cell-19 Pin=P1-19
Added Pin To Net: NetName=Cell-19 Pin=U3_SellSensor5-5
Added Pin To Net: NetName=Cell-19 Pin=U3_SellSensor12-10
Added Net: Name=Cell-19
Added Pin To Net: NetName=Cell-20 Pin=P1-20
Added Pin To Net: NetName=Cell-20 Pin=U3_SellSensor4-5
Added Pin To Net: NetName=Cell-20 Pin=U3_SellSensor5-10
Added Net: Name=Cell-20
Added Pin To Net: NetName=Cell-21 Pin=P1-21
Added Pin To Net: NetName=Cell-21 Pin=U3_SellSensor3-5
Added Pin To Net: NetName=Cell-21 Pin=U3_SellSensor4-10
Added Net: Name=Cell-21
Added Pin To Net: NetName=Cell-22 Pin=P1-22
Added Pin To Net: NetName=Cell-22 Pin=U3_SellSensor2-5
Added Pin To Net: NetName=Cell-22 Pin=U3_SellSensor3-10
Added Net: Name=Cell-22
Added Pin To Net: NetName=Cell-23 Pin=P1-23
Added Pin To Net: NetName=Cell-23 Pin=U3_SellSensor1-5
Added Pin To Net: NetName=Cell-23 Pin=U3_SellSensor2-10
Added Net: Name=Cell-23
Added Pin To Net: NetName=Cell-24 Pin=P1-24
Added Pin To Net: NetName=Cell-24 Pin=U3_SellSensor1-10
Added Net: Name=Cell-24
Added Pin To Net: NetName=GND Pin=R23_SellSensor1-2
Added Pin To Net: NetName=GND Pin=R23_SellSensor2-2
Added Pin To Net: NetName=GND Pin=R23_SellSensor3-2
Added Pin To Net: NetName=GND Pin=R23_SellSensor4-2
Added Pin To Net: NetName=GND Pin=R23_SellSensor5-2
Added Pin To Net: NetName=GND Pin=R23_SellSensor6-2
Added Pin To Net: NetName=GND Pin=R23_SellSensor7-2
Added Pin To Net: NetName=GND Pin=R23_SellSensor8-2
Added Pin To Net: NetName=GND Pin=R23_SellSensor9-2
Added Pin To Net: NetName=GND Pin=R23_SellSensor10-2
Added Pin To Net: NetName=GND Pin=R23_SellSensor11-2
Added Pin To Net: NetName=GND Pin=R23_SellSensor12-2
Added Pin To Net: NetName=GND Pin=R23_SellSensor13-2
Added Pin To Net: NetName=GND Pin=R23_SellSensor14-2
Added Pin To Net: NetName=GND Pin=R23_SellSensor15-2
Added Pin To Net: NetName=GND Pin=R23_SellSensor16-2
Added Pin To Net: NetName=GND Pin=R23_SellSensor17-2
Added Pin To Net: NetName=GND Pin=R23_SellSensor18-2
Added Pin To Net: NetName=GND Pin=R23_SellSensor19-2
Added Pin To Net: NetName=GND Pin=R23_SellSensor20-2
Added Pin To Net: NetName=GND Pin=R23_SellSensor21-2
Added Pin To Net: NetName=GND Pin=R23_SellSensor22-2
Added Pin To Net: NetName=GND Pin=R23_SellSensor23-2
Added Pin To Net: NetName=GND Pin=U3_SellSensor1-11
Added Pin To Net: NetName=GND Pin=U3_SellSensor2-11
Added Pin To Net: NetName=GND Pin=U3_SellSensor3-11
Added Pin To Net: NetName=GND Pin=U3_SellSensor4-11
Added Pin To Net: NetName=GND Pin=U3_SellSensor5-11
Added Pin To Net: NetName=GND Pin=U3_SellSensor6-11
Added Pin To Net: NetName=GND Pin=U3_SellSensor7-11
Added Pin To Net: NetName=GND Pin=U3_SellSensor8-11
Added Pin To Net: NetName=GND Pin=U3_SellSensor9-11
Added Pin To Net: NetName=GND Pin=U3_SellSensor10-11
Added Pin To Net: NetName=GND Pin=U3_SellSensor11-11
Added Pin To Net: NetName=GND Pin=U3_SellSensor12-11
Added Pin To Net: NetName=GND Pin=U3_SellSensor13-11
Added Pin To Net: NetName=GND Pin=U3_SellSensor14-11
Added Pin To Net: NetName=GND Pin=U3_SellSensor15-11
Added Pin To Net: NetName=GND Pin=U3_SellSensor16-11
Added Pin To Net: NetName=GND Pin=U3_SellSensor17-11
Added Pin To Net: NetName=GND Pin=U3_SellSensor18-11
Added Pin To Net: NetName=GND Pin=U3_SellSensor19-11
Added Pin To Net: NetName=GND Pin=U3_SellSensor20-11
Added Pin To Net: NetName=GND Pin=U3_SellSensor21-11
Added Pin To Net: NetName=GND Pin=U3_SellSensor22-11
Added Pin To Net: NetName=GND Pin=U3_SellSensor23-11
Added Net: Name=GND
Added Pin To Net: NetName=NetR16_SellSensor1_1 Pin=R16_SellSensor1-1
Added Pin To Net: NetName=NetR16_SellSensor1_1 Pin=R18_SellSensor1-2
Added Pin To Net: NetName=NetR16_SellSensor1_1 Pin=U3_SellSensor1-7
Added Net: Name=NetR16_SellSensor1_1
Added Pin To Net: NetName=NetR16_SellSensor1_2 Pin=R16_SellSensor1-2
Added Pin To Net: NetName=NetR16_SellSensor1_2 Pin=R17_SellSensor1-1
Added Pin To Net: NetName=NetR16_SellSensor1_2 Pin=U3_SellSensor1-13
Added Net: Name=NetR16_SellSensor1_2
Added Pin To Net: NetName=NetR16_SellSensor2_1 Pin=R16_SellSensor2-1
Added Pin To Net: NetName=NetR16_SellSensor2_1 Pin=R18_SellSensor2-2
Added Pin To Net: NetName=NetR16_SellSensor2_1 Pin=U3_SellSensor2-7
Added Net: Name=NetR16_SellSensor2_1
Added Pin To Net: NetName=NetR16_SellSensor2_2 Pin=R16_SellSensor2-2
Added Pin To Net: NetName=NetR16_SellSensor2_2 Pin=R17_SellSensor2-1
Added Pin To Net: NetName=NetR16_SellSensor2_2 Pin=U3_SellSensor2-13
Added Net: Name=NetR16_SellSensor2_2
Added Pin To Net: NetName=NetR16_SellSensor3_1 Pin=R16_SellSensor3-1
Added Pin To Net: NetName=NetR16_SellSensor3_1 Pin=R18_SellSensor3-2
Added Pin To Net: NetName=NetR16_SellSensor3_1 Pin=U3_SellSensor3-7
Added Net: Name=NetR16_SellSensor3_1
Added Pin To Net: NetName=NetR16_SellSensor3_2 Pin=R16_SellSensor3-2
Added Pin To Net: NetName=NetR16_SellSensor3_2 Pin=R17_SellSensor3-1
Added Pin To Net: NetName=NetR16_SellSensor3_2 Pin=U3_SellSensor3-13
Added Net: Name=NetR16_SellSensor3_2
Added Pin To Net: NetName=NetR16_SellSensor4_1 Pin=R16_SellSensor4-1
Added Pin To Net: NetName=NetR16_SellSensor4_1 Pin=R18_SellSensor4-2
Added Pin To Net: NetName=NetR16_SellSensor4_1 Pin=U3_SellSensor4-7
Added Net: Name=NetR16_SellSensor4_1
Added Pin To Net: NetName=NetR16_SellSensor4_2 Pin=R16_SellSensor4-2
Added Pin To Net: NetName=NetR16_SellSensor4_2 Pin=R17_SellSensor4-1
Added Pin To Net: NetName=NetR16_SellSensor4_2 Pin=U3_SellSensor4-13
Added Net: Name=NetR16_SellSensor4_2
Added Pin To Net: NetName=NetR16_SellSensor5_1 Pin=R16_SellSensor5-1
Added Pin To Net: NetName=NetR16_SellSensor5_1 Pin=R18_SellSensor5-2
Added Pin To Net: NetName=NetR16_SellSensor5_1 Pin=U3_SellSensor5-7
Added Net: Name=NetR16_SellSensor5_1
Added Pin To Net: NetName=NetR16_SellSensor5_2 Pin=R16_SellSensor5-2
Added Pin To Net: NetName=NetR16_SellSensor5_2 Pin=R17_SellSensor5-1
Added Pin To Net: NetName=NetR16_SellSensor5_2 Pin=U3_SellSensor5-13
Added Net: Name=NetR16_SellSensor5_2
Added Pin To Net: NetName=NetR16_SellSensor6_1 Pin=R16_SellSensor6-1
Added Pin To Net: NetName=NetR16_SellSensor6_1 Pin=R18_SellSensor6-2
Added Pin To Net: NetName=NetR16_SellSensor6_1 Pin=U3_SellSensor6-7
Added Net: Name=NetR16_SellSensor6_1
Added Pin To Net: NetName=NetR16_SellSensor6_2 Pin=R16_SellSensor6-2
Added Pin To Net: NetName=NetR16_SellSensor6_2 Pin=R17_SellSensor6-1
Added Pin To Net: NetName=NetR16_SellSensor6_2 Pin=U3_SellSensor6-13
Added Net: Name=NetR16_SellSensor6_2
Added Pin To Net: NetName=NetR16_SellSensor7_1 Pin=R16_SellSensor7-1
Added Pin To Net: NetName=NetR16_SellSensor7_1 Pin=R18_SellSensor7-2
Added Pin To Net: NetName=NetR16_SellSensor7_1 Pin=U3_SellSensor7-7
Added Net: Name=NetR16_SellSensor7_1
Added Pin To Net: NetName=NetR16_SellSensor7_2 Pin=R16_SellSensor7-2
Added Pin To Net: NetName=NetR16_SellSensor7_2 Pin=R17_SellSensor7-1
Added Pin To Net: NetName=NetR16_SellSensor7_2 Pin=U3_SellSensor7-13
Added Net: Name=NetR16_SellSensor7_2
Added Pin To Net: NetName=NetR16_SellSensor8_1 Pin=R16_SellSensor8-1
Added Pin To Net: NetName=NetR16_SellSensor8_1 Pin=R18_SellSensor8-2
Added Pin To Net: NetName=NetR16_SellSensor8_1 Pin=U3_SellSensor8-7
Added Net: Name=NetR16_SellSensor8_1
Added Pin To Net: NetName=NetR16_SellSensor8_2 Pin=R16_SellSensor8-2
Added Pin To Net: NetName=NetR16_SellSensor8_2 Pin=R17_SellSensor8-1
Added Pin To Net: NetName=NetR16_SellSensor8_2 Pin=U3_SellSensor8-13
Added Net: Name=NetR16_SellSensor8_2
Added Pin To Net: NetName=NetR16_SellSensor9_1 Pin=R16_SellSensor9-1
Added Pin To Net: NetName=NetR16_SellSensor9_1 Pin=R18_SellSensor9-2
Added Pin To Net: NetName=NetR16_SellSensor9_1 Pin=U3_SellSensor9-7
Added Net: Name=NetR16_SellSensor9_1
Added Pin To Net: NetName=NetR16_SellSensor9_2 Pin=R16_SellSensor9-2
Added Pin To Net: NetName=NetR16_SellSensor9_2 Pin=R17_SellSensor9-1
Added Pin To Net: NetName=NetR16_SellSensor9_2 Pin=U3_SellSensor9-13
Added Net: Name=NetR16_SellSensor9_2
Added Pin To Net: NetName=NetR16_SellSensor10_1 Pin=R16_SellSensor10-1
Added Pin To Net: NetName=NetR16_SellSensor10_1 Pin=R18_SellSensor10-2
Added Pin To Net: NetName=NetR16_SellSensor10_1 Pin=U3_SellSensor10-7
Added Net: Name=NetR16_SellSensor10_1
Added Pin To Net: NetName=NetR16_SellSensor10_2 Pin=R16_SellSensor10-2
Added Pin To Net: NetName=NetR16_SellSensor10_2 Pin=R17_SellSensor10-1
Added Pin To Net: NetName=NetR16_SellSensor10_2 Pin=U3_SellSensor10-13
Added Net: Name=NetR16_SellSensor10_2
Added Pin To Net: NetName=NetR16_SellSensor11_1 Pin=R16_SellSensor11-1
Added Pin To Net: NetName=NetR16_SellSensor11_1 Pin=R18_SellSensor11-2
Added Pin To Net: NetName=NetR16_SellSensor11_1 Pin=U3_SellSensor11-7
Added Net: Name=NetR16_SellSensor11_1
Added Pin To Net: NetName=NetR16_SellSensor11_2 Pin=R16_SellSensor11-2
Added Pin To Net: NetName=NetR16_SellSensor11_2 Pin=R17_SellSensor11-1
Added Pin To Net: NetName=NetR16_SellSensor11_2 Pin=U3_SellSensor11-13
Added Net: Name=NetR16_SellSensor11_2
Added Pin To Net: NetName=NetR16_SellSensor12_1 Pin=R16_SellSensor12-1
Added Pin To Net: NetName=NetR16_SellSensor12_1 Pin=R18_SellSensor12-2
Added Pin To Net: NetName=NetR16_SellSensor12_1 Pin=U3_SellSensor12-7
Added Net: Name=NetR16_SellSensor12_1
Added Pin To Net: NetName=NetR16_SellSensor12_2 Pin=R16_SellSensor12-2
Added Pin To Net: NetName=NetR16_SellSensor12_2 Pin=R17_SellSensor12-1
Added Pin To Net: NetName=NetR16_SellSensor12_2 Pin=U3_SellSensor12-13
Added Net: Name=NetR16_SellSensor12_2
Added Pin To Net: NetName=NetR16_SellSensor13_1 Pin=R16_SellSensor13-1
Added Pin To Net: NetName=NetR16_SellSensor13_1 Pin=R18_SellSensor13-2
Added Pin To Net: NetName=NetR16_SellSensor13_1 Pin=U3_SellSensor13-7
Added Net: Name=NetR16_SellSensor13_1
Added Pin To Net: NetName=NetR16_SellSensor13_2 Pin=R16_SellSensor13-2
Added Pin To Net: NetName=NetR16_SellSensor13_2 Pin=R17_SellSensor13-1
Added Pin To Net: NetName=NetR16_SellSensor13_2 Pin=U3_SellSensor13-13
Added Net: Name=NetR16_SellSensor13_2
Added Pin To Net: NetName=NetR16_SellSensor14_1 Pin=R16_SellSensor14-1
Added Pin To Net: NetName=NetR16_SellSensor14_1 Pin=R18_SellSensor14-2
Added Pin To Net: NetName=NetR16_SellSensor14_1 Pin=U3_SellSensor14-7
Added Net: Name=NetR16_SellSensor14_1
Added Pin To Net: NetName=NetR16_SellSensor14_2 Pin=R16_SellSensor14-2
Added Pin To Net: NetName=NetR16_SellSensor14_2 Pin=R17_SellSensor14-1
Added Pin To Net: NetName=NetR16_SellSensor14_2 Pin=U3_SellSensor14-13
Added Net: Name=NetR16_SellSensor14_2
Added Pin To Net: NetName=NetR16_SellSensor15_1 Pin=R16_SellSensor15-1
Added Pin To Net: NetName=NetR16_SellSensor15_1 Pin=R18_SellSensor15-2
Added Pin To Net: NetName=NetR16_SellSensor15_1 Pin=U3_SellSensor15-7
Added Net: Name=NetR16_SellSensor15_1
Added Pin To Net: NetName=NetR16_SellSensor15_2 Pin=R16_SellSensor15-2
Added Pin To Net: NetName=NetR16_SellSensor15_2 Pin=R17_SellSensor15-1
Added Pin To Net: NetName=NetR16_SellSensor15_2 Pin=U3_SellSensor15-13
Added Net: Name=NetR16_SellSensor15_2
Added Pin To Net: NetName=NetR16_SellSensor16_1 Pin=R16_SellSensor16-1
Added Pin To Net: NetName=NetR16_SellSensor16_1 Pin=R18_SellSensor16-2
Added Pin To Net: NetName=NetR16_SellSensor16_1 Pin=U3_SellSensor16-7
Added Net: Name=NetR16_SellSensor16_1
Added Pin To Net: NetName=NetR16_SellSensor16_2 Pin=R16_SellSensor16-2
Added Pin To Net: NetName=NetR16_SellSensor16_2 Pin=R17_SellSensor16-1
Added Pin To Net: NetName=NetR16_SellSensor16_2 Pin=U3_SellSensor16-13
Added Net: Name=NetR16_SellSensor16_2
Added Pin To Net: NetName=NetR16_SellSensor17_1 Pin=R16_SellSensor17-1
Added Pin To Net: NetName=NetR16_SellSensor17_1 Pin=R18_SellSensor17-2
Added Pin To Net: NetName=NetR16_SellSensor17_1 Pin=U3_SellSensor17-7
Added Net: Name=NetR16_SellSensor17_1
Added Pin To Net: NetName=NetR16_SellSensor17_2 Pin=R16_SellSensor17-2
Added Pin To Net: NetName=NetR16_SellSensor17_2 Pin=R17_SellSensor17-1
Added Pin To Net: NetName=NetR16_SellSensor17_2 Pin=U3_SellSensor17-13
Added Net: Name=NetR16_SellSensor17_2
Added Pin To Net: NetName=NetR16_SellSensor18_1 Pin=R16_SellSensor18-1
Added Pin To Net: NetName=NetR16_SellSensor18_1 Pin=R18_SellSensor18-2
Added Pin To Net: NetName=NetR16_SellSensor18_1 Pin=U3_SellSensor18-7
Added Net: Name=NetR16_SellSensor18_1
Added Pin To Net: NetName=NetR16_SellSensor18_2 Pin=R16_SellSensor18-2
Added Pin To Net: NetName=NetR16_SellSensor18_2 Pin=R17_SellSensor18-1
Added Pin To Net: NetName=NetR16_SellSensor18_2 Pin=U3_SellSensor18-13
Added Net: Name=NetR16_SellSensor18_2
Added Pin To Net: NetName=NetR16_SellSensor19_1 Pin=R16_SellSensor19-1
Added Pin To Net: NetName=NetR16_SellSensor19_1 Pin=R18_SellSensor19-2
Added Pin To Net: NetName=NetR16_SellSensor19_1 Pin=U3_SellSensor19-7
Added Net: Name=NetR16_SellSensor19_1
Added Pin To Net: NetName=NetR16_SellSensor19_2 Pin=R16_SellSensor19-2
Added Pin To Net: NetName=NetR16_SellSensor19_2 Pin=R17_SellSensor19-1
Added Pin To Net: NetName=NetR16_SellSensor19_2 Pin=U3_SellSensor19-13
Added Net: Name=NetR16_SellSensor19_2
Added Pin To Net: NetName=NetR16_SellSensor20_1 Pin=R16_SellSensor20-1
Added Pin To Net: NetName=NetR16_SellSensor20_1 Pin=R18_SellSensor20-2
Added Pin To Net: NetName=NetR16_SellSensor20_1 Pin=U3_SellSensor20-7
Added Net: Name=NetR16_SellSensor20_1
Added Pin To Net: NetName=NetR16_SellSensor20_2 Pin=R16_SellSensor20-2
Added Pin To Net: NetName=NetR16_SellSensor20_2 Pin=R17_SellSensor20-1
Added Pin To Net: NetName=NetR16_SellSensor20_2 Pin=U3_SellSensor20-13
Added Net: Name=NetR16_SellSensor20_2
Added Pin To Net: NetName=NetR16_SellSensor21_1 Pin=R16_SellSensor21-1
Added Pin To Net: NetName=NetR16_SellSensor21_1 Pin=R18_SellSensor21-2
Added Pin To Net: NetName=NetR16_SellSensor21_1 Pin=U3_SellSensor21-7
Added Net: Name=NetR16_SellSensor21_1
Added Pin To Net: NetName=NetR16_SellSensor21_2 Pin=R16_SellSensor21-2
Added Pin To Net: NetName=NetR16_SellSensor21_2 Pin=R17_SellSensor21-1
Added Pin To Net: NetName=NetR16_SellSensor21_2 Pin=U3_SellSensor21-13
Added Net: Name=NetR16_SellSensor21_2
Added Pin To Net: NetName=NetR16_SellSensor22_1 Pin=R16_SellSensor22-1
Added Pin To Net: NetName=NetR16_SellSensor22_1 Pin=R18_SellSensor22-2
Added Pin To Net: NetName=NetR16_SellSensor22_1 Pin=U3_SellSensor22-7
Added Net: Name=NetR16_SellSensor22_1
Added Pin To Net: NetName=NetR16_SellSensor22_2 Pin=R16_SellSensor22-2
Added Pin To Net: NetName=NetR16_SellSensor22_2 Pin=R17_SellSensor22-1
Added Pin To Net: NetName=NetR16_SellSensor22_2 Pin=U3_SellSensor22-13
Added Net: Name=NetR16_SellSensor22_2
Added Pin To Net: NetName=NetR16_SellSensor23_1 Pin=R16_SellSensor23-1
Added Pin To Net: NetName=NetR16_SellSensor23_1 Pin=R18_SellSensor23-2
Added Pin To Net: NetName=NetR16_SellSensor23_1 Pin=U3_SellSensor23-7
Added Net: Name=NetR16_SellSensor23_1
Added Pin To Net: NetName=NetR16_SellSensor23_2 Pin=R16_SellSensor23-2
Added Pin To Net: NetName=NetR16_SellSensor23_2 Pin=R17_SellSensor23-1
Added Pin To Net: NetName=NetR16_SellSensor23_2 Pin=U3_SellSensor23-13
Added Net: Name=NetR16_SellSensor23_2
Added Pin To Net: NetName=NetR17_SellSensor1_2 Pin=R17_SellSensor1-2
Added Pin To Net: NetName=NetR17_SellSensor1_2 Pin=R20_SellSensor1-1
Added Pin To Net: NetName=NetR17_SellSensor1_2 Pin=U3_SellSensor1-14
Added Net: Name=NetR17_SellSensor1_2
Added Pin To Net: NetName=NetR17_SellSensor2_2 Pin=R17_SellSensor2-2
Added Pin To Net: NetName=NetR17_SellSensor2_2 Pin=R20_SellSensor2-1
Added Pin To Net: NetName=NetR17_SellSensor2_2 Pin=U3_SellSensor2-14
Added Net: Name=NetR17_SellSensor2_2
Added Pin To Net: NetName=NetR17_SellSensor3_2 Pin=R17_SellSensor3-2
Added Pin To Net: NetName=NetR17_SellSensor3_2 Pin=R20_SellSensor3-1
Added Pin To Net: NetName=NetR17_SellSensor3_2 Pin=U3_SellSensor3-14
Added Net: Name=NetR17_SellSensor3_2
Added Pin To Net: NetName=NetR17_SellSensor4_2 Pin=R17_SellSensor4-2
Added Pin To Net: NetName=NetR17_SellSensor4_2 Pin=R20_SellSensor4-1
Added Pin To Net: NetName=NetR17_SellSensor4_2 Pin=U3_SellSensor4-14
Added Net: Name=NetR17_SellSensor4_2
Added Pin To Net: NetName=NetR17_SellSensor5_2 Pin=R17_SellSensor5-2
Added Pin To Net: NetName=NetR17_SellSensor5_2 Pin=R20_SellSensor5-1
Added Pin To Net: NetName=NetR17_SellSensor5_2 Pin=U3_SellSensor5-14
Added Net: Name=NetR17_SellSensor5_2
Added Pin To Net: NetName=NetR17_SellSensor6_2 Pin=R17_SellSensor6-2
Added Pin To Net: NetName=NetR17_SellSensor6_2 Pin=R20_SellSensor6-1
Added Pin To Net: NetName=NetR17_SellSensor6_2 Pin=U3_SellSensor6-14
Added Net: Name=NetR17_SellSensor6_2
Added Pin To Net: NetName=NetR17_SellSensor7_2 Pin=R17_SellSensor7-2
Added Pin To Net: NetName=NetR17_SellSensor7_2 Pin=R20_SellSensor7-1
Added Pin To Net: NetName=NetR17_SellSensor7_2 Pin=U3_SellSensor7-14
Added Net: Name=NetR17_SellSensor7_2
Added Pin To Net: NetName=NetR17_SellSensor8_2 Pin=R17_SellSensor8-2
Added Pin To Net: NetName=NetR17_SellSensor8_2 Pin=R20_SellSensor8-1
Added Pin To Net: NetName=NetR17_SellSensor8_2 Pin=U3_SellSensor8-14
Added Net: Name=NetR17_SellSensor8_2
Added Pin To Net: NetName=NetR17_SellSensor9_2 Pin=R17_SellSensor9-2
Added Pin To Net: NetName=NetR17_SellSensor9_2 Pin=R20_SellSensor9-1
Added Pin To Net: NetName=NetR17_SellSensor9_2 Pin=U3_SellSensor9-14
Added Net: Name=NetR17_SellSensor9_2
Added Pin To Net: NetName=NetR17_SellSensor10_2 Pin=R17_SellSensor10-2
Added Pin To Net: NetName=NetR17_SellSensor10_2 Pin=R20_SellSensor10-1
Added Pin To Net: NetName=NetR17_SellSensor10_2 Pin=U3_SellSensor10-14
Added Net: Name=NetR17_SellSensor10_2
Added Pin To Net: NetName=NetR17_SellSensor11_2 Pin=R17_SellSensor11-2
Added Pin To Net: NetName=NetR17_SellSensor11_2 Pin=R20_SellSensor11-1
Added Pin To Net: NetName=NetR17_SellSensor11_2 Pin=U3_SellSensor11-14
Added Net: Name=NetR17_SellSensor11_2
Added Pin To Net: NetName=NetR17_SellSensor12_2 Pin=R17_SellSensor12-2
Added Pin To Net: NetName=NetR17_SellSensor12_2 Pin=R20_SellSensor12-1
Added Pin To Net: NetName=NetR17_SellSensor12_2 Pin=U3_SellSensor12-14
Added Net: Name=NetR17_SellSensor12_2
Added Pin To Net: NetName=NetR17_SellSensor13_2 Pin=R17_SellSensor13-2
Added Pin To Net: NetName=NetR17_SellSensor13_2 Pin=R20_SellSensor13-1
Added Pin To Net: NetName=NetR17_SellSensor13_2 Pin=U3_SellSensor13-14
Added Net: Name=NetR17_SellSensor13_2
Added Pin To Net: NetName=NetR17_SellSensor14_2 Pin=R17_SellSensor14-2
Added Pin To Net: NetName=NetR17_SellSensor14_2 Pin=R20_SellSensor14-1
Added Pin To Net: NetName=NetR17_SellSensor14_2 Pin=U3_SellSensor14-14
Added Net: Name=NetR17_SellSensor14_2
Added Pin To Net: NetName=NetR17_SellSensor15_2 Pin=R17_SellSensor15-2
Added Pin To Net: NetName=NetR17_SellSensor15_2 Pin=R20_SellSensor15-1
Added Pin To Net: NetName=NetR17_SellSensor15_2 Pin=U3_SellSensor15-14
Added Net: Name=NetR17_SellSensor15_2
Added Pin To Net: NetName=NetR17_SellSensor16_2 Pin=R17_SellSensor16-2
Added Pin To Net: NetName=NetR17_SellSensor16_2 Pin=R20_SellSensor16-1
Added Pin To Net: NetName=NetR17_SellSensor16_2 Pin=U3_SellSensor16-14
Added Net: Name=NetR17_SellSensor16_2
Added Pin To Net: NetName=NetR17_SellSensor17_2 Pin=R17_SellSensor17-2
Added Pin To Net: NetName=NetR17_SellSensor17_2 Pin=R20_SellSensor17-1
Added Pin To Net: NetName=NetR17_SellSensor17_2 Pin=U3_SellSensor17-14
Added Net: Name=NetR17_SellSensor17_2
Added Pin To Net: NetName=NetR17_SellSensor18_2 Pin=R17_SellSensor18-2
Added Pin To Net: NetName=NetR17_SellSensor18_2 Pin=R20_SellSensor18-1
Added Pin To Net: NetName=NetR17_SellSensor18_2 Pin=U3_SellSensor18-14
Added Net: Name=NetR17_SellSensor18_2
Added Pin To Net: NetName=NetR17_SellSensor19_2 Pin=R17_SellSensor19-2
Added Pin To Net: NetName=NetR17_SellSensor19_2 Pin=R20_SellSensor19-1
Added Pin To Net: NetName=NetR17_SellSensor19_2 Pin=U3_SellSensor19-14
Added Net: Name=NetR17_SellSensor19_2
Added Pin To Net: NetName=NetR17_SellSensor20_2 Pin=R17_SellSensor20-2
Added Pin To Net: NetName=NetR17_SellSensor20_2 Pin=R20_SellSensor20-1
Added Pin To Net: NetName=NetR17_SellSensor20_2 Pin=U3_SellSensor20-14
Added Net: Name=NetR17_SellSensor20_2
Added Pin To Net: NetName=NetR17_SellSensor21_2 Pin=R17_SellSensor21-2
Added Pin To Net: NetName=NetR17_SellSensor21_2 Pin=R20_SellSensor21-1
Added Pin To Net: NetName=NetR17_SellSensor21_2 Pin=U3_SellSensor21-14
Added Net: Name=NetR17_SellSensor21_2
Added Pin To Net: NetName=NetR17_SellSensor22_2 Pin=R17_SellSensor22-2
Added Pin To Net: NetName=NetR17_SellSensor22_2 Pin=R20_SellSensor22-1
Added Pin To Net: NetName=NetR17_SellSensor22_2 Pin=U3_SellSensor22-14
Added Net: Name=NetR17_SellSensor22_2
Added Pin To Net: NetName=NetR17_SellSensor23_2 Pin=R17_SellSensor23-2
Added Pin To Net: NetName=NetR17_SellSensor23_2 Pin=R20_SellSensor23-1
Added Pin To Net: NetName=NetR17_SellSensor23_2 Pin=U3_SellSensor23-14
Added Net: Name=NetR17_SellSensor23_2
Added Pin To Net: NetName=NetR18_SellSensor1_1 Pin=R18_SellSensor1-1
Added Pin To Net: NetName=NetR18_SellSensor1_1 Pin=R19_SellSensor1-2
Added Pin To Net: NetName=NetR18_SellSensor1_1 Pin=U3_SellSensor1-6
Added Net: Name=NetR18_SellSensor1_1
Added Pin To Net: NetName=NetR18_SellSensor2_1 Pin=R18_SellSensor2-1
Added Pin To Net: NetName=NetR18_SellSensor2_1 Pin=R19_SellSensor2-2
Added Pin To Net: NetName=NetR18_SellSensor2_1 Pin=U3_SellSensor2-6
Added Net: Name=NetR18_SellSensor2_1
Added Pin To Net: NetName=NetR18_SellSensor3_1 Pin=R18_SellSensor3-1
Added Pin To Net: NetName=NetR18_SellSensor3_1 Pin=R19_SellSensor3-2
Added Pin To Net: NetName=NetR18_SellSensor3_1 Pin=U3_SellSensor3-6
Added Net: Name=NetR18_SellSensor3_1
Added Pin To Net: NetName=NetR18_SellSensor4_1 Pin=R18_SellSensor4-1
Added Pin To Net: NetName=NetR18_SellSensor4_1 Pin=R19_SellSensor4-2
Added Pin To Net: NetName=NetR18_SellSensor4_1 Pin=U3_SellSensor4-6
Added Net: Name=NetR18_SellSensor4_1
Added Pin To Net: NetName=NetR18_SellSensor5_1 Pin=R18_SellSensor5-1
Added Pin To Net: NetName=NetR18_SellSensor5_1 Pin=R19_SellSensor5-2
Added Pin To Net: NetName=NetR18_SellSensor5_1 Pin=U3_SellSensor5-6
Added Net: Name=NetR18_SellSensor5_1
Added Pin To Net: NetName=NetR18_SellSensor6_1 Pin=R18_SellSensor6-1
Added Pin To Net: NetName=NetR18_SellSensor6_1 Pin=R19_SellSensor6-2
Added Pin To Net: NetName=NetR18_SellSensor6_1 Pin=U3_SellSensor6-6
Added Net: Name=NetR18_SellSensor6_1
Added Pin To Net: NetName=NetR18_SellSensor7_1 Pin=R18_SellSensor7-1
Added Pin To Net: NetName=NetR18_SellSensor7_1 Pin=R19_SellSensor7-2
Added Pin To Net: NetName=NetR18_SellSensor7_1 Pin=U3_SellSensor7-6
Added Net: Name=NetR18_SellSensor7_1
Added Pin To Net: NetName=NetR18_SellSensor8_1 Pin=R18_SellSensor8-1
Added Pin To Net: NetName=NetR18_SellSensor8_1 Pin=R19_SellSensor8-2
Added Pin To Net: NetName=NetR18_SellSensor8_1 Pin=U3_SellSensor8-6
Added Net: Name=NetR18_SellSensor8_1
Added Pin To Net: NetName=NetR18_SellSensor9_1 Pin=R18_SellSensor9-1
Added Pin To Net: NetName=NetR18_SellSensor9_1 Pin=R19_SellSensor9-2
Added Pin To Net: NetName=NetR18_SellSensor9_1 Pin=U3_SellSensor9-6
Added Net: Name=NetR18_SellSensor9_1
Added Pin To Net: NetName=NetR18_SellSensor10_1 Pin=R18_SellSensor10-1
Added Pin To Net: NetName=NetR18_SellSensor10_1 Pin=R19_SellSensor10-2
Added Pin To Net: NetName=NetR18_SellSensor10_1 Pin=U3_SellSensor10-6
Added Net: Name=NetR18_SellSensor10_1
Added Pin To Net: NetName=NetR18_SellSensor11_1 Pin=R18_SellSensor11-1
Added Pin To Net: NetName=NetR18_SellSensor11_1 Pin=R19_SellSensor11-2
Added Pin To Net: NetName=NetR18_SellSensor11_1 Pin=U3_SellSensor11-6
Added Net: Name=NetR18_SellSensor11_1
Added Pin To Net: NetName=NetR18_SellSensor12_1 Pin=R18_SellSensor12-1
Added Pin To Net: NetName=NetR18_SellSensor12_1 Pin=R19_SellSensor12-2
Added Pin To Net: NetName=NetR18_SellSensor12_1 Pin=U3_SellSensor12-6
Added Net: Name=NetR18_SellSensor12_1
Added Pin To Net: NetName=NetR18_SellSensor13_1 Pin=R18_SellSensor13-1
Added Pin To Net: NetName=NetR18_SellSensor13_1 Pin=R19_SellSensor13-2
Added Pin To Net: NetName=NetR18_SellSensor13_1 Pin=U3_SellSensor13-6
Added Net: Name=NetR18_SellSensor13_1
Added Pin To Net: NetName=NetR18_SellSensor14_1 Pin=R18_SellSensor14-1
Added Pin To Net: NetName=NetR18_SellSensor14_1 Pin=R19_SellSensor14-2
Added Pin To Net: NetName=NetR18_SellSensor14_1 Pin=U3_SellSensor14-6
Added Net: Name=NetR18_SellSensor14_1
Added Pin To Net: NetName=NetR18_SellSensor15_1 Pin=R18_SellSensor15-1
Added Pin To Net: NetName=NetR18_SellSensor15_1 Pin=R19_SellSensor15-2
Added Pin To Net: NetName=NetR18_SellSensor15_1 Pin=U3_SellSensor15-6
Added Net: Name=NetR18_SellSensor15_1
Added Pin To Net: NetName=NetR18_SellSensor16_1 Pin=R18_SellSensor16-1
Added Pin To Net: NetName=NetR18_SellSensor16_1 Pin=R19_SellSensor16-2
Added Pin To Net: NetName=NetR18_SellSensor16_1 Pin=U3_SellSensor16-6
Added Net: Name=NetR18_SellSensor16_1
Added Pin To Net: NetName=NetR18_SellSensor17_1 Pin=R18_SellSensor17-1
Added Pin To Net: NetName=NetR18_SellSensor17_1 Pin=R19_SellSensor17-2
Added Pin To Net: NetName=NetR18_SellSensor17_1 Pin=U3_SellSensor17-6
Added Net: Name=NetR18_SellSensor17_1
Added Pin To Net: NetName=NetR18_SellSensor18_1 Pin=R18_SellSensor18-1
Added Pin To Net: NetName=NetR18_SellSensor18_1 Pin=R19_SellSensor18-2
Added Pin To Net: NetName=NetR18_SellSensor18_1 Pin=U3_SellSensor18-6
Added Net: Name=NetR18_SellSensor18_1
Added Pin To Net: NetName=NetR18_SellSensor19_1 Pin=R18_SellSensor19-1
Added Pin To Net: NetName=NetR18_SellSensor19_1 Pin=R19_SellSensor19-2
Added Pin To Net: NetName=NetR18_SellSensor19_1 Pin=U3_SellSensor19-6
Added Net: Name=NetR18_SellSensor19_1
Added Pin To Net: NetName=NetR18_SellSensor20_1 Pin=R18_SellSensor20-1
Added Pin To Net: NetName=NetR18_SellSensor20_1 Pin=R19_SellSensor20-2
Added Pin To Net: NetName=NetR18_SellSensor20_1 Pin=U3_SellSensor20-6
Added Net: Name=NetR18_SellSensor20_1
Added Pin To Net: NetName=NetR18_SellSensor21_1 Pin=R18_SellSensor21-1
Added Pin To Net: NetName=NetR18_SellSensor21_1 Pin=R19_SellSensor21-2
Added Pin To Net: NetName=NetR18_SellSensor21_1 Pin=U3_SellSensor21-6
Added Net: Name=NetR18_SellSensor21_1
Added Pin To Net: NetName=NetR18_SellSensor22_1 Pin=R18_SellSensor22-1
Added Pin To Net: NetName=NetR18_SellSensor22_1 Pin=R19_SellSensor22-2
Added Pin To Net: NetName=NetR18_SellSensor22_1 Pin=U3_SellSensor22-6
Added Net: Name=NetR18_SellSensor22_1
Added Pin To Net: NetName=NetR18_SellSensor23_1 Pin=R18_SellSensor23-1
Added Pin To Net: NetName=NetR18_SellSensor23_1 Pin=R19_SellSensor23-2
Added Pin To Net: NetName=NetR18_SellSensor23_1 Pin=U3_SellSensor23-6
Added Net: Name=NetR18_SellSensor23_1
Added Pin To Net: NetName=NetR19_SellSensor1_1 Pin=R19_SellSensor1-1
Added Pin To Net: NetName=NetR19_SellSensor1_1 Pin=R21_SellSensor1-2
Added Pin To Net: NetName=NetR19_SellSensor1_1 Pin=U3_SellSensor1-9
Added Net: Name=NetR19_SellSensor1_1
Added Pin To Net: NetName=NetR19_SellSensor2_1 Pin=R19_SellSensor2-1
Added Pin To Net: NetName=NetR19_SellSensor2_1 Pin=R21_SellSensor2-2
Added Pin To Net: NetName=NetR19_SellSensor2_1 Pin=U3_SellSensor2-9
Added Net: Name=NetR19_SellSensor2_1
Added Pin To Net: NetName=NetR19_SellSensor3_1 Pin=R19_SellSensor3-1
Added Pin To Net: NetName=NetR19_SellSensor3_1 Pin=R21_SellSensor3-2
Added Pin To Net: NetName=NetR19_SellSensor3_1 Pin=U3_SellSensor3-9
Added Net: Name=NetR19_SellSensor3_1
Added Pin To Net: NetName=NetR19_SellSensor4_1 Pin=R19_SellSensor4-1
Added Pin To Net: NetName=NetR19_SellSensor4_1 Pin=R21_SellSensor4-2
Added Pin To Net: NetName=NetR19_SellSensor4_1 Pin=U3_SellSensor4-9
Added Net: Name=NetR19_SellSensor4_1
Added Pin To Net: NetName=NetR19_SellSensor5_1 Pin=R19_SellSensor5-1
Added Pin To Net: NetName=NetR19_SellSensor5_1 Pin=R21_SellSensor5-2
Added Pin To Net: NetName=NetR19_SellSensor5_1 Pin=U3_SellSensor5-9
Added Net: Name=NetR19_SellSensor5_1
Added Pin To Net: NetName=NetR19_SellSensor6_1 Pin=R19_SellSensor6-1
Added Pin To Net: NetName=NetR19_SellSensor6_1 Pin=R21_SellSensor6-2
Added Pin To Net: NetName=NetR19_SellSensor6_1 Pin=U3_SellSensor6-9
Added Net: Name=NetR19_SellSensor6_1
Added Pin To Net: NetName=NetR19_SellSensor7_1 Pin=R19_SellSensor7-1
Added Pin To Net: NetName=NetR19_SellSensor7_1 Pin=R21_SellSensor7-2
Added Pin To Net: NetName=NetR19_SellSensor7_1 Pin=U3_SellSensor7-9
Added Net: Name=NetR19_SellSensor7_1
Added Pin To Net: NetName=NetR19_SellSensor8_1 Pin=R19_SellSensor8-1
Added Pin To Net: NetName=NetR19_SellSensor8_1 Pin=R21_SellSensor8-2
Added Pin To Net: NetName=NetR19_SellSensor8_1 Pin=U3_SellSensor8-9
Added Net: Name=NetR19_SellSensor8_1
Added Pin To Net: NetName=NetR19_SellSensor9_1 Pin=R19_SellSensor9-1
Added Pin To Net: NetName=NetR19_SellSensor9_1 Pin=R21_SellSensor9-2
Added Pin To Net: NetName=NetR19_SellSensor9_1 Pin=U3_SellSensor9-9
Added Net: Name=NetR19_SellSensor9_1
Added Pin To Net: NetName=NetR19_SellSensor10_1 Pin=R19_SellSensor10-1
Added Pin To Net: NetName=NetR19_SellSensor10_1 Pin=R21_SellSensor10-2
Added Pin To Net: NetName=NetR19_SellSensor10_1 Pin=U3_SellSensor10-9
Added Net: Name=NetR19_SellSensor10_1
Added Pin To Net: NetName=NetR19_SellSensor11_1 Pin=R19_SellSensor11-1
Added Pin To Net: NetName=NetR19_SellSensor11_1 Pin=R21_SellSensor11-2
Added Pin To Net: NetName=NetR19_SellSensor11_1 Pin=U3_SellSensor11-9
Added Net: Name=NetR19_SellSensor11_1
Added Pin To Net: NetName=NetR19_SellSensor12_1 Pin=R19_SellSensor12-1
Added Pin To Net: NetName=NetR19_SellSensor12_1 Pin=R21_SellSensor12-2
Added Pin To Net: NetName=NetR19_SellSensor12_1 Pin=U3_SellSensor12-9
Added Net: Name=NetR19_SellSensor12_1
Added Pin To Net: NetName=NetR19_SellSensor13_1 Pin=R19_SellSensor13-1
Added Pin To Net: NetName=NetR19_SellSensor13_1 Pin=R21_SellSensor13-2
Added Pin To Net: NetName=NetR19_SellSensor13_1 Pin=U3_SellSensor13-9
Added Net: Name=NetR19_SellSensor13_1
Added Pin To Net: NetName=NetR19_SellSensor14_1 Pin=R19_SellSensor14-1
Added Pin To Net: NetName=NetR19_SellSensor14_1 Pin=R21_SellSensor14-2
Added Pin To Net: NetName=NetR19_SellSensor14_1 Pin=U3_SellSensor14-9
Added Net: Name=NetR19_SellSensor14_1
Added Pin To Net: NetName=NetR19_SellSensor15_1 Pin=R19_SellSensor15-1
Added Pin To Net: NetName=NetR19_SellSensor15_1 Pin=R21_SellSensor15-2
Added Pin To Net: NetName=NetR19_SellSensor15_1 Pin=U3_SellSensor15-9
Added Net: Name=NetR19_SellSensor15_1
Added Pin To Net: NetName=NetR19_SellSensor16_1 Pin=R19_SellSensor16-1
Added Pin To Net: NetName=NetR19_SellSensor16_1 Pin=R21_SellSensor16-2
Added Pin To Net: NetName=NetR19_SellSensor16_1 Pin=U3_SellSensor16-9
Added Net: Name=NetR19_SellSensor16_1
Added Pin To Net: NetName=NetR19_SellSensor17_1 Pin=R19_SellSensor17-1
Added Pin To Net: NetName=NetR19_SellSensor17_1 Pin=R21_SellSensor17-2
Added Pin To Net: NetName=NetR19_SellSensor17_1 Pin=U3_SellSensor17-9
Added Net: Name=NetR19_SellSensor17_1
Added Pin To Net: NetName=NetR19_SellSensor18_1 Pin=R19_SellSensor18-1
Added Pin To Net: NetName=NetR19_SellSensor18_1 Pin=R21_SellSensor18-2
Added Pin To Net: NetName=NetR19_SellSensor18_1 Pin=U3_SellSensor18-9
Added Net: Name=NetR19_SellSensor18_1
Added Pin To Net: NetName=NetR19_SellSensor19_1 Pin=R19_SellSensor19-1
Added Pin To Net: NetName=NetR19_SellSensor19_1 Pin=R21_SellSensor19-2
Added Pin To Net: NetName=NetR19_SellSensor19_1 Pin=U3_SellSensor19-9
Added Net: Name=NetR19_SellSensor19_1
Added Pin To Net: NetName=NetR19_SellSensor20_1 Pin=R19_SellSensor20-1
Added Pin To Net: NetName=NetR19_SellSensor20_1 Pin=R21_SellSensor20-2
Added Pin To Net: NetName=NetR19_SellSensor20_1 Pin=U3_SellSensor20-9
Added Net: Name=NetR19_SellSensor20_1
Added Pin To Net: NetName=NetR19_SellSensor21_1 Pin=R19_SellSensor21-1
Added Pin To Net: NetName=NetR19_SellSensor21_1 Pin=R21_SellSensor21-2
Added Pin To Net: NetName=NetR19_SellSensor21_1 Pin=U3_SellSensor21-9
Added Net: Name=NetR19_SellSensor21_1
Added Pin To Net: NetName=NetR19_SellSensor22_1 Pin=R19_SellSensor22-1
Added Pin To Net: NetName=NetR19_SellSensor22_1 Pin=R21_SellSensor22-2
Added Pin To Net: NetName=NetR19_SellSensor22_1 Pin=U3_SellSensor22-9
Added Net: Name=NetR19_SellSensor22_1
Added Pin To Net: NetName=NetR19_SellSensor23_1 Pin=R19_SellSensor23-1
Added Pin To Net: NetName=NetR19_SellSensor23_1 Pin=R21_SellSensor23-2
Added Pin To Net: NetName=NetR19_SellSensor23_1 Pin=U3_SellSensor23-9
Added Net: Name=NetR19_SellSensor23_1
Added Pin To Net: NetName=NetR20_SellSensor1_2 Pin=R20_SellSensor1-2
Added Net: Name=NetR20_SellSensor1_2
Added Pin To Net: NetName=NetR20_SellSensor2_2 Pin=R20_SellSensor2-2
Added Net: Name=NetR20_SellSensor2_2
Added Pin To Net: NetName=NetR20_SellSensor3_2 Pin=R20_SellSensor3-2
Added Net: Name=NetR20_SellSensor3_2
Added Pin To Net: NetName=NetR20_SellSensor4_2 Pin=R20_SellSensor4-2
Added Net: Name=NetR20_SellSensor4_2
Added Pin To Net: NetName=NetR20_SellSensor5_2 Pin=R20_SellSensor5-2
Added Net: Name=NetR20_SellSensor5_2
Added Pin To Net: NetName=NetR20_SellSensor6_2 Pin=R20_SellSensor6-2
Added Net: Name=NetR20_SellSensor6_2
Added Pin To Net: NetName=NetR20_SellSensor7_2 Pin=R20_SellSensor7-2
Added Net: Name=NetR20_SellSensor7_2
Added Pin To Net: NetName=NetR20_SellSensor8_2 Pin=R20_SellSensor8-2
Added Net: Name=NetR20_SellSensor8_2
Added Pin To Net: NetName=NetR20_SellSensor9_2 Pin=R20_SellSensor9-2
Added Net: Name=NetR20_SellSensor9_2
Added Pin To Net: NetName=NetR20_SellSensor10_2 Pin=R20_SellSensor10-2
Added Net: Name=NetR20_SellSensor10_2
Added Pin To Net: NetName=NetR20_SellSensor11_2 Pin=R20_SellSensor11-2
Added Net: Name=NetR20_SellSensor11_2
Added Pin To Net: NetName=NetR20_SellSensor12_2 Pin=R20_SellSensor12-2
Added Net: Name=NetR20_SellSensor12_2
Added Pin To Net: NetName=NetR20_SellSensor13_2 Pin=R20_SellSensor13-2
Added Net: Name=NetR20_SellSensor13_2
Added Pin To Net: NetName=NetR20_SellSensor14_2 Pin=R20_SellSensor14-2
Added Net: Name=NetR20_SellSensor14_2
Added Pin To Net: NetName=NetR20_SellSensor15_2 Pin=R20_SellSensor15-2
Added Net: Name=NetR20_SellSensor15_2
Added Pin To Net: NetName=NetR20_SellSensor16_2 Pin=R20_SellSensor16-2
Added Net: Name=NetR20_SellSensor16_2
Added Pin To Net: NetName=NetR20_SellSensor17_2 Pin=R20_SellSensor17-2
Added Net: Name=NetR20_SellSensor17_2
Added Pin To Net: NetName=NetR20_SellSensor18_2 Pin=R20_SellSensor18-2
Added Net: Name=NetR20_SellSensor18_2
Added Pin To Net: NetName=NetR20_SellSensor19_2 Pin=R20_SellSensor19-2
Added Net: Name=NetR20_SellSensor19_2
Added Pin To Net: NetName=NetR20_SellSensor20_2 Pin=R20_SellSensor20-2
Added Net: Name=NetR20_SellSensor20_2
Added Pin To Net: NetName=NetR20_SellSensor21_2 Pin=R20_SellSensor21-2
Added Net: Name=NetR20_SellSensor21_2
Added Pin To Net: NetName=NetR20_SellSensor22_2 Pin=R20_SellSensor22-2
Added Net: Name=NetR20_SellSensor22_2
Added Pin To Net: NetName=NetR20_SellSensor23_2 Pin=R20_SellSensor23-2
Added Net: Name=NetR20_SellSensor23_2
Added Pin To Net: NetName=NetR21_SellSensor1_1 Pin=R21_SellSensor1-1
Added Pin To Net: NetName=NetR21_SellSensor1_1 Pin=R22_SellSensor1-1
Added Pin To Net: NetName=NetR21_SellSensor1_1 Pin=U3_SellSensor1-8
Added Net: Name=NetR21_SellSensor1_1
Added Pin To Net: NetName=NetR21_SellSensor2_1 Pin=R21_SellSensor2-1
Added Pin To Net: NetName=NetR21_SellSensor2_1 Pin=R22_SellSensor2-1
Added Pin To Net: NetName=NetR21_SellSensor2_1 Pin=U3_SellSensor2-8
Added Net: Name=NetR21_SellSensor2_1
Added Pin To Net: NetName=NetR21_SellSensor3_1 Pin=R21_SellSensor3-1
Added Pin To Net: NetName=NetR21_SellSensor3_1 Pin=R22_SellSensor3-1
Added Pin To Net: NetName=NetR21_SellSensor3_1 Pin=U3_SellSensor3-8
Added Net: Name=NetR21_SellSensor3_1
Added Pin To Net: NetName=NetR21_SellSensor4_1 Pin=R21_SellSensor4-1
Added Pin To Net: NetName=NetR21_SellSensor4_1 Pin=R22_SellSensor4-1
Added Pin To Net: NetName=NetR21_SellSensor4_1 Pin=U3_SellSensor4-8
Added Net: Name=NetR21_SellSensor4_1
Added Pin To Net: NetName=NetR21_SellSensor5_1 Pin=R21_SellSensor5-1
Added Pin To Net: NetName=NetR21_SellSensor5_1 Pin=R22_SellSensor5-1
Added Pin To Net: NetName=NetR21_SellSensor5_1 Pin=U3_SellSensor5-8
Added Net: Name=NetR21_SellSensor5_1
Added Pin To Net: NetName=NetR21_SellSensor6_1 Pin=R21_SellSensor6-1
Added Pin To Net: NetName=NetR21_SellSensor6_1 Pin=R22_SellSensor6-1
Added Pin To Net: NetName=NetR21_SellSensor6_1 Pin=U3_SellSensor6-8
Added Net: Name=NetR21_SellSensor6_1
Added Pin To Net: NetName=NetR21_SellSensor7_1 Pin=R21_SellSensor7-1
Added Pin To Net: NetName=NetR21_SellSensor7_1 Pin=R22_SellSensor7-1
Added Pin To Net: NetName=NetR21_SellSensor7_1 Pin=U3_SellSensor7-8
Added Net: Name=NetR21_SellSensor7_1
Added Pin To Net: NetName=NetR21_SellSensor8_1 Pin=R21_SellSensor8-1
Added Pin To Net: NetName=NetR21_SellSensor8_1 Pin=R22_SellSensor8-1
Added Pin To Net: NetName=NetR21_SellSensor8_1 Pin=U3_SellSensor8-8
Added Net: Name=NetR21_SellSensor8_1
Added Pin To Net: NetName=NetR21_SellSensor9_1 Pin=R21_SellSensor9-1
Added Pin To Net: NetName=NetR21_SellSensor9_1 Pin=R22_SellSensor9-1
Added Pin To Net: NetName=NetR21_SellSensor9_1 Pin=U3_SellSensor9-8
Added Net: Name=NetR21_SellSensor9_1
Added Pin To Net: NetName=NetR21_SellSensor10_1 Pin=R21_SellSensor10-1
Added Pin To Net: NetName=NetR21_SellSensor10_1 Pin=R22_SellSensor10-1
Added Pin To Net: NetName=NetR21_SellSensor10_1 Pin=U3_SellSensor10-8
Added Net: Name=NetR21_SellSensor10_1
Added Pin To Net: NetName=NetR21_SellSensor11_1 Pin=R21_SellSensor11-1
Added Pin To Net: NetName=NetR21_SellSensor11_1 Pin=R22_SellSensor11-1
Added Pin To Net: NetName=NetR21_SellSensor11_1 Pin=U3_SellSensor11-8
Added Net: Name=NetR21_SellSensor11_1
Added Pin To Net: NetName=NetR21_SellSensor12_1 Pin=R21_SellSensor12-1
Added Pin To Net: NetName=NetR21_SellSensor12_1 Pin=R22_SellSensor12-1
Added Pin To Net: NetName=NetR21_SellSensor12_1 Pin=U3_SellSensor12-8
Added Net: Name=NetR21_SellSensor12_1
Added Pin To Net: NetName=NetR21_SellSensor13_1 Pin=R21_SellSensor13-1
Added Pin To Net: NetName=NetR21_SellSensor13_1 Pin=R22_SellSensor13-1
Added Pin To Net: NetName=NetR21_SellSensor13_1 Pin=U3_SellSensor13-8
Added Net: Name=NetR21_SellSensor13_1
Added Pin To Net: NetName=NetR21_SellSensor14_1 Pin=R21_SellSensor14-1
Added Pin To Net: NetName=NetR21_SellSensor14_1 Pin=R22_SellSensor14-1
Added Pin To Net: NetName=NetR21_SellSensor14_1 Pin=U3_SellSensor14-8
Added Net: Name=NetR21_SellSensor14_1
Added Pin To Net: NetName=NetR21_SellSensor15_1 Pin=R21_SellSensor15-1
Added Pin To Net: NetName=NetR21_SellSensor15_1 Pin=R22_SellSensor15-1
Added Pin To Net: NetName=NetR21_SellSensor15_1 Pin=U3_SellSensor15-8
Added Net: Name=NetR21_SellSensor15_1
Added Pin To Net: NetName=NetR21_SellSensor16_1 Pin=R21_SellSensor16-1
Added Pin To Net: NetName=NetR21_SellSensor16_1 Pin=R22_SellSensor16-1
Added Pin To Net: NetName=NetR21_SellSensor16_1 Pin=U3_SellSensor16-8
Added Net: Name=NetR21_SellSensor16_1
Added Pin To Net: NetName=NetR21_SellSensor17_1 Pin=R21_SellSensor17-1
Added Pin To Net: NetName=NetR21_SellSensor17_1 Pin=R22_SellSensor17-1
Added Pin To Net: NetName=NetR21_SellSensor17_1 Pin=U3_SellSensor17-8
Added Net: Name=NetR21_SellSensor17_1
Added Pin To Net: NetName=NetR21_SellSensor18_1 Pin=R21_SellSensor18-1
Added Pin To Net: NetName=NetR21_SellSensor18_1 Pin=R22_SellSensor18-1
Added Pin To Net: NetName=NetR21_SellSensor18_1 Pin=U3_SellSensor18-8
Added Net: Name=NetR21_SellSensor18_1
Added Pin To Net: NetName=NetR21_SellSensor19_1 Pin=R21_SellSensor19-1
Added Pin To Net: NetName=NetR21_SellSensor19_1 Pin=R22_SellSensor19-1
Added Pin To Net: NetName=NetR21_SellSensor19_1 Pin=U3_SellSensor19-8
Added Net: Name=NetR21_SellSensor19_1
Added Pin To Net: NetName=NetR21_SellSensor20_1 Pin=R21_SellSensor20-1
Added Pin To Net: NetName=NetR21_SellSensor20_1 Pin=R22_SellSensor20-1
Added Pin To Net: NetName=NetR21_SellSensor20_1 Pin=U3_SellSensor20-8
Added Net: Name=NetR21_SellSensor20_1
Added Pin To Net: NetName=NetR21_SellSensor21_1 Pin=R21_SellSensor21-1
Added Pin To Net: NetName=NetR21_SellSensor21_1 Pin=R22_SellSensor21-1
Added Pin To Net: NetName=NetR21_SellSensor21_1 Pin=U3_SellSensor21-8
Added Net: Name=NetR21_SellSensor21_1
Added Pin To Net: NetName=NetR21_SellSensor22_1 Pin=R21_SellSensor22-1
Added Pin To Net: NetName=NetR21_SellSensor22_1 Pin=R22_SellSensor22-1
Added Pin To Net: NetName=NetR21_SellSensor22_1 Pin=U3_SellSensor22-8
Added Net: Name=NetR21_SellSensor22_1
Added Pin To Net: NetName=NetR21_SellSensor23_1 Pin=R21_SellSensor23-1
Added Pin To Net: NetName=NetR21_SellSensor23_1 Pin=R22_SellSensor23-1
Added Pin To Net: NetName=NetR21_SellSensor23_1 Pin=U3_SellSensor23-8
Added Net: Name=NetR21_SellSensor23_1
Added Pin To Net: NetName=NetR22_SellSensor1_2 Pin=R22_SellSensor1-2
Added Pin To Net: NetName=NetR22_SellSensor1_2 Pin=R23_SellSensor1-1
Added Pin To Net: NetName=NetR22_SellSensor1_2 Pin=U3_SellSensor1-12
Added Net: Name=NetR22_SellSensor1_2
Added Pin To Net: NetName=NetR22_SellSensor2_2 Pin=R22_SellSensor2-2
Added Pin To Net: NetName=NetR22_SellSensor2_2 Pin=R23_SellSensor2-1
Added Pin To Net: NetName=NetR22_SellSensor2_2 Pin=U3_SellSensor2-12
Added Net: Name=NetR22_SellSensor2_2
Added Pin To Net: NetName=NetR22_SellSensor3_2 Pin=R22_SellSensor3-2
Added Pin To Net: NetName=NetR22_SellSensor3_2 Pin=R23_SellSensor3-1
Added Pin To Net: NetName=NetR22_SellSensor3_2 Pin=U3_SellSensor3-12
Added Net: Name=NetR22_SellSensor3_2
Added Pin To Net: NetName=NetR22_SellSensor4_2 Pin=R22_SellSensor4-2
Added Pin To Net: NetName=NetR22_SellSensor4_2 Pin=R23_SellSensor4-1
Added Pin To Net: NetName=NetR22_SellSensor4_2 Pin=U3_SellSensor4-12
Added Net: Name=NetR22_SellSensor4_2
Added Pin To Net: NetName=NetR22_SellSensor5_2 Pin=R22_SellSensor5-2
Added Pin To Net: NetName=NetR22_SellSensor5_2 Pin=R23_SellSensor5-1
Added Pin To Net: NetName=NetR22_SellSensor5_2 Pin=U3_SellSensor5-12
Added Net: Name=NetR22_SellSensor5_2
Added Pin To Net: NetName=NetR22_SellSensor6_2 Pin=R22_SellSensor6-2
Added Pin To Net: NetName=NetR22_SellSensor6_2 Pin=R23_SellSensor6-1
Added Pin To Net: NetName=NetR22_SellSensor6_2 Pin=U3_SellSensor6-12
Added Net: Name=NetR22_SellSensor6_2
Added Pin To Net: NetName=NetR22_SellSensor7_2 Pin=R22_SellSensor7-2
Added Pin To Net: NetName=NetR22_SellSensor7_2 Pin=R23_SellSensor7-1
Added Pin To Net: NetName=NetR22_SellSensor7_2 Pin=U3_SellSensor7-12
Added Net: Name=NetR22_SellSensor7_2
Added Pin To Net: NetName=NetR22_SellSensor8_2 Pin=R22_SellSensor8-2
Added Pin To Net: NetName=NetR22_SellSensor8_2 Pin=R23_SellSensor8-1
Added Pin To Net: NetName=NetR22_SellSensor8_2 Pin=U3_SellSensor8-12
Added Net: Name=NetR22_SellSensor8_2
Added Pin To Net: NetName=NetR22_SellSensor9_2 Pin=R22_SellSensor9-2
Added Pin To Net: NetName=NetR22_SellSensor9_2 Pin=R23_SellSensor9-1
Added Pin To Net: NetName=NetR22_SellSensor9_2 Pin=U3_SellSensor9-12
Added Net: Name=NetR22_SellSensor9_2
Added Pin To Net: NetName=NetR22_SellSensor10_2 Pin=R22_SellSensor10-2
Added Pin To Net: NetName=NetR22_SellSensor10_2 Pin=R23_SellSensor10-1
Added Pin To Net: NetName=NetR22_SellSensor10_2 Pin=U3_SellSensor10-12
Added Net: Name=NetR22_SellSensor10_2
Added Pin To Net: NetName=NetR22_SellSensor11_2 Pin=R22_SellSensor11-2
Added Pin To Net: NetName=NetR22_SellSensor11_2 Pin=R23_SellSensor11-1
Added Pin To Net: NetName=NetR22_SellSensor11_2 Pin=U3_SellSensor11-12
Added Net: Name=NetR22_SellSensor11_2
Added Pin To Net: NetName=NetR22_SellSensor12_2 Pin=R22_SellSensor12-2
Added Pin To Net: NetName=NetR22_SellSensor12_2 Pin=R23_SellSensor12-1
Added Pin To Net: NetName=NetR22_SellSensor12_2 Pin=U3_SellSensor12-12
Added Net: Name=NetR22_SellSensor12_2
Added Pin To Net: NetName=NetR22_SellSensor13_2 Pin=R22_SellSensor13-2
Added Pin To Net: NetName=NetR22_SellSensor13_2 Pin=R23_SellSensor13-1
Added Pin To Net: NetName=NetR22_SellSensor13_2 Pin=U3_SellSensor13-12
Added Net: Name=NetR22_SellSensor13_2
Added Pin To Net: NetName=NetR22_SellSensor14_2 Pin=R22_SellSensor14-2
Added Pin To Net: NetName=NetR22_SellSensor14_2 Pin=R23_SellSensor14-1
Added Pin To Net: NetName=NetR22_SellSensor14_2 Pin=U3_SellSensor14-12
Added Net: Name=NetR22_SellSensor14_2
Added Pin To Net: NetName=NetR22_SellSensor15_2 Pin=R22_SellSensor15-2
Added Pin To Net: NetName=NetR22_SellSensor15_2 Pin=R23_SellSensor15-1
Added Pin To Net: NetName=NetR22_SellSensor15_2 Pin=U3_SellSensor15-12
Added Net: Name=NetR22_SellSensor15_2
Added Pin To Net: NetName=NetR22_SellSensor16_2 Pin=R22_SellSensor16-2
Added Pin To Net: NetName=NetR22_SellSensor16_2 Pin=R23_SellSensor16-1
Added Pin To Net: NetName=NetR22_SellSensor16_2 Pin=U3_SellSensor16-12
Added Net: Name=NetR22_SellSensor16_2
Added Pin To Net: NetName=NetR22_SellSensor17_2 Pin=R22_SellSensor17-2
Added Pin To Net: NetName=NetR22_SellSensor17_2 Pin=R23_SellSensor17-1
Added Pin To Net: NetName=NetR22_SellSensor17_2 Pin=U3_SellSensor17-12
Added Net: Name=NetR22_SellSensor17_2
Added Pin To Net: NetName=NetR22_SellSensor18_2 Pin=R22_SellSensor18-2
Added Pin To Net: NetName=NetR22_SellSensor18_2 Pin=R23_SellSensor18-1
Added Pin To Net: NetName=NetR22_SellSensor18_2 Pin=U3_SellSensor18-12
Added Net: Name=NetR22_SellSensor18_2
Added Pin To Net: NetName=NetR22_SellSensor19_2 Pin=R22_SellSensor19-2
Added Pin To Net: NetName=NetR22_SellSensor19_2 Pin=R23_SellSensor19-1
Added Pin To Net: NetName=NetR22_SellSensor19_2 Pin=U3_SellSensor19-12
Added Net: Name=NetR22_SellSensor19_2
Added Pin To Net: NetName=NetR22_SellSensor20_2 Pin=R22_SellSensor20-2
Added Pin To Net: NetName=NetR22_SellSensor20_2 Pin=R23_SellSensor20-1
Added Pin To Net: NetName=NetR22_SellSensor20_2 Pin=U3_SellSensor20-12
Added Net: Name=NetR22_SellSensor20_2
Added Pin To Net: NetName=NetR22_SellSensor21_2 Pin=R22_SellSensor21-2
Added Pin To Net: NetName=NetR22_SellSensor21_2 Pin=R23_SellSensor21-1
Added Pin To Net: NetName=NetR22_SellSensor21_2 Pin=U3_SellSensor21-12
Added Net: Name=NetR22_SellSensor21_2
Added Pin To Net: NetName=NetR22_SellSensor22_2 Pin=R22_SellSensor22-2
Added Pin To Net: NetName=NetR22_SellSensor22_2 Pin=R23_SellSensor22-1
Added Pin To Net: NetName=NetR22_SellSensor22_2 Pin=U3_SellSensor22-12
Added Net: Name=NetR22_SellSensor22_2
Added Pin To Net: NetName=NetR22_SellSensor23_2 Pin=R22_SellSensor23-2
Added Pin To Net: NetName=NetR22_SellSensor23_2 Pin=R23_SellSensor23-1
Added Pin To Net: NetName=NetR22_SellSensor23_2 Pin=U3_SellSensor23-12
Added Net: Name=NetR22_SellSensor23_2
Added Pin To Net: NetName=Vcc_F Pin=U3_SellSensor1-4
Added Pin To Net: NetName=Vcc_F Pin=U3_SellSensor2-4
Added Pin To Net: NetName=Vcc_F Pin=U3_SellSensor3-4
Added Pin To Net: NetName=Vcc_F Pin=U3_SellSensor4-4
Added Pin To Net: NetName=Vcc_F Pin=U3_SellSensor5-4
Added Pin To Net: NetName=Vcc_F Pin=U3_SellSensor6-4
Added Pin To Net: NetName=Vcc_F Pin=U3_SellSensor7-4
Added Pin To Net: NetName=Vcc_F Pin=U3_SellSensor8-4
Added Pin To Net: NetName=Vcc_F Pin=U3_SellSensor9-4
Added Pin To Net: NetName=Vcc_F Pin=U3_SellSensor10-4
Added Pin To Net: NetName=Vcc_F Pin=U3_SellSensor11-4
Added Pin To Net: NetName=Vcc_F Pin=U3_SellSensor12-4
Added Pin To Net: NetName=Vcc_F Pin=U3_SellSensor13-4
Added Pin To Net: NetName=Vcc_F Pin=U3_SellSensor14-4
Added Pin To Net: NetName=Vcc_F Pin=U3_SellSensor15-4
Added Pin To Net: NetName=Vcc_F Pin=U3_SellSensor16-4
Added Pin To Net: NetName=Vcc_F Pin=U3_SellSensor17-4
Added Pin To Net: NetName=Vcc_F Pin=U3_SellSensor18-4
Added Pin To Net: NetName=Vcc_F Pin=U3_SellSensor19-4
Added Pin To Net: NetName=Vcc_F Pin=U3_SellSensor20-4
Added Pin To Net: NetName=Vcc_F Pin=U3_SellSensor21-4
Added Pin To Net: NetName=Vcc_F Pin=U3_SellSensor22-4
Added Pin To Net: NetName=Vcc_F Pin=U3_SellSensor23-4
Added Net: Name=Vcc_F
Added Class: Name=CellVoltageControl
Added Class: Name=SellSensor1
Added Class: Name=SellSensor2
Added Class: Name=SellSensor3
Added Class: Name=SellSensor4
Added Class: Name=SellSensor5
Added Class: Name=SellSensor6
Added Class: Name=SellSensor7
Added Class: Name=SellSensor8
Added Class: Name=SellSensor9
Added Class: Name=SellSensor10
Added Class: Name=SellSensor11
Added Class: Name=SellSensor12
Added Class: Name=SellSensor13
Added Class: Name=SellSensor14
Added Class: Name=SellSensor15
Added Class: Name=SellSensor16
Added Class: Name=SellSensor17
Added Class: Name=SellSensor18
Added Class: Name=SellSensor19
Added Class: Name=SellSensor20
Added Class: Name=SellSensor21
Added Class: Name=SellSensor22
Added Class: Name=SellSensor23
Added Class: Name=DiffAmp_K-0.2
