ISO-10303-21;
HEADER;
/* Generated by software containing ST-Developer
 * from STEP Tools, Inc. (www.steptools.com) 
 */
/* OPTION: strings as raw bytes, not using required /X/ escapes */

FILE_DESCRIPTION(
/* description */ ('Unknown'),
/* implementation_level */ '2;1');

FILE_NAME(
/* name */ '7460307_Rev_2.1_221122',
/* time_stamp */ '2022-11-23T15:45:59+01:00',
/* author */ ('Unknown'),
/* organization */ ('Unknown'),
/* preprocessor_version */ 'ST-DEVELOPER v16.7',
/* originating_system */ 'Solid Edge',
/* authorisation */ 'Unknown');

FILE_SCHEMA (('AUTOMOTIVE_DESIGN {1 0 10303 214 3 1 1}'));
ENDSEC;

DATA;
#10=PROPERTY_DEFINITION_REPRESENTATION(#14,#12);
#11=PROPERTY_DEFINITION_REPRESENTATION(#15,#13);
#12=REPRESENTATION('',(#16),#2868);
#13=REPRESENTATION('',(#17),#2868);
#14=PROPERTY_DEFINITION('pmi validation property','',#2873);
#15=PROPERTY_DEFINITION('pmi validation property','',#2873);
#16=VALUE_REPRESENTATION_ITEM('number of annotations',COUNT_MEASURE(0.));
#17=VALUE_REPRESENTATION_ITEM('number of views',COUNT_MEASURE(0.));
#18=SHAPE_REPRESENTATION_RELATIONSHIP('','',#2002,#19);
#19=ADVANCED_BREP_SHAPE_REPRESENTATION('',(#2000),#2868);
#20=B_SPLINE_CURVE_WITH_KNOTS('',3,(#2549,#2550,#2551,#2552,#2553),
 .UNSPECIFIED.,.F.,.F.,(4,1,4),(9.62964972193618E-35,0.00247132949382512,
0.00494265898765024),.UNSPECIFIED.);
#21=B_SPLINE_CURVE_WITH_KNOTS('',3,(#2558,#2559,#2560,#2561,#2562),
 .UNSPECIFIED.,.F.,.F.,(4,1,4),(0.,0.00245072440221777,0.00490144880443553),
 .UNSPECIFIED.);
#22=B_SPLINE_CURVE_WITH_KNOTS('',3,(#2570,#2571,#2572,#2573,#2574),
 .UNSPECIFIED.,.F.,.F.,(4,1,4),(0.,0.00247132949382516,0.00494265898765031),
 .UNSPECIFIED.);
#23=B_SPLINE_CURVE_WITH_KNOTS('',3,(#2576,#2577,#2578,#2579,#2580),
 .UNSPECIFIED.,.F.,.F.,(4,1,4),(5.8184394216733E-18,0.00245072440221778,
0.00490144880443555),.UNSPECIFIED.);
#24=B_SPLINE_CURVE_WITH_KNOTS('',3,(#2582,#2583,#2584,#2585,#2586),
 .UNSPECIFIED.,.F.,.F.,(4,1,4),(5.85774276477236E-17,0.00245072440221786,
0.00490144880443566),.UNSPECIFIED.);
#25=B_SPLINE_CURVE_WITH_KNOTS('',3,(#2588,#2589,#2590,#2591,#2592),
 .UNSPECIFIED.,.F.,.F.,(4,1,4),(1.46273557327926E-19,0.00247132949382513,
0.00494265898765027),.UNSPECIFIED.);
#26=B_SPLINE_CURVE_WITH_KNOTS('',3,(#2853,#2854,#2855,#2856,#2857),
 .UNSPECIFIED.,.F.,.F.,(4,1,4),(6.12887894148647E-17,0.00245072440221786,
0.00490144880443566),.UNSPECIFIED.);
#27=B_SPLINE_CURVE_WITH_KNOTS('',3,(#2861,#2862,#2863,#2864,#2865),
 .UNSPECIFIED.,.F.,.F.,(4,1,4),(4.20974668861526E-19,0.00247132949382513,
0.00494265898765026),.UNSPECIFIED.);
#28=LINE('',#2466,#196);
#29=LINE('',#2469,#197);
#30=LINE('',#2471,#198);
#31=LINE('',#2473,#199);
#32=LINE('',#2475,#200);
#33=LINE('',#2478,#201);
#34=LINE('',#2480,#202);
#35=LINE('',#2482,#203);
#36=LINE('',#2483,#204);
#37=LINE('',#2486,#205);
#38=LINE('',#2488,#206);
#39=LINE('',#2490,#207);
#40=LINE('',#2491,#208);
#41=LINE('',#2494,#209);
#42=LINE('',#2496,#210);
#43=LINE('',#2498,#211);
#44=LINE('',#2499,#212);
#45=LINE('',#2502,#213);
#46=LINE('',#2504,#214);
#47=LINE('',#2506,#215);
#48=LINE('',#2507,#216);
#49=LINE('',#2510,#217);
#50=LINE('',#2512,#218);
#51=LINE('',#2514,#219);
#52=LINE('',#2515,#220);
#53=LINE('',#2518,#221);
#54=LINE('',#2520,#222);
#55=LINE('',#2522,#223);
#56=LINE('',#2523,#224);
#57=LINE('',#2526,#225);
#58=LINE('',#2528,#226);
#59=LINE('',#2530,#227);
#60=LINE('',#2531,#228);
#61=LINE('',#2534,#229);
#62=LINE('',#2536,#230);
#63=LINE('',#2538,#231);
#64=LINE('',#2539,#232);
#65=LINE('',#2541,#233);
#66=LINE('',#2543,#234);
#67=LINE('',#2545,#235);
#68=LINE('',#2547,#236);
#69=LINE('',#2594,#237);
#70=LINE('',#2596,#238);
#71=LINE('',#2598,#239);
#72=LINE('',#2600,#240);
#73=LINE('',#2603,#241);
#74=LINE('',#2605,#242);
#75=LINE('',#2607,#243);
#76=LINE('',#2609,#244);
#77=LINE('',#2612,#245);
#78=LINE('',#2613,#246);
#79=LINE('',#2615,#247);
#80=LINE('',#2617,#248);
#81=LINE('',#2619,#249);
#82=LINE('',#2621,#250);
#83=LINE('',#2622,#251);
#84=LINE('',#2624,#252);
#85=LINE('',#2626,#253);
#86=LINE('',#2627,#254);
#87=LINE('',#2632,#255);
#88=LINE('',#2633,#256);
#89=LINE('',#2635,#257);
#90=LINE('',#2638,#258);
#91=LINE('',#2640,#259);
#92=LINE('',#2642,#260);
#93=LINE('',#2644,#261);
#94=LINE('',#2646,#262);
#95=LINE('',#2648,#263);
#96=LINE('',#2650,#264);
#97=LINE('',#2652,#265);
#98=LINE('',#2654,#266);
#99=LINE('',#2656,#267);
#100=LINE('',#2658,#268);
#101=LINE('',#2660,#269);
#102=LINE('',#2661,#270);
#103=LINE('',#2663,#271);
#104=LINE('',#2665,#272);
#105=LINE('',#2668,#273);
#106=LINE('',#2671,#274);
#107=LINE('',#2673,#275);
#108=LINE('',#2675,#276);
#109=LINE('',#2677,#277);
#110=LINE('',#2679,#278);
#111=LINE('',#2681,#279);
#112=LINE('',#2683,#280);
#113=LINE('',#2685,#281);
#114=LINE('',#2687,#282);
#115=LINE('',#2689,#283);
#116=LINE('',#2691,#284);
#117=LINE('',#2693,#285);
#118=LINE('',#2694,#286);
#119=LINE('',#2696,#287);
#120=LINE('',#2698,#288);
#121=LINE('',#2701,#289);
#122=LINE('',#2704,#290);
#123=LINE('',#2706,#291);
#124=LINE('',#2708,#292);
#125=LINE('',#2710,#293);
#126=LINE('',#2712,#294);
#127=LINE('',#2714,#295);
#128=LINE('',#2716,#296);
#129=LINE('',#2718,#297);
#130=LINE('',#2720,#298);
#131=LINE('',#2722,#299);
#132=LINE('',#2724,#300);
#133=LINE('',#2726,#301);
#134=LINE('',#2727,#302);
#135=LINE('',#2729,#303);
#136=LINE('',#2731,#304);
#137=LINE('',#2734,#305);
#138=LINE('',#2737,#306);
#139=LINE('',#2739,#307);
#140=LINE('',#2741,#308);
#141=LINE('',#2743,#309);
#142=LINE('',#2745,#310);
#143=LINE('',#2747,#311);
#144=LINE('',#2749,#312);
#145=LINE('',#2751,#313);
#146=LINE('',#2753,#314);
#147=LINE('',#2755,#315);
#148=LINE('',#2757,#316);
#149=LINE('',#2759,#317);
#150=LINE('',#2760,#318);
#151=LINE('',#2762,#319);
#152=LINE('',#2764,#320);
#153=LINE('',#2767,#321);
#154=LINE('',#2770,#322);
#155=LINE('',#2772,#323);
#156=LINE('',#2774,#324);
#157=LINE('',#2776,#325);
#158=LINE('',#2778,#326);
#159=LINE('',#2780,#327);
#160=LINE('',#2782,#328);
#161=LINE('',#2784,#329);
#162=LINE('',#2786,#330);
#163=LINE('',#2788,#331);
#164=LINE('',#2790,#332);
#165=LINE('',#2792,#333);
#166=LINE('',#2793,#334);
#167=LINE('',#2795,#335);
#168=LINE('',#2797,#336);
#169=LINE('',#2800,#337);
#170=LINE('',#2803,#338);
#171=LINE('',#2805,#339);
#172=LINE('',#2807,#340);
#173=LINE('',#2809,#341);
#174=LINE('',#2811,#342);
#175=LINE('',#2813,#343);
#176=LINE('',#2815,#344);
#177=LINE('',#2817,#345);
#178=LINE('',#2819,#346);
#179=LINE('',#2821,#347);
#180=LINE('',#2823,#348);
#181=LINE('',#2825,#349);
#182=LINE('',#2826,#350);
#183=LINE('',#2828,#351);
#184=LINE('',#2830,#352);
#185=LINE('',#2833,#353);
#186=LINE('',#2835,#354);
#187=LINE('',#2837,#355);
#188=LINE('',#2838,#356);
#189=LINE('',#2840,#357);
#190=LINE('',#2842,#358);
#191=LINE('',#2844,#359);
#192=LINE('',#2846,#360);
#193=LINE('',#2848,#361);
#194=LINE('',#2851,#362);
#195=LINE('',#2859,#363);
#196=VECTOR('',#2115,1000.);
#197=VECTOR('',#2116,1000.);
#198=VECTOR('',#2117,1000.);
#199=VECTOR('',#2118,1000.);
#200=VECTOR('',#2121,1000.);
#201=VECTOR('',#2122,1000.);
#202=VECTOR('',#2123,1000.);
#203=VECTOR('',#2124,1000.);
#204=VECTOR('',#2125,1000.);
#205=VECTOR('',#2126,1000.);
#206=VECTOR('',#2127,1000.);
#207=VECTOR('',#2128,1000.);
#208=VECTOR('',#2129,1000.);
#209=VECTOR('',#2130,1000.);
#210=VECTOR('',#2131,1000.);
#211=VECTOR('',#2132,1000.);
#212=VECTOR('',#2133,1000.);
#213=VECTOR('',#2134,1000.);
#214=VECTOR('',#2135,1000.);
#215=VECTOR('',#2136,1000.);
#216=VECTOR('',#2137,1000.);
#217=VECTOR('',#2138,1000.);
#218=VECTOR('',#2139,1000.);
#219=VECTOR('',#2140,1000.);
#220=VECTOR('',#2141,1000.);
#221=VECTOR('',#2142,1000.);
#222=VECTOR('',#2143,1000.);
#223=VECTOR('',#2144,1000.);
#224=VECTOR('',#2145,1000.);
#225=VECTOR('',#2146,1000.);
#226=VECTOR('',#2147,1000.);
#227=VECTOR('',#2148,1000.);
#228=VECTOR('',#2149,1000.);
#229=VECTOR('',#2150,1000.);
#230=VECTOR('',#2151,1000.);
#231=VECTOR('',#2152,1000.);
#232=VECTOR('',#2153,1000.);
#233=VECTOR('',#2154,1000.);
#234=VECTOR('',#2155,1000.);
#235=VECTOR('',#2158,1000.);
#236=VECTOR('',#2159,1000.);
#237=VECTOR('',#2178,1000.);
#238=VECTOR('',#2179,1000.);
#239=VECTOR('',#2180,1000.);
#240=VECTOR('',#2183,1000.);
#241=VECTOR('',#2184,1000.);
#242=VECTOR('',#2185,1000.);
#243=VECTOR('',#2186,1000.);
#244=VECTOR('',#2189,1000.);
#245=VECTOR('',#2190,1000.);
#246=VECTOR('',#2191,1000.);
#247=VECTOR('',#2194,1000.);
#248=VECTOR('',#2195,1000.);
#249=VECTOR('',#2196,1000.);
#250=VECTOR('',#2199,1000.);
#251=VECTOR('',#2200,1000.);
#252=VECTOR('',#2201,1000.);
#253=VECTOR('',#2204,1000.);
#254=VECTOR('',#2205,1000.);
#255=VECTOR('',#2214,1000.);
#256=VECTOR('',#2215,1000.);
#257=VECTOR('',#2218,1000.);
#258=VECTOR('',#2219,1000.);
#259=VECTOR('',#2220,1000.);
#260=VECTOR('',#2221,1000.);
#261=VECTOR('',#2224,1000.);
#262=VECTOR('',#2225,1000.);
#263=VECTOR('',#2226,1000.);
#264=VECTOR('',#2229,1000.);
#265=VECTOR('',#2230,1000.);
#266=VECTOR('',#2233,1000.);
#267=VECTOR('',#2234,1000.);
#268=VECTOR('',#2237,1000.);
#269=VECTOR('',#2240,1000.);
#270=VECTOR('',#2241,1000.);
#271=VECTOR('',#2244,1000.);
#272=VECTOR('',#2247,1000.);
#273=VECTOR('',#2252,1000.);
#274=VECTOR('',#2253,1000.);
#275=VECTOR('',#2254,1000.);
#276=VECTOR('',#2255,1000.);
#277=VECTOR('',#2258,1000.);
#278=VECTOR('',#2259,1000.);
#279=VECTOR('',#2260,1000.);
#280=VECTOR('',#2263,1000.);
#281=VECTOR('',#2264,1000.);
#282=VECTOR('',#2267,1000.);
#283=VECTOR('',#2268,1000.);
#284=VECTOR('',#2271,1000.);
#285=VECTOR('',#2274,1000.);
#286=VECTOR('',#2275,1000.);
#287=VECTOR('',#2278,1000.);
#288=VECTOR('',#2281,1000.);
#289=VECTOR('',#2286,1000.);
#290=VECTOR('',#2287,1000.);
#291=VECTOR('',#2288,1000.);
#292=VECTOR('',#2289,1000.);
#293=VECTOR('',#2292,1000.);
#294=VECTOR('',#2293,1000.);
#295=VECTOR('',#2294,1000.);
#296=VECTOR('',#2297,1000.);
#297=VECTOR('',#2298,1000.);
#298=VECTOR('',#2301,1000.);
#299=VECTOR('',#2302,1000.);
#300=VECTOR('',#2305,1000.);
#301=VECTOR('',#2308,1000.);
#302=VECTOR('',#2309,1000.);
#303=VECTOR('',#2312,1000.);
#304=VECTOR('',#2315,1000.);
#305=VECTOR('',#2320,1000.);
#306=VECTOR('',#2321,1000.);
#307=VECTOR('',#2322,1000.);
#308=VECTOR('',#2323,1000.);
#309=VECTOR('',#2326,1000.);
#310=VECTOR('',#2327,1000.);
#311=VECTOR('',#2328,1000.);
#312=VECTOR('',#2331,1000.);
#313=VECTOR('',#2332,1000.);
#314=VECTOR('',#2335,1000.);
#315=VECTOR('',#2336,1000.);
#316=VECTOR('',#2339,1000.);
#317=VECTOR('',#2342,1000.);
#318=VECTOR('',#2343,1000.);
#319=VECTOR('',#2346,1000.);
#320=VECTOR('',#2349,1000.);
#321=VECTOR('',#2354,1000.);
#322=VECTOR('',#2355,1000.);
#323=VECTOR('',#2356,1000.);
#324=VECTOR('',#2357,1000.);
#325=VECTOR('',#2360,1000.);
#326=VECTOR('',#2361,1000.);
#327=VECTOR('',#2362,1000.);
#328=VECTOR('',#2365,1000.);
#329=VECTOR('',#2366,1000.);
#330=VECTOR('',#2369,1000.);
#331=VECTOR('',#2370,1000.);
#332=VECTOR('',#2373,1000.);
#333=VECTOR('',#2376,1000.);
#334=VECTOR('',#2377,1000.);
#335=VECTOR('',#2380,1000.);
#336=VECTOR('',#2383,1000.);
#337=VECTOR('',#2388,1000.);
#338=VECTOR('',#2389,1000.);
#339=VECTOR('',#2390,1000.);
#340=VECTOR('',#2391,1000.);
#341=VECTOR('',#2394,1000.);
#342=VECTOR('',#2395,1000.);
#343=VECTOR('',#2396,1000.);
#344=VECTOR('',#2399,1000.);
#345=VECTOR('',#2400,1000.);
#346=VECTOR('',#2403,1000.);
#347=VECTOR('',#2404,1000.);
#348=VECTOR('',#2407,1000.);
#349=VECTOR('',#2410,1000.);
#350=VECTOR('',#2411,1000.);
#351=VECTOR('',#2414,1000.);
#352=VECTOR('',#2417,1000.);
#353=VECTOR('',#2422,1000.);
#354=VECTOR('',#2423,1000.);
#355=VECTOR('',#2426,1000.);
#356=VECTOR('',#2427,1000.);
#357=VECTOR('',#2430,1000.);
#358=VECTOR('',#2433,1000.);
#359=VECTOR('',#2434,1000.);
#360=VECTOR('',#2437,1000.);
#361=VECTOR('',#2440,1000.);
#362=VECTOR('',#2445,1000.);
#363=VECTOR('',#2448,1000.);
#364=PLANE('',#2011);
#365=PLANE('',#2012);
#366=PLANE('',#2013);
#367=PLANE('',#2016);
#368=PLANE('',#2022);
#369=PLANE('',#2023);
#370=PLANE('',#2024);
#371=PLANE('',#2025);
#372=PLANE('',#2026);
#373=PLANE('',#2027);
#374=PLANE('',#2028);
#375=PLANE('',#2029);
#376=PLANE('',#2030);
#377=PLANE('',#2031);
#378=PLANE('',#2032);
#379=PLANE('',#2033);
#380=PLANE('',#2034);
#381=PLANE('',#2035);
#382=PLANE('',#2036);
#383=PLANE('',#2037);
#384=PLANE('',#2038);
#385=PLANE('',#2039);
#386=PLANE('',#2040);
#387=PLANE('',#2041);
#388=PLANE('',#2042);
#389=PLANE('',#2043);
#390=PLANE('',#2044);
#391=PLANE('',#2045);
#392=PLANE('',#2046);
#393=PLANE('',#2047);
#394=PLANE('',#2048);
#395=PLANE('',#2049);
#396=PLANE('',#2050);
#397=PLANE('',#2051);
#398=PLANE('',#2052);
#399=PLANE('',#2053);
#400=PLANE('',#2054);
#401=PLANE('',#2055);
#402=PLANE('',#2056);
#403=PLANE('',#2057);
#404=PLANE('',#2058);
#405=PLANE('',#2059);
#406=PLANE('',#2060);
#407=PLANE('',#2061);
#408=PLANE('',#2062);
#409=PLANE('',#2063);
#410=PLANE('',#2064);
#411=PLANE('',#2065);
#412=PLANE('',#2066);
#413=PLANE('',#2067);
#414=PLANE('',#2068);
#415=PLANE('',#2069);
#416=PLANE('',#2070);
#417=PLANE('',#2071);
#418=PLANE('',#2072);
#419=PLANE('',#2073);
#420=PLANE('',#2074);
#421=PLANE('',#2075);
#422=PLANE('',#2076);
#423=PLANE('',#2077);
#424=PLANE('',#2078);
#425=PLANE('',#2079);
#426=PLANE('',#2080);
#427=PLANE('',#2081);
#428=PLANE('',#2082);
#429=PLANE('',#2083);
#430=PLANE('',#2084);
#431=PLANE('',#2085);
#432=PLANE('',#2086);
#433=PLANE('',#2087);
#434=PLANE('',#2088);
#435=PLANE('',#2089);
#436=PLANE('',#2090);
#437=PLANE('',#2091);
#438=PLANE('',#2092);
#439=PLANE('',#2093);
#440=PLANE('',#2094);
#441=PLANE('',#2095);
#442=CONICAL_SURFACE('',#2009,2.061,0.785398163397448);
#443=CONICAL_SURFACE('',#2014,4.5,0.785398163397448);
#444=CONICAL_SURFACE('',#2020,4.5,0.785398163397448);
#445=CONICAL_SURFACE('',#2021,4.5,0.785398163397448);
#446=CONICAL_SURFACE('',#2096,4.5,0.785398163397448);
#447=ORIENTED_EDGE('',*,*,#815,.F.);
#448=ORIENTED_EDGE('',*,*,#816,.T.);
#449=ORIENTED_EDGE('',*,*,#816,.F.);
#450=ORIENTED_EDGE('',*,*,#817,.T.);
#451=ORIENTED_EDGE('',*,*,#818,.F.);
#452=ORIENTED_EDGE('',*,*,#817,.F.);
#453=ORIENTED_EDGE('',*,*,#819,.F.);
#454=ORIENTED_EDGE('',*,*,#820,.T.);
#455=ORIENTED_EDGE('',*,*,#821,.T.);
#456=ORIENTED_EDGE('',*,*,#822,.T.);
#457=ORIENTED_EDGE('',*,*,#823,.F.);
#458=ORIENTED_EDGE('',*,*,#824,.F.);
#459=ORIENTED_EDGE('',*,*,#825,.F.);
#460=ORIENTED_EDGE('',*,*,#826,.F.);
#461=ORIENTED_EDGE('',*,*,#815,.T.);
#462=ORIENTED_EDGE('',*,*,#827,.F.);
#463=ORIENTED_EDGE('',*,*,#828,.F.);
#464=ORIENTED_EDGE('',*,*,#829,.F.);
#465=ORIENTED_EDGE('',*,*,#830,.F.);
#466=ORIENTED_EDGE('',*,*,#831,.F.);
#467=ORIENTED_EDGE('',*,*,#832,.F.);
#468=ORIENTED_EDGE('',*,*,#833,.F.);
#469=ORIENTED_EDGE('',*,*,#834,.F.);
#470=ORIENTED_EDGE('',*,*,#835,.F.);
#471=ORIENTED_EDGE('',*,*,#836,.F.);
#472=ORIENTED_EDGE('',*,*,#837,.F.);
#473=ORIENTED_EDGE('',*,*,#838,.F.);
#474=ORIENTED_EDGE('',*,*,#839,.F.);
#475=ORIENTED_EDGE('',*,*,#840,.F.);
#476=ORIENTED_EDGE('',*,*,#841,.F.);
#477=ORIENTED_EDGE('',*,*,#842,.F.);
#478=ORIENTED_EDGE('',*,*,#843,.F.);
#479=ORIENTED_EDGE('',*,*,#844,.F.);
#480=ORIENTED_EDGE('',*,*,#845,.F.);
#481=ORIENTED_EDGE('',*,*,#846,.F.);
#482=ORIENTED_EDGE('',*,*,#847,.F.);
#483=ORIENTED_EDGE('',*,*,#848,.F.);
#484=ORIENTED_EDGE('',*,*,#849,.F.);
#485=ORIENTED_EDGE('',*,*,#850,.F.);
#486=ORIENTED_EDGE('',*,*,#851,.F.);
#487=ORIENTED_EDGE('',*,*,#852,.F.);
#488=ORIENTED_EDGE('',*,*,#853,.F.);
#489=ORIENTED_EDGE('',*,*,#854,.F.);
#490=ORIENTED_EDGE('',*,*,#822,.F.);
#491=ORIENTED_EDGE('',*,*,#855,.F.);
#492=ORIENTED_EDGE('',*,*,#856,.F.);
#493=ORIENTED_EDGE('',*,*,#857,.F.);
#494=ORIENTED_EDGE('',*,*,#821,.F.);
#495=ORIENTED_EDGE('',*,*,#858,.T.);
#496=ORIENTED_EDGE('',*,*,#859,.T.);
#497=ORIENTED_EDGE('',*,*,#855,.T.);
#498=ORIENTED_EDGE('',*,*,#860,.F.);
#499=ORIENTED_EDGE('',*,*,#861,.F.);
#500=ORIENTED_EDGE('',*,*,#862,.F.);
#501=ORIENTED_EDGE('',*,*,#863,.T.);
#502=ORIENTED_EDGE('',*,*,#861,.T.);
#503=ORIENTED_EDGE('',*,*,#864,.F.);
#504=ORIENTED_EDGE('',*,*,#865,.T.);
#505=ORIENTED_EDGE('',*,*,#818,.T.);
#506=ORIENTED_EDGE('',*,*,#866,.F.);
#507=ORIENTED_EDGE('',*,*,#863,.F.);
#508=ORIENTED_EDGE('',*,*,#867,.F.);
#509=ORIENTED_EDGE('',*,*,#864,.T.);
#510=ORIENTED_EDGE('',*,*,#868,.F.);
#511=ORIENTED_EDGE('',*,*,#869,.F.);
#512=ORIENTED_EDGE('',*,*,#870,.T.);
#513=ORIENTED_EDGE('',*,*,#858,.F.);
#514=ORIENTED_EDGE('',*,*,#871,.T.);
#515=ORIENTED_EDGE('',*,*,#872,.F.);
#516=ORIENTED_EDGE('',*,*,#873,.T.);
#517=ORIENTED_EDGE('',*,*,#874,.F.);
#518=ORIENTED_EDGE('',*,*,#875,.T.);
#519=ORIENTED_EDGE('',*,*,#876,.F.);
#520=ORIENTED_EDGE('',*,*,#877,.T.);
#521=ORIENTED_EDGE('',*,*,#878,.F.);
#522=ORIENTED_EDGE('',*,*,#873,.F.);
#523=ORIENTED_EDGE('',*,*,#879,.F.);
#524=ORIENTED_EDGE('',*,*,#880,.T.);
#525=ORIENTED_EDGE('',*,*,#872,.T.);
#526=ORIENTED_EDGE('',*,*,#881,.T.);
#527=ORIENTED_EDGE('',*,*,#882,.T.);
#528=ORIENTED_EDGE('',*,*,#883,.F.);
#529=ORIENTED_EDGE('',*,*,#884,.F.);
#530=ORIENTED_EDGE('',*,*,#885,.F.);
#531=ORIENTED_EDGE('',*,*,#882,.F.);
#532=ORIENTED_EDGE('',*,*,#859,.F.);
#533=ORIENTED_EDGE('',*,*,#886,.T.);
#534=ORIENTED_EDGE('',*,*,#887,.T.);
#535=ORIENTED_EDGE('',*,*,#856,.T.);
#536=ORIENTED_EDGE('',*,*,#887,.F.);
#537=ORIENTED_EDGE('',*,*,#884,.T.);
#538=ORIENTED_EDGE('',*,*,#819,.T.);
#539=ORIENTED_EDGE('',*,*,#857,.T.);
#540=ORIENTED_EDGE('',*,*,#885,.T.);
#541=ORIENTED_EDGE('',*,*,#886,.F.);
#542=ORIENTED_EDGE('',*,*,#870,.F.);
#543=ORIENTED_EDGE('',*,*,#880,.F.);
#544=ORIENTED_EDGE('',*,*,#883,.T.);
#545=ORIENTED_EDGE('',*,*,#881,.F.);
#546=ORIENTED_EDGE('',*,*,#871,.F.);
#547=ORIENTED_EDGE('',*,*,#820,.F.);
#548=ORIENTED_EDGE('',*,*,#888,.F.);
#549=ORIENTED_EDGE('',*,*,#868,.T.);
#550=ORIENTED_EDGE('',*,*,#860,.T.);
#551=ORIENTED_EDGE('',*,*,#889,.T.);
#552=ORIENTED_EDGE('',*,*,#824,.T.);
#553=ORIENTED_EDGE('',*,*,#890,.T.);
#554=ORIENTED_EDGE('',*,*,#891,.T.);
#555=ORIENTED_EDGE('',*,*,#892,.T.);
#556=ORIENTED_EDGE('',*,*,#893,.T.);
#557=ORIENTED_EDGE('',*,*,#894,.F.);
#558=ORIENTED_EDGE('',*,*,#895,.T.);
#559=ORIENTED_EDGE('',*,*,#896,.T.);
#560=ORIENTED_EDGE('',*,*,#852,.T.);
#561=ORIENTED_EDGE('',*,*,#896,.F.);
#562=ORIENTED_EDGE('',*,*,#897,.T.);
#563=ORIENTED_EDGE('',*,*,#898,.T.);
#564=ORIENTED_EDGE('',*,*,#853,.T.);
#565=ORIENTED_EDGE('',*,*,#898,.F.);
#566=ORIENTED_EDGE('',*,*,#899,.T.);
#567=ORIENTED_EDGE('',*,*,#900,.T.);
#568=ORIENTED_EDGE('',*,*,#854,.T.);
#569=ORIENTED_EDGE('',*,*,#900,.F.);
#570=ORIENTED_EDGE('',*,*,#901,.T.);
#571=ORIENTED_EDGE('',*,*,#894,.T.);
#572=ORIENTED_EDGE('',*,*,#851,.T.);
#573=ORIENTED_EDGE('',*,*,#902,.T.);
#574=ORIENTED_EDGE('',*,*,#892,.F.);
#575=ORIENTED_EDGE('',*,*,#903,.F.);
#576=ORIENTED_EDGE('',*,*,#901,.F.);
#577=ORIENTED_EDGE('',*,*,#902,.F.);
#578=ORIENTED_EDGE('',*,*,#899,.F.);
#579=ORIENTED_EDGE('',*,*,#904,.F.);
#580=ORIENTED_EDGE('',*,*,#893,.F.);
#581=ORIENTED_EDGE('',*,*,#904,.T.);
#582=ORIENTED_EDGE('',*,*,#897,.F.);
#583=ORIENTED_EDGE('',*,*,#905,.F.);
#584=ORIENTED_EDGE('',*,*,#890,.F.);
#585=ORIENTED_EDGE('',*,*,#905,.T.);
#586=ORIENTED_EDGE('',*,*,#895,.F.);
#587=ORIENTED_EDGE('',*,*,#903,.T.);
#588=ORIENTED_EDGE('',*,*,#891,.F.);
#589=ORIENTED_EDGE('',*,*,#906,.T.);
#590=ORIENTED_EDGE('',*,*,#907,.T.);
#591=ORIENTED_EDGE('',*,*,#908,.T.);
#592=ORIENTED_EDGE('',*,*,#909,.T.);
#593=ORIENTED_EDGE('',*,*,#910,.F.);
#594=ORIENTED_EDGE('',*,*,#911,.T.);
#595=ORIENTED_EDGE('',*,*,#912,.T.);
#596=ORIENTED_EDGE('',*,*,#848,.T.);
#597=ORIENTED_EDGE('',*,*,#912,.F.);
#598=ORIENTED_EDGE('',*,*,#913,.T.);
#599=ORIENTED_EDGE('',*,*,#914,.T.);
#600=ORIENTED_EDGE('',*,*,#849,.T.);
#601=ORIENTED_EDGE('',*,*,#914,.F.);
#602=ORIENTED_EDGE('',*,*,#915,.T.);
#603=ORIENTED_EDGE('',*,*,#916,.T.);
#604=ORIENTED_EDGE('',*,*,#850,.T.);
#605=ORIENTED_EDGE('',*,*,#916,.F.);
#606=ORIENTED_EDGE('',*,*,#917,.T.);
#607=ORIENTED_EDGE('',*,*,#910,.T.);
#608=ORIENTED_EDGE('',*,*,#847,.T.);
#609=ORIENTED_EDGE('',*,*,#918,.T.);
#610=ORIENTED_EDGE('',*,*,#908,.F.);
#611=ORIENTED_EDGE('',*,*,#919,.F.);
#612=ORIENTED_EDGE('',*,*,#917,.F.);
#613=ORIENTED_EDGE('',*,*,#918,.F.);
#614=ORIENTED_EDGE('',*,*,#915,.F.);
#615=ORIENTED_EDGE('',*,*,#920,.F.);
#616=ORIENTED_EDGE('',*,*,#909,.F.);
#617=ORIENTED_EDGE('',*,*,#920,.T.);
#618=ORIENTED_EDGE('',*,*,#913,.F.);
#619=ORIENTED_EDGE('',*,*,#921,.F.);
#620=ORIENTED_EDGE('',*,*,#906,.F.);
#621=ORIENTED_EDGE('',*,*,#921,.T.);
#622=ORIENTED_EDGE('',*,*,#911,.F.);
#623=ORIENTED_EDGE('',*,*,#919,.T.);
#624=ORIENTED_EDGE('',*,*,#907,.F.);
#625=ORIENTED_EDGE('',*,*,#922,.T.);
#626=ORIENTED_EDGE('',*,*,#923,.T.);
#627=ORIENTED_EDGE('',*,*,#924,.T.);
#628=ORIENTED_EDGE('',*,*,#925,.T.);
#629=ORIENTED_EDGE('',*,*,#926,.F.);
#630=ORIENTED_EDGE('',*,*,#927,.T.);
#631=ORIENTED_EDGE('',*,*,#928,.T.);
#632=ORIENTED_EDGE('',*,*,#844,.T.);
#633=ORIENTED_EDGE('',*,*,#928,.F.);
#634=ORIENTED_EDGE('',*,*,#929,.T.);
#635=ORIENTED_EDGE('',*,*,#930,.T.);
#636=ORIENTED_EDGE('',*,*,#845,.T.);
#637=ORIENTED_EDGE('',*,*,#930,.F.);
#638=ORIENTED_EDGE('',*,*,#931,.T.);
#639=ORIENTED_EDGE('',*,*,#932,.T.);
#640=ORIENTED_EDGE('',*,*,#846,.T.);
#641=ORIENTED_EDGE('',*,*,#932,.F.);
#642=ORIENTED_EDGE('',*,*,#933,.T.);
#643=ORIENTED_EDGE('',*,*,#926,.T.);
#644=ORIENTED_EDGE('',*,*,#843,.T.);
#645=ORIENTED_EDGE('',*,*,#934,.T.);
#646=ORIENTED_EDGE('',*,*,#924,.F.);
#647=ORIENTED_EDGE('',*,*,#935,.F.);
#648=ORIENTED_EDGE('',*,*,#933,.F.);
#649=ORIENTED_EDGE('',*,*,#934,.F.);
#650=ORIENTED_EDGE('',*,*,#931,.F.);
#651=ORIENTED_EDGE('',*,*,#936,.F.);
#652=ORIENTED_EDGE('',*,*,#925,.F.);
#653=ORIENTED_EDGE('',*,*,#936,.T.);
#654=ORIENTED_EDGE('',*,*,#929,.F.);
#655=ORIENTED_EDGE('',*,*,#937,.F.);
#656=ORIENTED_EDGE('',*,*,#922,.F.);
#657=ORIENTED_EDGE('',*,*,#937,.T.);
#658=ORIENTED_EDGE('',*,*,#927,.F.);
#659=ORIENTED_EDGE('',*,*,#935,.T.);
#660=ORIENTED_EDGE('',*,*,#923,.F.);
#661=ORIENTED_EDGE('',*,*,#938,.T.);
#662=ORIENTED_EDGE('',*,*,#939,.T.);
#663=ORIENTED_EDGE('',*,*,#940,.T.);
#664=ORIENTED_EDGE('',*,*,#941,.T.);
#665=ORIENTED_EDGE('',*,*,#942,.F.);
#666=ORIENTED_EDGE('',*,*,#943,.T.);
#667=ORIENTED_EDGE('',*,*,#944,.T.);
#668=ORIENTED_EDGE('',*,*,#840,.T.);
#669=ORIENTED_EDGE('',*,*,#944,.F.);
#670=ORIENTED_EDGE('',*,*,#945,.T.);
#671=ORIENTED_EDGE('',*,*,#946,.T.);
#672=ORIENTED_EDGE('',*,*,#841,.T.);
#673=ORIENTED_EDGE('',*,*,#946,.F.);
#674=ORIENTED_EDGE('',*,*,#947,.T.);
#675=ORIENTED_EDGE('',*,*,#948,.T.);
#676=ORIENTED_EDGE('',*,*,#842,.T.);
#677=ORIENTED_EDGE('',*,*,#948,.F.);
#678=ORIENTED_EDGE('',*,*,#949,.T.);
#679=ORIENTED_EDGE('',*,*,#942,.T.);
#680=ORIENTED_EDGE('',*,*,#839,.T.);
#681=ORIENTED_EDGE('',*,*,#950,.T.);
#682=ORIENTED_EDGE('',*,*,#940,.F.);
#683=ORIENTED_EDGE('',*,*,#951,.F.);
#684=ORIENTED_EDGE('',*,*,#949,.F.);
#685=ORIENTED_EDGE('',*,*,#950,.F.);
#686=ORIENTED_EDGE('',*,*,#947,.F.);
#687=ORIENTED_EDGE('',*,*,#952,.F.);
#688=ORIENTED_EDGE('',*,*,#941,.F.);
#689=ORIENTED_EDGE('',*,*,#952,.T.);
#690=ORIENTED_EDGE('',*,*,#945,.F.);
#691=ORIENTED_EDGE('',*,*,#953,.F.);
#692=ORIENTED_EDGE('',*,*,#938,.F.);
#693=ORIENTED_EDGE('',*,*,#953,.T.);
#694=ORIENTED_EDGE('',*,*,#943,.F.);
#695=ORIENTED_EDGE('',*,*,#951,.T.);
#696=ORIENTED_EDGE('',*,*,#939,.F.);
#697=ORIENTED_EDGE('',*,*,#954,.T.);
#698=ORIENTED_EDGE('',*,*,#955,.T.);
#699=ORIENTED_EDGE('',*,*,#956,.T.);
#700=ORIENTED_EDGE('',*,*,#957,.T.);
#701=ORIENTED_EDGE('',*,*,#958,.F.);
#702=ORIENTED_EDGE('',*,*,#959,.T.);
#703=ORIENTED_EDGE('',*,*,#960,.T.);
#704=ORIENTED_EDGE('',*,*,#836,.T.);
#705=ORIENTED_EDGE('',*,*,#960,.F.);
#706=ORIENTED_EDGE('',*,*,#961,.T.);
#707=ORIENTED_EDGE('',*,*,#962,.T.);
#708=ORIENTED_EDGE('',*,*,#837,.T.);
#709=ORIENTED_EDGE('',*,*,#962,.F.);
#710=ORIENTED_EDGE('',*,*,#963,.T.);
#711=ORIENTED_EDGE('',*,*,#964,.T.);
#712=ORIENTED_EDGE('',*,*,#838,.T.);
#713=ORIENTED_EDGE('',*,*,#964,.F.);
#714=ORIENTED_EDGE('',*,*,#965,.T.);
#715=ORIENTED_EDGE('',*,*,#958,.T.);
#716=ORIENTED_EDGE('',*,*,#835,.T.);
#717=ORIENTED_EDGE('',*,*,#966,.T.);
#718=ORIENTED_EDGE('',*,*,#956,.F.);
#719=ORIENTED_EDGE('',*,*,#967,.F.);
#720=ORIENTED_EDGE('',*,*,#965,.F.);
#721=ORIENTED_EDGE('',*,*,#966,.F.);
#722=ORIENTED_EDGE('',*,*,#963,.F.);
#723=ORIENTED_EDGE('',*,*,#968,.F.);
#724=ORIENTED_EDGE('',*,*,#957,.F.);
#725=ORIENTED_EDGE('',*,*,#968,.T.);
#726=ORIENTED_EDGE('',*,*,#961,.F.);
#727=ORIENTED_EDGE('',*,*,#969,.F.);
#728=ORIENTED_EDGE('',*,*,#954,.F.);
#729=ORIENTED_EDGE('',*,*,#969,.T.);
#730=ORIENTED_EDGE('',*,*,#959,.F.);
#731=ORIENTED_EDGE('',*,*,#967,.T.);
#732=ORIENTED_EDGE('',*,*,#955,.F.);
#733=ORIENTED_EDGE('',*,*,#970,.T.);
#734=ORIENTED_EDGE('',*,*,#971,.T.);
#735=ORIENTED_EDGE('',*,*,#972,.T.);
#736=ORIENTED_EDGE('',*,*,#973,.T.);
#737=ORIENTED_EDGE('',*,*,#974,.F.);
#738=ORIENTED_EDGE('',*,*,#975,.T.);
#739=ORIENTED_EDGE('',*,*,#976,.T.);
#740=ORIENTED_EDGE('',*,*,#832,.T.);
#741=ORIENTED_EDGE('',*,*,#976,.F.);
#742=ORIENTED_EDGE('',*,*,#977,.T.);
#743=ORIENTED_EDGE('',*,*,#978,.T.);
#744=ORIENTED_EDGE('',*,*,#833,.T.);
#745=ORIENTED_EDGE('',*,*,#978,.F.);
#746=ORIENTED_EDGE('',*,*,#979,.T.);
#747=ORIENTED_EDGE('',*,*,#980,.T.);
#748=ORIENTED_EDGE('',*,*,#834,.T.);
#749=ORIENTED_EDGE('',*,*,#980,.F.);
#750=ORIENTED_EDGE('',*,*,#981,.T.);
#751=ORIENTED_EDGE('',*,*,#974,.T.);
#752=ORIENTED_EDGE('',*,*,#831,.T.);
#753=ORIENTED_EDGE('',*,*,#982,.T.);
#754=ORIENTED_EDGE('',*,*,#972,.F.);
#755=ORIENTED_EDGE('',*,*,#983,.F.);
#756=ORIENTED_EDGE('',*,*,#981,.F.);
#757=ORIENTED_EDGE('',*,*,#982,.F.);
#758=ORIENTED_EDGE('',*,*,#979,.F.);
#759=ORIENTED_EDGE('',*,*,#984,.F.);
#760=ORIENTED_EDGE('',*,*,#973,.F.);
#761=ORIENTED_EDGE('',*,*,#984,.T.);
#762=ORIENTED_EDGE('',*,*,#977,.F.);
#763=ORIENTED_EDGE('',*,*,#985,.F.);
#764=ORIENTED_EDGE('',*,*,#970,.F.);
#765=ORIENTED_EDGE('',*,*,#985,.T.);
#766=ORIENTED_EDGE('',*,*,#975,.F.);
#767=ORIENTED_EDGE('',*,*,#983,.T.);
#768=ORIENTED_EDGE('',*,*,#971,.F.);
#769=ORIENTED_EDGE('',*,*,#879,.T.);
#770=ORIENTED_EDGE('',*,*,#876,.T.);
#771=ORIENTED_EDGE('',*,*,#986,.T.);
#772=ORIENTED_EDGE('',*,*,#987,.T.);
#773=ORIENTED_EDGE('',*,*,#988,.F.);
#774=ORIENTED_EDGE('',*,*,#874,.T.);
#775=ORIENTED_EDGE('',*,*,#989,.T.);
#776=ORIENTED_EDGE('',*,*,#828,.T.);
#777=ORIENTED_EDGE('',*,*,#989,.F.);
#778=ORIENTED_EDGE('',*,*,#878,.T.);
#779=ORIENTED_EDGE('',*,*,#990,.T.);
#780=ORIENTED_EDGE('',*,*,#829,.T.);
#781=ORIENTED_EDGE('',*,*,#990,.F.);
#782=ORIENTED_EDGE('',*,*,#991,.T.);
#783=ORIENTED_EDGE('',*,*,#992,.T.);
#784=ORIENTED_EDGE('',*,*,#830,.T.);
#785=ORIENTED_EDGE('',*,*,#992,.F.);
#786=ORIENTED_EDGE('',*,*,#993,.T.);
#787=ORIENTED_EDGE('',*,*,#988,.T.);
#788=ORIENTED_EDGE('',*,*,#827,.T.);
#789=ORIENTED_EDGE('',*,*,#994,.T.);
#790=ORIENTED_EDGE('',*,*,#986,.F.);
#791=ORIENTED_EDGE('',*,*,#875,.F.);
#792=ORIENTED_EDGE('',*,*,#993,.F.);
#793=ORIENTED_EDGE('',*,*,#994,.F.);
#794=ORIENTED_EDGE('',*,*,#991,.F.);
#795=ORIENTED_EDGE('',*,*,#877,.F.);
#796=ORIENTED_EDGE('',*,*,#987,.F.);
#797=ORIENTED_EDGE('',*,*,#995,.F.);
#798=ORIENTED_EDGE('',*,*,#996,.T.);
#799=ORIENTED_EDGE('',*,*,#869,.T.);
#800=ORIENTED_EDGE('',*,*,#888,.T.);
#801=ORIENTED_EDGE('',*,*,#823,.T.);
#802=ORIENTED_EDGE('',*,*,#889,.F.);
#803=ORIENTED_EDGE('',*,*,#862,.T.);
#804=ORIENTED_EDGE('',*,*,#866,.T.);
#805=ORIENTED_EDGE('',*,*,#997,.T.);
#806=ORIENTED_EDGE('',*,*,#825,.T.);
#807=ORIENTED_EDGE('',*,*,#997,.F.);
#808=ORIENTED_EDGE('',*,*,#867,.T.);
#809=ORIENTED_EDGE('',*,*,#998,.T.);
#810=ORIENTED_EDGE('',*,*,#995,.T.);
#811=ORIENTED_EDGE('',*,*,#826,.T.);
#812=ORIENTED_EDGE('',*,*,#865,.F.);
#813=ORIENTED_EDGE('',*,*,#996,.F.);
#814=ORIENTED_EDGE('',*,*,#998,.F.);
#815=EDGE_CURVE('',#999,#999,#1111,.T.);
#816=EDGE_CURVE('',#1000,#1000,#1112,.T.);
#817=EDGE_CURVE('',#1001,#1001,#1113,.T.);
#818=EDGE_CURVE('',#1002,#1002,#1114,.T.);
#819=EDGE_CURVE('',#1003,#1004,#28,.T.);
#820=EDGE_CURVE('',#1003,#1005,#29,.T.);
#821=EDGE_CURVE('',#1005,#1006,#30,.T.);
#822=EDGE_CURVE('',#1006,#1004,#31,.T.);
#823=EDGE_CURVE('',#1007,#1008,#32,.T.);
#824=EDGE_CURVE('',#1009,#1007,#33,.T.);
#825=EDGE_CURVE('',#1010,#1009,#34,.T.);
#826=EDGE_CURVE('',#1008,#1010,#35,.T.);
#827=EDGE_CURVE('',#1011,#1012,#36,.T.);
#828=EDGE_CURVE('',#1013,#1011,#37,.T.);
#829=EDGE_CURVE('',#1014,#1013,#38,.T.);
#830=EDGE_CURVE('',#1012,#1014,#39,.T.);
#831=EDGE_CURVE('',#1015,#1016,#40,.T.);
#832=EDGE_CURVE('',#1017,#1015,#41,.T.);
#833=EDGE_CURVE('',#1018,#1017,#42,.T.);
#834=EDGE_CURVE('',#1016,#1018,#43,.T.);
#835=EDGE_CURVE('',#1019,#1020,#44,.T.);
#836=EDGE_CURVE('',#1021,#1019,#45,.T.);
#837=EDGE_CURVE('',#1022,#1021,#46,.T.);
#838=EDGE_CURVE('',#1020,#1022,#47,.T.);
#839=EDGE_CURVE('',#1023,#1024,#48,.T.);
#840=EDGE_CURVE('',#1025,#1023,#49,.T.);
#841=EDGE_CURVE('',#1026,#1025,#50,.T.);
#842=EDGE_CURVE('',#1024,#1026,#51,.T.);
#843=EDGE_CURVE('',#1027,#1028,#52,.T.);
#844=EDGE_CURVE('',#1029,#1027,#53,.T.);
#845=EDGE_CURVE('',#1030,#1029,#54,.T.);
#846=EDGE_CURVE('',#1028,#1030,#55,.T.);
#847=EDGE_CURVE('',#1031,#1032,#56,.T.);
#848=EDGE_CURVE('',#1033,#1031,#57,.T.);
#849=EDGE_CURVE('',#1034,#1033,#58,.T.);
#850=EDGE_CURVE('',#1032,#1034,#59,.T.);
#851=EDGE_CURVE('',#1035,#1036,#60,.T.);
#852=EDGE_CURVE('',#1037,#1035,#61,.T.);
#853=EDGE_CURVE('',#1038,#1037,#62,.T.);
#854=EDGE_CURVE('',#1036,#1038,#63,.T.);
#855=EDGE_CURVE('',#1039,#1006,#64,.T.);
#856=EDGE_CURVE('',#1040,#1039,#65,.T.);
#857=EDGE_CURVE('',#1004,#1040,#66,.T.);
#858=EDGE_CURVE('',#1005,#1041,#67,.T.);
#859=EDGE_CURVE('',#1041,#1039,#68,.T.);
#860=EDGE_CURVE('',#1042,#1043,#20,.T.);
#861=EDGE_CURVE('',#1044,#1042,#1115,.T.);
#862=EDGE_CURVE('',#1043,#1044,#21,.T.);
#863=EDGE_CURVE('',#1045,#1044,#1116,.T.);
#864=EDGE_CURVE('',#1046,#1042,#1117,.T.);
#865=EDGE_CURVE('',#1046,#1045,#1118,.T.);
#866=EDGE_CURVE('',#1044,#1047,#22,.T.);
#867=EDGE_CURVE('',#1047,#1045,#23,.T.);
#868=EDGE_CURVE('',#1048,#1042,#24,.T.);
#869=EDGE_CURVE('',#1046,#1048,#25,.T.);
#870=EDGE_CURVE('',#1049,#1041,#69,.T.);
#871=EDGE_CURVE('',#1005,#1050,#70,.T.);
#872=EDGE_CURVE('',#1049,#1050,#71,.T.);
#873=EDGE_CURVE('',#1051,#1052,#72,.T.);
#874=EDGE_CURVE('',#1053,#1052,#73,.T.);
#875=EDGE_CURVE('',#1053,#1054,#74,.T.);
#876=EDGE_CURVE('',#1051,#1054,#75,.T.);
#877=EDGE_CURVE('',#1055,#1056,#76,.T.);
#878=EDGE_CURVE('',#1052,#1056,#77,.T.);
#879=EDGE_CURVE('',#1055,#1051,#78,.T.);
#880=EDGE_CURVE('',#1057,#1049,#79,.T.);
#881=EDGE_CURVE('',#1050,#1058,#80,.T.);
#882=EDGE_CURVE('',#1058,#1057,#81,.T.);
#883=EDGE_CURVE('',#1003,#1058,#82,.T.);
#884=EDGE_CURVE('',#1059,#1003,#83,.T.);
#885=EDGE_CURVE('',#1057,#1059,#84,.T.);
#886=EDGE_CURVE('',#1041,#1059,#85,.T.);
#887=EDGE_CURVE('',#1059,#1040,#86,.T.);
#888=EDGE_CURVE('',#1048,#1007,#87,.T.);
#889=EDGE_CURVE('',#1043,#1009,#88,.T.);
#890=EDGE_CURVE('',#1060,#1061,#89,.T.);
#891=EDGE_CURVE('',#1061,#1062,#90,.T.);
#892=EDGE_CURVE('',#1062,#1063,#91,.T.);
#893=EDGE_CURVE('',#1063,#1060,#92,.T.);
#894=EDGE_CURVE('',#1064,#1035,#93,.T.);
#895=EDGE_CURVE('',#1064,#1065,#94,.T.);
#896=EDGE_CURVE('',#1065,#1037,#95,.T.);
#897=EDGE_CURVE('',#1065,#1066,#96,.T.);
#898=EDGE_CURVE('',#1066,#1038,#97,.T.);
#899=EDGE_CURVE('',#1066,#1067,#98,.T.);
#900=EDGE_CURVE('',#1067,#1036,#99,.T.);
#901=EDGE_CURVE('',#1067,#1064,#100,.T.);
#902=EDGE_CURVE('',#1067,#1063,#101,.T.);
#903=EDGE_CURVE('',#1064,#1062,#102,.T.);
#904=EDGE_CURVE('',#1060,#1066,#103,.T.);
#905=EDGE_CURVE('',#1061,#1065,#104,.T.);
#906=EDGE_CURVE('',#1068,#1069,#105,.T.);
#907=EDGE_CURVE('',#1069,#1070,#106,.T.);
#908=EDGE_CURVE('',#1070,#1071,#107,.T.);
#909=EDGE_CURVE('',#1071,#1068,#108,.T.);
#910=EDGE_CURVE('',#1072,#1031,#109,.T.);
#911=EDGE_CURVE('',#1072,#1073,#110,.T.);
#912=EDGE_CURVE('',#1073,#1033,#111,.T.);
#913=EDGE_CURVE('',#1073,#1074,#112,.T.);
#914=EDGE_CURVE('',#1074,#1034,#113,.T.);
#915=EDGE_CURVE('',#1074,#1075,#114,.T.);
#916=EDGE_CURVE('',#1075,#1032,#115,.T.);
#917=EDGE_CURVE('',#1075,#1072,#116,.T.);
#918=EDGE_CURVE('',#1075,#1071,#117,.T.);
#919=EDGE_CURVE('',#1072,#1070,#118,.T.);
#920=EDGE_CURVE('',#1068,#1074,#119,.T.);
#921=EDGE_CURVE('',#1069,#1073,#120,.T.);
#922=EDGE_CURVE('',#1076,#1077,#121,.T.);
#923=EDGE_CURVE('',#1077,#1078,#122,.T.);
#924=EDGE_CURVE('',#1078,#1079,#123,.T.);
#925=EDGE_CURVE('',#1079,#1076,#124,.T.);
#926=EDGE_CURVE('',#1080,#1027,#125,.T.);
#927=EDGE_CURVE('',#1080,#1081,#126,.T.);
#928=EDGE_CURVE('',#1081,#1029,#127,.T.);
#929=EDGE_CURVE('',#1081,#1082,#128,.T.);
#930=EDGE_CURVE('',#1082,#1030,#129,.T.);
#931=EDGE_CURVE('',#1082,#1083,#130,.T.);
#932=EDGE_CURVE('',#1083,#1028,#131,.T.);
#933=EDGE_CURVE('',#1083,#1080,#132,.T.);
#934=EDGE_CURVE('',#1083,#1079,#133,.T.);
#935=EDGE_CURVE('',#1080,#1078,#134,.T.);
#936=EDGE_CURVE('',#1076,#1082,#135,.T.);
#937=EDGE_CURVE('',#1077,#1081,#136,.T.);
#938=EDGE_CURVE('',#1084,#1085,#137,.T.);
#939=EDGE_CURVE('',#1085,#1086,#138,.T.);
#940=EDGE_CURVE('',#1086,#1087,#139,.T.);
#941=EDGE_CURVE('',#1087,#1084,#140,.T.);
#942=EDGE_CURVE('',#1088,#1023,#141,.T.);
#943=EDGE_CURVE('',#1088,#1089,#142,.T.);
#944=EDGE_CURVE('',#1089,#1025,#143,.T.);
#945=EDGE_CURVE('',#1089,#1090,#144,.T.);
#946=EDGE_CURVE('',#1090,#1026,#145,.T.);
#947=EDGE_CURVE('',#1090,#1091,#146,.T.);
#948=EDGE_CURVE('',#1091,#1024,#147,.T.);
#949=EDGE_CURVE('',#1091,#1088,#148,.T.);
#950=EDGE_CURVE('',#1091,#1087,#149,.T.);
#951=EDGE_CURVE('',#1088,#1086,#150,.T.);
#952=EDGE_CURVE('',#1084,#1090,#151,.T.);
#953=EDGE_CURVE('',#1085,#1089,#152,.T.);
#954=EDGE_CURVE('',#1092,#1093,#153,.T.);
#955=EDGE_CURVE('',#1093,#1094,#154,.T.);
#956=EDGE_CURVE('',#1094,#1095,#155,.T.);
#957=EDGE_CURVE('',#1095,#1092,#156,.T.);
#958=EDGE_CURVE('',#1096,#1019,#157,.T.);
#959=EDGE_CURVE('',#1096,#1097,#158,.T.);
#960=EDGE_CURVE('',#1097,#1021,#159,.T.);
#961=EDGE_CURVE('',#1097,#1098,#160,.T.);
#962=EDGE_CURVE('',#1098,#1022,#161,.T.);
#963=EDGE_CURVE('',#1098,#1099,#162,.T.);
#964=EDGE_CURVE('',#1099,#1020,#163,.T.);
#965=EDGE_CURVE('',#1099,#1096,#164,.T.);
#966=EDGE_CURVE('',#1099,#1095,#165,.T.);
#967=EDGE_CURVE('',#1096,#1094,#166,.T.);
#968=EDGE_CURVE('',#1092,#1098,#167,.T.);
#969=EDGE_CURVE('',#1093,#1097,#168,.T.);
#970=EDGE_CURVE('',#1100,#1101,#169,.T.);
#971=EDGE_CURVE('',#1101,#1102,#170,.T.);
#972=EDGE_CURVE('',#1102,#1103,#171,.T.);
#973=EDGE_CURVE('',#1103,#1100,#172,.T.);
#974=EDGE_CURVE('',#1104,#1015,#173,.T.);
#975=EDGE_CURVE('',#1104,#1105,#174,.T.);
#976=EDGE_CURVE('',#1105,#1017,#175,.T.);
#977=EDGE_CURVE('',#1105,#1106,#176,.T.);
#978=EDGE_CURVE('',#1106,#1018,#177,.T.);
#979=EDGE_CURVE('',#1106,#1107,#178,.T.);
#980=EDGE_CURVE('',#1107,#1016,#179,.T.);
#981=EDGE_CURVE('',#1107,#1104,#180,.T.);
#982=EDGE_CURVE('',#1107,#1103,#181,.T.);
#983=EDGE_CURVE('',#1104,#1102,#182,.T.);
#984=EDGE_CURVE('',#1100,#1106,#183,.T.);
#985=EDGE_CURVE('',#1101,#1105,#184,.T.);
#986=EDGE_CURVE('',#1054,#1108,#185,.T.);
#987=EDGE_CURVE('',#1108,#1055,#186,.T.);
#988=EDGE_CURVE('',#1053,#1011,#187,.T.);
#989=EDGE_CURVE('',#1052,#1013,#188,.T.);
#990=EDGE_CURVE('',#1056,#1014,#189,.T.);
#991=EDGE_CURVE('',#1056,#1109,#190,.T.);
#992=EDGE_CURVE('',#1109,#1012,#191,.T.);
#993=EDGE_CURVE('',#1109,#1053,#192,.T.);
#994=EDGE_CURVE('',#1109,#1108,#193,.T.);
#995=EDGE_CURVE('',#1110,#1008,#194,.T.);
#996=EDGE_CURVE('',#1110,#1046,#26,.T.);
#997=EDGE_CURVE('',#1047,#1010,#195,.T.);
#998=EDGE_CURVE('',#1045,#1110,#27,.T.);
#999=VERTEX_POINT('',#2456);
#1000=VERTEX_POINT('',#2458);
#1001=VERTEX_POINT('',#2461);
#1002=VERTEX_POINT('',#2464);
#1003=VERTEX_POINT('',#2467);
#1004=VERTEX_POINT('',#2468);
#1005=VERTEX_POINT('',#2470);
#1006=VERTEX_POINT('',#2472);
#1007=VERTEX_POINT('',#2476);
#1008=VERTEX_POINT('',#2477);
#1009=VERTEX_POINT('',#2479);
#1010=VERTEX_POINT('',#2481);
#1011=VERTEX_POINT('',#2484);
#1012=VERTEX_POINT('',#2485);
#1013=VERTEX_POINT('',#2487);
#1014=VERTEX_POINT('',#2489);
#1015=VERTEX_POINT('',#2492);
#1016=VERTEX_POINT('',#2493);
#1017=VERTEX_POINT('',#2495);
#1018=VERTEX_POINT('',#2497);
#1019=VERTEX_POINT('',#2500);
#1020=VERTEX_POINT('',#2501);
#1021=VERTEX_POINT('',#2503);
#1022=VERTEX_POINT('',#2505);
#1023=VERTEX_POINT('',#2508);
#1024=VERTEX_POINT('',#2509);
#1025=VERTEX_POINT('',#2511);
#1026=VERTEX_POINT('',#2513);
#1027=VERTEX_POINT('',#2516);
#1028=VERTEX_POINT('',#2517);
#1029=VERTEX_POINT('',#2519);
#1030=VERTEX_POINT('',#2521);
#1031=VERTEX_POINT('',#2524);
#1032=VERTEX_POINT('',#2525);
#1033=VERTEX_POINT('',#2527);
#1034=VERTEX_POINT('',#2529);
#1035=VERTEX_POINT('',#2532);
#1036=VERTEX_POINT('',#2533);
#1037=VERTEX_POINT('',#2535);
#1038=VERTEX_POINT('',#2537);
#1039=VERTEX_POINT('',#2540);
#1040=VERTEX_POINT('',#2542);
#1041=VERTEX_POINT('',#2546);
#1042=VERTEX_POINT('',#2554);
#1043=VERTEX_POINT('',#2555);
#1044=VERTEX_POINT('',#2557);
#1045=VERTEX_POINT('',#2565);
#1046=VERTEX_POINT('',#2567);
#1047=VERTEX_POINT('',#2575);
#1048=VERTEX_POINT('',#2587);
#1049=VERTEX_POINT('',#2595);
#1050=VERTEX_POINT('',#2597);
#1051=VERTEX_POINT('',#2601);
#1052=VERTEX_POINT('',#2602);
#1053=VERTEX_POINT('',#2604);
#1054=VERTEX_POINT('',#2606);
#1055=VERTEX_POINT('',#2610);
#1056=VERTEX_POINT('',#2611);
#1057=VERTEX_POINT('',#2616);
#1058=VERTEX_POINT('',#2618);
#1059=VERTEX_POINT('',#2623);
#1060=VERTEX_POINT('',#2636);
#1061=VERTEX_POINT('',#2637);
#1062=VERTEX_POINT('',#2639);
#1063=VERTEX_POINT('',#2641);
#1064=VERTEX_POINT('',#2645);
#1065=VERTEX_POINT('',#2647);
#1066=VERTEX_POINT('',#2651);
#1067=VERTEX_POINT('',#2655);
#1068=VERTEX_POINT('',#2669);
#1069=VERTEX_POINT('',#2670);
#1070=VERTEX_POINT('',#2672);
#1071=VERTEX_POINT('',#2674);
#1072=VERTEX_POINT('',#2678);
#1073=VERTEX_POINT('',#2680);
#1074=VERTEX_POINT('',#2684);
#1075=VERTEX_POINT('',#2688);
#1076=VERTEX_POINT('',#2702);
#1077=VERTEX_POINT('',#2703);
#1078=VERTEX_POINT('',#2705);
#1079=VERTEX_POINT('',#2707);
#1080=VERTEX_POINT('',#2711);
#1081=VERTEX_POINT('',#2713);
#1082=VERTEX_POINT('',#2717);
#1083=VERTEX_POINT('',#2721);
#1084=VERTEX_POINT('',#2735);
#1085=VERTEX_POINT('',#2736);
#1086=VERTEX_POINT('',#2738);
#1087=VERTEX_POINT('',#2740);
#1088=VERTEX_POINT('',#2744);
#1089=VERTEX_POINT('',#2746);
#1090=VERTEX_POINT('',#2750);
#1091=VERTEX_POINT('',#2754);
#1092=VERTEX_POINT('',#2768);
#1093=VERTEX_POINT('',#2769);
#1094=VERTEX_POINT('',#2771);
#1095=VERTEX_POINT('',#2773);
#1096=VERTEX_POINT('',#2777);
#1097=VERTEX_POINT('',#2779);
#1098=VERTEX_POINT('',#2783);
#1099=VERTEX_POINT('',#2787);
#1100=VERTEX_POINT('',#2801);
#1101=VERTEX_POINT('',#2802);
#1102=VERTEX_POINT('',#2804);
#1103=VERTEX_POINT('',#2806);
#1104=VERTEX_POINT('',#2810);
#1105=VERTEX_POINT('',#2812);
#1106=VERTEX_POINT('',#2816);
#1107=VERTEX_POINT('',#2820);
#1108=VERTEX_POINT('',#2834);
#1109=VERTEX_POINT('',#2843);
#1110=VERTEX_POINT('',#2852);
#1111=CIRCLE('',#2005,1.621);
#1112=CIRCLE('',#2006,1.621);
#1113=CIRCLE('',#2008,1.621);
#1114=CIRCLE('',#2010,2.061);
#1115=CIRCLE('',#2015,4.5);
#1116=CIRCLE('',#2017,4.5);
#1117=CIRCLE('',#2018,4.5);
#1118=CIRCLE('',#2019,4.5);
#1119=EDGE_LOOP('',(#447));
#1120=EDGE_LOOP('',(#448));
#1121=EDGE_LOOP('',(#449));
#1122=EDGE_LOOP('',(#450));
#1123=EDGE_LOOP('',(#451));
#1124=EDGE_LOOP('',(#452));
#1125=EDGE_LOOP('',(#453,#454,#455,#456));
#1126=EDGE_LOOP('',(#457,#458,#459,#460));
#1127=EDGE_LOOP('',(#461));
#1128=EDGE_LOOP('',(#462,#463,#464,#465));
#1129=EDGE_LOOP('',(#466,#467,#468,#469));
#1130=EDGE_LOOP('',(#470,#471,#472,#473));
#1131=EDGE_LOOP('',(#474,#475,#476,#477));
#1132=EDGE_LOOP('',(#478,#479,#480,#481));
#1133=EDGE_LOOP('',(#482,#483,#484,#485));
#1134=EDGE_LOOP('',(#486,#487,#488,#489));
#1135=EDGE_LOOP('',(#490,#491,#492,#493));
#1136=EDGE_LOOP('',(#494,#495,#496,#497));
#1137=EDGE_LOOP('',(#498,#499,#500));
#1138=EDGE_LOOP('',(#501,#502,#503,#504));
#1139=EDGE_LOOP('',(#505));
#1140=EDGE_LOOP('',(#506,#507,#508));
#1141=EDGE_LOOP('',(#509,#510,#511));
#1142=EDGE_LOOP('',(#512,#513,#514,#515));
#1143=EDGE_LOOP('',(#516,#517,#518,#519));
#1144=EDGE_LOOP('',(#520,#521,#522,#523));
#1145=EDGE_LOOP('',(#524,#525,#526,#527));
#1146=EDGE_LOOP('',(#528,#529,#530,#531));
#1147=EDGE_LOOP('',(#532,#533,#534,#535));
#1148=EDGE_LOOP('',(#536,#537,#538,#539));
#1149=EDGE_LOOP('',(#540,#541,#542,#543));
#1150=EDGE_LOOP('',(#544,#545,#546,#547));
#1151=EDGE_LOOP('',(#548,#549,#550,#551,#552));
#1152=EDGE_LOOP('',(#553,#554,#555,#556));
#1153=EDGE_LOOP('',(#557,#558,#559,#560));
#1154=EDGE_LOOP('',(#561,#562,#563,#564));
#1155=EDGE_LOOP('',(#565,#566,#567,#568));
#1156=EDGE_LOOP('',(#569,#570,#571,#572));
#1157=EDGE_LOOP('',(#573,#574,#575,#576));
#1158=EDGE_LOOP('',(#577,#578,#579,#580));
#1159=EDGE_LOOP('',(#581,#582,#583,#584));
#1160=EDGE_LOOP('',(#585,#586,#587,#588));
#1161=EDGE_LOOP('',(#589,#590,#591,#592));
#1162=EDGE_LOOP('',(#593,#594,#595,#596));
#1163=EDGE_LOOP('',(#597,#598,#599,#600));
#1164=EDGE_LOOP('',(#601,#602,#603,#604));
#1165=EDGE_LOOP('',(#605,#606,#607,#608));
#1166=EDGE_LOOP('',(#609,#610,#611,#612));
#1167=EDGE_LOOP('',(#613,#614,#615,#616));
#1168=EDGE_LOOP('',(#617,#618,#619,#620));
#1169=EDGE_LOOP('',(#621,#622,#623,#624));
#1170=EDGE_LOOP('',(#625,#626,#627,#628));
#1171=EDGE_LOOP('',(#629,#630,#631,#632));
#1172=EDGE_LOOP('',(#633,#634,#635,#636));
#1173=EDGE_LOOP('',(#637,#638,#639,#640));
#1174=EDGE_LOOP('',(#641,#642,#643,#644));
#1175=EDGE_LOOP('',(#645,#646,#647,#648));
#1176=EDGE_LOOP('',(#649,#650,#651,#652));
#1177=EDGE_LOOP('',(#653,#654,#655,#656));
#1178=EDGE_LOOP('',(#657,#658,#659,#660));
#1179=EDGE_LOOP('',(#661,#662,#663,#664));
#1180=EDGE_LOOP('',(#665,#666,#667,#668));
#1181=EDGE_LOOP('',(#669,#670,#671,#672));
#1182=EDGE_LOOP('',(#673,#674,#675,#676));
#1183=EDGE_LOOP('',(#677,#678,#679,#680));
#1184=EDGE_LOOP('',(#681,#682,#683,#684));
#1185=EDGE_LOOP('',(#685,#686,#687,#688));
#1186=EDGE_LOOP('',(#689,#690,#691,#692));
#1187=EDGE_LOOP('',(#693,#694,#695,#696));
#1188=EDGE_LOOP('',(#697,#698,#699,#700));
#1189=EDGE_LOOP('',(#701,#702,#703,#704));
#1190=EDGE_LOOP('',(#705,#706,#707,#708));
#1191=EDGE_LOOP('',(#709,#710,#711,#712));
#1192=EDGE_LOOP('',(#713,#714,#715,#716));
#1193=EDGE_LOOP('',(#717,#718,#719,#720));
#1194=EDGE_LOOP('',(#721,#722,#723,#724));
#1195=EDGE_LOOP('',(#725,#726,#727,#728));
#1196=EDGE_LOOP('',(#729,#730,#731,#732));
#1197=EDGE_LOOP('',(#733,#734,#735,#736));
#1198=EDGE_LOOP('',(#737,#738,#739,#740));
#1199=EDGE_LOOP('',(#741,#742,#743,#744));
#1200=EDGE_LOOP('',(#745,#746,#747,#748));
#1201=EDGE_LOOP('',(#749,#750,#751,#752));
#1202=EDGE_LOOP('',(#753,#754,#755,#756));
#1203=EDGE_LOOP('',(#757,#758,#759,#760));
#1204=EDGE_LOOP('',(#761,#762,#763,#764));
#1205=EDGE_LOOP('',(#765,#766,#767,#768));
#1206=EDGE_LOOP('',(#769,#770,#771,#772));
#1207=EDGE_LOOP('',(#773,#774,#775,#776));
#1208=EDGE_LOOP('',(#777,#778,#779,#780));
#1209=EDGE_LOOP('',(#781,#782,#783,#784));
#1210=EDGE_LOOP('',(#785,#786,#787,#788));
#1211=EDGE_LOOP('',(#789,#790,#791,#792));
#1212=EDGE_LOOP('',(#793,#794,#795,#796));
#1213=EDGE_LOOP('',(#797,#798,#799,#800,#801));
#1214=EDGE_LOOP('',(#802,#803,#804,#805,#806));
#1215=EDGE_LOOP('',(#807,#808,#809,#810,#811));
#1216=EDGE_LOOP('',(#812,#813,#814));
#1217=FACE_BOUND('',#1119,.T.);
#1218=FACE_BOUND('',#1120,.T.);
#1219=FACE_BOUND('',#1121,.T.);
#1220=FACE_BOUND('',#1122,.T.);
#1221=FACE_BOUND('',#1123,.T.);
#1222=FACE_BOUND('',#1124,.T.);
#1223=FACE_BOUND('',#1125,.T.);
#1224=FACE_BOUND('',#1126,.T.);
#1225=FACE_BOUND('',#1127,.T.);
#1226=FACE_BOUND('',#1128,.T.);
#1227=FACE_BOUND('',#1129,.T.);
#1228=FACE_BOUND('',#1130,.T.);
#1229=FACE_BOUND('',#1131,.T.);
#1230=FACE_BOUND('',#1132,.T.);
#1231=FACE_BOUND('',#1133,.T.);
#1232=FACE_BOUND('',#1134,.T.);
#1233=FACE_BOUND('',#1135,.T.);
#1234=FACE_BOUND('',#1136,.T.);
#1235=FACE_BOUND('',#1137,.T.);
#1236=FACE_BOUND('',#1138,.T.);
#1237=FACE_BOUND('',#1139,.T.);
#1238=FACE_BOUND('',#1140,.T.);
#1239=FACE_BOUND('',#1141,.T.);
#1240=FACE_BOUND('',#1142,.T.);
#1241=FACE_BOUND('',#1143,.T.);
#1242=FACE_BOUND('',#1144,.T.);
#1243=FACE_BOUND('',#1145,.T.);
#1244=FACE_BOUND('',#1146,.T.);
#1245=FACE_BOUND('',#1147,.T.);
#1246=FACE_BOUND('',#1148,.T.);
#1247=FACE_BOUND('',#1149,.T.);
#1248=FACE_BOUND('',#1150,.T.);
#1249=FACE_BOUND('',#1151,.T.);
#1250=FACE_BOUND('',#1152,.T.);
#1251=FACE_BOUND('',#1153,.T.);
#1252=FACE_BOUND('',#1154,.T.);
#1253=FACE_BOUND('',#1155,.T.);
#1254=FACE_BOUND('',#1156,.T.);
#1255=FACE_BOUND('',#1157,.T.);
#1256=FACE_BOUND('',#1158,.T.);
#1257=FACE_BOUND('',#1159,.T.);
#1258=FACE_BOUND('',#1160,.T.);
#1259=FACE_BOUND('',#1161,.T.);
#1260=FACE_BOUND('',#1162,.T.);
#1261=FACE_BOUND('',#1163,.T.);
#1262=FACE_BOUND('',#1164,.T.);
#1263=FACE_BOUND('',#1165,.T.);
#1264=FACE_BOUND('',#1166,.T.);
#1265=FACE_BOUND('',#1167,.T.);
#1266=FACE_BOUND('',#1168,.T.);
#1267=FACE_BOUND('',#1169,.T.);
#1268=FACE_BOUND('',#1170,.T.);
#1269=FACE_BOUND('',#1171,.T.);
#1270=FACE_BOUND('',#1172,.T.);
#1271=FACE_BOUND('',#1173,.T.);
#1272=FACE_BOUND('',#1174,.T.);
#1273=FACE_BOUND('',#1175,.T.);
#1274=FACE_BOUND('',#1176,.T.);
#1275=FACE_BOUND('',#1177,.T.);
#1276=FACE_BOUND('',#1178,.T.);
#1277=FACE_BOUND('',#1179,.T.);
#1278=FACE_BOUND('',#1180,.T.);
#1279=FACE_BOUND('',#1181,.T.);
#1280=FACE_BOUND('',#1182,.T.);
#1281=FACE_BOUND('',#1183,.T.);
#1282=FACE_BOUND('',#1184,.T.);
#1283=FACE_BOUND('',#1185,.T.);
#1284=FACE_BOUND('',#1186,.T.);
#1285=FACE_BOUND('',#1187,.T.);
#1286=FACE_BOUND('',#1188,.T.);
#1287=FACE_BOUND('',#1189,.T.);
#1288=FACE_BOUND('',#1190,.T.);
#1289=FACE_BOUND('',#1191,.T.);
#1290=FACE_BOUND('',#1192,.T.);
#1291=FACE_BOUND('',#1193,.T.);
#1292=FACE_BOUND('',#1194,.T.);
#1293=FACE_BOUND('',#1195,.T.);
#1294=FACE_BOUND('',#1196,.T.);
#1295=FACE_BOUND('',#1197,.T.);
#1296=FACE_BOUND('',#1198,.T.);
#1297=FACE_BOUND('',#1199,.T.);
#1298=FACE_BOUND('',#1200,.T.);
#1299=FACE_BOUND('',#1201,.T.);
#1300=FACE_BOUND('',#1202,.T.);
#1301=FACE_BOUND('',#1203,.T.);
#1302=FACE_BOUND('',#1204,.T.);
#1303=FACE_BOUND('',#1205,.T.);
#1304=FACE_BOUND('',#1206,.T.);
#1305=FACE_BOUND('',#1207,.T.);
#1306=FACE_BOUND('',#1208,.T.);
#1307=FACE_BOUND('',#1209,.T.);
#1308=FACE_BOUND('',#1210,.T.);
#1309=FACE_BOUND('',#1211,.T.);
#1310=FACE_BOUND('',#1212,.T.);
#1311=FACE_BOUND('',#1213,.T.);
#1312=FACE_BOUND('',#1214,.T.);
#1313=FACE_BOUND('',#1215,.T.);
#1314=FACE_BOUND('',#1216,.T.);
#1315=CYLINDRICAL_SURFACE('',#2004,1.621);
#1316=CYLINDRICAL_SURFACE('',#2007,1.621);
#1317=STYLED_ITEM('',(#1402),#1914);
#1318=STYLED_ITEM('',(#1403),#1915);
#1319=STYLED_ITEM('',(#1404),#1916);
#1320=STYLED_ITEM('',(#1405),#1917);
#1321=STYLED_ITEM('',(#1406),#1918);
#1322=STYLED_ITEM('',(#1407),#1919);
#1323=STYLED_ITEM('',(#1408),#1920);
#1324=STYLED_ITEM('',(#1409),#1921);
#1325=STYLED_ITEM('',(#1410),#1922);
#1326=STYLED_ITEM('',(#1411),#1923);
#1327=STYLED_ITEM('',(#1412),#1924);
#1328=STYLED_ITEM('',(#1413),#1925);
#1329=STYLED_ITEM('',(#1414),#1926);
#1330=STYLED_ITEM('',(#1415),#1927);
#1331=STYLED_ITEM('',(#1416),#1928);
#1332=STYLED_ITEM('',(#1417),#1929);
#1333=STYLED_ITEM('',(#1418),#1930);
#1334=STYLED_ITEM('',(#1419),#1931);
#1335=STYLED_ITEM('',(#1420),#1932);
#1336=STYLED_ITEM('',(#1421),#1933);
#1337=STYLED_ITEM('',(#1422),#1934);
#1338=STYLED_ITEM('',(#1423),#1935);
#1339=STYLED_ITEM('',(#1424),#1936);
#1340=STYLED_ITEM('',(#1425),#1937);
#1341=STYLED_ITEM('',(#1426),#1938);
#1342=STYLED_ITEM('',(#1427),#1939);
#1343=STYLED_ITEM('',(#1428),#1940);
#1344=STYLED_ITEM('',(#1429),#1941);
#1345=STYLED_ITEM('',(#1430),#1942);
#1346=STYLED_ITEM('',(#1431),#1943);
#1347=STYLED_ITEM('',(#1432),#1944);
#1348=STYLED_ITEM('',(#1433),#1945);
#1349=STYLED_ITEM('',(#1434),#1946);
#1350=STYLED_ITEM('',(#1435),#1947);
#1351=STYLED_ITEM('',(#1436),#1948);
#1352=STYLED_ITEM('',(#1437),#1949);
#1353=STYLED_ITEM('',(#1438),#1950);
#1354=STYLED_ITEM('',(#1439),#1951);
#1355=STYLED_ITEM('',(#1440),#1952);
#1356=STYLED_ITEM('',(#1441),#1953);
#1357=STYLED_ITEM('',(#1442),#1954);
#1358=STYLED_ITEM('',(#1443),#1955);
#1359=STYLED_ITEM('',(#1444),#1956);
#1360=STYLED_ITEM('',(#1445),#1957);
#1361=STYLED_ITEM('',(#1446),#1958);
#1362=STYLED_ITEM('',(#1447),#1959);
#1363=STYLED_ITEM('',(#1448),#1960);
#1364=STYLED_ITEM('',(#1449),#1961);
#1365=STYLED_ITEM('',(#1450),#1962);
#1366=STYLED_ITEM('',(#1451),#1963);
#1367=STYLED_ITEM('',(#1452),#1964);
#1368=STYLED_ITEM('',(#1453),#1965);
#1369=STYLED_ITEM('',(#1454),#1966);
#1370=STYLED_ITEM('',(#1455),#1967);
#1371=STYLED_ITEM('',(#1456),#1968);
#1372=STYLED_ITEM('',(#1457),#1969);
#1373=STYLED_ITEM('',(#1458),#1970);
#1374=STYLED_ITEM('',(#1459),#1971);
#1375=STYLED_ITEM('',(#1460),#1972);
#1376=STYLED_ITEM('',(#1461),#1973);
#1377=STYLED_ITEM('',(#1462),#1974);
#1378=STYLED_ITEM('',(#1463),#1975);
#1379=STYLED_ITEM('',(#1464),#1976);
#1380=STYLED_ITEM('',(#1465),#1977);
#1381=STYLED_ITEM('',(#1466),#1978);
#1382=STYLED_ITEM('',(#1467),#1979);
#1383=STYLED_ITEM('',(#1468),#1980);
#1384=STYLED_ITEM('',(#1469),#1981);
#1385=STYLED_ITEM('',(#1470),#1982);
#1386=STYLED_ITEM('',(#1471),#1983);
#1387=STYLED_ITEM('',(#1472),#1984);
#1388=STYLED_ITEM('',(#1473),#1985);
#1389=STYLED_ITEM('',(#1474),#1986);
#1390=STYLED_ITEM('',(#1475),#1987);
#1391=STYLED_ITEM('',(#1476),#1988);
#1392=STYLED_ITEM('',(#1477),#1989);
#1393=STYLED_ITEM('',(#1478),#1990);
#1394=STYLED_ITEM('',(#1479),#1991);
#1395=STYLED_ITEM('',(#1480),#1992);
#1396=STYLED_ITEM('',(#1481),#1993);
#1397=STYLED_ITEM('',(#1482),#1994);
#1398=STYLED_ITEM('',(#1483),#1995);
#1399=STYLED_ITEM('',(#1484),#1996);
#1400=STYLED_ITEM('',(#1485),#1997);
#1401=STYLED_ITEM('',(#1486),#1998);
#1402=PRESENTATION_STYLE_ASSIGNMENT((#1487));
#1403=PRESENTATION_STYLE_ASSIGNMENT((#1488));
#1404=PRESENTATION_STYLE_ASSIGNMENT((#1489));
#1405=PRESENTATION_STYLE_ASSIGNMENT((#1490));
#1406=PRESENTATION_STYLE_ASSIGNMENT((#1491));
#1407=PRESENTATION_STYLE_ASSIGNMENT((#1492));
#1408=PRESENTATION_STYLE_ASSIGNMENT((#1493));
#1409=PRESENTATION_STYLE_ASSIGNMENT((#1494));
#1410=PRESENTATION_STYLE_ASSIGNMENT((#1495));
#1411=PRESENTATION_STYLE_ASSIGNMENT((#1496));
#1412=PRESENTATION_STYLE_ASSIGNMENT((#1497));
#1413=PRESENTATION_STYLE_ASSIGNMENT((#1498));
#1414=PRESENTATION_STYLE_ASSIGNMENT((#1499));
#1415=PRESENTATION_STYLE_ASSIGNMENT((#1500));
#1416=PRESENTATION_STYLE_ASSIGNMENT((#1501));
#1417=PRESENTATION_STYLE_ASSIGNMENT((#1502));
#1418=PRESENTATION_STYLE_ASSIGNMENT((#1503));
#1419=PRESENTATION_STYLE_ASSIGNMENT((#1504));
#1420=PRESENTATION_STYLE_ASSIGNMENT((#1505));
#1421=PRESENTATION_STYLE_ASSIGNMENT((#1506));
#1422=PRESENTATION_STYLE_ASSIGNMENT((#1507));
#1423=PRESENTATION_STYLE_ASSIGNMENT((#1508));
#1424=PRESENTATION_STYLE_ASSIGNMENT((#1509));
#1425=PRESENTATION_STYLE_ASSIGNMENT((#1510));
#1426=PRESENTATION_STYLE_ASSIGNMENT((#1511));
#1427=PRESENTATION_STYLE_ASSIGNMENT((#1512));
#1428=PRESENTATION_STYLE_ASSIGNMENT((#1513));
#1429=PRESENTATION_STYLE_ASSIGNMENT((#1514));
#1430=PRESENTATION_STYLE_ASSIGNMENT((#1515));
#1431=PRESENTATION_STYLE_ASSIGNMENT((#1516));
#1432=PRESENTATION_STYLE_ASSIGNMENT((#1517));
#1433=PRESENTATION_STYLE_ASSIGNMENT((#1518));
#1434=PRESENTATION_STYLE_ASSIGNMENT((#1519));
#1435=PRESENTATION_STYLE_ASSIGNMENT((#1520));
#1436=PRESENTATION_STYLE_ASSIGNMENT((#1521));
#1437=PRESENTATION_STYLE_ASSIGNMENT((#1522));
#1438=PRESENTATION_STYLE_ASSIGNMENT((#1523));
#1439=PRESENTATION_STYLE_ASSIGNMENT((#1524));
#1440=PRESENTATION_STYLE_ASSIGNMENT((#1525));
#1441=PRESENTATION_STYLE_ASSIGNMENT((#1526));
#1442=PRESENTATION_STYLE_ASSIGNMENT((#1527));
#1443=PRESENTATION_STYLE_ASSIGNMENT((#1528));
#1444=PRESENTATION_STYLE_ASSIGNMENT((#1529));
#1445=PRESENTATION_STYLE_ASSIGNMENT((#1530));
#1446=PRESENTATION_STYLE_ASSIGNMENT((#1531));
#1447=PRESENTATION_STYLE_ASSIGNMENT((#1532));
#1448=PRESENTATION_STYLE_ASSIGNMENT((#1533));
#1449=PRESENTATION_STYLE_ASSIGNMENT((#1534));
#1450=PRESENTATION_STYLE_ASSIGNMENT((#1535));
#1451=PRESENTATION_STYLE_ASSIGNMENT((#1536));
#1452=PRESENTATION_STYLE_ASSIGNMENT((#1537));
#1453=PRESENTATION_STYLE_ASSIGNMENT((#1538));
#1454=PRESENTATION_STYLE_ASSIGNMENT((#1539));
#1455=PRESENTATION_STYLE_ASSIGNMENT((#1540));
#1456=PRESENTATION_STYLE_ASSIGNMENT((#1541));
#1457=PRESENTATION_STYLE_ASSIGNMENT((#1542));
#1458=PRESENTATION_STYLE_ASSIGNMENT((#1543));
#1459=PRESENTATION_STYLE_ASSIGNMENT((#1544));
#1460=PRESENTATION_STYLE_ASSIGNMENT((#1545));
#1461=PRESENTATION_STYLE_ASSIGNMENT((#1546));
#1462=PRESENTATION_STYLE_ASSIGNMENT((#1547));
#1463=PRESENTATION_STYLE_ASSIGNMENT((#1548));
#1464=PRESENTATION_STYLE_ASSIGNMENT((#1549));
#1465=PRESENTATION_STYLE_ASSIGNMENT((#1550));
#1466=PRESENTATION_STYLE_ASSIGNMENT((#1551));
#1467=PRESENTATION_STYLE_ASSIGNMENT((#1552));
#1468=PRESENTATION_STYLE_ASSIGNMENT((#1553));
#1469=PRESENTATION_STYLE_ASSIGNMENT((#1554));
#1470=PRESENTATION_STYLE_ASSIGNMENT((#1555));
#1471=PRESENTATION_STYLE_ASSIGNMENT((#1556));
#1472=PRESENTATION_STYLE_ASSIGNMENT((#1557));
#1473=PRESENTATION_STYLE_ASSIGNMENT((#1558));
#1474=PRESENTATION_STYLE_ASSIGNMENT((#1559));
#1475=PRESENTATION_STYLE_ASSIGNMENT((#1560));
#1476=PRESENTATION_STYLE_ASSIGNMENT((#1561));
#1477=PRESENTATION_STYLE_ASSIGNMENT((#1562));
#1478=PRESENTATION_STYLE_ASSIGNMENT((#1563));
#1479=PRESENTATION_STYLE_ASSIGNMENT((#1564));
#1480=PRESENTATION_STYLE_ASSIGNMENT((#1565));
#1481=PRESENTATION_STYLE_ASSIGNMENT((#1566));
#1482=PRESENTATION_STYLE_ASSIGNMENT((#1567));
#1483=PRESENTATION_STYLE_ASSIGNMENT((#1568));
#1484=PRESENTATION_STYLE_ASSIGNMENT((#1569));
#1485=PRESENTATION_STYLE_ASSIGNMENT((#1570));
#1486=PRESENTATION_STYLE_ASSIGNMENT((#1571));
#1487=SURFACE_STYLE_USAGE(.BOTH.,#1572);
#1488=SURFACE_STYLE_USAGE(.BOTH.,#1573);
#1489=SURFACE_STYLE_USAGE(.BOTH.,#1574);
#1490=SURFACE_STYLE_USAGE(.BOTH.,#1575);
#1491=SURFACE_STYLE_USAGE(.BOTH.,#1576);
#1492=SURFACE_STYLE_USAGE(.BOTH.,#1577);
#1493=SURFACE_STYLE_USAGE(.BOTH.,#1578);
#1494=SURFACE_STYLE_USAGE(.BOTH.,#1579);
#1495=SURFACE_STYLE_USAGE(.BOTH.,#1580);
#1496=SURFACE_STYLE_USAGE(.BOTH.,#1581);
#1497=SURFACE_STYLE_USAGE(.BOTH.,#1582);
#1498=SURFACE_STYLE_USAGE(.BOTH.,#1583);
#1499=SURFACE_STYLE_USAGE(.BOTH.,#1584);
#1500=SURFACE_STYLE_USAGE(.BOTH.,#1585);
#1501=SURFACE_STYLE_USAGE(.BOTH.,#1586);
#1502=SURFACE_STYLE_USAGE(.BOTH.,#1587);
#1503=SURFACE_STYLE_USAGE(.BOTH.,#1588);
#1504=SURFACE_STYLE_USAGE(.BOTH.,#1589);
#1505=SURFACE_STYLE_USAGE(.BOTH.,#1590);
#1506=SURFACE_STYLE_USAGE(.BOTH.,#1591);
#1507=SURFACE_STYLE_USAGE(.BOTH.,#1592);
#1508=SURFACE_STYLE_USAGE(.BOTH.,#1593);
#1509=SURFACE_STYLE_USAGE(.BOTH.,#1594);
#1510=SURFACE_STYLE_USAGE(.BOTH.,#1595);
#1511=SURFACE_STYLE_USAGE(.BOTH.,#1596);
#1512=SURFACE_STYLE_USAGE(.BOTH.,#1597);
#1513=SURFACE_STYLE_USAGE(.BOTH.,#1598);
#1514=SURFACE_STYLE_USAGE(.BOTH.,#1599);
#1515=SURFACE_STYLE_USAGE(.BOTH.,#1600);
#1516=SURFACE_STYLE_USAGE(.BOTH.,#1601);
#1517=SURFACE_STYLE_USAGE(.BOTH.,#1602);
#1518=SURFACE_STYLE_USAGE(.BOTH.,#1603);
#1519=SURFACE_STYLE_USAGE(.BOTH.,#1604);
#1520=SURFACE_STYLE_USAGE(.BOTH.,#1605);
#1521=SURFACE_STYLE_USAGE(.BOTH.,#1606);
#1522=SURFACE_STYLE_USAGE(.BOTH.,#1607);
#1523=SURFACE_STYLE_USAGE(.BOTH.,#1608);
#1524=SURFACE_STYLE_USAGE(.BOTH.,#1609);
#1525=SURFACE_STYLE_USAGE(.BOTH.,#1610);
#1526=SURFACE_STYLE_USAGE(.BOTH.,#1611);
#1527=SURFACE_STYLE_USAGE(.BOTH.,#1612);
#1528=SURFACE_STYLE_USAGE(.BOTH.,#1613);
#1529=SURFACE_STYLE_USAGE(.BOTH.,#1614);
#1530=SURFACE_STYLE_USAGE(.BOTH.,#1615);
#1531=SURFACE_STYLE_USAGE(.BOTH.,#1616);
#1532=SURFACE_STYLE_USAGE(.BOTH.,#1617);
#1533=SURFACE_STYLE_USAGE(.BOTH.,#1618);
#1534=SURFACE_STYLE_USAGE(.BOTH.,#1619);
#1535=SURFACE_STYLE_USAGE(.BOTH.,#1620);
#1536=SURFACE_STYLE_USAGE(.BOTH.,#1621);
#1537=SURFACE_STYLE_USAGE(.BOTH.,#1622);
#1538=SURFACE_STYLE_USAGE(.BOTH.,#1623);
#1539=SURFACE_STYLE_USAGE(.BOTH.,#1624);
#1540=SURFACE_STYLE_USAGE(.BOTH.,#1625);
#1541=SURFACE_STYLE_USAGE(.BOTH.,#1626);
#1542=SURFACE_STYLE_USAGE(.BOTH.,#1627);
#1543=SURFACE_STYLE_USAGE(.BOTH.,#1628);
#1544=SURFACE_STYLE_USAGE(.BOTH.,#1629);
#1545=SURFACE_STYLE_USAGE(.BOTH.,#1630);
#1546=SURFACE_STYLE_USAGE(.BOTH.,#1631);
#1547=SURFACE_STYLE_USAGE(.BOTH.,#1632);
#1548=SURFACE_STYLE_USAGE(.BOTH.,#1633);
#1549=SURFACE_STYLE_USAGE(.BOTH.,#1634);
#1550=SURFACE_STYLE_USAGE(.BOTH.,#1635);
#1551=SURFACE_STYLE_USAGE(.BOTH.,#1636);
#1552=SURFACE_STYLE_USAGE(.BOTH.,#1637);
#1553=SURFACE_STYLE_USAGE(.BOTH.,#1638);
#1554=SURFACE_STYLE_USAGE(.BOTH.,#1639);
#1555=SURFACE_STYLE_USAGE(.BOTH.,#1640);
#1556=SURFACE_STYLE_USAGE(.BOTH.,#1641);
#1557=SURFACE_STYLE_USAGE(.BOTH.,#1642);
#1558=SURFACE_STYLE_USAGE(.BOTH.,#1643);
#1559=SURFACE_STYLE_USAGE(.BOTH.,#1644);
#1560=SURFACE_STYLE_USAGE(.BOTH.,#1645);
#1561=SURFACE_STYLE_USAGE(.BOTH.,#1646);
#1562=SURFACE_STYLE_USAGE(.BOTH.,#1647);
#1563=SURFACE_STYLE_USAGE(.BOTH.,#1648);
#1564=SURFACE_STYLE_USAGE(.BOTH.,#1649);
#1565=SURFACE_STYLE_USAGE(.BOTH.,#1650);
#1566=SURFACE_STYLE_USAGE(.BOTH.,#1651);
#1567=SURFACE_STYLE_USAGE(.BOTH.,#1652);
#1568=SURFACE_STYLE_USAGE(.BOTH.,#1653);
#1569=SURFACE_STYLE_USAGE(.BOTH.,#1654);
#1570=SURFACE_STYLE_USAGE(.BOTH.,#1655);
#1571=SURFACE_STYLE_USAGE(.BOTH.,#1656);
#1572=SURFACE_SIDE_STYLE('',(#1657));
#1573=SURFACE_SIDE_STYLE('',(#1658));
#1574=SURFACE_SIDE_STYLE('',(#1659));
#1575=SURFACE_SIDE_STYLE('',(#1660));
#1576=SURFACE_SIDE_STYLE('',(#1661));
#1577=SURFACE_SIDE_STYLE('',(#1662));
#1578=SURFACE_SIDE_STYLE('',(#1663));
#1579=SURFACE_SIDE_STYLE('',(#1664));
#1580=SURFACE_SIDE_STYLE('',(#1665));
#1581=SURFACE_SIDE_STYLE('',(#1666));
#1582=SURFACE_SIDE_STYLE('',(#1667));
#1583=SURFACE_SIDE_STYLE('',(#1668));
#1584=SURFACE_SIDE_STYLE('',(#1669));
#1585=SURFACE_SIDE_STYLE('',(#1670));
#1586=SURFACE_SIDE_STYLE('',(#1671));
#1587=SURFACE_SIDE_STYLE('',(#1672));
#1588=SURFACE_SIDE_STYLE('',(#1673));
#1589=SURFACE_SIDE_STYLE('',(#1674));
#1590=SURFACE_SIDE_STYLE('',(#1675));
#1591=SURFACE_SIDE_STYLE('',(#1676));
#1592=SURFACE_SIDE_STYLE('',(#1677));
#1593=SURFACE_SIDE_STYLE('',(#1678));
#1594=SURFACE_SIDE_STYLE('',(#1679));
#1595=SURFACE_SIDE_STYLE('',(#1680));
#1596=SURFACE_SIDE_STYLE('',(#1681));
#1597=SURFACE_SIDE_STYLE('',(#1682));
#1598=SURFACE_SIDE_STYLE('',(#1683));
#1599=SURFACE_SIDE_STYLE('',(#1684));
#1600=SURFACE_SIDE_STYLE('',(#1685));
#1601=SURFACE_SIDE_STYLE('',(#1686));
#1602=SURFACE_SIDE_STYLE('',(#1687));
#1603=SURFACE_SIDE_STYLE('',(#1688));
#1604=SURFACE_SIDE_STYLE('',(#1689));
#1605=SURFACE_SIDE_STYLE('',(#1690));
#1606=SURFACE_SIDE_STYLE('',(#1691));
#1607=SURFACE_SIDE_STYLE('',(#1692));
#1608=SURFACE_SIDE_STYLE('',(#1693));
#1609=SURFACE_SIDE_STYLE('',(#1694));
#1610=SURFACE_SIDE_STYLE('',(#1695));
#1611=SURFACE_SIDE_STYLE('',(#1696));
#1612=SURFACE_SIDE_STYLE('',(#1697));
#1613=SURFACE_SIDE_STYLE('',(#1698));
#1614=SURFACE_SIDE_STYLE('',(#1699));
#1615=SURFACE_SIDE_STYLE('',(#1700));
#1616=SURFACE_SIDE_STYLE('',(#1701));
#1617=SURFACE_SIDE_STYLE('',(#1702));
#1618=SURFACE_SIDE_STYLE('',(#1703));
#1619=SURFACE_SIDE_STYLE('',(#1704));
#1620=SURFACE_SIDE_STYLE('',(#1705));
#1621=SURFACE_SIDE_STYLE('',(#1706));
#1622=SURFACE_SIDE_STYLE('',(#1707));
#1623=SURFACE_SIDE_STYLE('',(#1708));
#1624=SURFACE_SIDE_STYLE('',(#1709));
#1625=SURFACE_SIDE_STYLE('',(#1710));
#1626=SURFACE_SIDE_STYLE('',(#1711));
#1627=SURFACE_SIDE_STYLE('',(#1712));
#1628=SURFACE_SIDE_STYLE('',(#1713));
#1629=SURFACE_SIDE_STYLE('',(#1714));
#1630=SURFACE_SIDE_STYLE('',(#1715));
#1631=SURFACE_SIDE_STYLE('',(#1716));
#1632=SURFACE_SIDE_STYLE('',(#1717));
#1633=SURFACE_SIDE_STYLE('',(#1718));
#1634=SURFACE_SIDE_STYLE('',(#1719));
#1635=SURFACE_SIDE_STYLE('',(#1720));
#1636=SURFACE_SIDE_STYLE('',(#1721));
#1637=SURFACE_SIDE_STYLE('',(#1722));
#1638=SURFACE_SIDE_STYLE('',(#1723));
#1639=SURFACE_SIDE_STYLE('',(#1724));
#1640=SURFACE_SIDE_STYLE('',(#1725));
#1641=SURFACE_SIDE_STYLE('',(#1726));
#1642=SURFACE_SIDE_STYLE('',(#1727));
#1643=SURFACE_SIDE_STYLE('',(#1728));
#1644=SURFACE_SIDE_STYLE('',(#1729));
#1645=SURFACE_SIDE_STYLE('',(#1730));
#1646=SURFACE_SIDE_STYLE('',(#1731));
#1647=SURFACE_SIDE_STYLE('',(#1732));
#1648=SURFACE_SIDE_STYLE('',(#1733));
#1649=SURFACE_SIDE_STYLE('',(#1734));
#1650=SURFACE_SIDE_STYLE('',(#1735));
#1651=SURFACE_SIDE_STYLE('',(#1736));
#1652=SURFACE_SIDE_STYLE('',(#1737));
#1653=SURFACE_SIDE_STYLE('',(#1738));
#1654=SURFACE_SIDE_STYLE('',(#1739));
#1655=SURFACE_SIDE_STYLE('',(#1740));
#1656=SURFACE_SIDE_STYLE('',(#1741));
#1657=SURFACE_STYLE_FILL_AREA(#1742);
#1658=SURFACE_STYLE_FILL_AREA(#1743);
#1659=SURFACE_STYLE_FILL_AREA(#1744);
#1660=SURFACE_STYLE_FILL_AREA(#1745);
#1661=SURFACE_STYLE_FILL_AREA(#1746);
#1662=SURFACE_STYLE_FILL_AREA(#1747);
#1663=SURFACE_STYLE_FILL_AREA(#1748);
#1664=SURFACE_STYLE_FILL_AREA(#1749);
#1665=SURFACE_STYLE_FILL_AREA(#1750);
#1666=SURFACE_STYLE_FILL_AREA(#1751);
#1667=SURFACE_STYLE_FILL_AREA(#1752);
#1668=SURFACE_STYLE_FILL_AREA(#1753);
#1669=SURFACE_STYLE_FILL_AREA(#1754);
#1670=SURFACE_STYLE_FILL_AREA(#1755);
#1671=SURFACE_STYLE_FILL_AREA(#1756);
#1672=SURFACE_STYLE_FILL_AREA(#1757);
#1673=SURFACE_STYLE_FILL_AREA(#1758);
#1674=SURFACE_STYLE_FILL_AREA(#1759);
#1675=SURFACE_STYLE_FILL_AREA(#1760);
#1676=SURFACE_STYLE_FILL_AREA(#1761);
#1677=SURFACE_STYLE_FILL_AREA(#1762);
#1678=SURFACE_STYLE_FILL_AREA(#1763);
#1679=SURFACE_STYLE_FILL_AREA(#1764);
#1680=SURFACE_STYLE_FILL_AREA(#1765);
#1681=SURFACE_STYLE_FILL_AREA(#1766);
#1682=SURFACE_STYLE_FILL_AREA(#1767);
#1683=SURFACE_STYLE_FILL_AREA(#1768);
#1684=SURFACE_STYLE_FILL_AREA(#1769);
#1685=SURFACE_STYLE_FILL_AREA(#1770);
#1686=SURFACE_STYLE_FILL_AREA(#1771);
#1687=SURFACE_STYLE_FILL_AREA(#1772);
#1688=SURFACE_STYLE_FILL_AREA(#1773);
#1689=SURFACE_STYLE_FILL_AREA(#1774);
#1690=SURFACE_STYLE_FILL_AREA(#1775);
#1691=SURFACE_STYLE_FILL_AREA(#1776);
#1692=SURFACE_STYLE_FILL_AREA(#1777);
#1693=SURFACE_STYLE_FILL_AREA(#1778);
#1694=SURFACE_STYLE_FILL_AREA(#1779);
#1695=SURFACE_STYLE_FILL_AREA(#1780);
#1696=SURFACE_STYLE_FILL_AREA(#1781);
#1697=SURFACE_STYLE_FILL_AREA(#1782);
#1698=SURFACE_STYLE_FILL_AREA(#1783);
#1699=SURFACE_STYLE_FILL_AREA(#1784);
#1700=SURFACE_STYLE_FILL_AREA(#1785);
#1701=SURFACE_STYLE_FILL_AREA(#1786);
#1702=SURFACE_STYLE_FILL_AREA(#1787);
#1703=SURFACE_STYLE_FILL_AREA(#1788);
#1704=SURFACE_STYLE_FILL_AREA(#1789);
#1705=SURFACE_STYLE_FILL_AREA(#1790);
#1706=SURFACE_STYLE_FILL_AREA(#1791);
#1707=SURFACE_STYLE_FILL_AREA(#1792);
#1708=SURFACE_STYLE_FILL_AREA(#1793);
#1709=SURFACE_STYLE_FILL_AREA(#1794);
#1710=SURFACE_STYLE_FILL_AREA(#1795);
#1711=SURFACE_STYLE_FILL_AREA(#1796);
#1712=SURFACE_STYLE_FILL_AREA(#1797);
#1713=SURFACE_STYLE_FILL_AREA(#1798);
#1714=SURFACE_STYLE_FILL_AREA(#1799);
#1715=SURFACE_STYLE_FILL_AREA(#1800);
#1716=SURFACE_STYLE_FILL_AREA(#1801);
#1717=SURFACE_STYLE_FILL_AREA(#1802);
#1718=SURFACE_STYLE_FILL_AREA(#1803);
#1719=SURFACE_STYLE_FILL_AREA(#1804);
#1720=SURFACE_STYLE_FILL_AREA(#1805);
#1721=SURFACE_STYLE_FILL_AREA(#1806);
#1722=SURFACE_STYLE_FILL_AREA(#1807);
#1723=SURFACE_STYLE_FILL_AREA(#1808);
#1724=SURFACE_STYLE_FILL_AREA(#1809);
#1725=SURFACE_STYLE_FILL_AREA(#1810);
#1726=SURFACE_STYLE_FILL_AREA(#1811);
#1727=SURFACE_STYLE_FILL_AREA(#1812);
#1728=SURFACE_STYLE_FILL_AREA(#1813);
#1729=SURFACE_STYLE_FILL_AREA(#1814);
#1730=SURFACE_STYLE_FILL_AREA(#1815);
#1731=SURFACE_STYLE_FILL_AREA(#1816);
#1732=SURFACE_STYLE_FILL_AREA(#1817);
#1733=SURFACE_STYLE_FILL_AREA(#1818);
#1734=SURFACE_STYLE_FILL_AREA(#1819);
#1735=SURFACE_STYLE_FILL_AREA(#1820);
#1736=SURFACE_STYLE_FILL_AREA(#1821);
#1737=SURFACE_STYLE_FILL_AREA(#1822);
#1738=SURFACE_STYLE_FILL_AREA(#1823);
#1739=SURFACE_STYLE_FILL_AREA(#1824);
#1740=SURFACE_STYLE_FILL_AREA(#1825);
#1741=SURFACE_STYLE_FILL_AREA(#1826);
#1742=FILL_AREA_STYLE('',(#1827));
#1743=FILL_AREA_STYLE('',(#1828));
#1744=FILL_AREA_STYLE('',(#1829));
#1745=FILL_AREA_STYLE('',(#1830));
#1746=FILL_AREA_STYLE('',(#1831));
#1747=FILL_AREA_STYLE('',(#1832));
#1748=FILL_AREA_STYLE('',(#1833));
#1749=FILL_AREA_STYLE('',(#1834));
#1750=FILL_AREA_STYLE('',(#1835));
#1751=FILL_AREA_STYLE('',(#1836));
#1752=FILL_AREA_STYLE('',(#1837));
#1753=FILL_AREA_STYLE('',(#1838));
#1754=FILL_AREA_STYLE('',(#1839));
#1755=FILL_AREA_STYLE('',(#1840));
#1756=FILL_AREA_STYLE('',(#1841));
#1757=FILL_AREA_STYLE('',(#1842));
#1758=FILL_AREA_STYLE('',(#1843));
#1759=FILL_AREA_STYLE('',(#1844));
#1760=FILL_AREA_STYLE('',(#1845));
#1761=FILL_AREA_STYLE('',(#1846));
#1762=FILL_AREA_STYLE('',(#1847));
#1763=FILL_AREA_STYLE('',(#1848));
#1764=FILL_AREA_STYLE('',(#1849));
#1765=FILL_AREA_STYLE('',(#1850));
#1766=FILL_AREA_STYLE('',(#1851));
#1767=FILL_AREA_STYLE('',(#1852));
#1768=FILL_AREA_STYLE('',(#1853));
#1769=FILL_AREA_STYLE('',(#1854));
#1770=FILL_AREA_STYLE('',(#1855));
#1771=FILL_AREA_STYLE('',(#1856));
#1772=FILL_AREA_STYLE('',(#1857));
#1773=FILL_AREA_STYLE('',(#1858));
#1774=FILL_AREA_STYLE('',(#1859));
#1775=FILL_AREA_STYLE('',(#1860));
#1776=FILL_AREA_STYLE('',(#1861));
#1777=FILL_AREA_STYLE('',(#1862));
#1778=FILL_AREA_STYLE('',(#1863));
#1779=FILL_AREA_STYLE('',(#1864));
#1780=FILL_AREA_STYLE('',(#1865));
#1781=FILL_AREA_STYLE('',(#1866));
#1782=FILL_AREA_STYLE('',(#1867));
#1783=FILL_AREA_STYLE('',(#1868));
#1784=FILL_AREA_STYLE('',(#1869));
#1785=FILL_AREA_STYLE('',(#1870));
#1786=FILL_AREA_STYLE('',(#1871));
#1787=FILL_AREA_STYLE('',(#1872));
#1788=FILL_AREA_STYLE('',(#1873));
#1789=FILL_AREA_STYLE('',(#1874));
#1790=FILL_AREA_STYLE('',(#1875));
#1791=FILL_AREA_STYLE('',(#1876));
#1792=FILL_AREA_STYLE('',(#1877));
#1793=FILL_AREA_STYLE('',(#1878));
#1794=FILL_AREA_STYLE('',(#1879));
#1795=FILL_AREA_STYLE('',(#1880));
#1796=FILL_AREA_STYLE('',(#1881));
#1797=FILL_AREA_STYLE('',(#1882));
#1798=FILL_AREA_STYLE('',(#1883));
#1799=FILL_AREA_STYLE('',(#1884));
#1800=FILL_AREA_STYLE('',(#1885));
#1801=FILL_AREA_STYLE('',(#1886));
#1802=FILL_AREA_STYLE('',(#1887));
#1803=FILL_AREA_STYLE('',(#1888));
#1804=FILL_AREA_STYLE('',(#1889));
#1805=FILL_AREA_STYLE('',(#1890));
#1806=FILL_AREA_STYLE('',(#1891));
#1807=FILL_AREA_STYLE('',(#1892));
#1808=FILL_AREA_STYLE('',(#1893));
#1809=FILL_AREA_STYLE('',(#1894));
#1810=FILL_AREA_STYLE('',(#1895));
#1811=FILL_AREA_STYLE('',(#1896));
#1812=FILL_AREA_STYLE('',(#1897));
#1813=FILL_AREA_STYLE('',(#1898));
#1814=FILL_AREA_STYLE('',(#1899));
#1815=FILL_AREA_STYLE('',(#1900));
#1816=FILL_AREA_STYLE('',(#1901));
#1817=FILL_AREA_STYLE('',(#1902));
#1818=FILL_AREA_STYLE('',(#1903));
#1819=FILL_AREA_STYLE('',(#1904));
#1820=FILL_AREA_STYLE('',(#1905));
#1821=FILL_AREA_STYLE('',(#1906));
#1822=FILL_AREA_STYLE('',(#1907));
#1823=FILL_AREA_STYLE('',(#1908));
#1824=FILL_AREA_STYLE('',(#1909));
#1825=FILL_AREA_STYLE('',(#1910));
#1826=FILL_AREA_STYLE('',(#1911));
#1827=FILL_AREA_STYLE_COLOUR('',#1912);
#1828=FILL_AREA_STYLE_COLOUR('',#1913);
#1829=FILL_AREA_STYLE_COLOUR('',#1912);
#1830=FILL_AREA_STYLE_COLOUR('',#1912);
#1831=FILL_AREA_STYLE_COLOUR('',#1912);
#1832=FILL_AREA_STYLE_COLOUR('',#1912);
#1833=FILL_AREA_STYLE_COLOUR('',#1912);
#1834=FILL_AREA_STYLE_COLOUR('',#1912);
#1835=FILL_AREA_STYLE_COLOUR('',#1912);
#1836=FILL_AREA_STYLE_COLOUR('',#1912);
#1837=FILL_AREA_STYLE_COLOUR('',#1912);
#1838=FILL_AREA_STYLE_COLOUR('',#1912);
#1839=FILL_AREA_STYLE_COLOUR('',#1912);
#1840=FILL_AREA_STYLE_COLOUR('',#1912);
#1841=FILL_AREA_STYLE_COLOUR('',#1912);
#1842=FILL_AREA_STYLE_COLOUR('',#1912);
#1843=FILL_AREA_STYLE_COLOUR('',#1912);
#1844=FILL_AREA_STYLE_COLOUR('',#1912);
#1845=FILL_AREA_STYLE_COLOUR('',#1912);
#1846=FILL_AREA_STYLE_COLOUR('',#1912);
#1847=FILL_AREA_STYLE_COLOUR('',#1912);
#1848=FILL_AREA_STYLE_COLOUR('',#1912);
#1849=FILL_AREA_STYLE_COLOUR('',#1912);
#1850=FILL_AREA_STYLE_COLOUR('',#1912);
#1851=FILL_AREA_STYLE_COLOUR('',#1912);
#1852=FILL_AREA_STYLE_COLOUR('',#1912);
#1853=FILL_AREA_STYLE_COLOUR('',#1912);
#1854=FILL_AREA_STYLE_COLOUR('',#1912);
#1855=FILL_AREA_STYLE_COLOUR('',#1912);
#1856=FILL_AREA_STYLE_COLOUR('',#1912);
#1857=FILL_AREA_STYLE_COLOUR('',#1912);
#1858=FILL_AREA_STYLE_COLOUR('',#1912);
#1859=FILL_AREA_STYLE_COLOUR('',#1912);
#1860=FILL_AREA_STYLE_COLOUR('',#1912);
#1861=FILL_AREA_STYLE_COLOUR('',#1912);
#1862=FILL_AREA_STYLE_COLOUR('',#1912);
#1863=FILL_AREA_STYLE_COLOUR('',#1912);
#1864=FILL_AREA_STYLE_COLOUR('',#1912);
#1865=FILL_AREA_STYLE_COLOUR('',#1912);
#1866=FILL_AREA_STYLE_COLOUR('',#1912);
#1867=FILL_AREA_STYLE_COLOUR('',#1912);
#1868=FILL_AREA_STYLE_COLOUR('',#1912);
#1869=FILL_AREA_STYLE_COLOUR('',#1912);
#1870=FILL_AREA_STYLE_COLOUR('',#1912);
#1871=FILL_AREA_STYLE_COLOUR('',#1912);
#1872=FILL_AREA_STYLE_COLOUR('',#1912);
#1873=FILL_AREA_STYLE_COLOUR('',#1912);
#1874=FILL_AREA_STYLE_COLOUR('',#1912);
#1875=FILL_AREA_STYLE_COLOUR('',#1912);
#1876=FILL_AREA_STYLE_COLOUR('',#1912);
#1877=FILL_AREA_STYLE_COLOUR('',#1912);
#1878=FILL_AREA_STYLE_COLOUR('',#1912);
#1879=FILL_AREA_STYLE_COLOUR('',#1912);
#1880=FILL_AREA_STYLE_COLOUR('',#1912);
#1881=FILL_AREA_STYLE_COLOUR('',#1912);
#1882=FILL_AREA_STYLE_COLOUR('',#1912);
#1883=FILL_AREA_STYLE_COLOUR('',#1912);
#1884=FILL_AREA_STYLE_COLOUR('',#1912);
#1885=FILL_AREA_STYLE_COLOUR('',#1912);
#1886=FILL_AREA_STYLE_COLOUR('',#1912);
#1887=FILL_AREA_STYLE_COLOUR('',#1912);
#1888=FILL_AREA_STYLE_COLOUR('',#1912);
#1889=FILL_AREA_STYLE_COLOUR('',#1912);
#1890=FILL_AREA_STYLE_COLOUR('',#1912);
#1891=FILL_AREA_STYLE_COLOUR('',#1912);
#1892=FILL_AREA_STYLE_COLOUR('',#1912);
#1893=FILL_AREA_STYLE_COLOUR('',#1912);
#1894=FILL_AREA_STYLE_COLOUR('',#1912);
#1895=FILL_AREA_STYLE_COLOUR('',#1912);
#1896=FILL_AREA_STYLE_COLOUR('',#1912);
#1897=FILL_AREA_STYLE_COLOUR('',#1912);
#1898=FILL_AREA_STYLE_COLOUR('',#1912);
#1899=FILL_AREA_STYLE_COLOUR('',#1912);
#1900=FILL_AREA_STYLE_COLOUR('',#1912);
#1901=FILL_AREA_STYLE_COLOUR('',#1912);
#1902=FILL_AREA_STYLE_COLOUR('',#1912);
#1903=FILL_AREA_STYLE_COLOUR('',#1912);
#1904=FILL_AREA_STYLE_COLOUR('',#1912);
#1905=FILL_AREA_STYLE_COLOUR('',#1912);
#1906=FILL_AREA_STYLE_COLOUR('',#1912);
#1907=FILL_AREA_STYLE_COLOUR('',#1912);
#1908=FILL_AREA_STYLE_COLOUR('',#1912);
#1909=FILL_AREA_STYLE_COLOUR('',#1912);
#1910=FILL_AREA_STYLE_COLOUR('',#1912);
#1911=FILL_AREA_STYLE_COLOUR('',#1912);
#1912=COLOUR_RGB('',0.550000011920929,0.311243504285812,0.21841649711132);
#1913=COLOUR_RGB('',0.1875,0.75,0.581249892711639);
#1914=ADVANCED_FACE('',(#1217,#1218),#1315,.F.);
#1915=ADVANCED_FACE('',(#1219,#1220),#1316,.F.);
#1916=ADVANCED_FACE('',(#1221,#1222),#442,.F.);
#1917=ADVANCED_FACE('',(#1223),#364,.F.);
#1918=ADVANCED_FACE('',(#1224,#1225,#1226,#1227,#1228,#1229,#1230,#1231,
#1232,#1233),#365,.F.);
#1919=ADVANCED_FACE('',(#1234),#366,.F.);
#1920=ADVANCED_FACE('',(#1235),#443,.T.);
#1921=ADVANCED_FACE('',(#1236,#1237),#367,.T.);
#1922=ADVANCED_FACE('',(#1238),#444,.T.);
#1923=ADVANCED_FACE('',(#1239),#445,.T.);
#1924=ADVANCED_FACE('',(#1240),#368,.T.);
#1925=ADVANCED_FACE('',(#1241),#369,.T.);
#1926=ADVANCED_FACE('',(#1242),#370,.T.);
#1927=ADVANCED_FACE('',(#1243),#371,.T.);
#1928=ADVANCED_FACE('',(#1244),#372,.T.);
#1929=ADVANCED_FACE('',(#1245),#373,.F.);
#1930=ADVANCED_FACE('',(#1246),#374,.F.);
#1931=ADVANCED_FACE('',(#1247),#375,.T.);
#1932=ADVANCED_FACE('',(#1248),#376,.T.);
#1933=ADVANCED_FACE('',(#1249),#377,.F.);
#1934=ADVANCED_FACE('',(#1250),#378,.T.);
#1935=ADVANCED_FACE('',(#1251),#379,.F.);
#1936=ADVANCED_FACE('',(#1252),#380,.F.);
#1937=ADVANCED_FACE('',(#1253),#381,.F.);
#1938=ADVANCED_FACE('',(#1254),#382,.F.);
#1939=ADVANCED_FACE('',(#1255),#383,.T.);
#1940=ADVANCED_FACE('',(#1256),#384,.T.);
#1941=ADVANCED_FACE('',(#1257),#385,.T.);
#1942=ADVANCED_FACE('',(#1258),#386,.T.);
#1943=ADVANCED_FACE('',(#1259),#387,.T.);
#1944=ADVANCED_FACE('',(#1260),#388,.F.);
#1945=ADVANCED_FACE('',(#1261),#389,.F.);
#1946=ADVANCED_FACE('',(#1262),#390,.F.);
#1947=ADVANCED_FACE('',(#1263),#391,.F.);
#1948=ADVANCED_FACE('',(#1264),#392,.T.);
#1949=ADVANCED_FACE('',(#1265),#393,.T.);
#1950=ADVANCED_FACE('',(#1266),#394,.T.);
#1951=ADVANCED_FACE('',(#1267),#395,.T.);
#1952=ADVANCED_FACE('',(#1268),#396,.T.);
#1953=ADVANCED_FACE('',(#1269),#397,.F.);
#1954=ADVANCED_FACE('',(#1270),#398,.F.);
#1955=ADVANCED_FACE('',(#1271),#399,.F.);
#1956=ADVANCED_FACE('',(#1272),#400,.F.);
#1957=ADVANCED_FACE('',(#1273),#401,.T.);
#1958=ADVANCED_FACE('',(#1274),#402,.T.);
#1959=ADVANCED_FACE('',(#1275),#403,.T.);
#1960=ADVANCED_FACE('',(#1276),#404,.T.);
#1961=ADVANCED_FACE('',(#1277),#405,.T.);
#1962=ADVANCED_FACE('',(#1278),#406,.F.);
#1963=ADVANCED_FACE('',(#1279),#407,.F.);
#1964=ADVANCED_FACE('',(#1280),#408,.F.);
#1965=ADVANCED_FACE('',(#1281),#409,.F.);
#1966=ADVANCED_FACE('',(#1282),#410,.T.);
#1967=ADVANCED_FACE('',(#1283),#411,.T.);
#1968=ADVANCED_FACE('',(#1284),#412,.T.);
#1969=ADVANCED_FACE('',(#1285),#413,.T.);
#1970=ADVANCED_FACE('',(#1286),#414,.T.);
#1971=ADVANCED_FACE('',(#1287),#415,.F.);
#1972=ADVANCED_FACE('',(#1288),#416,.F.);
#1973=ADVANCED_FACE('',(#1289),#417,.F.);
#1974=ADVANCED_FACE('',(#1290),#418,.F.);
#1975=ADVANCED_FACE('',(#1291),#419,.T.);
#1976=ADVANCED_FACE('',(#1292),#420,.T.);
#1977=ADVANCED_FACE('',(#1293),#421,.T.);
#1978=ADVANCED_FACE('',(#1294),#422,.T.);
#1979=ADVANCED_FACE('',(#1295),#423,.T.);
#1980=ADVANCED_FACE('',(#1296),#424,.F.);
#1981=ADVANCED_FACE('',(#1297),#425,.F.);
#1982=ADVANCED_FACE('',(#1298),#426,.F.);
#1983=ADVANCED_FACE('',(#1299),#427,.F.);
#1984=ADVANCED_FACE('',(#1300),#428,.T.);
#1985=ADVANCED_FACE('',(#1301),#429,.T.);
#1986=ADVANCED_FACE('',(#1302),#430,.T.);
#1987=ADVANCED_FACE('',(#1303),#431,.T.);
#1988=ADVANCED_FACE('',(#1304),#432,.T.);
#1989=ADVANCED_FACE('',(#1305),#433,.F.);
#1990=ADVANCED_FACE('',(#1306),#434,.F.);
#1991=ADVANCED_FACE('',(#1307),#435,.F.);
#1992=ADVANCED_FACE('',(#1308),#436,.F.);
#1993=ADVANCED_FACE('',(#1309),#437,.T.);
#1994=ADVANCED_FACE('',(#1310),#438,.T.);
#1995=ADVANCED_FACE('',(#1311),#439,.F.);
#1996=ADVANCED_FACE('',(#1312),#440,.F.);
#1997=ADVANCED_FACE('',(#1313),#441,.F.);
#1998=ADVANCED_FACE('',(#1314),#446,.T.);
#1999=CLOSED_SHELL('',(#1914,#1915,#1916,#1917,#1918,#1919,#1920,#1921,
#1922,#1923,#1924,#1925,#1926,#1927,#1928,#1929,#1930,#1931,#1932,#1933,
#1934,#1935,#1936,#1937,#1938,#1939,#1940,#1941,#1942,#1943,#1944,#1945,
#1946,#1947,#1948,#1949,#1950,#1951,#1952,#1953,#1954,#1955,#1956,#1957,
#1958,#1959,#1960,#1961,#1962,#1963,#1964,#1965,#1966,#1967,#1968,#1969,
#1970,#1971,#1972,#1973,#1974,#1975,#1976,#1977,#1978,#1979,#1980,#1981,
#1982,#1983,#1984,#1985,#1986,#1987,#1988,#1989,#1990,#1991,#1992,#1993,
#1994,#1995,#1996,#1997,#1998));
#2000=MANIFOLD_SOLID_BREP('1',#1999);
#2001=SHAPE_DEFINITION_REPRESENTATION(#2873,#2002);
#2002=SHAPE_REPRESENTATION('7460307_Rev_2.1_221122',(#2003),#2868);
#2003=AXIS2_PLACEMENT_3D('',#2453,#2097,#2098);
#2004=AXIS2_PLACEMENT_3D('',#2454,#2099,#2100);
#2005=AXIS2_PLACEMENT_3D('',#2455,#2101,#2102);
#2006=AXIS2_PLACEMENT_3D('',#2457,#2103,#2104);
#2007=AXIS2_PLACEMENT_3D('',#2459,#2105,#2106);
#2008=AXIS2_PLACEMENT_3D('',#2460,#2107,#2108);
#2009=AXIS2_PLACEMENT_3D('',#2462,#2109,#2110);
#2010=AXIS2_PLACEMENT_3D('',#2463,#2111,#2112);
#2011=AXIS2_PLACEMENT_3D('',#2465,#2113,#2114);
#2012=AXIS2_PLACEMENT_3D('',#2474,#2119,#2120);
#2013=AXIS2_PLACEMENT_3D('',#2544,#2156,#2157);
#2014=AXIS2_PLACEMENT_3D('',#2548,#2160,#2161);
#2015=AXIS2_PLACEMENT_3D('',#2556,#2162,#2163);
#2016=AXIS2_PLACEMENT_3D('',#2563,#2164,#2165);
#2017=AXIS2_PLACEMENT_3D('',#2564,#2166,#2167);
#2018=AXIS2_PLACEMENT_3D('',#2566,#2168,#2169);
#2019=AXIS2_PLACEMENT_3D('',#2568,#2170,#2171);
#2020=AXIS2_PLACEMENT_3D('',#2569,#2172,#2173);
#2021=AXIS2_PLACEMENT_3D('',#2581,#2174,#2175);
#2022=AXIS2_PLACEMENT_3D('',#2593,#2176,#2177);
#2023=AXIS2_PLACEMENT_3D('',#2599,#2181,#2182);
#2024=AXIS2_PLACEMENT_3D('',#2608,#2187,#2188);
#2025=AXIS2_PLACEMENT_3D('',#2614,#2192,#2193);
#2026=AXIS2_PLACEMENT_3D('',#2620,#2197,#2198);
#2027=AXIS2_PLACEMENT_3D('',#2625,#2202,#2203);
#2028=AXIS2_PLACEMENT_3D('',#2628,#2206,#2207);
#2029=AXIS2_PLACEMENT_3D('',#2629,#2208,#2209);
#2030=AXIS2_PLACEMENT_3D('',#2630,#2210,#2211);
#2031=AXIS2_PLACEMENT_3D('',#2631,#2212,#2213);
#2032=AXIS2_PLACEMENT_3D('',#2634,#2216,#2217);
#2033=AXIS2_PLACEMENT_3D('',#2643,#2222,#2223);
#2034=AXIS2_PLACEMENT_3D('',#2649,#2227,#2228);
#2035=AXIS2_PLACEMENT_3D('',#2653,#2231,#2232);
#2036=AXIS2_PLACEMENT_3D('',#2657,#2235,#2236);
#2037=AXIS2_PLACEMENT_3D('',#2659,#2238,#2239);
#2038=AXIS2_PLACEMENT_3D('',#2662,#2242,#2243);
#2039=AXIS2_PLACEMENT_3D('',#2664,#2245,#2246);
#2040=AXIS2_PLACEMENT_3D('',#2666,#2248,#2249);
#2041=AXIS2_PLACEMENT_3D('',#2667,#2250,#2251);
#2042=AXIS2_PLACEMENT_3D('',#2676,#2256,#2257);
#2043=AXIS2_PLACEMENT_3D('',#2682,#2261,#2262);
#2044=AXIS2_PLACEMENT_3D('',#2686,#2265,#2266);
#2045=AXIS2_PLACEMENT_3D('',#2690,#2269,#2270);
#2046=AXIS2_PLACEMENT_3D('',#2692,#2272,#2273);
#2047=AXIS2_PLACEMENT_3D('',#2695,#2276,#2277);
#2048=AXIS2_PLACEMENT_3D('',#2697,#2279,#2280);
#2049=AXIS2_PLACEMENT_3D('',#2699,#2282,#2283);
#2050=AXIS2_PLACEMENT_3D('',#2700,#2284,#2285);
#2051=AXIS2_PLACEMENT_3D('',#2709,#2290,#2291);
#2052=AXIS2_PLACEMENT_3D('',#2715,#2295,#2296);
#2053=AXIS2_PLACEMENT_3D('',#2719,#2299,#2300);
#2054=AXIS2_PLACEMENT_3D('',#2723,#2303,#2304);
#2055=AXIS2_PLACEMENT_3D('',#2725,#2306,#2307);
#2056=AXIS2_PLACEMENT_3D('',#2728,#2310,#2311);
#2057=AXIS2_PLACEMENT_3D('',#2730,#2313,#2314);
#2058=AXIS2_PLACEMENT_3D('',#2732,#2316,#2317);
#2059=AXIS2_PLACEMENT_3D('',#2733,#2318,#2319);
#2060=AXIS2_PLACEMENT_3D('',#2742,#2324,#2325);
#2061=AXIS2_PLACEMENT_3D('',#2748,#2329,#2330);
#2062=AXIS2_PLACEMENT_3D('',#2752,#2333,#2334);
#2063=AXIS2_PLACEMENT_3D('',#2756,#2337,#2338);
#2064=AXIS2_PLACEMENT_3D('',#2758,#2340,#2341);
#2065=AXIS2_PLACEMENT_3D('',#2761,#2344,#2345);
#2066=AXIS2_PLACEMENT_3D('',#2763,#2347,#2348);
#2067=AXIS2_PLACEMENT_3D('',#2765,#2350,#2351);
#2068=AXIS2_PLACEMENT_3D('',#2766,#2352,#2353);
#2069=AXIS2_PLACEMENT_3D('',#2775,#2358,#2359);
#2070=AXIS2_PLACEMENT_3D('',#2781,#2363,#2364);
#2071=AXIS2_PLACEMENT_3D('',#2785,#2367,#2368);
#2072=AXIS2_PLACEMENT_3D('',#2789,#2371,#2372);
#2073=AXIS2_PLACEMENT_3D('',#2791,#2374,#2375);
#2074=AXIS2_PLACEMENT_3D('',#2794,#2378,#2379);
#2075=AXIS2_PLACEMENT_3D('',#2796,#2381,#2382);
#2076=AXIS2_PLACEMENT_3D('',#2798,#2384,#2385);
#2077=AXIS2_PLACEMENT_3D('',#2799,#2386,#2387);
#2078=AXIS2_PLACEMENT_3D('',#2808,#2392,#2393);
#2079=AXIS2_PLACEMENT_3D('',#2814,#2397,#2398);
#2080=AXIS2_PLACEMENT_3D('',#2818,#2401,#2402);
#2081=AXIS2_PLACEMENT_3D('',#2822,#2405,#2406);
#2082=AXIS2_PLACEMENT_3D('',#2824,#2408,#2409);
#2083=AXIS2_PLACEMENT_3D('',#2827,#2412,#2413);
#2084=AXIS2_PLACEMENT_3D('',#2829,#2415,#2416);
#2085=AXIS2_PLACEMENT_3D('',#2831,#2418,#2419);
#2086=AXIS2_PLACEMENT_3D('',#2832,#2420,#2421);
#2087=AXIS2_PLACEMENT_3D('',#2836,#2424,#2425);
#2088=AXIS2_PLACEMENT_3D('',#2839,#2428,#2429);
#2089=AXIS2_PLACEMENT_3D('',#2841,#2431,#2432);
#2090=AXIS2_PLACEMENT_3D('',#2845,#2435,#2436);
#2091=AXIS2_PLACEMENT_3D('',#2847,#2438,#2439);
#2092=AXIS2_PLACEMENT_3D('',#2849,#2441,#2442);
#2093=AXIS2_PLACEMENT_3D('',#2850,#2443,#2444);
#2094=AXIS2_PLACEMENT_3D('',#2858,#2446,#2447);
#2095=AXIS2_PLACEMENT_3D('',#2860,#2449,#2450);
#2096=AXIS2_PLACEMENT_3D('',#2866,#2451,#2452);
#2097=DIRECTION('',(0.,0.,1.));
#2098=DIRECTION('',(1.,0.,0.));
#2099=DIRECTION('',(0.,0.,1.));
#2100=DIRECTION('',(0.,-1.,0.));
#2101=DIRECTION('',(0.,0.,1.));
#2102=DIRECTION('',(1.,0.,0.));
#2103=DIRECTION('',(0.,0.,1.));
#2104=DIRECTION('',(0.,-1.,0.));
#2105=DIRECTION('',(0.,0.,1.));
#2106=DIRECTION('',(0.,-1.,0.));
#2107=DIRECTION('',(0.,0.,1.));
#2108=DIRECTION('',(1.,0.,0.));
#2109=DIRECTION('',(0.,0.,1.));
#2110=DIRECTION('',(1.,0.,0.));
#2111=DIRECTION('',(0.,0.,-1.));
#2112=DIRECTION('',(1.,0.,0.));
#2113=DIRECTION('',(1.,3.61789065636608E-45,2.35669632555799E-30));
#2114=DIRECTION('',(0.,1.,-1.53515351856353E-15));
#2115=DIRECTION('',(0.,0.,1.));
#2116=DIRECTION('',(1.53515351856353E-15,-1.,0.));
#2117=DIRECTION('',(0.,0.,1.));
#2118=DIRECTION('',(-1.53515351856353E-15,1.,0.));
#2119=DIRECTION('',(0.,0.,1.));
#2120=DIRECTION('',(1.,0.,0.));
#2121=DIRECTION('',(-2.89120579329468E-16,-1.,0.));
#2122=DIRECTION('',(-1.,1.92747052886312E-16,0.));
#2123=DIRECTION('',(0.,1.,0.));
#2124=DIRECTION('',(1.,-1.92747052886312E-16,0.));
#2125=DIRECTION('',(-1.53515351856353E-15,1.,0.));
#2126=DIRECTION('',(-1.,-3.0703070371271E-15,0.));
#2127=DIRECTION('',(1.53515351856355E-15,-1.,0.));
#2128=DIRECTION('',(1.,-6.52440245389509E-15,0.));
#2129=DIRECTION('',(-1.53515351856353E-15,1.,0.));
#2130=DIRECTION('',(-1.,-3.0703070371271E-15,0.));
#2131=DIRECTION('',(1.53515351856355E-15,-1.,0.));
#2132=DIRECTION('',(1.,-6.52440245389509E-15,0.));
#2133=DIRECTION('',(-1.53515351856353E-15,1.,0.));
#2134=DIRECTION('',(-1.,-3.0703070371271E-15,0.));
#2135=DIRECTION('',(1.53515351856355E-15,-1.,0.));
#2136=DIRECTION('',(1.,-6.52440245389509E-15,0.));
#2137=DIRECTION('',(-1.53515351856353E-15,1.,0.));
#2138=DIRECTION('',(-1.,-3.0703070371271E-15,0.));
#2139=DIRECTION('',(1.53515351856355E-15,-1.,0.));
#2140=DIRECTION('',(1.,-6.52440245389509E-15,0.));
#2141=DIRECTION('',(-1.53515351856353E-15,1.,0.));
#2142=DIRECTION('',(-1.,-3.0703070371271E-15,0.));
#2143=DIRECTION('',(1.53515351856355E-15,-1.,0.));
#2144=DIRECTION('',(1.,-6.52440245389509E-15,0.));
#2145=DIRECTION('',(-1.53515351856353E-15,1.,0.));
#2146=DIRECTION('',(-1.,-3.0703070371271E-15,0.));
#2147=DIRECTION('',(1.53515351856355E-15,-1.,0.));
#2148=DIRECTION('',(1.,-6.52440245389509E-15,0.));
#2149=DIRECTION('',(-1.53515351856353E-15,1.,0.));
#2150=DIRECTION('',(-1.,-3.0703070371271E-15,0.));
#2151=DIRECTION('',(1.53515351856355E-15,-1.,0.));
#2152=DIRECTION('',(1.,-6.52440245389509E-15,0.));
#2153=DIRECTION('',(-1.,-3.0703070371271E-15,0.));
#2154=DIRECTION('',(1.53515351856355E-15,-1.,0.));
#2155=DIRECTION('',(1.,-6.52440245389509E-15,0.));
#2156=DIRECTION('',(-2.89431252509298E-44,1.,9.4267853022322E-30));
#2157=DIRECTION('',(1.,0.,3.0703070371271E-15));
#2158=DIRECTION('',(1.,3.0703070371271E-15,0.));
#2159=DIRECTION('',(0.,0.,1.));
#2160=DIRECTION('',(0.,0.,-1.));
#2161=DIRECTION('',(-1.,0.,0.));
#2162=DIRECTION('',(0.,0.,1.));
#2163=DIRECTION('',(1.,0.,0.));
#2164=DIRECTION('',(0.,0.,1.));
#2165=DIRECTION('',(1.,0.,0.));
#2166=DIRECTION('',(0.,0.,1.));
#2167=DIRECTION('',(1.,0.,0.));
#2168=DIRECTION('',(0.,0.,-1.));
#2169=DIRECTION('',(-1.,0.,0.));
#2170=DIRECTION('',(0.,0.,1.));
#2171=DIRECTION('',(1.,0.,0.));
#2172=DIRECTION('',(0.,0.,-1.));
#2173=DIRECTION('',(-1.,0.,0.));
#2174=DIRECTION('',(0.,0.,-1.));
#2175=DIRECTION('',(-1.,0.,0.));
#2176=DIRECTION('',(2.17103492627735E-15,-0.707106781186548,-0.707106781186548));
#2177=DIRECTION('',(0.,-0.707106781186548,0.707106781186548));
#2178=DIRECTION('',(0.577350269189627,-0.577350269189624,0.577350269189626));
#2179=DIRECTION('',(0.577350269189625,0.577350269189627,-0.577350269189625));
#2180=DIRECTION('',(-1.,-3.0703070371271E-15,0.));
#2181=DIRECTION('',(2.17103492627735E-15,-0.707106781186548,-0.707106781186548));
#2182=DIRECTION('',(0.,-0.707106781186548,0.707106781186548));
#2183=DIRECTION('',(0.577350269189627,-0.577350269189624,0.577350269189626));
#2184=DIRECTION('',(1.,3.0703070371271E-15,0.));
#2185=DIRECTION('',(0.577350269189625,0.577350269189627,-0.577350269189625));
#2186=DIRECTION('',(-1.,-3.0703070371271E-15,0.));
#2187=DIRECTION('',(0.707106781186548,1.08551746313867E-15,-0.707106781186548));
#2188=DIRECTION('',(0.,-1.,-1.53515351856354E-15));
#2189=DIRECTION('',(0.577350269189627,0.577350269189623,0.577350269189628));
#2190=DIRECTION('',(-1.53515351856355E-15,1.,0.));
#2191=DIRECTION('',(1.53515351856355E-15,-1.,0.));
#2192=DIRECTION('',(0.,0.,-1.));
#2193=DIRECTION('',(0.,-1.,0.));
#2194=DIRECTION('',(1.53515351856355E-15,-1.,0.));
#2195=DIRECTION('',(-1.53515351856353E-15,1.,0.));
#2196=DIRECTION('',(1.,-6.52440245389509E-15,0.));
#2197=DIRECTION('',(4.61344921833937E-15,0.707106781186548,-0.707106781186547));
#2198=DIRECTION('',(-1.,0.,-6.5244024538951E-15));
#2199=DIRECTION('',(0.577350269189626,-0.577350269189627,-0.577350269189624));
#2200=DIRECTION('',(-1.,6.52440245389509E-15,0.));
#2201=DIRECTION('',(0.577350269189627,0.577350269189623,0.577350269189628));
#2202=DIRECTION('',(-1.,-1.53515351856355E-15,0.));
#2203=DIRECTION('',(-1.53515351856355E-15,1.,0.));
#2204=DIRECTION('',(-1.53515351856355E-15,1.,0.));
#2205=DIRECTION('',(0.,0.,1.));
#2206=DIRECTION('',(-6.52440245389509E-15,-1.,0.));
#2207=DIRECTION('',(-1.,6.52440245389509E-15,0.));
#2208=DIRECTION('',(0.707106781186548,1.08551746313867E-15,-0.707106781186548));
#2209=DIRECTION('',(0.,-1.,-1.53515351856354E-15));
#2210=DIRECTION('',(-0.707106781186548,-1.08551746313866E-15,-0.707106781186548));
#2211=DIRECTION('',(-0.707106781186548,0.,0.707106781186548));
#2212=DIRECTION('',(-1.92747052886312E-16,-1.,0.));
#2213=DIRECTION('',(-1.,1.92747052886312E-16,0.));
#2214=DIRECTION('',(0.,0.,-1.));
#2215=DIRECTION('',(0.,0.,-1.));
#2216=DIRECTION('',(0.,0.,-1.));
#2217=DIRECTION('',(0.,-1.,0.));
#2218=DIRECTION('',(1.53515351856355E-15,-1.,0.));
#2219=DIRECTION('',(-1.,-3.0703070371271E-15,0.));
#2220=DIRECTION('',(-1.53515351856353E-15,1.,0.));
#2221=DIRECTION('',(1.,-6.52440245389509E-15,0.));
#2222=DIRECTION('',(-2.89431252509298E-44,1.,9.4267853022322E-30));
#2223=DIRECTION('',(1.,0.,3.0703070371271E-15));
#2224=DIRECTION('',(0.,0.,1.));
#2225=DIRECTION('',(1.,3.0703070371271E-15,0.));
#2226=DIRECTION('',(0.,0.,1.));
#2227=DIRECTION('',(-1.,-1.53515351856355E-15,0.));
#2228=DIRECTION('',(-1.53515351856355E-15,1.,0.));
#2229=DIRECTION('',(-1.53515351856355E-15,1.,0.));
#2230=DIRECTION('',(0.,0.,1.));
#2231=DIRECTION('',(-6.52440245389509E-15,-1.,0.));
#2232=DIRECTION('',(-1.,6.52440245389509E-15,0.));
#2233=DIRECTION('',(-1.,6.52440245389509E-15,0.));
#2234=DIRECTION('',(0.,0.,1.));
#2235=DIRECTION('',(1.,3.61789065636608E-45,2.35669632555799E-30));
#2236=DIRECTION('',(0.,1.,-1.53515351856353E-15));
#2237=DIRECTION('',(1.53515351856353E-15,-1.,0.));
#2238=DIRECTION('',(-0.707106781186548,-1.08551746313866E-15,-0.707106781186548));
#2239=DIRECTION('',(-0.707106781186548,0.,0.707106781186548));
#2240=DIRECTION('',(0.577350269189626,-0.577350269189627,-0.577350269189624));
#2241=DIRECTION('',(0.577350269189625,0.577350269189627,-0.577350269189625));
#2242=DIRECTION('',(4.61344921833937E-15,0.707106781186548,-0.707106781186547));
#2243=DIRECTION('',(-1.,0.,-6.5244024538951E-15));
#2244=DIRECTION('',(0.577350269189627,0.577350269189623,0.577350269189628));
#2245=DIRECTION('',(0.707106781186548,1.08551746313867E-15,-0.707106781186548));
#2246=DIRECTION('',(0.,-1.,-1.53515351856354E-15));
#2247=DIRECTION('',(0.577350269189627,-0.577350269189624,0.577350269189626));
#2248=DIRECTION('',(2.17103492627735E-15,-0.707106781186548,-0.707106781186548));
#2249=DIRECTION('',(0.,-0.707106781186548,0.707106781186548));
#2250=DIRECTION('',(0.,0.,-1.));
#2251=DIRECTION('',(0.,-1.,0.));
#2252=DIRECTION('',(1.53515351856355E-15,-1.,0.));
#2253=DIRECTION('',(-1.,-3.0703070371271E-15,0.));
#2254=DIRECTION('',(-1.53515351856353E-15,1.,0.));
#2255=DIRECTION('',(1.,-6.52440245389509E-15,0.));
#2256=DIRECTION('',(-2.89431252509298E-44,1.,9.4267853022322E-30));
#2257=DIRECTION('',(1.,0.,3.0703070371271E-15));
#2258=DIRECTION('',(0.,0.,1.));
#2259=DIRECTION('',(1.,3.0703070371271E-15,0.));
#2260=DIRECTION('',(0.,0.,1.));
#2261=DIRECTION('',(-1.,-1.53515351856355E-15,0.));
#2262=DIRECTION('',(-1.53515351856355E-15,1.,0.));
#2263=DIRECTION('',(-1.53515351856355E-15,1.,0.));
#2264=DIRECTION('',(0.,0.,1.));
#2265=DIRECTION('',(-6.52440245389509E-15,-1.,0.));
#2266=DIRECTION('',(-1.,6.52440245389509E-15,0.));
#2267=DIRECTION('',(-1.,6.52440245389509E-15,0.));
#2268=DIRECTION('',(0.,0.,1.));
#2269=DIRECTION('',(1.,3.61789065636608E-45,2.35669632555799E-30));
#2270=DIRECTION('',(0.,1.,-1.53515351856353E-15));
#2271=DIRECTION('',(1.53515351856353E-15,-1.,0.));
#2272=DIRECTION('',(-0.707106781186548,-1.08551746313866E-15,-0.707106781186548));
#2273=DIRECTION('',(-0.707106781186548,0.,0.707106781186548));
#2274=DIRECTION('',(0.577350269189626,-0.577350269189627,-0.577350269189624));
#2275=DIRECTION('',(0.577350269189625,0.577350269189627,-0.577350269189625));
#2276=DIRECTION('',(4.61344921833937E-15,0.707106781186548,-0.707106781186547));
#2277=DIRECTION('',(-1.,0.,-6.5244024538951E-15));
#2278=DIRECTION('',(0.577350269189627,0.577350269189623,0.577350269189628));
#2279=DIRECTION('',(0.707106781186548,1.08551746313867E-15,-0.707106781186548));
#2280=DIRECTION('',(0.,-1.,-1.53515351856354E-15));
#2281=DIRECTION('',(0.577350269189627,-0.577350269189624,0.577350269189626));
#2282=DIRECTION('',(2.17103492627735E-15,-0.707106781186548,-0.707106781186548));
#2283=DIRECTION('',(0.,-0.707106781186548,0.707106781186548));
#2284=DIRECTION('',(0.,0.,-1.));
#2285=DIRECTION('',(0.,-1.,0.));
#2286=DIRECTION('',(1.53515351856355E-15,-1.,0.));
#2287=DIRECTION('',(-1.,-3.0703070371271E-15,0.));
#2288=DIRECTION('',(-1.53515351856353E-15,1.,0.));
#2289=DIRECTION('',(1.,-6.52440245389509E-15,0.));
#2290=DIRECTION('',(-2.89431252509298E-44,1.,9.4267853022322E-30));
#2291=DIRECTION('',(1.,0.,3.0703070371271E-15));
#2292=DIRECTION('',(0.,0.,1.));
#2293=DIRECTION('',(1.,3.0703070371271E-15,0.));
#2294=DIRECTION('',(0.,0.,1.));
#2295=DIRECTION('',(-1.,-1.53515351856355E-15,0.));
#2296=DIRECTION('',(-1.53515351856355E-15,1.,0.));
#2297=DIRECTION('',(-1.53515351856355E-15,1.,0.));
#2298=DIRECTION('',(0.,0.,1.));
#2299=DIRECTION('',(-6.52440245389509E-15,-1.,0.));
#2300=DIRECTION('',(-1.,6.52440245389509E-15,0.));
#2301=DIRECTION('',(-1.,6.52440245389509E-15,0.));
#2302=DIRECTION('',(0.,0.,1.));
#2303=DIRECTION('',(1.,3.61789065636608E-45,2.35669632555799E-30));
#2304=DIRECTION('',(0.,1.,-1.53515351856353E-15));
#2305=DIRECTION('',(1.53515351856353E-15,-1.,0.));
#2306=DIRECTION('',(-0.707106781186548,-1.08551746313866E-15,-0.707106781186548));
#2307=DIRECTION('',(-0.707106781186548,0.,0.707106781186548));
#2308=DIRECTION('',(0.577350269189626,-0.577350269189627,-0.577350269189624));
#2309=DIRECTION('',(0.577350269189625,0.577350269189627,-0.577350269189625));
#2310=DIRECTION('',(4.61344921833937E-15,0.707106781186548,-0.707106781186547));
#2311=DIRECTION('',(-1.,0.,-6.5244024538951E-15));
#2312=DIRECTION('',(0.577350269189627,0.577350269189623,0.577350269189628));
#2313=DIRECTION('',(0.707106781186548,1.08551746313867E-15,-0.707106781186548));
#2314=DIRECTION('',(0.,-1.,-1.53515351856354E-15));
#2315=DIRECTION('',(0.577350269189627,-0.577350269189624,0.577350269189626));
#2316=DIRECTION('',(2.17103492627735E-15,-0.707106781186548,-0.707106781186548));
#2317=DIRECTION('',(0.,-0.707106781186548,0.707106781186548));
#2318=DIRECTION('',(0.,0.,-1.));
#2319=DIRECTION('',(0.,-1.,0.));
#2320=DIRECTION('',(1.53515351856355E-15,-1.,0.));
#2321=DIRECTION('',(-1.,-3.0703070371271E-15,0.));
#2322=DIRECTION('',(-1.53515351856353E-15,1.,0.));
#2323=DIRECTION('',(1.,-6.52440245389509E-15,0.));
#2324=DIRECTION('',(-2.89431252509298E-44,1.,9.4267853022322E-30));
#2325=DIRECTION('',(1.,0.,3.0703070371271E-15));
#2326=DIRECTION('',(0.,0.,1.));
#2327=DIRECTION('',(1.,3.0703070371271E-15,0.));
#2328=DIRECTION('',(0.,0.,1.));
#2329=DIRECTION('',(-1.,-1.53515351856355E-15,0.));
#2330=DIRECTION('',(-1.53515351856355E-15,1.,0.));
#2331=DIRECTION('',(-1.53515351856355E-15,1.,0.));
#2332=DIRECTION('',(0.,0.,1.));
#2333=DIRECTION('',(-6.52440245389509E-15,-1.,0.));
#2334=DIRECTION('',(-1.,6.52440245389509E-15,0.));
#2335=DIRECTION('',(-1.,6.52440245389509E-15,0.));
#2336=DIRECTION('',(0.,0.,1.));
#2337=DIRECTION('',(1.,3.61789065636608E-45,2.35669632555799E-30));
#2338=DIRECTION('',(0.,1.,-1.53515351856353E-15));
#2339=DIRECTION('',(1.53515351856353E-15,-1.,0.));
#2340=DIRECTION('',(-0.707106781186548,-1.08551746313866E-15,-0.707106781186548));
#2341=DIRECTION('',(-0.707106781186548,0.,0.707106781186548));
#2342=DIRECTION('',(0.577350269189626,-0.577350269189627,-0.577350269189624));
#2343=DIRECTION('',(0.577350269189625,0.577350269189627,-0.577350269189625));
#2344=DIRECTION('',(4.61344921833937E-15,0.707106781186548,-0.707106781186547));
#2345=DIRECTION('',(-1.,0.,-6.5244024538951E-15));
#2346=DIRECTION('',(0.577350269189627,0.577350269189623,0.577350269189628));
#2347=DIRECTION('',(0.707106781186548,1.08551746313867E-15,-0.707106781186548));
#2348=DIRECTION('',(0.,-1.,-1.53515351856354E-15));
#2349=DIRECTION('',(0.577350269189627,-0.577350269189624,0.577350269189626));
#2350=DIRECTION('',(2.17103492627735E-15,-0.707106781186548,-0.707106781186548));
#2351=DIRECTION('',(0.,-0.707106781186548,0.707106781186548));
#2352=DIRECTION('',(0.,0.,-1.));
#2353=DIRECTION('',(0.,-1.,0.));
#2354=DIRECTION('',(1.53515351856355E-15,-1.,0.));
#2355=DIRECTION('',(-1.,-3.0703070371271E-15,0.));
#2356=DIRECTION('',(-1.53515351856353E-15,1.,0.));
#2357=DIRECTION('',(1.,-6.52440245389509E-15,0.));
#2358=DIRECTION('',(-2.89431252509298E-44,1.,9.4267853022322E-30));
#2359=DIRECTION('',(1.,0.,3.0703070371271E-15));
#2360=DIRECTION('',(0.,0.,1.));
#2361=DIRECTION('',(1.,3.0703070371271E-15,0.));
#2362=DIRECTION('',(0.,0.,1.));
#2363=DIRECTION('',(-1.,-1.53515351856355E-15,0.));
#2364=DIRECTION('',(-1.53515351856355E-15,1.,0.));
#2365=DIRECTION('',(-1.53515351856355E-15,1.,0.));
#2366=DIRECTION('',(0.,0.,1.));
#2367=DIRECTION('',(-6.52440245389509E-15,-1.,0.));
#2368=DIRECTION('',(-1.,6.52440245389509E-15,0.));
#2369=DIRECTION('',(-1.,6.52440245389509E-15,0.));
#2370=DIRECTION('',(0.,0.,1.));
#2371=DIRECTION('',(1.,3.61789065636608E-45,2.35669632555799E-30));
#2372=DIRECTION('',(0.,1.,-1.53515351856353E-15));
#2373=DIRECTION('',(1.53515351856353E-15,-1.,0.));
#2374=DIRECTION('',(-0.707106781186548,-1.08551746313866E-15,-0.707106781186548));
#2375=DIRECTION('',(-0.707106781186548,0.,0.707106781186548));
#2376=DIRECTION('',(0.577350269189626,-0.577350269189627,-0.577350269189624));
#2377=DIRECTION('',(0.577350269189625,0.577350269189627,-0.577350269189625));
#2378=DIRECTION('',(4.61344921833937E-15,0.707106781186548,-0.707106781186547));
#2379=DIRECTION('',(-1.,0.,-6.5244024538951E-15));
#2380=DIRECTION('',(0.577350269189627,0.577350269189623,0.577350269189628));
#2381=DIRECTION('',(0.707106781186548,1.08551746313867E-15,-0.707106781186548));
#2382=DIRECTION('',(0.,-1.,-1.53515351856354E-15));
#2383=DIRECTION('',(0.577350269189627,-0.577350269189624,0.577350269189626));
#2384=DIRECTION('',(2.17103492627735E-15,-0.707106781186548,-0.707106781186548));
#2385=DIRECTION('',(0.,-0.707106781186548,0.707106781186548));
#2386=DIRECTION('',(0.,0.,-1.));
#2387=DIRECTION('',(0.,-1.,0.));
#2388=DIRECTION('',(1.53515351856355E-15,-1.,0.));
#2389=DIRECTION('',(-1.,-3.0703070371271E-15,0.));
#2390=DIRECTION('',(-1.53515351856353E-15,1.,0.));
#2391=DIRECTION('',(1.,-6.52440245389509E-15,0.));
#2392=DIRECTION('',(-2.89431252509298E-44,1.,9.4267853022322E-30));
#2393=DIRECTION('',(1.,0.,3.0703070371271E-15));
#2394=DIRECTION('',(0.,0.,1.));
#2395=DIRECTION('',(1.,3.0703070371271E-15,0.));
#2396=DIRECTION('',(0.,0.,1.));
#2397=DIRECTION('',(-1.,-1.53515351856355E-15,0.));
#2398=DIRECTION('',(-1.53515351856355E-15,1.,0.));
#2399=DIRECTION('',(-1.53515351856355E-15,1.,0.));
#2400=DIRECTION('',(0.,0.,1.));
#2401=DIRECTION('',(-6.52440245389509E-15,-1.,0.));
#2402=DIRECTION('',(-1.,6.52440245389509E-15,0.));
#2403=DIRECTION('',(-1.,6.52440245389509E-15,0.));
#2404=DIRECTION('',(0.,0.,1.));
#2405=DIRECTION('',(1.,3.61789065636608E-45,2.35669632555799E-30));
#2406=DIRECTION('',(0.,1.,-1.53515351856353E-15));
#2407=DIRECTION('',(1.53515351856353E-15,-1.,0.));
#2408=DIRECTION('',(-0.707106781186548,-1.08551746313866E-15,-0.707106781186548));
#2409=DIRECTION('',(-0.707106781186548,0.,0.707106781186548));
#2410=DIRECTION('',(0.577350269189626,-0.577350269189627,-0.577350269189624));
#2411=DIRECTION('',(0.577350269189625,0.577350269189627,-0.577350269189625));
#2412=DIRECTION('',(4.61344921833937E-15,0.707106781186548,-0.707106781186547));
#2413=DIRECTION('',(-1.,0.,-6.5244024538951E-15));
#2414=DIRECTION('',(0.577350269189627,0.577350269189623,0.577350269189628));
#2415=DIRECTION('',(0.707106781186548,1.08551746313867E-15,-0.707106781186548));
#2416=DIRECTION('',(0.,-1.,-1.53515351856354E-15));
#2417=DIRECTION('',(0.577350269189627,-0.577350269189624,0.577350269189626));
#2418=DIRECTION('',(2.17103492627735E-15,-0.707106781186548,-0.707106781186548));
#2419=DIRECTION('',(0.,-0.707106781186548,0.707106781186548));
#2420=DIRECTION('',(0.,0.,-1.));
#2421=DIRECTION('',(0.,-1.,0.));
#2422=DIRECTION('',(-1.53515351856353E-15,1.,0.));
#2423=DIRECTION('',(1.,-6.52440245389509E-15,0.));
#2424=DIRECTION('',(-2.89431252509298E-44,1.,9.4267853022322E-30));
#2425=DIRECTION('',(1.,0.,3.0703070371271E-15));
#2426=DIRECTION('',(0.,0.,1.));
#2427=DIRECTION('',(0.,0.,1.));
#2428=DIRECTION('',(-1.,-1.53515351856355E-15,0.));
#2429=DIRECTION('',(-1.53515351856355E-15,1.,0.));
#2430=DIRECTION('',(0.,0.,1.));
#2431=DIRECTION('',(-6.52440245389509E-15,-1.,0.));
#2432=DIRECTION('',(-1.,6.52440245389509E-15,0.));
#2433=DIRECTION('',(-1.,6.52440245389509E-15,0.));
#2434=DIRECTION('',(0.,0.,1.));
#2435=DIRECTION('',(1.,3.61789065636608E-45,2.35669632555799E-30));
#2436=DIRECTION('',(0.,1.,-1.53515351856353E-15));
#2437=DIRECTION('',(1.53515351856353E-15,-1.,0.));
#2438=DIRECTION('',(-0.707106781186548,-1.08551746313866E-15,-0.707106781186548));
#2439=DIRECTION('',(-0.707106781186548,0.,0.707106781186548));
#2440=DIRECTION('',(0.577350269189626,-0.577350269189627,-0.577350269189624));
#2441=DIRECTION('',(4.61344921833937E-15,0.707106781186548,-0.707106781186547));
#2442=DIRECTION('',(-1.,0.,-6.5244024538951E-15));
#2443=DIRECTION('',(1.,-2.89120579329468E-16,0.));
#2444=DIRECTION('',(0.,0.,1.));
#2445=DIRECTION('',(0.,0.,-1.));
#2446=DIRECTION('',(-1.,0.,0.));
#2447=DIRECTION('',(0.,0.,1.));
#2448=DIRECTION('',(0.,0.,-1.));
#2449=DIRECTION('',(7.16082794842089E-48,1.,3.71514263963588E-32));
#2450=DIRECTION('',(1.,0.,-1.92747052886312E-16));
#2451=DIRECTION('',(0.,0.,-1.));
#2452=DIRECTION('',(-1.,0.,0.));
#2453=CARTESIAN_POINT('',(0.,0.,0.));
#2454=CARTESIAN_POINT('',(0.,0.,7.));
#2455=CARTESIAN_POINT('',(0.,0.,0.));
#2456=CARTESIAN_POINT('',(1.621,0.,0.));
#2457=CARTESIAN_POINT('',(0.,0.,1.));
#2458=CARTESIAN_POINT('',(0.,-1.621,1.));
#2459=CARTESIAN_POINT('',(0.,0.,7.));
#2460=CARTESIAN_POINT('',(0.,0.,6.56));
#2461=CARTESIAN_POINT('',(1.621,0.,6.56));
#2462=CARTESIAN_POINT('',(0.,0.,7.));
#2463=CARTESIAN_POINT('',(0.,0.,7.));
#2464=CARTESIAN_POINT('',(2.061,0.,7.));
#2465=CARTESIAN_POINT('',(-4.375,-4.375,-3.5));
#2466=CARTESIAN_POINT('',(-4.375,-3.245,-3.5));
#2467=CARTESIAN_POINT('',(-4.375,-3.245,-3.2));
#2468=CARTESIAN_POINT('',(-4.375,-3.245,0.));
#2469=CARTESIAN_POINT('',(-4.375,-4.375,-3.2));
#2470=CARTESIAN_POINT('',(-4.375,-4.375,-3.2));
#2471=CARTESIAN_POINT('',(-4.375,-4.375,-3.5));
#2472=CARTESIAN_POINT('',(-4.375,-4.375,0.));
#2473=CARTESIAN_POINT('',(-4.375,-4.375,0.));
#2474=CARTESIAN_POINT('',(-4.5,-4.5,0.));
#2475=CARTESIAN_POINT('',(-4.5,4.5,0.));
#2476=CARTESIAN_POINT('',(-4.5,4.5,0.));
#2477=CARTESIAN_POINT('',(-4.5,-4.5,0.));
#2478=CARTESIAN_POINT('',(4.5,4.5,0.));
#2479=CARTESIAN_POINT('',(4.5,4.5,0.));
#2480=CARTESIAN_POINT('',(4.5,-4.5,0.));
#2481=CARTESIAN_POINT('',(4.5,-4.5,0.));
#2482=CARTESIAN_POINT('',(-4.5,-4.5,0.));
#2483=CARTESIAN_POINT('',(3.245,3.245,0.));
#2484=CARTESIAN_POINT('',(3.245,3.245,0.));
#2485=CARTESIAN_POINT('',(3.245,4.375,0.));
#2486=CARTESIAN_POINT('',(4.375,3.245,0.));
#2487=CARTESIAN_POINT('',(4.375,3.245,0.));
#2488=CARTESIAN_POINT('',(4.375,4.375,0.));
#2489=CARTESIAN_POINT('',(4.375,4.375,0.));
#2490=CARTESIAN_POINT('',(3.245,4.375,0.));
#2491=CARTESIAN_POINT('',(3.245,-4.375,0.));
#2492=CARTESIAN_POINT('',(3.245,-4.375,0.));
#2493=CARTESIAN_POINT('',(3.245,-3.245,0.));
#2494=CARTESIAN_POINT('',(4.375,-4.375,0.));
#2495=CARTESIAN_POINT('',(4.375,-4.375,0.));
#2496=CARTESIAN_POINT('',(4.375,-3.245,0.));
#2497=CARTESIAN_POINT('',(4.375,-3.245,0.));
#2498=CARTESIAN_POINT('',(3.245,-3.245,0.));
#2499=CARTESIAN_POINT('',(0.705,3.245,0.));
#2500=CARTESIAN_POINT('',(0.705,3.245,0.));
#2501=CARTESIAN_POINT('',(0.705,4.375,0.));
#2502=CARTESIAN_POINT('',(1.835,3.245,0.));
#2503=CARTESIAN_POINT('',(1.835,3.245,0.));
#2504=CARTESIAN_POINT('',(1.835,4.375,0.));
#2505=CARTESIAN_POINT('',(1.835,4.375,0.));
#2506=CARTESIAN_POINT('',(0.705,4.375,0.));
#2507=CARTESIAN_POINT('',(0.705,-4.375,0.));
#2508=CARTESIAN_POINT('',(0.705,-4.375,0.));
#2509=CARTESIAN_POINT('',(0.705,-3.245,0.));
#2510=CARTESIAN_POINT('',(1.835,-4.375,0.));
#2511=CARTESIAN_POINT('',(1.835,-4.375,0.));
#2512=CARTESIAN_POINT('',(1.835,-3.245,0.));
#2513=CARTESIAN_POINT('',(1.835,-3.245,0.));
#2514=CARTESIAN_POINT('',(0.705,-3.245,0.));
#2515=CARTESIAN_POINT('',(-1.835,3.245,0.));
#2516=CARTESIAN_POINT('',(-1.835,3.245,0.));
#2517=CARTESIAN_POINT('',(-1.835,4.375,0.));
#2518=CARTESIAN_POINT('',(-0.705,3.245,0.));
#2519=CARTESIAN_POINT('',(-0.705,3.245,0.));
#2520=CARTESIAN_POINT('',(-0.705,4.375,0.));
#2521=CARTESIAN_POINT('',(-0.705,4.375,0.));
#2522=CARTESIAN_POINT('',(-1.835,4.375,0.));
#2523=CARTESIAN_POINT('',(-1.835,-4.375,0.));
#2524=CARTESIAN_POINT('',(-1.835,-4.375,0.));
#2525=CARTESIAN_POINT('',(-1.835,-3.245,0.));
#2526=CARTESIAN_POINT('',(-0.705,-4.375,0.));
#2527=CARTESIAN_POINT('',(-0.705,-4.375,0.));
#2528=CARTESIAN_POINT('',(-0.705,-3.245,0.));
#2529=CARTESIAN_POINT('',(-0.705,-3.245,0.));
#2530=CARTESIAN_POINT('',(-1.835,-3.245,0.));
#2531=CARTESIAN_POINT('',(-4.375,3.245,0.));
#2532=CARTESIAN_POINT('',(-4.375,3.245,0.));
#2533=CARTESIAN_POINT('',(-4.375,4.375,0.));
#2534=CARTESIAN_POINT('',(-3.245,3.245,0.));
#2535=CARTESIAN_POINT('',(-3.245,3.245,0.));
#2536=CARTESIAN_POINT('',(-3.245,4.375,0.));
#2537=CARTESIAN_POINT('',(-3.245,4.375,0.));
#2538=CARTESIAN_POINT('',(-4.375,4.375,0.));
#2539=CARTESIAN_POINT('',(-3.245,-4.375,0.));
#2540=CARTESIAN_POINT('',(-3.245,-4.375,0.));
#2541=CARTESIAN_POINT('',(-3.245,-3.245,0.));
#2542=CARTESIAN_POINT('',(-3.245,-3.245,0.));
#2543=CARTESIAN_POINT('',(-4.375,-3.245,0.));
#2544=CARTESIAN_POINT('',(-3.245,-4.375,-3.5));
#2545=CARTESIAN_POINT('',(-3.245,-4.375,-3.2));
#2546=CARTESIAN_POINT('',(-3.245,-4.375,-3.2));
#2547=CARTESIAN_POINT('',(-3.245,-4.375,-3.5));
#2548=CARTESIAN_POINT('',(0.,0.,7.));
#2549=CARTESIAN_POINT('',(8.67361737988403E-16,4.5,7.));
#2550=CARTESIAN_POINT('',(0.836116026108453,4.5,7.));
#2551=CARTESIAN_POINT('',(2.44593844124441,4.5,6.50444338009764));
#2552=CARTESIAN_POINT('',(3.82560441012523,4.5,5.61290866412382));
#2553=CARTESIAN_POINT('',(4.5,4.5,5.13603896932107));
#2554=CARTESIAN_POINT('',(8.67361737988403E-16,4.5,7.));
#2555=CARTESIAN_POINT('',(4.5,4.5,5.13603896932107));
#2556=CARTESIAN_POINT('',(0.,0.,7.));
#2557=CARTESIAN_POINT('',(4.5,0.,7.));
#2558=CARTESIAN_POINT('',(4.5,4.5,5.13603896932107));
#2559=CARTESIAN_POINT('',(4.5,3.8262829401552,5.61242887093839));
#2560=CARTESIAN_POINT('',(4.5,2.45725614267911,6.49828746464106));
#2561=CARTESIAN_POINT('',(4.5,0.840056825291999,7.));
#2562=CARTESIAN_POINT('',(4.5,-2.56749912902974E-17,7.));
#2563=CARTESIAN_POINT('',(-4.5,-4.5,7.));
#2564=CARTESIAN_POINT('',(0.,0.,7.));
#2565=CARTESIAN_POINT('',(-4.33680868994202E-16,-4.5,7.));
#2566=CARTESIAN_POINT('',(0.,0.,7.));
#2567=CARTESIAN_POINT('',(-4.5,5.01544256350843E-31,7.));
#2568=CARTESIAN_POINT('',(0.,0.,7.));
#2569=CARTESIAN_POINT('',(0.,0.,7.));
#2570=CARTESIAN_POINT('',(4.5,0.,7.));
#2571=CARTESIAN_POINT('',(4.5,-0.836116026108464,7.));
#2572=CARTESIAN_POINT('',(4.5,-2.44593844124442,6.50444338009764));
#2573=CARTESIAN_POINT('',(4.5,-3.82560441012533,5.61290866412376));
#2574=CARTESIAN_POINT('',(4.5,-4.5000000000001,5.136038969321));
#2575=CARTESIAN_POINT('',(4.50000000000001,-4.50000000000005,5.13603896932103));
#2576=CARTESIAN_POINT('',(4.50000000000002,-4.5,5.13603896932106));
#2577=CARTESIAN_POINT('',(3.82628294015522,-4.5,5.61242887093838));
#2578=CARTESIAN_POINT('',(2.45725614267912,-4.5,6.49828746464105));
#2579=CARTESIAN_POINT('',(0.840056825292001,-4.5,7.));
#2580=CARTESIAN_POINT('',(-1.27285490578358E-15,-4.5,7.));
#2581=CARTESIAN_POINT('',(0.,0.,7.));
#2582=CARTESIAN_POINT('',(-4.5000000000001,4.5,5.136038969321));
#2583=CARTESIAN_POINT('',(-3.8262829401553,4.5,5.61242887093833));
#2584=CARTESIAN_POINT('',(-2.45725614267911,4.5,6.49828746464106));
#2585=CARTESIAN_POINT('',(-0.840056825292009,4.5,7.));
#2586=CARTESIAN_POINT('',(8.54351147981164E-16,4.5,7.));
#2587=CARTESIAN_POINT('',(-4.50000000000005,4.50000000000001,5.13603896932103));
#2588=CARTESIAN_POINT('',(-4.5,7.52316384526266E-31,7.));
#2589=CARTESIAN_POINT('',(-4.5,0.836116026108456,7.));
#2590=CARTESIAN_POINT('',(-4.5,2.44593844124443,6.50444338009763));
#2591=CARTESIAN_POINT('',(-4.5,3.82560441012524,5.61290866412382));
#2592=CARTESIAN_POINT('',(-4.5,4.50000000000001,5.13603896932106));
#2593=CARTESIAN_POINT('',(-4.375,-4.075,-3.5));
#2594=CARTESIAN_POINT('',(-3.82166666666667,-3.79833333333334,-3.77666666666667));
#2595=CARTESIAN_POINT('',(-3.545,-4.075,-3.5));
#2596=CARTESIAN_POINT('',(-3.79833333333333,-3.79833333333333,-3.77666666666667));
#2597=CARTESIAN_POINT('',(-4.075,-4.075,-3.5));
#2598=CARTESIAN_POINT('',(-4.375,-4.075,-3.5));
#2599=CARTESIAN_POINT('',(3.245,3.545,-3.5));
#2600=CARTESIAN_POINT('',(3.79833333333333,3.82166666666667,-3.77666666666667));
#2601=CARTESIAN_POINT('',(4.075,3.545,-3.5));
#2602=CARTESIAN_POINT('',(4.375,3.245,-3.2));
#2603=CARTESIAN_POINT('',(4.375,3.245,-3.2));
#2604=CARTESIAN_POINT('',(3.245,3.245,-3.2));
#2605=CARTESIAN_POINT('',(3.82166666666668,3.82166666666667,-3.77666666666667));
#2606=CARTESIAN_POINT('',(3.545,3.545,-3.5));
#2607=CARTESIAN_POINT('',(3.245,3.545,-3.5));
#2608=CARTESIAN_POINT('',(4.075,4.375,-3.5));
#2609=CARTESIAN_POINT('',(3.79833333333334,3.79833333333334,-3.77666666666667));
#2610=CARTESIAN_POINT('',(4.075,4.075,-3.5));
#2611=CARTESIAN_POINT('',(4.375,4.375,-3.2));
#2612=CARTESIAN_POINT('',(4.375,4.375,-3.2));
#2613=CARTESIAN_POINT('',(4.075,3.245,-3.5));
#2614=CARTESIAN_POINT('',(-4.375,-3.245,-3.5));
#2615=CARTESIAN_POINT('',(-3.545,-4.375,-3.5));
#2616=CARTESIAN_POINT('',(-3.545,-3.545,-3.5));
#2617=CARTESIAN_POINT('',(-4.075,-3.245,-3.5));
#2618=CARTESIAN_POINT('',(-4.075,-3.545,-3.5));
#2619=CARTESIAN_POINT('',(-3.245,-3.545,-3.5));
#2620=CARTESIAN_POINT('',(-4.375,-3.545,-3.5));
#2621=CARTESIAN_POINT('',(-4.175,-3.445,-3.4));
#2622=CARTESIAN_POINT('',(-4.375,-3.245,-3.2));
#2623=CARTESIAN_POINT('',(-3.245,-3.245,-3.2));
#2624=CARTESIAN_POINT('',(-3.82166666666667,-3.82166666666666,-3.77666666666667));
#2625=CARTESIAN_POINT('',(-3.245,-3.245,-3.5));
#2626=CARTESIAN_POINT('',(-3.245,-3.245,-3.2));
#2627=CARTESIAN_POINT('',(-3.245,-3.245,-3.5));
#2628=CARTESIAN_POINT('',(-4.375,-3.245,-3.5));
#2629=CARTESIAN_POINT('',(-3.545,-3.245,-3.5));
#2630=CARTESIAN_POINT('',(-4.075,-3.245,-3.5));
#2631=CARTESIAN_POINT('',(4.5,4.5,7.));
#2632=CARTESIAN_POINT('',(-4.5,4.5,7.));
#2633=CARTESIAN_POINT('',(4.5,4.5,7.));
#2634=CARTESIAN_POINT('',(-4.375,4.375,-3.5));
#2635=CARTESIAN_POINT('',(-3.545,3.245,-3.5));
#2636=CARTESIAN_POINT('',(-3.545,4.075,-3.5));
#2637=CARTESIAN_POINT('',(-3.545,3.545,-3.5));
#2638=CARTESIAN_POINT('',(-4.375,3.545,-3.5));
#2639=CARTESIAN_POINT('',(-4.075,3.545,-3.5));
#2640=CARTESIAN_POINT('',(-4.075,4.375,-3.5));
#2641=CARTESIAN_POINT('',(-4.075,4.075,-3.5));
#2642=CARTESIAN_POINT('',(-3.245,4.075,-3.5));
#2643=CARTESIAN_POINT('',(-3.245,3.245,-3.5));
#2644=CARTESIAN_POINT('',(-4.375,3.245,-3.5));
#2645=CARTESIAN_POINT('',(-4.375,3.245,-3.2));
#2646=CARTESIAN_POINT('',(-3.245,3.245,-3.2));
#2647=CARTESIAN_POINT('',(-3.245,3.245,-3.2));
#2648=CARTESIAN_POINT('',(-3.245,3.245,-3.5));
#2649=CARTESIAN_POINT('',(-3.245,4.375,-3.5));
#2650=CARTESIAN_POINT('',(-3.245,4.375,-3.2));
#2651=CARTESIAN_POINT('',(-3.245,4.375,-3.2));
#2652=CARTESIAN_POINT('',(-3.245,4.375,-3.5));
#2653=CARTESIAN_POINT('',(-4.375,4.375,-3.5));
#2654=CARTESIAN_POINT('',(-4.375,4.375,-3.2));
#2655=CARTESIAN_POINT('',(-4.375,4.375,-3.2));
#2656=CARTESIAN_POINT('',(-4.375,4.375,-3.5));
#2657=CARTESIAN_POINT('',(-4.375,3.245,-3.5));
#2658=CARTESIAN_POINT('',(-4.375,3.245,-3.2));
#2659=CARTESIAN_POINT('',(-4.075,4.375,-3.5));
#2660=CARTESIAN_POINT('',(-4.175,4.175,-3.4));
#2661=CARTESIAN_POINT('',(-3.79833333333333,3.82166666666667,-3.77666666666667));
#2662=CARTESIAN_POINT('',(-4.375,4.075,-3.5));
#2663=CARTESIAN_POINT('',(-3.82166666666667,3.79833333333334,-3.77666666666667));
#2664=CARTESIAN_POINT('',(-3.545,4.375,-3.5));
#2665=CARTESIAN_POINT('',(-3.82166666666667,3.82166666666667,-3.77666666666667));
#2666=CARTESIAN_POINT('',(-4.375,3.545,-3.5));
#2667=CARTESIAN_POINT('',(-1.835,-3.245,-3.5));
#2668=CARTESIAN_POINT('',(-1.005,-4.375,-3.5));
#2669=CARTESIAN_POINT('',(-1.005,-3.545,-3.5));
#2670=CARTESIAN_POINT('',(-1.005,-4.075,-3.5));
#2671=CARTESIAN_POINT('',(-1.835,-4.075,-3.5));
#2672=CARTESIAN_POINT('',(-1.535,-4.075,-3.5));
#2673=CARTESIAN_POINT('',(-1.535,-3.245,-3.5));
#2674=CARTESIAN_POINT('',(-1.535,-3.545,-3.5));
#2675=CARTESIAN_POINT('',(-0.705,-3.545,-3.5));
#2676=CARTESIAN_POINT('',(-0.705,-4.375,-3.5));
#2677=CARTESIAN_POINT('',(-1.835,-4.375,-3.5));
#2678=CARTESIAN_POINT('',(-1.835,-4.375,-3.2));
#2679=CARTESIAN_POINT('',(-0.705,-4.375,-3.2));
#2680=CARTESIAN_POINT('',(-0.705,-4.375,-3.2));
#2681=CARTESIAN_POINT('',(-0.705,-4.375,-3.5));
#2682=CARTESIAN_POINT('',(-0.705,-3.245,-3.5));
#2683=CARTESIAN_POINT('',(-0.705,-3.245,-3.2));
#2684=CARTESIAN_POINT('',(-0.705,-3.245,-3.2));
#2685=CARTESIAN_POINT('',(-0.705,-3.245,-3.5));
#2686=CARTESIAN_POINT('',(-1.835,-3.245,-3.5));
#2687=CARTESIAN_POINT('',(-1.835,-3.245,-3.2));
#2688=CARTESIAN_POINT('',(-1.835,-3.245,-3.2));
#2689=CARTESIAN_POINT('',(-1.835,-3.245,-3.5));
#2690=CARTESIAN_POINT('',(-1.835,-4.375,-3.5));
#2691=CARTESIAN_POINT('',(-1.835,-4.375,-3.2));
#2692=CARTESIAN_POINT('',(-1.535,-3.245,-3.5));
#2693=CARTESIAN_POINT('',(-1.635,-3.445,-3.4));
#2694=CARTESIAN_POINT('',(-1.25833333333333,-3.79833333333333,-3.77666666666667));
#2695=CARTESIAN_POINT('',(-1.835,-3.545,-3.5));
#2696=CARTESIAN_POINT('',(-1.28166666666667,-3.82166666666666,-3.77666666666667));
#2697=CARTESIAN_POINT('',(-1.005,-3.245,-3.5));
#2698=CARTESIAN_POINT('',(-1.28166666666667,-3.79833333333334,-3.77666666666667));
#2699=CARTESIAN_POINT('',(-1.835,-4.075,-3.5));
#2700=CARTESIAN_POINT('',(-1.835,4.375,-3.5));
#2701=CARTESIAN_POINT('',(-1.005,3.245,-3.5));
#2702=CARTESIAN_POINT('',(-1.005,4.075,-3.5));
#2703=CARTESIAN_POINT('',(-1.005,3.545,-3.5));
#2704=CARTESIAN_POINT('',(-1.835,3.545,-3.5));
#2705=CARTESIAN_POINT('',(-1.535,3.545,-3.5));
#2706=CARTESIAN_POINT('',(-1.535,4.375,-3.5));
#2707=CARTESIAN_POINT('',(-1.535,4.075,-3.5));
#2708=CARTESIAN_POINT('',(-0.705,4.075,-3.5));
#2709=CARTESIAN_POINT('',(-0.705,3.245,-3.5));
#2710=CARTESIAN_POINT('',(-1.835,3.245,-3.5));
#2711=CARTESIAN_POINT('',(-1.835,3.245,-3.2));
#2712=CARTESIAN_POINT('',(-0.705,3.245,-3.2));
#2713=CARTESIAN_POINT('',(-0.705,3.245,-3.2));
#2714=CARTESIAN_POINT('',(-0.705,3.245,-3.5));
#2715=CARTESIAN_POINT('',(-0.705,4.375,-3.5));
#2716=CARTESIAN_POINT('',(-0.705,4.375,-3.2));
#2717=CARTESIAN_POINT('',(-0.705,4.375,-3.2));
#2718=CARTESIAN_POINT('',(-0.705,4.375,-3.5));
#2719=CARTESIAN_POINT('',(-1.835,4.375,-3.5));
#2720=CARTESIAN_POINT('',(-1.835,4.375,-3.2));
#2721=CARTESIAN_POINT('',(-1.835,4.375,-3.2));
#2722=CARTESIAN_POINT('',(-1.835,4.375,-3.5));
#2723=CARTESIAN_POINT('',(-1.835,3.245,-3.5));
#2724=CARTESIAN_POINT('',(-1.835,3.245,-3.2));
#2725=CARTESIAN_POINT('',(-1.535,4.375,-3.5));
#2726=CARTESIAN_POINT('',(-1.635,4.175,-3.4));
#2727=CARTESIAN_POINT('',(-1.25833333333333,3.82166666666667,-3.77666666666667));
#2728=CARTESIAN_POINT('',(-1.835,4.075,-3.5));
#2729=CARTESIAN_POINT('',(-1.28166666666667,3.79833333333334,-3.77666666666667));
#2730=CARTESIAN_POINT('',(-1.005,4.375,-3.5));
#2731=CARTESIAN_POINT('',(-1.28166666666667,3.82166666666667,-3.77666666666667));
#2732=CARTESIAN_POINT('',(-1.835,3.545,-3.5));
#2733=CARTESIAN_POINT('',(0.705,-3.245,-3.5));
#2734=CARTESIAN_POINT('',(1.535,-4.375,-3.5));
#2735=CARTESIAN_POINT('',(1.535,-3.545,-3.5));
#2736=CARTESIAN_POINT('',(1.535,-4.075,-3.5));
#2737=CARTESIAN_POINT('',(0.705,-4.075,-3.5));
#2738=CARTESIAN_POINT('',(1.005,-4.075,-3.5));
#2739=CARTESIAN_POINT('',(1.005,-3.245,-3.5));
#2740=CARTESIAN_POINT('',(1.005,-3.545,-3.5));
#2741=CARTESIAN_POINT('',(1.835,-3.545,-3.5));
#2742=CARTESIAN_POINT('',(1.835,-4.375,-3.5));
#2743=CARTESIAN_POINT('',(0.705,-4.375,-3.5));
#2744=CARTESIAN_POINT('',(0.705,-4.375,-3.2));
#2745=CARTESIAN_POINT('',(1.835,-4.375,-3.2));
#2746=CARTESIAN_POINT('',(1.835,-4.375,-3.2));
#2747=CARTESIAN_POINT('',(1.835,-4.375,-3.5));
#2748=CARTESIAN_POINT('',(1.835,-3.245,-3.5));
#2749=CARTESIAN_POINT('',(1.835,-3.245,-3.2));
#2750=CARTESIAN_POINT('',(1.835,-3.245,-3.2));
#2751=CARTESIAN_POINT('',(1.835,-3.245,-3.5));
#2752=CARTESIAN_POINT('',(0.705,-3.245,-3.5));
#2753=CARTESIAN_POINT('',(0.705,-3.245,-3.2));
#2754=CARTESIAN_POINT('',(0.705,-3.245,-3.2));
#2755=CARTESIAN_POINT('',(0.705,-3.245,-3.5));
#2756=CARTESIAN_POINT('',(0.705,-4.375,-3.5));
#2757=CARTESIAN_POINT('',(0.705,-4.375,-3.2));
#2758=CARTESIAN_POINT('',(1.005,-3.245,-3.5));
#2759=CARTESIAN_POINT('',(0.905,-3.445,-3.4));
#2760=CARTESIAN_POINT('',(1.28166666666667,-3.79833333333333,-3.77666666666667));
#2761=CARTESIAN_POINT('',(0.705,-3.545,-3.5));
#2762=CARTESIAN_POINT('',(1.25833333333333,-3.82166666666666,-3.77666666666667));
#2763=CARTESIAN_POINT('',(1.535,-3.245,-3.5));
#2764=CARTESIAN_POINT('',(1.25833333333333,-3.79833333333334,-3.77666666666667));
#2765=CARTESIAN_POINT('',(0.705,-4.075,-3.5));
#2766=CARTESIAN_POINT('',(0.705,4.375,-3.5));
#2767=CARTESIAN_POINT('',(1.535,3.245,-3.5));
#2768=CARTESIAN_POINT('',(1.535,4.075,-3.5));
#2769=CARTESIAN_POINT('',(1.535,3.545,-3.5));
#2770=CARTESIAN_POINT('',(0.705,3.545,-3.5));
#2771=CARTESIAN_POINT('',(1.005,3.545,-3.5));
#2772=CARTESIAN_POINT('',(1.005,4.375,-3.5));
#2773=CARTESIAN_POINT('',(1.005,4.075,-3.5));
#2774=CARTESIAN_POINT('',(1.835,4.075,-3.5));
#2775=CARTESIAN_POINT('',(1.835,3.245,-3.5));
#2776=CARTESIAN_POINT('',(0.705,3.245,-3.5));
#2777=CARTESIAN_POINT('',(0.705,3.245,-3.2));
#2778=CARTESIAN_POINT('',(1.835,3.245,-3.2));
#2779=CARTESIAN_POINT('',(1.835,3.245,-3.2));
#2780=CARTESIAN_POINT('',(1.835,3.245,-3.5));
#2781=CARTESIAN_POINT('',(1.835,4.375,-3.5));
#2782=CARTESIAN_POINT('',(1.835,4.375,-3.2));
#2783=CARTESIAN_POINT('',(1.835,4.375,-3.2));
#2784=CARTESIAN_POINT('',(1.835,4.375,-3.5));
#2785=CARTESIAN_POINT('',(0.705,4.375,-3.5));
#2786=CARTESIAN_POINT('',(0.705,4.375,-3.2));
#2787=CARTESIAN_POINT('',(0.705,4.375,-3.2));
#2788=CARTESIAN_POINT('',(0.705,4.375,-3.5));
#2789=CARTESIAN_POINT('',(0.705,3.245,-3.5));
#2790=CARTESIAN_POINT('',(0.705,3.245,-3.2));
#2791=CARTESIAN_POINT('',(1.005,4.375,-3.5));
#2792=CARTESIAN_POINT('',(0.905,4.175,-3.4));
#2793=CARTESIAN_POINT('',(1.28166666666667,3.82166666666667,-3.77666666666667));
#2794=CARTESIAN_POINT('',(0.705,4.075,-3.5));
#2795=CARTESIAN_POINT('',(1.25833333333333,3.79833333333334,-3.77666666666667));
#2796=CARTESIAN_POINT('',(1.535,4.375,-3.5));
#2797=CARTESIAN_POINT('',(1.25833333333333,3.82166666666667,-3.77666666666667));
#2798=CARTESIAN_POINT('',(0.705,3.545,-3.5));
#2799=CARTESIAN_POINT('',(3.245,-3.245,-3.5));
#2800=CARTESIAN_POINT('',(4.075,-4.375,-3.5));
#2801=CARTESIAN_POINT('',(4.075,-3.545,-3.5));
#2802=CARTESIAN_POINT('',(4.075,-4.075,-3.5));
#2803=CARTESIAN_POINT('',(3.245,-4.075,-3.5));
#2804=CARTESIAN_POINT('',(3.545,-4.075,-3.5));
#2805=CARTESIAN_POINT('',(3.545,-3.245,-3.5));
#2806=CARTESIAN_POINT('',(3.545,-3.545,-3.5));
#2807=CARTESIAN_POINT('',(4.375,-3.545,-3.5));
#2808=CARTESIAN_POINT('',(4.375,-4.375,-3.5));
#2809=CARTESIAN_POINT('',(3.245,-4.375,-3.5));
#2810=CARTESIAN_POINT('',(3.245,-4.375,-3.2));
#2811=CARTESIAN_POINT('',(4.375,-4.375,-3.2));
#2812=CARTESIAN_POINT('',(4.375,-4.375,-3.2));
#2813=CARTESIAN_POINT('',(4.375,-4.375,-3.5));
#2814=CARTESIAN_POINT('',(4.375,-3.245,-3.5));
#2815=CARTESIAN_POINT('',(4.375,-3.245,-3.2));
#2816=CARTESIAN_POINT('',(4.375,-3.245,-3.2));
#2817=CARTESIAN_POINT('',(4.375,-3.245,-3.5));
#2818=CARTESIAN_POINT('',(3.245,-3.245,-3.5));
#2819=CARTESIAN_POINT('',(3.245,-3.245,-3.2));
#2820=CARTESIAN_POINT('',(3.245,-3.245,-3.2));
#2821=CARTESIAN_POINT('',(3.245,-3.245,-3.5));
#2822=CARTESIAN_POINT('',(3.245,-4.375,-3.5));
#2823=CARTESIAN_POINT('',(3.245,-4.375,-3.2));
#2824=CARTESIAN_POINT('',(3.545,-3.245,-3.5));
#2825=CARTESIAN_POINT('',(3.445,-3.445,-3.4));
#2826=CARTESIAN_POINT('',(3.82166666666668,-3.79833333333333,-3.77666666666667));
#2827=CARTESIAN_POINT('',(3.245,-3.545,-3.5));
#2828=CARTESIAN_POINT('',(3.79833333333334,-3.82166666666666,-3.77666666666667));
#2829=CARTESIAN_POINT('',(4.075,-3.245,-3.5));
#2830=CARTESIAN_POINT('',(3.79833333333333,-3.79833333333334,-3.77666666666667));
#2831=CARTESIAN_POINT('',(3.245,-4.075,-3.5));
#2832=CARTESIAN_POINT('',(3.245,4.375,-3.5));
#2833=CARTESIAN_POINT('',(3.545,4.375,-3.5));
#2834=CARTESIAN_POINT('',(3.545,4.075,-3.5));
#2835=CARTESIAN_POINT('',(4.375,4.075,-3.5));
#2836=CARTESIAN_POINT('',(4.375,3.245,-3.5));
#2837=CARTESIAN_POINT('',(3.245,3.245,-3.5));
#2838=CARTESIAN_POINT('',(4.375,3.245,-3.5));
#2839=CARTESIAN_POINT('',(4.375,4.375,-3.5));
#2840=CARTESIAN_POINT('',(4.375,4.375,-3.5));
#2841=CARTESIAN_POINT('',(3.245,4.375,-3.5));
#2842=CARTESIAN_POINT('',(3.245,4.375,-3.2));
#2843=CARTESIAN_POINT('',(3.245,4.375,-3.2));
#2844=CARTESIAN_POINT('',(3.245,4.375,-3.5));
#2845=CARTESIAN_POINT('',(3.245,3.245,-3.5));
#2846=CARTESIAN_POINT('',(3.245,3.245,-3.2));
#2847=CARTESIAN_POINT('',(3.545,4.375,-3.5));
#2848=CARTESIAN_POINT('',(3.445,4.175,-3.4));
#2849=CARTESIAN_POINT('',(3.245,4.075,-3.5));
#2850=CARTESIAN_POINT('',(-4.5,4.5,7.));
#2851=CARTESIAN_POINT('',(-4.5,-4.5,7.));
#2852=CARTESIAN_POINT('',(-4.5,-4.50000000000005,5.13603896932103));
#2853=CARTESIAN_POINT('',(-4.5,-4.5000000000001,5.136038969321));
#2854=CARTESIAN_POINT('',(-4.5,-3.8262829401553,5.61242887093832));
#2855=CARTESIAN_POINT('',(-4.5,-2.45725614267911,6.49828746464106));
#2856=CARTESIAN_POINT('',(-4.5,-0.84005682529201,7.));
#2857=CARTESIAN_POINT('',(-4.5,-1.89257261220723E-16,7.));
#2858=CARTESIAN_POINT('',(4.5,-4.5,7.));
#2859=CARTESIAN_POINT('',(4.5,-4.5,7.));
#2860=CARTESIAN_POINT('',(-4.5,-4.5,7.));
#2861=CARTESIAN_POINT('',(-8.67361737988403E-16,-4.5,7.));
#2862=CARTESIAN_POINT('',(-0.836116026108456,-4.5,7.));
#2863=CARTESIAN_POINT('',(-2.44593844124442,-4.5,6.50444338009764));
#2864=CARTESIAN_POINT('',(-3.82560441012524,-4.5,5.61290866412381));
#2865=CARTESIAN_POINT('',(-4.50000000000002,-4.5,5.13603896932106));
#2866=CARTESIAN_POINT('',(0.,0.,7.));
#2867=MECHANICAL_DESIGN_GEOMETRIC_PRESENTATION_REPRESENTATION('',(#1317,
#1318,#1319,#1320,#1321,#1322,#1323,#1324,#1325,#1326,#1327,#1328,#1329,
#1330,#1331,#1332,#1333,#1334,#1335,#1336,#1337,#1338,#1339,#1340,#1341,
#1342,#1343,#1344,#1345,#1346,#1347,#1348,#1349,#1350,#1351,#1352,#1353,
#1354,#1355,#1356,#1357,#1358,#1359,#1360,#1361,#1362,#1363,#1364,#1365,
#1366,#1367,#1368,#1369,#1370,#1371,#1372,#1373,#1374,#1375,#1376,#1377,
#1378,#1379,#1380,#1381,#1382,#1383,#1384,#1385,#1386,#1387,#1388,#1389,
#1390,#1391,#1392,#1393,#1394,#1395,#1396,#1397,#1398,#1399,#1400,#1401),
#2868);
#2868=(
GEOMETRIC_REPRESENTATION_CONTEXT(3)
GLOBAL_UNCERTAINTY_ASSIGNED_CONTEXT((#2869))
GLOBAL_UNIT_ASSIGNED_CONTEXT((#2872,#2871,#2870))
REPRESENTATION_CONTEXT('7460307_Rev_2.1_221122',
'TOP_LEVEL_ASSEMBLY_PART')
);
#2869=UNCERTAINTY_MEASURE_WITH_UNIT(LENGTH_MEASURE(0.005),#2872,
'DISTANCE_ACCURACY_VALUE','Maximum Tolerance applied to model');
#2870=(
NAMED_UNIT(*)
SI_UNIT($,.STERADIAN.)
SOLID_ANGLE_UNIT()
);
#2871=(
NAMED_UNIT(*)
PLANE_ANGLE_UNIT()
SI_UNIT($,.RADIAN.)
);
#2872=(
LENGTH_UNIT()
NAMED_UNIT(*)
SI_UNIT(.MILLI.,.METRE.)
);
#2873=PRODUCT_DEFINITION_SHAPE('','',#2874);
#2874=PRODUCT_DEFINITION('','',#2876,#2875);
#2875=PRODUCT_DEFINITION_CONTEXT('',#2882,'design');
#2876=PRODUCT_DEFINITION_FORMATION_WITH_SPECIFIED_SOURCE('','',#2878,
 .NOT_KNOWN.);
#2877=PRODUCT_RELATED_PRODUCT_CATEGORY('','',(#2878));
#2878=PRODUCT('7460307_Rev_2.1_221122','7460307_Rev_2.1_221122',
'7460307_Rev_2.1_221122',(#2880));
#2879=PRODUCT_CATEGORY('','');
#2880=PRODUCT_CONTEXT('',#2882,'mechanical');
#2881=APPLICATION_PROTOCOL_DEFINITION('international standard',
'automotive_design',2010,#2882);
#2882=APPLICATION_CONTEXT(
'core data for automotive mechanical design processes');
ENDSEC;
END-ISO-10303-21;
