Removed Pin From Net: NetName=RefParam_M3 Pin=C28_Amplifier_K-51-1
Removed Pin From Net: NetName=GND_2 Pin=C28_Amplifier_K-51-2
Removed Pin From Net: NetName=RefParam_M1 Pin=C28_Amplifier_K-52-1
Removed Pin From Net: NetName=GND_2 Pin=C28_Amplifier_K-52-2
Removed Pin From Net: NetName=GND_2 Pin=C29_Amplifier_K-51-2
Removed Pin From Net: NetName=GND_2 Pin=C29_Amplifier_K-52-2
Removed Pin From Net: NetName=ProcessedParam_M3 Pin=C30_Amplifier_K-51-1
Removed Pin From Net: NetName=GND_2 Pin=C30_Amplifier_K-51-2
Removed Pin From Net: NetName=ProcessedParam_M1 Pin=C30_Amplifier_K-52-1
Removed Pin From Net: NetName=GND_2 Pin=C30_Amplifier_K-52-2
Removed Pin From Net: NetName=GND_2 Pin=C31_Amplifier_K-51-2
Removed Pin From Net: NetName=GND_2 Pin=C31_Amplifier_K-52-2
Removed Pin From Net: NetName=RefParam_M4 Pin=C32_Amplifier_K-51-1
Removed Pin From Net: NetName=GND_2 Pin=C32_Amplifier_K-51-2
Removed Pin From Net: NetName=RefParam_M2 Pin=C32_Amplifier_K-52-1
Removed Pin From Net: NetName=GND_2 Pin=C32_Amplifier_K-52-2
Removed Pin From Net: NetName=GND_2 Pin=C33_Amplifier_K-51-2
Removed Pin From Net: NetName=GND_2 Pin=C33_Amplifier_K-52-2
Removed Pin From Net: NetName=ProcessedParam_M4 Pin=C34_Amplifier_K-51-1
Removed Pin From Net: NetName=GND_2 Pin=C34_Amplifier_K-51-2
Removed Pin From Net: NetName=ProcessedParam_M2 Pin=C34_Amplifier_K-52-1
Removed Pin From Net: NetName=GND_2 Pin=C34_Amplifier_K-52-2
Removed Pin From Net: NetName=GND_2 Pin=C35_Amplifier_K-51-2
Removed Pin From Net: NetName=GND_2 Pin=C35_Amplifier_K-52-2
Removed Pin From Net: NetName=NetR38_Amplifier_K-51_1 Pin=R38_Amplifier_K-51-1
Removed Pin From Net: NetName=NetR38_Amplifier_K-52_1 Pin=R38_Amplifier_K-52-1
Removed Pin From Net: NetName=NetR39_Amplifier_K-51_1 Pin=R39_Amplifier_K-51-1
Removed Pin From Net: NetName=NetR39_Amplifier_K-52_1 Pin=R39_Amplifier_K-52-1
Removed Pin From Net: NetName=NetR39_Amplifier_K-51_1 Pin=U5_Amplifier_K-51-6
Removed Pin From Net: NetName=NetR38_Amplifier_K-51_1 Pin=U5_Amplifier_K-51-13
Removed Pin From Net: NetName=NetR39_Amplifier_K-52_1 Pin=U5_Amplifier_K-52-6
Removed Pin From Net: NetName=NetR38_Amplifier_K-52_1 Pin=U5_Amplifier_K-52-13
Change Component Footprint: Designator=C28_Amplifier_K-51 Old Footprint=FP-CC0402-MFG New Footprint=FP-C1608-080-0_1-IPC_C
Change Component Footprint: Designator=C28_Amplifier_K-52 Old Footprint=FP-CC0402-MFG New Footprint=FP-C1608-080-0_1-IPC_C
Change Component Footprint: Designator=C29_Amplifier_K-51 Old Footprint=FP-CC0402-MFG New Footprint=FP-C1608-080-0_1-IPC_C
Change Component Footprint: Designator=C29_Amplifier_K-52 Old Footprint=FP-CC0402-MFG New Footprint=FP-C1608-080-0_1-IPC_C
Change Component Footprint: Designator=C30_Amplifier_K-51 Old Footprint=FP-CC0402-MFG New Footprint=FP-C1608-080-0_1-IPC_C
Change Component Footprint: Designator=C30_Amplifier_K-52 Old Footprint=FP-CC0402-MFG New Footprint=FP-C1608-080-0_1-IPC_C
Change Component Footprint: Designator=C31_Amplifier_K-51 Old Footprint=FP-CC0402-MFG New Footprint=FP-C1608-080-0_1-IPC_C
Change Component Footprint: Designator=C31_Amplifier_K-52 Old Footprint=FP-CC0402-MFG New Footprint=FP-C1608-080-0_1-IPC_C
Change Component Footprint: Designator=C32_Amplifier_K-51 Old Footprint=FP-CC0402-MFG New Footprint=FP-C1608-080-0_1-IPC_C
Change Component Footprint: Designator=C32_Amplifier_K-52 Old Footprint=FP-CC0402-MFG New Footprint=FP-C1608-080-0_1-IPC_C
Change Component Footprint: Designator=C33_Amplifier_K-51 Old Footprint=FP-CC0402-MFG New Footprint=FP-C1608-080-0_1-IPC_C
Change Component Footprint: Designator=C33_Amplifier_K-52 Old Footprint=FP-CC0402-MFG New Footprint=FP-C1608-080-0_1-IPC_C
Change Component Footprint: Designator=C34_Amplifier_K-51 Old Footprint=FP-CC0402-MFG New Footprint=FP-C1608-080-0_1-IPC_C
Change Component Footprint: Designator=C34_Amplifier_K-52 Old Footprint=FP-CC0402-MFG New Footprint=FP-C1608-080-0_1-IPC_C
Change Component Footprint: Designator=C35_Amplifier_K-51 Old Footprint=FP-CC0402-MFG New Footprint=FP-C1608-080-0_1-IPC_C
Change Component Footprint: Designator=C35_Amplifier_K-52 Old Footprint=FP-CC0402-MFG New Footprint=FP-C1608-080-0_1-IPC_C
Change Component Footprint: Designator=R30_Amplifier_K-51 Old Footprint=RESC1005X40X25LL05T05 New Footprint=RESC1005X40X25NL05T05
Change Component Footprint: Designator=R30_Amplifier_K-52 Old Footprint=RESC1005X40X25LL05T05 New Footprint=RESC1005X40X25NL05T05
Change Component Footprint: Designator=R31_Amplifier_K-51 Old Footprint=RESC1005X40X25LL05T05 New Footprint=RESC1005X40X25NL05T05
Change Component Footprint: Designator=R31_Amplifier_K-52 Old Footprint=RESC1005X40X25LL05T05 New Footprint=RESC1005X40X25NL05T05
Change Component Footprint: Designator=R36_Amplifier_K-51 Old Footprint=RESC1005X40X25LL05T05 New Footprint=RESC1005X40X25NL05T05
Change Component Footprint: Designator=R36_Amplifier_K-52 Old Footprint=RESC1005X40X25LL05T05 New Footprint=RESC1005X40X25NL05T05
Change Component Footprint: Designator=R37_Amplifier_K-51 Old Footprint=RESC1005X40X25LL05T05 New Footprint=RESC1005X40X25NL05T05
Change Component Footprint: Designator=R37_Amplifier_K-52 Old Footprint=RESC1005X40X25LL05T05 New Footprint=RESC1005X40X25NL05T05
Change Component Footprint: Designator=R40_Amplifier_K-51 Old Footprint=RESC1005X40X25LL05T05 New Footprint=RESC1005X40X25NL05T05
Change Component Footprint: Designator=R40_Amplifier_K-52 Old Footprint=RESC1005X40X25LL05T05 New Footprint=RESC1005X40X25NL05T05
Change Component Footprint: Designator=R41_Amplifier_K-51 Old Footprint=RESC1005X40X25LL05T05 New Footprint=RESC1005X40X25NL05T05
Change Component Footprint: Designator=R41_Amplifier_K-52 Old Footprint=RESC1005X40X25LL05T05 New Footprint=RESC1005X40X25NL05T05
Change Component Footprint: Designator=R44_Amplifier_K-51 Old Footprint=RESC1005X40X25LL05T05 New Footprint=RESC1005X40X25NL05T05
Change Component Footprint: Designator=R44_Amplifier_K-52 Old Footprint=RESC1005X40X25LL05T05 New Footprint=RESC1005X40X25NL05T05
Change Component Footprint: Designator=R45_Amplifier_K-51 Old Footprint=RESC1005X40X25LL05T05 New Footprint=RESC1005X40X25NL05T05
Change Component Footprint: Designator=R45_Amplifier_K-52 Old Footprint=RESC1005X40X25LL05T05 New Footprint=RESC1005X40X25NL05T05
Change Component Comment : Designator=R30_Amplifier_K-51 Old Comment=4K7 1%, 0402 New Comment=1K 1%, 0402
Change Component Comment : Designator=R30_Amplifier_K-52 Old Comment=4K7 1%, 0402 New Comment=1K 1%, 0402
Change Component Comment : Designator=R31_Amplifier_K-51 Old Comment=4K7 1%, 0402 New Comment=1K 1%, 0402
Change Component Comment : Designator=R31_Amplifier_K-52 Old Comment=4K7 1%, 0402 New Comment=1K 1%, 0402
Change Component Comment : Designator=R36_Amplifier_K-51 Old Comment=4K7 1%, 0402 New Comment=1K 1%, 0402
Change Component Comment : Designator=R36_Amplifier_K-52 Old Comment=4K7 1%, 0402 New Comment=1K 1%, 0402
Change Component Comment : Designator=R37_Amplifier_K-51 Old Comment=4K7 1%, 0402 New Comment=1K 1%, 0402
Change Component Comment : Designator=R37_Amplifier_K-52 Old Comment=4K7 1%, 0402 New Comment=1K 1%, 0402
Change Component Comment : Designator=R40_Amplifier_K-51 Old Comment=4K7 1%, 0402 New Comment=1K 1%, 0402
Change Component Comment : Designator=R40_Amplifier_K-52 Old Comment=4K7 1%, 0402 New Comment=1K 1%, 0402
Change Component Comment : Designator=R41_Amplifier_K-51 Old Comment=4K7 1%, 0402 New Comment=1K 1%, 0402
Change Component Comment : Designator=R41_Amplifier_K-52 Old Comment=4K7 1%, 0402 New Comment=1K 1%, 0402
Change Component Comment : Designator=R44_Amplifier_K-51 Old Comment=4K7 1%, 0402 New Comment=1K 1%, 0402
Change Component Comment : Designator=R44_Amplifier_K-52 Old Comment=4K7 1%, 0402 New Comment=1K 1%, 0402
Change Component Comment : Designator=R45_Amplifier_K-51 Old Comment=4K7 1%, 0402 New Comment=1K 1%, 0402
Change Component Comment : Designator=R45_Amplifier_K-52 Old Comment=4K7 1%, 0402 New Comment=1K 1%, 0402
Change Component Comment : Designator=C28_Amplifier_K-51 Old Comment=220nF 50V, X5R, 0402 New Comment=470nF, 50v, X7R, 0603
Change Component Comment : Designator=C28_Amplifier_K-52 Old Comment=220nF 50V, X5R, 0402 New Comment=470nF, 50v, X7R, 0603
Change Component Comment : Designator=C29_Amplifier_K-51 Old Comment=220nF 50V, X5R, 0402 New Comment=470nF, 50v, X7R, 0603
Change Component Comment : Designator=C29_Amplifier_K-52 Old Comment=220nF 50V, X5R, 0402 New Comment=470nF, 50v, X7R, 0603
Change Component Comment : Designator=C30_Amplifier_K-51 Old Comment=220nF 50V, X5R, 0402 New Comment=470nF, 50v, X7R, 0603
Change Component Comment : Designator=C30_Amplifier_K-52 Old Comment=220nF 50V, X5R, 0402 New Comment=470nF, 50v, X7R, 0603
Change Component Comment : Designator=C31_Amplifier_K-51 Old Comment=220nF 50V, X5R, 0402 New Comment=470nF, 50v, X7R, 0603
Change Component Comment : Designator=C31_Amplifier_K-52 Old Comment=220nF 50V, X5R, 0402 New Comment=470nF, 50v, X7R, 0603
Change Component Comment : Designator=C32_Amplifier_K-51 Old Comment=220nF 50V, X5R, 0402 New Comment=470nF, 50v, X7R, 0603
Change Component Comment : Designator=C32_Amplifier_K-52 Old Comment=220nF 50V, X5R, 0402 New Comment=470nF, 50v, X7R, 0603
Change Component Comment : Designator=C33_Amplifier_K-51 Old Comment=220nF 50V, X5R, 0402 New Comment=470nF, 50v, X7R, 0603
Change Component Comment : Designator=C33_Amplifier_K-52 Old Comment=220nF 50V, X5R, 0402 New Comment=470nF, 50v, X7R, 0603
Change Component Comment : Designator=C34_Amplifier_K-51 Old Comment=220nF 50V, X5R, 0402 New Comment=470nF, 50v, X7R, 0603
Change Component Comment : Designator=C34_Amplifier_K-52 Old Comment=220nF 50V, X5R, 0402 New Comment=470nF, 50v, X7R, 0603
Change Component Comment : Designator=C35_Amplifier_K-51 Old Comment=220nF 50V, X5R, 0402 New Comment=470nF, 50v, X7R, 0603
Change Component Comment : Designator=C35_Amplifier_K-52 Old Comment=220nF 50V, X5R, 0402 New Comment=470nF, 50v, X7R, 0603
Change Component Designator: OldDesignator=R38_Amplifier_K-51 NewDesignator=R39_Amplifier_K-51
Change Component Designator: OldDesignator=R38_Amplifier_K-52 NewDesignator=R39_Amplifier_K-52
Change Component Designator: OldDesignator=R39_Amplifier_K-51 NewDesignator=R38_Amplifier_K-51
Change Component Designator: OldDesignator=R39_Amplifier_K-52 NewDesignator=R38_Amplifier_K-52
Change Managed Component Library Link : Designator=C28_Amplifier_K-51 Old VaultGUID=B7D15EC3-160A-466F-A46C-7801FE6295A7 New VaultGUID=B7D15EC3-160A-466F-A46C-7801FE6295A7 Old ItemGUID=B6373E4C-C461-4A42-B78F-C7696C6BA4AA New ItemGUID=904EBA61-5689-46FA-90E0-F1EF71A21A81 Old RevisionGUID=0D5110C6-3332-431F-A3BD-079F1CB399CD New RevisionGUID=1E0616B7-BA42-4B36-9ABF-5D257F158433
Change Managed Component Library Link : Designator=C28_Amplifier_K-52 Old VaultGUID=B7D15EC3-160A-466F-A46C-7801FE6295A7 New VaultGUID=B7D15EC3-160A-466F-A46C-7801FE6295A7 Old ItemGUID=B6373E4C-C461-4A42-B78F-C7696C6BA4AA New ItemGUID=904EBA61-5689-46FA-90E0-F1EF71A21A81 Old RevisionGUID=0D5110C6-3332-431F-A3BD-079F1CB399CD New RevisionGUID=1E0616B7-BA42-4B36-9ABF-5D257F158433
Change Managed Component Library Link : Designator=C29_Amplifier_K-51 Old VaultGUID=B7D15EC3-160A-466F-A46C-7801FE6295A7 New VaultGUID=B7D15EC3-160A-466F-A46C-7801FE6295A7 Old ItemGUID=B6373E4C-C461-4A42-B78F-C7696C6BA4AA New ItemGUID=904EBA61-5689-46FA-90E0-F1EF71A21A81 Old RevisionGUID=0D5110C6-3332-431F-A3BD-079F1CB399CD New RevisionGUID=1E0616B7-BA42-4B36-9ABF-5D257F158433
Change Managed Component Library Link : Designator=C29_Amplifier_K-52 Old VaultGUID=B7D15EC3-160A-466F-A46C-7801FE6295A7 New VaultGUID=B7D15EC3-160A-466F-A46C-7801FE6295A7 Old ItemGUID=B6373E4C-C461-4A42-B78F-C7696C6BA4AA New ItemGUID=904EBA61-5689-46FA-90E0-F1EF71A21A81 Old RevisionGUID=0D5110C6-3332-431F-A3BD-079F1CB399CD New RevisionGUID=1E0616B7-BA42-4B36-9ABF-5D257F158433
Change Managed Component Library Link : Designator=C30_Amplifier_K-51 Old VaultGUID=B7D15EC3-160A-466F-A46C-7801FE6295A7 New VaultGUID=B7D15EC3-160A-466F-A46C-7801FE6295A7 Old ItemGUID=B6373E4C-C461-4A42-B78F-C7696C6BA4AA New ItemGUID=904EBA61-5689-46FA-90E0-F1EF71A21A81 Old RevisionGUID=0D5110C6-3332-431F-A3BD-079F1CB399CD New RevisionGUID=1E0616B7-BA42-4B36-9ABF-5D257F158433
Change Managed Component Library Link : Designator=C30_Amplifier_K-52 Old VaultGUID=B7D15EC3-160A-466F-A46C-7801FE6295A7 New VaultGUID=B7D15EC3-160A-466F-A46C-7801FE6295A7 Old ItemGUID=B6373E4C-C461-4A42-B78F-C7696C6BA4AA New ItemGUID=904EBA61-5689-46FA-90E0-F1EF71A21A81 Old RevisionGUID=0D5110C6-3332-431F-A3BD-079F1CB399CD New RevisionGUID=1E0616B7-BA42-4B36-9ABF-5D257F158433
Change Managed Component Library Link : Designator=C31_Amplifier_K-51 Old VaultGUID=B7D15EC3-160A-466F-A46C-7801FE6295A7 New VaultGUID=B7D15EC3-160A-466F-A46C-7801FE6295A7 Old ItemGUID=B6373E4C-C461-4A42-B78F-C7696C6BA4AA New ItemGUID=904EBA61-5689-46FA-90E0-F1EF71A21A81 Old RevisionGUID=0D5110C6-3332-431F-A3BD-079F1CB399CD New RevisionGUID=1E0616B7-BA42-4B36-9ABF-5D257F158433
Change Managed Component Library Link : Designator=C31_Amplifier_K-52 Old VaultGUID=B7D15EC3-160A-466F-A46C-7801FE6295A7 New VaultGUID=B7D15EC3-160A-466F-A46C-7801FE6295A7 Old ItemGUID=B6373E4C-C461-4A42-B78F-C7696C6BA4AA New ItemGUID=904EBA61-5689-46FA-90E0-F1EF71A21A81 Old RevisionGUID=0D5110C6-3332-431F-A3BD-079F1CB399CD New RevisionGUID=1E0616B7-BA42-4B36-9ABF-5D257F158433
Change Managed Component Library Link : Designator=C32_Amplifier_K-51 Old VaultGUID=B7D15EC3-160A-466F-A46C-7801FE6295A7 New VaultGUID=B7D15EC3-160A-466F-A46C-7801FE6295A7 Old ItemGUID=B6373E4C-C461-4A42-B78F-C7696C6BA4AA New ItemGUID=904EBA61-5689-46FA-90E0-F1EF71A21A81 Old RevisionGUID=0D5110C6-3332-431F-A3BD-079F1CB399CD New RevisionGUID=1E0616B7-BA42-4B36-9ABF-5D257F158433
Change Managed Component Library Link : Designator=C32_Amplifier_K-52 Old VaultGUID=B7D15EC3-160A-466F-A46C-7801FE6295A7 New VaultGUID=B7D15EC3-160A-466F-A46C-7801FE6295A7 Old ItemGUID=B6373E4C-C461-4A42-B78F-C7696C6BA4AA New ItemGUID=904EBA61-5689-46FA-90E0-F1EF71A21A81 Old RevisionGUID=0D5110C6-3332-431F-A3BD-079F1CB399CD New RevisionGUID=1E0616B7-BA42-4B36-9ABF-5D257F158433
Change Managed Component Library Link : Designator=C33_Amplifier_K-51 Old VaultGUID=B7D15EC3-160A-466F-A46C-7801FE6295A7 New VaultGUID=B7D15EC3-160A-466F-A46C-7801FE6295A7 Old ItemGUID=B6373E4C-C461-4A42-B78F-C7696C6BA4AA New ItemGUID=904EBA61-5689-46FA-90E0-F1EF71A21A81 Old RevisionGUID=0D5110C6-3332-431F-A3BD-079F1CB399CD New RevisionGUID=1E0616B7-BA42-4B36-9ABF-5D257F158433
Change Managed Component Library Link : Designator=C33_Amplifier_K-52 Old VaultGUID=B7D15EC3-160A-466F-A46C-7801FE6295A7 New VaultGUID=B7D15EC3-160A-466F-A46C-7801FE6295A7 Old ItemGUID=B6373E4C-C461-4A42-B78F-C7696C6BA4AA New ItemGUID=904EBA61-5689-46FA-90E0-F1EF71A21A81 Old RevisionGUID=0D5110C6-3332-431F-A3BD-079F1CB399CD New RevisionGUID=1E0616B7-BA42-4B36-9ABF-5D257F158433
Change Managed Component Library Link : Designator=C34_Amplifier_K-51 Old VaultGUID=B7D15EC3-160A-466F-A46C-7801FE6295A7 New VaultGUID=B7D15EC3-160A-466F-A46C-7801FE6295A7 Old ItemGUID=B6373E4C-C461-4A42-B78F-C7696C6BA4AA New ItemGUID=904EBA61-5689-46FA-90E0-F1EF71A21A81 Old RevisionGUID=0D5110C6-3332-431F-A3BD-079F1CB399CD New RevisionGUID=1E0616B7-BA42-4B36-9ABF-5D257F158433
Change Managed Component Library Link : Designator=C34_Amplifier_K-52 Old VaultGUID=B7D15EC3-160A-466F-A46C-7801FE6295A7 New VaultGUID=B7D15EC3-160A-466F-A46C-7801FE6295A7 Old ItemGUID=B6373E4C-C461-4A42-B78F-C7696C6BA4AA New ItemGUID=904EBA61-5689-46FA-90E0-F1EF71A21A81 Old RevisionGUID=0D5110C6-3332-431F-A3BD-079F1CB399CD New RevisionGUID=1E0616B7-BA42-4B36-9ABF-5D257F158433
Change Managed Component Library Link : Designator=C35_Amplifier_K-51 Old VaultGUID=B7D15EC3-160A-466F-A46C-7801FE6295A7 New VaultGUID=B7D15EC3-160A-466F-A46C-7801FE6295A7 Old ItemGUID=B6373E4C-C461-4A42-B78F-C7696C6BA4AA New ItemGUID=904EBA61-5689-46FA-90E0-F1EF71A21A81 Old RevisionGUID=0D5110C6-3332-431F-A3BD-079F1CB399CD New RevisionGUID=1E0616B7-BA42-4B36-9ABF-5D257F158433
Change Managed Component Library Link : Designator=C35_Amplifier_K-52 Old VaultGUID=B7D15EC3-160A-466F-A46C-7801FE6295A7 New VaultGUID=B7D15EC3-160A-466F-A46C-7801FE6295A7 Old ItemGUID=B6373E4C-C461-4A42-B78F-C7696C6BA4AA New ItemGUID=904EBA61-5689-46FA-90E0-F1EF71A21A81 Old RevisionGUID=0D5110C6-3332-431F-A3BD-079F1CB399CD New RevisionGUID=1E0616B7-BA42-4B36-9ABF-5D257F158433
Change Managed Component Library Link : Designator=R30_Amplifier_K-51 Old VaultGUID=B7D15EC3-160A-466F-A46C-7801FE6295A7 New VaultGUID=B7D15EC3-160A-466F-A46C-7801FE6295A7 Old ItemGUID=C4309226-11DC-43A1-96F2-52A2E5829F5C New ItemGUID=85806C29-F49B-4C96-B610-35414DC85A02 Old RevisionGUID=A101AD97-14F7-4428-9444-3CD9D8B73ECD New RevisionGUID=73316B34-C544-4E61-B88A-89318B617D1E
Change Managed Component Library Link : Designator=R30_Amplifier_K-52 Old VaultGUID=B7D15EC3-160A-466F-A46C-7801FE6295A7 New VaultGUID=B7D15EC3-160A-466F-A46C-7801FE6295A7 Old ItemGUID=C4309226-11DC-43A1-96F2-52A2E5829F5C New ItemGUID=85806C29-F49B-4C96-B610-35414DC85A02 Old RevisionGUID=A101AD97-14F7-4428-9444-3CD9D8B73ECD New RevisionGUID=73316B34-C544-4E61-B88A-89318B617D1E
Change Managed Component Library Link : Designator=R31_Amplifier_K-51 Old VaultGUID=B7D15EC3-160A-466F-A46C-7801FE6295A7 New VaultGUID=B7D15EC3-160A-466F-A46C-7801FE6295A7 Old ItemGUID=C4309226-11DC-43A1-96F2-52A2E5829F5C New ItemGUID=85806C29-F49B-4C96-B610-35414DC85A02 Old RevisionGUID=A101AD97-14F7-4428-9444-3CD9D8B73ECD New RevisionGUID=73316B34-C544-4E61-B88A-89318B617D1E
Change Managed Component Library Link : Designator=R31_Amplifier_K-52 Old VaultGUID=B7D15EC3-160A-466F-A46C-7801FE6295A7 New VaultGUID=B7D15EC3-160A-466F-A46C-7801FE6295A7 Old ItemGUID=C4309226-11DC-43A1-96F2-52A2E5829F5C New ItemGUID=85806C29-F49B-4C96-B610-35414DC85A02 Old RevisionGUID=A101AD97-14F7-4428-9444-3CD9D8B73ECD New RevisionGUID=73316B34-C544-4E61-B88A-89318B617D1E
Change Managed Component Library Link : Designator=R36_Amplifier_K-51 Old VaultGUID=B7D15EC3-160A-466F-A46C-7801FE6295A7 New VaultGUID=B7D15EC3-160A-466F-A46C-7801FE6295A7 Old ItemGUID=C4309226-11DC-43A1-96F2-52A2E5829F5C New ItemGUID=85806C29-F49B-4C96-B610-35414DC85A02 Old RevisionGUID=A101AD97-14F7-4428-9444-3CD9D8B73ECD New RevisionGUID=73316B34-C544-4E61-B88A-89318B617D1E
Change Managed Component Library Link : Designator=R36_Amplifier_K-52 Old VaultGUID=B7D15EC3-160A-466F-A46C-7801FE6295A7 New VaultGUID=B7D15EC3-160A-466F-A46C-7801FE6295A7 Old ItemGUID=C4309226-11DC-43A1-96F2-52A2E5829F5C New ItemGUID=85806C29-F49B-4C96-B610-35414DC85A02 Old RevisionGUID=A101AD97-14F7-4428-9444-3CD9D8B73ECD New RevisionGUID=73316B34-C544-4E61-B88A-89318B617D1E
Change Managed Component Library Link : Designator=R37_Amplifier_K-51 Old VaultGUID=B7D15EC3-160A-466F-A46C-7801FE6295A7 New VaultGUID=B7D15EC3-160A-466F-A46C-7801FE6295A7 Old ItemGUID=C4309226-11DC-43A1-96F2-52A2E5829F5C New ItemGUID=85806C29-F49B-4C96-B610-35414DC85A02 Old RevisionGUID=A101AD97-14F7-4428-9444-3CD9D8B73ECD New RevisionGUID=73316B34-C544-4E61-B88A-89318B617D1E
Change Managed Component Library Link : Designator=R37_Amplifier_K-52 Old VaultGUID=B7D15EC3-160A-466F-A46C-7801FE6295A7 New VaultGUID=B7D15EC3-160A-466F-A46C-7801FE6295A7 Old ItemGUID=C4309226-11DC-43A1-96F2-52A2E5829F5C New ItemGUID=85806C29-F49B-4C96-B610-35414DC85A02 Old RevisionGUID=A101AD97-14F7-4428-9444-3CD9D8B73ECD New RevisionGUID=73316B34-C544-4E61-B88A-89318B617D1E
Change Managed Component Library Link : Designator=R40_Amplifier_K-51 Old VaultGUID=B7D15EC3-160A-466F-A46C-7801FE6295A7 New VaultGUID=B7D15EC3-160A-466F-A46C-7801FE6295A7 Old ItemGUID=C4309226-11DC-43A1-96F2-52A2E5829F5C New ItemGUID=85806C29-F49B-4C96-B610-35414DC85A02 Old RevisionGUID=A101AD97-14F7-4428-9444-3CD9D8B73ECD New RevisionGUID=73316B34-C544-4E61-B88A-89318B617D1E
Change Managed Component Library Link : Designator=R40_Amplifier_K-52 Old VaultGUID=B7D15EC3-160A-466F-A46C-7801FE6295A7 New VaultGUID=B7D15EC3-160A-466F-A46C-7801FE6295A7 Old ItemGUID=C4309226-11DC-43A1-96F2-52A2E5829F5C New ItemGUID=85806C29-F49B-4C96-B610-35414DC85A02 Old RevisionGUID=A101AD97-14F7-4428-9444-3CD9D8B73ECD New RevisionGUID=73316B34-C544-4E61-B88A-89318B617D1E
Change Managed Component Library Link : Designator=R41_Amplifier_K-51 Old VaultGUID=B7D15EC3-160A-466F-A46C-7801FE6295A7 New VaultGUID=B7D15EC3-160A-466F-A46C-7801FE6295A7 Old ItemGUID=C4309226-11DC-43A1-96F2-52A2E5829F5C New ItemGUID=85806C29-F49B-4C96-B610-35414DC85A02 Old RevisionGUID=A101AD97-14F7-4428-9444-3CD9D8B73ECD New RevisionGUID=73316B34-C544-4E61-B88A-89318B617D1E
Change Managed Component Library Link : Designator=R41_Amplifier_K-52 Old VaultGUID=B7D15EC3-160A-466F-A46C-7801FE6295A7 New VaultGUID=B7D15EC3-160A-466F-A46C-7801FE6295A7 Old ItemGUID=C4309226-11DC-43A1-96F2-52A2E5829F5C New ItemGUID=85806C29-F49B-4C96-B610-35414DC85A02 Old RevisionGUID=A101AD97-14F7-4428-9444-3CD9D8B73ECD New RevisionGUID=73316B34-C544-4E61-B88A-89318B617D1E
Change Managed Component Library Link : Designator=R44_Amplifier_K-51 Old VaultGUID=B7D15EC3-160A-466F-A46C-7801FE6295A7 New VaultGUID=B7D15EC3-160A-466F-A46C-7801FE6295A7 Old ItemGUID=C4309226-11DC-43A1-96F2-52A2E5829F5C New ItemGUID=85806C29-F49B-4C96-B610-35414DC85A02 Old RevisionGUID=A101AD97-14F7-4428-9444-3CD9D8B73ECD New RevisionGUID=73316B34-C544-4E61-B88A-89318B617D1E
Change Managed Component Library Link : Designator=R44_Amplifier_K-52 Old VaultGUID=B7D15EC3-160A-466F-A46C-7801FE6295A7 New VaultGUID=B7D15EC3-160A-466F-A46C-7801FE6295A7 Old ItemGUID=C4309226-11DC-43A1-96F2-52A2E5829F5C New ItemGUID=85806C29-F49B-4C96-B610-35414DC85A02 Old RevisionGUID=A101AD97-14F7-4428-9444-3CD9D8B73ECD New RevisionGUID=73316B34-C544-4E61-B88A-89318B617D1E
Change Managed Component Library Link : Designator=R45_Amplifier_K-51 Old VaultGUID=B7D15EC3-160A-466F-A46C-7801FE6295A7 New VaultGUID=B7D15EC3-160A-466F-A46C-7801FE6295A7 Old ItemGUID=C4309226-11DC-43A1-96F2-52A2E5829F5C New ItemGUID=85806C29-F49B-4C96-B610-35414DC85A02 Old RevisionGUID=A101AD97-14F7-4428-9444-3CD9D8B73ECD New RevisionGUID=73316B34-C544-4E61-B88A-89318B617D1E
Change Managed Component Library Link : Designator=R45_Amplifier_K-52 Old VaultGUID=B7D15EC3-160A-466F-A46C-7801FE6295A7 New VaultGUID=B7D15EC3-160A-466F-A46C-7801FE6295A7 Old ItemGUID=C4309226-11DC-43A1-96F2-52A2E5829F5C New ItemGUID=85806C29-F49B-4C96-B610-35414DC85A02 Old RevisionGUID=A101AD97-14F7-4428-9444-3CD9D8B73ECD New RevisionGUID=73316B34-C544-4E61-B88A-89318B617D1E
Change component parameters: Designator = "C28_Amplifier_K-51" ("C28"); Footprint = "FP-CC0402-MFG"; UniqueID = "\OPQMYWKL\SMLYIYYK" ("\OPQMYWKL\SMLYIYYK")
Change component parameters (AddParameter): Name = "Capacitance"; Value = "470nF"; VariantName = "[No Variations]"
Change component parameters (AddParameter): Name = "Case Code (Imperial)"; Value = "0603"; VariantName = "[No Variations]"
Change component parameters (AddParameter): Name = "Case Code (Metric)"; Value = "1608"; VariantName = "[No Variations]"
Change component parameters (AddParameter): Name = "Case/Package"; Value = "0603"; VariantName = "[No Variations]"
Change component parameters (AddParameter): Name = "Construction"; Value = "Flat"; VariantName = "[No Variations]"
Change component parameters (AddParameter): Name = "Depth"; Value = "0.8mm"; VariantName = "[No Variations]"
Change component parameters (AddParameter): Name = "Dielectric"; Value = "X7R"; VariantName = "[No Variations]"
Change component parameters (AddParameter): Name = "Dielectric Material"; Value = "Ceramic"; VariantName = "[No Variations]"
Change component parameters (AddParameter): Name = "Height"; Value = "0.8mm"; VariantName = "[No Variations]"
Change component parameters (AddParameter): Name = "Lead Free"; Value = "Lead Free"; VariantName = "[No Variations]"
Change component parameters (AddParameter): Name = "Length"; Value = "1.6mm"; VariantName = "[No Variations]"
Change component parameters (AddParameter): Name = "Max Operating Temperature"; Value = "125°C"; VariantName = "[No Variations]"
Change component parameters (AddParameter): Name = "Min Operating Temperature"; Value = "-55°C"; VariantName = "[No Variations]"
Change component parameters (AddParameter): Name = "Mount"; Value = "Surface Mount"; VariantName = "[No Variations]"
Change component parameters (AddParameter): Name = "Package Quantity"; Value = "4000"; VariantName = "[No Variations]"
Change component parameters (AddParameter): Name = "Packaging"; Value = "Cut Tape"; VariantName = "[No Variations]"
Change component parameters (AddParameter): Name = "Radiation Hardening"; Value = "No"; VariantName = "[No Variations]"
Change component parameters (AddParameter): Name = "REACH SVHC"; Value = "No SVHC"; VariantName = "[No Variations]"
Change component parameters (AddParameter): Name = "Resistor Type"; Value = "Ceramic"; VariantName = "[No Variations]"
Change component parameters (AddParameter): Name = "RoHS Compliant"; Value = "Yes"; VariantName = "[No Variations]"
Change component parameters (AddParameter): Name = "Series"; Value = "C"; VariantName = "[No Variations]"
Change component parameters (AddParameter): Name = "Termination"; Value = "SMD/SMT"; VariantName = "[No Variations]"
Change component parameters (AddParameter): Name = "Thickness"; Value = "0.037inch"; VariantName = "[No Variations]"
Change component parameters (AddParameter): Name = "Tolerance"; Value = "10%"; VariantName = "[No Variations]"
Change component parameters (AddParameter): Name = "Voltage"; Value = "50V"; VariantName = "[No Variations]"
Change component parameters (AddParameter): Name = "Voltage Rating"; Value = "50V"; VariantName = "[No Variations]"
Change component parameters (AddParameter): Name = "Voltage Rating (DC)"; Value = "50V"; VariantName = "[No Variations]"
Change component parameters (AddParameter): Name = "Weight"; Value = "7.1E-05oz"; VariantName = "[No Variations]"
Change component parameters (AddParameter): Name = "Width"; Value = "0.031inch"; VariantName = "[No Variations]"
Change component parameters: Designator = "C28_Amplifier_K-52" ("C28"); Footprint = "FP-CC0402-MFG"; UniqueID = "\RQKRKSVS\SMLYIYYK" ("\RQKRKSVS\SMLYIYYK")
Change component parameters (AddParameter): Name = "Capacitance"; Value = "470nF"; VariantName = "[No Variations]"
Change component parameters (AddParameter): Name = "Case Code (Imperial)"; Value = "0603"; VariantName = "[No Variations]"
Change component parameters (AddParameter): Name = "Case Code (Metric)"; Value = "1608"; VariantName = "[No Variations]"
Change component parameters (AddParameter): Name = "Case/Package"; Value = "0603"; VariantName = "[No Variations]"
Change component parameters (AddParameter): Name = "Construction"; Value = "Flat"; VariantName = "[No Variations]"
Change component parameters (AddParameter): Name = "Depth"; Value = "0.8mm"; VariantName = "[No Variations]"
Change component parameters (AddParameter): Name = "Dielectric"; Value = "X7R"; VariantName = "[No Variations]"
Change component parameters (AddParameter): Name = "Dielectric Material"; Value = "Ceramic"; VariantName = "[No Variations]"
Change component parameters (AddParameter): Name = "Height"; Value = "0.8mm"; VariantName = "[No Variations]"
Change component parameters (AddParameter): Name = "Lead Free"; Value = "Lead Free"; VariantName = "[No Variations]"
Change component parameters (AddParameter): Name = "Length"; Value = "1.6mm"; VariantName = "[No Variations]"
Change component parameters (AddParameter): Name = "Max Operating Temperature"; Value = "125°C"; VariantName = "[No Variations]"
Change component parameters (AddParameter): Name = "Min Operating Temperature"; Value = "-55°C"; VariantName = "[No Variations]"
Change component parameters (AddParameter): Name = "Mount"; Value = "Surface Mount"; VariantName = "[No Variations]"
Change component parameters (AddParameter): Name = "Package Quantity"; Value = "4000"; VariantName = "[No Variations]"
Change component parameters (AddParameter): Name = "Packaging"; Value = "Cut Tape"; VariantName = "[No Variations]"
Change component parameters (AddParameter): Name = "Radiation Hardening"; Value = "No"; VariantName = "[No Variations]"
Change component parameters (AddParameter): Name = "REACH SVHC"; Value = "No SVHC"; VariantName = "[No Variations]"
Change component parameters (AddParameter): Name = "Resistor Type"; Value = "Ceramic"; VariantName = "[No Variations]"
Change component parameters (AddParameter): Name = "RoHS Compliant"; Value = "Yes"; VariantName = "[No Variations]"
Change component parameters (AddParameter): Name = "Series"; Value = "C"; VariantName = "[No Variations]"
Change component parameters (AddParameter): Name = "Termination"; Value = "SMD/SMT"; VariantName = "[No Variations]"
Change component parameters (AddParameter): Name = "Thickness"; Value = "0.037inch"; VariantName = "[No Variations]"
Change component parameters (AddParameter): Name = "Tolerance"; Value = "10%"; VariantName = "[No Variations]"
Change component parameters (AddParameter): Name = "Voltage"; Value = "50V"; VariantName = "[No Variations]"
Change component parameters (AddParameter): Name = "Voltage Rating"; Value = "50V"; VariantName = "[No Variations]"
Change component parameters (AddParameter): Name = "Voltage Rating (DC)"; Value = "50V"; VariantName = "[No Variations]"
Change component parameters (AddParameter): Name = "Weight"; Value = "7.1E-05oz"; VariantName = "[No Variations]"
Change component parameters (AddParameter): Name = "Width"; Value = "0.031inch"; VariantName = "[No Variations]"
Change component parameters: Designator = "C29_Amplifier_K-51" ("C29"); Footprint = "FP-CC0402-MFG"; UniqueID = "\OPQMYWKL\XLNQYOQU" ("\OPQMYWKL\XLNQYOQU")
Change component parameters (AddParameter): Name = "Capacitance"; Value = "470nF"; VariantName = "[No Variations]"
Change component parameters (AddParameter): Name = "Case Code (Imperial)"; Value = "0603"; VariantName = "[No Variations]"
Change component parameters (AddParameter): Name = "Case Code (Metric)"; Value = "1608"; VariantName = "[No Variations]"
Change component parameters (AddParameter): Name = "Case/Package"; Value = "0603"; VariantName = "[No Variations]"
Change component parameters (AddParameter): Name = "Construction"; Value = "Flat"; VariantName = "[No Variations]"
Change component parameters (AddParameter): Name = "Depth"; Value = "0.8mm"; VariantName = "[No Variations]"
Change component parameters (AddParameter): Name = "Dielectric"; Value = "X7R"; VariantName = "[No Variations]"
Change component parameters (AddParameter): Name = "Dielectric Material"; Value = "Ceramic"; VariantName = "[No Variations]"
Change component parameters (AddParameter): Name = "Height"; Value = "0.8mm"; VariantName = "[No Variations]"
Change component parameters (AddParameter): Name = "Lead Free"; Value = "Lead Free"; VariantName = "[No Variations]"
Change component parameters (AddParameter): Name = "Length"; Value = "1.6mm"; VariantName = "[No Variations]"
Change component parameters (AddParameter): Name = "Max Operating Temperature"; Value = "125°C"; VariantName = "[No Variations]"
Change component parameters (AddParameter): Name = "Min Operating Temperature"; Value = "-55°C"; VariantName = "[No Variations]"
Change component parameters (AddParameter): Name = "Mount"; Value = "Surface Mount"; VariantName = "[No Variations]"
Change component parameters (AddParameter): Name = "Package Quantity"; Value = "4000"; VariantName = "[No Variations]"
Change component parameters (AddParameter): Name = "Packaging"; Value = "Cut Tape"; VariantName = "[No Variations]"
Change component parameters (AddParameter): Name = "Radiation Hardening"; Value = "No"; VariantName = "[No Variations]"
Change component parameters (AddParameter): Name = "REACH SVHC"; Value = "No SVHC"; VariantName = "[No Variations]"
Change component parameters (AddParameter): Name = "Resistor Type"; Value = "Ceramic"; VariantName = "[No Variations]"
Change component parameters (AddParameter): Name = "RoHS Compliant"; Value = "Yes"; VariantName = "[No Variations]"
Change component parameters (AddParameter): Name = "Series"; Value = "C"; VariantName = "[No Variations]"
Change component parameters (AddParameter): Name = "Termination"; Value = "SMD/SMT"; VariantName = "[No Variations]"
Change component parameters (AddParameter): Name = "Thickness"; Value = "0.037inch"; VariantName = "[No Variations]"
Change component parameters (AddParameter): Name = "Tolerance"; Value = "10%"; VariantName = "[No Variations]"
Change component parameters (AddParameter): Name = "Voltage"; Value = "50V"; VariantName = "[No Variations]"
Change component parameters (AddParameter): Name = "Voltage Rating"; Value = "50V"; VariantName = "[No Variations]"
Change component parameters (AddParameter): Name = "Voltage Rating (DC)"; Value = "50V"; VariantName = "[No Variations]"
Change component parameters (AddParameter): Name = "Weight"; Value = "7.1E-05oz"; VariantName = "[No Variations]"
Change component parameters (AddParameter): Name = "Width"; Value = "0.031inch"; VariantName = "[No Variations]"
Change component parameters: Designator = "C29_Amplifier_K-52" ("C29"); Footprint = "FP-CC0402-MFG"; UniqueID = "\RQKRKSVS\XLNQYOQU" ("\RQKRKSVS\XLNQYOQU")
Change component parameters (AddParameter): Name = "Capacitance"; Value = "470nF"; VariantName = "[No Variations]"
Change component parameters (AddParameter): Name = "Case Code (Imperial)"; Value = "0603"; VariantName = "[No Variations]"
Change component parameters (AddParameter): Name = "Case Code (Metric)"; Value = "1608"; VariantName = "[No Variations]"
Change component parameters (AddParameter): Name = "Case/Package"; Value = "0603"; VariantName = "[No Variations]"
Change component parameters (AddParameter): Name = "Construction"; Value = "Flat"; VariantName = "[No Variations]"
Change component parameters (AddParameter): Name = "Depth"; Value = "0.8mm"; VariantName = "[No Variations]"
Change component parameters (AddParameter): Name = "Dielectric"; Value = "X7R"; VariantName = "[No Variations]"
Change component parameters (AddParameter): Name = "Dielectric Material"; Value = "Ceramic"; VariantName = "[No Variations]"
Change component parameters (AddParameter): Name = "Height"; Value = "0.8mm"; VariantName = "[No Variations]"
Change component parameters (AddParameter): Name = "Lead Free"; Value = "Lead Free"; VariantName = "[No Variations]"
Change component parameters (AddParameter): Name = "Length"; Value = "1.6mm"; VariantName = "[No Variations]"
Change component parameters (AddParameter): Name = "Max Operating Temperature"; Value = "125°C"; VariantName = "[No Variations]"
Change component parameters (AddParameter): Name = "Min Operating Temperature"; Value = "-55°C"; VariantName = "[No Variations]"
Change component parameters (AddParameter): Name = "Mount"; Value = "Surface Mount"; VariantName = "[No Variations]"
Change component parameters (AddParameter): Name = "Package Quantity"; Value = "4000"; VariantName = "[No Variations]"
Change component parameters (AddParameter): Name = "Packaging"; Value = "Cut Tape"; VariantName = "[No Variations]"
Change component parameters (AddParameter): Name = "Radiation Hardening"; Value = "No"; VariantName = "[No Variations]"
Change component parameters (AddParameter): Name = "REACH SVHC"; Value = "No SVHC"; VariantName = "[No Variations]"
Change component parameters (AddParameter): Name = "Resistor Type"; Value = "Ceramic"; VariantName = "[No Variations]"
Change component parameters (AddParameter): Name = "RoHS Compliant"; Value = "Yes"; VariantName = "[No Variations]"
Change component parameters (AddParameter): Name = "Series"; Value = "C"; VariantName = "[No Variations]"
Change component parameters (AddParameter): Name = "Termination"; Value = "SMD/SMT"; VariantName = "[No Variations]"
Change component parameters (AddParameter): Name = "Thickness"; Value = "0.037inch"; VariantName = "[No Variations]"
Change component parameters (AddParameter): Name = "Tolerance"; Value = "10%"; VariantName = "[No Variations]"
Change component parameters (AddParameter): Name = "Voltage"; Value = "50V"; VariantName = "[No Variations]"
Change component parameters (AddParameter): Name = "Voltage Rating"; Value = "50V"; VariantName = "[No Variations]"
Change component parameters (AddParameter): Name = "Voltage Rating (DC)"; Value = "50V"; VariantName = "[No Variations]"
Change component parameters (AddParameter): Name = "Weight"; Value = "7.1E-05oz"; VariantName = "[No Variations]"
Change component parameters (AddParameter): Name = "Width"; Value = "0.031inch"; VariantName = "[No Variations]"
Change component parameters: Designator = "C30_Amplifier_K-51" ("C30"); Footprint = "FP-CC0402-MFG"; UniqueID = "\OPQMYWKL\LOQPTJYU" ("\OPQMYWKL\LOQPTJYU")
Change component parameters (AddParameter): Name = "Capacitance"; Value = "470nF"; VariantName = "[No Variations]"
Change component parameters (AddParameter): Name = "Case Code (Imperial)"; Value = "0603"; VariantName = "[No Variations]"
Change component parameters (AddParameter): Name = "Case Code (Metric)"; Value = "1608"; VariantName = "[No Variations]"
Change component parameters (AddParameter): Name = "Case/Package"; Value = "0603"; VariantName = "[No Variations]"
Change component parameters (AddParameter): Name = "Construction"; Value = "Flat"; VariantName = "[No Variations]"
Change component parameters (AddParameter): Name = "Depth"; Value = "0.8mm"; VariantName = "[No Variations]"
Change component parameters (AddParameter): Name = "Dielectric"; Value = "X7R"; VariantName = "[No Variations]"
Change component parameters (AddParameter): Name = "Dielectric Material"; Value = "Ceramic"; VariantName = "[No Variations]"
Change component parameters (AddParameter): Name = "Height"; Value = "0.8mm"; VariantName = "[No Variations]"
Change component parameters (AddParameter): Name = "Lead Free"; Value = "Lead Free"; VariantName = "[No Variations]"
Change component parameters (AddParameter): Name = "Length"; Value = "1.6mm"; VariantName = "[No Variations]"
Change component parameters (AddParameter): Name = "Max Operating Temperature"; Value = "125°C"; VariantName = "[No Variations]"
Change component parameters (AddParameter): Name = "Min Operating Temperature"; Value = "-55°C"; VariantName = "[No Variations]"
Change component parameters (AddParameter): Name = "Mount"; Value = "Surface Mount"; VariantName = "[No Variations]"
Change component parameters (AddParameter): Name = "Package Quantity"; Value = "4000"; VariantName = "[No Variations]"
Change component parameters (AddParameter): Name = "Packaging"; Value = "Cut Tape"; VariantName = "[No Variations]"
Change component parameters (AddParameter): Name = "Radiation Hardening"; Value = "No"; VariantName = "[No Variations]"
Change component parameters (AddParameter): Name = "REACH SVHC"; Value = "No SVHC"; VariantName = "[No Variations]"
Change component parameters (AddParameter): Name = "Resistor Type"; Value = "Ceramic"; VariantName = "[No Variations]"
Change component parameters (AddParameter): Name = "RoHS Compliant"; Value = "Yes"; VariantName = "[No Variations]"
Change component parameters (AddParameter): Name = "Series"; Value = "C"; VariantName = "[No Variations]"
Change component parameters (AddParameter): Name = "Termination"; Value = "SMD/SMT"; VariantName = "[No Variations]"
Change component parameters (AddParameter): Name = "Thickness"; Value = "0.037inch"; VariantName = "[No Variations]"
Change component parameters (AddParameter): Name = "Tolerance"; Value = "10%"; VariantName = "[No Variations]"
Change component parameters (AddParameter): Name = "Voltage"; Value = "50V"; VariantName = "[No Variations]"
Change component parameters (AddParameter): Name = "Voltage Rating"; Value = "50V"; VariantName = "[No Variations]"
Change component parameters (AddParameter): Name = "Voltage Rating (DC)"; Value = "50V"; VariantName = "[No Variations]"
Change component parameters (AddParameter): Name = "Weight"; Value = "7.1E-05oz"; VariantName = "[No Variations]"
Change component parameters (AddParameter): Name = "Width"; Value = "0.031inch"; VariantName = "[No Variations]"
Change component parameters: Designator = "C30_Amplifier_K-52" ("C30"); Footprint = "FP-CC0402-MFG"; UniqueID = "\RQKRKSVS\LOQPTJYU" ("\RQKRKSVS\LOQPTJYU")
Change component parameters (AddParameter): Name = "Capacitance"; Value = "470nF"; VariantName = "[No Variations]"
Change component parameters (AddParameter): Name = "Case Code (Imperial)"; Value = "0603"; VariantName = "[No Variations]"
Change component parameters (AddParameter): Name = "Case Code (Metric)"; Value = "1608"; VariantName = "[No Variations]"
Change component parameters (AddParameter): Name = "Case/Package"; Value = "0603"; VariantName = "[No Variations]"
Change component parameters (AddParameter): Name = "Construction"; Value = "Flat"; VariantName = "[No Variations]"
Change component parameters (AddParameter): Name = "Depth"; Value = "0.8mm"; VariantName = "[No Variations]"
Change component parameters (AddParameter): Name = "Dielectric"; Value = "X7R"; VariantName = "[No Variations]"
Change component parameters (AddParameter): Name = "Dielectric Material"; Value = "Ceramic"; VariantName = "[No Variations]"
Change component parameters (AddParameter): Name = "Height"; Value = "0.8mm"; VariantName = "[No Variations]"
Change component parameters (AddParameter): Name = "Lead Free"; Value = "Lead Free"; VariantName = "[No Variations]"
Change component parameters (AddParameter): Name = "Length"; Value = "1.6mm"; VariantName = "[No Variations]"
Change component parameters (AddParameter): Name = "Max Operating Temperature"; Value = "125°C"; VariantName = "[No Variations]"
Change component parameters (AddParameter): Name = "Min Operating Temperature"; Value = "-55°C"; VariantName = "[No Variations]"
Change component parameters (AddParameter): Name = "Mount"; Value = "Surface Mount"; VariantName = "[No Variations]"
Change component parameters (AddParameter): Name = "Package Quantity"; Value = "4000"; VariantName = "[No Variations]"
Change component parameters (AddParameter): Name = "Packaging"; Value = "Cut Tape"; VariantName = "[No Variations]"
Change component parameters (AddParameter): Name = "Radiation Hardening"; Value = "No"; VariantName = "[No Variations]"
Change component parameters (AddParameter): Name = "REACH SVHC"; Value = "No SVHC"; VariantName = "[No Variations]"
Change component parameters (AddParameter): Name = "Resistor Type"; Value = "Ceramic"; VariantName = "[No Variations]"
Change component parameters (AddParameter): Name = "RoHS Compliant"; Value = "Yes"; VariantName = "[No Variations]"
Change component parameters (AddParameter): Name = "Series"; Value = "C"; VariantName = "[No Variations]"
Change component parameters (AddParameter): Name = "Termination"; Value = "SMD/SMT"; VariantName = "[No Variations]"
Change component parameters (AddParameter): Name = "Thickness"; Value = "0.037inch"; VariantName = "[No Variations]"
Change component parameters (AddParameter): Name = "Tolerance"; Value = "10%"; VariantName = "[No Variations]"
Change component parameters (AddParameter): Name = "Voltage"; Value = "50V"; VariantName = "[No Variations]"
Change component parameters (AddParameter): Name = "Voltage Rating"; Value = "50V"; VariantName = "[No Variations]"
Change component parameters (AddParameter): Name = "Voltage Rating (DC)"; Value = "50V"; VariantName = "[No Variations]"
Change component parameters (AddParameter): Name = "Weight"; Value = "7.1E-05oz"; VariantName = "[No Variations]"
Change component parameters (AddParameter): Name = "Width"; Value = "0.031inch"; VariantName = "[No Variations]"
Change component parameters: Designator = "C31_Amplifier_K-51" ("C31"); Footprint = "FP-CC0402-MFG"; UniqueID = "\OPQMYWKL\RZULXHRX" ("\OPQMYWKL\RZULXHRX")
Change component parameters (AddParameter): Name = "Capacitance"; Value = "470nF"; VariantName = "[No Variations]"
Change component parameters (AddParameter): Name = "Case Code (Imperial)"; Value = "0603"; VariantName = "[No Variations]"
Change component parameters (AddParameter): Name = "Case Code (Metric)"; Value = "1608"; VariantName = "[No Variations]"
Change component parameters (AddParameter): Name = "Case/Package"; Value = "0603"; VariantName = "[No Variations]"
Change component parameters (AddParameter): Name = "Construction"; Value = "Flat"; VariantName = "[No Variations]"
Change component parameters (AddParameter): Name = "Depth"; Value = "0.8mm"; VariantName = "[No Variations]"
Change component parameters (AddParameter): Name = "Dielectric"; Value = "X7R"; VariantName = "[No Variations]"
Change component parameters (AddParameter): Name = "Dielectric Material"; Value = "Ceramic"; VariantName = "[No Variations]"
Change component parameters (AddParameter): Name = "Height"; Value = "0.8mm"; VariantName = "[No Variations]"
Change component parameters (AddParameter): Name = "Lead Free"; Value = "Lead Free"; VariantName = "[No Variations]"
Change component parameters (AddParameter): Name = "Length"; Value = "1.6mm"; VariantName = "[No Variations]"
Change component parameters (AddParameter): Name = "Max Operating Temperature"; Value = "125°C"; VariantName = "[No Variations]"
Change component parameters (AddParameter): Name = "Min Operating Temperature"; Value = "-55°C"; VariantName = "[No Variations]"
Change component parameters (AddParameter): Name = "Mount"; Value = "Surface Mount"; VariantName = "[No Variations]"
Change component parameters (AddParameter): Name = "Package Quantity"; Value = "4000"; VariantName = "[No Variations]"
Change component parameters (AddParameter): Name = "Packaging"; Value = "Cut Tape"; VariantName = "[No Variations]"
Change component parameters (AddParameter): Name = "Radiation Hardening"; Value = "No"; VariantName = "[No Variations]"
Change component parameters (AddParameter): Name = "REACH SVHC"; Value = "No SVHC"; VariantName = "[No Variations]"
Change component parameters (AddParameter): Name = "Resistor Type"; Value = "Ceramic"; VariantName = "[No Variations]"
Change component parameters (AddParameter): Name = "RoHS Compliant"; Value = "Yes"; VariantName = "[No Variations]"
Change component parameters (AddParameter): Name = "Series"; Value = "C"; VariantName = "[No Variations]"
Change component parameters (AddParameter): Name = "Termination"; Value = "SMD/SMT"; VariantName = "[No Variations]"
Change component parameters (AddParameter): Name = "Thickness"; Value = "0.037inch"; VariantName = "[No Variations]"
Change component parameters (AddParameter): Name = "Tolerance"; Value = "10%"; VariantName = "[No Variations]"
Change component parameters (AddParameter): Name = "Voltage"; Value = "50V"; VariantName = "[No Variations]"
Change component parameters (AddParameter): Name = "Voltage Rating"; Value = "50V"; VariantName = "[No Variations]"
Change component parameters (AddParameter): Name = "Voltage Rating (DC)"; Value = "50V"; VariantName = "[No Variations]"
Change component parameters (AddParameter): Name = "Weight"; Value = "7.1E-05oz"; VariantName = "[No Variations]"
Change component parameters (AddParameter): Name = "Width"; Value = "0.031inch"; VariantName = "[No Variations]"
Change component parameters: Designator = "C31_Amplifier_K-52" ("C31"); Footprint = "FP-CC0402-MFG"; UniqueID = "\RQKRKSVS\RZULXHRX" ("\RQKRKSVS\RZULXHRX")
Change component parameters (AddParameter): Name = "Capacitance"; Value = "470nF"; VariantName = "[No Variations]"
Change component parameters (AddParameter): Name = "Case Code (Imperial)"; Value = "0603"; VariantName = "[No Variations]"
Change component parameters (AddParameter): Name = "Case Code (Metric)"; Value = "1608"; VariantName = "[No Variations]"
Change component parameters (AddParameter): Name = "Case/Package"; Value = "0603"; VariantName = "[No Variations]"
Change component parameters (AddParameter): Name = "Construction"; Value = "Flat"; VariantName = "[No Variations]"
Change component parameters (AddParameter): Name = "Depth"; Value = "0.8mm"; VariantName = "[No Variations]"
Change component parameters (AddParameter): Name = "Dielectric"; Value = "X7R"; VariantName = "[No Variations]"
Change component parameters (AddParameter): Name = "Dielectric Material"; Value = "Ceramic"; VariantName = "[No Variations]"
Change component parameters (AddParameter): Name = "Height"; Value = "0.8mm"; VariantName = "[No Variations]"
Change component parameters (AddParameter): Name = "Lead Free"; Value = "Lead Free"; VariantName = "[No Variations]"
Change component parameters (AddParameter): Name = "Length"; Value = "1.6mm"; VariantName = "[No Variations]"
Change component parameters (AddParameter): Name = "Max Operating Temperature"; Value = "125°C"; VariantName = "[No Variations]"
Change component parameters (AddParameter): Name = "Min Operating Temperature"; Value = "-55°C"; VariantName = "[No Variations]"
Change component parameters (AddParameter): Name = "Mount"; Value = "Surface Mount"; VariantName = "[No Variations]"
Change component parameters (AddParameter): Name = "Package Quantity"; Value = "4000"; VariantName = "[No Variations]"
Change component parameters (AddParameter): Name = "Packaging"; Value = "Cut Tape"; VariantName = "[No Variations]"
Change component parameters (AddParameter): Name = "Radiation Hardening"; Value = "No"; VariantName = "[No Variations]"
Change component parameters (AddParameter): Name = "REACH SVHC"; Value = "No SVHC"; VariantName = "[No Variations]"
Change component parameters (AddParameter): Name = "Resistor Type"; Value = "Ceramic"; VariantName = "[No Variations]"
Change component parameters (AddParameter): Name = "RoHS Compliant"; Value = "Yes"; VariantName = "[No Variations]"
Change component parameters (AddParameter): Name = "Series"; Value = "C"; VariantName = "[No Variations]"
Change component parameters (AddParameter): Name = "Termination"; Value = "SMD/SMT"; VariantName = "[No Variations]"
Change component parameters (AddParameter): Name = "Thickness"; Value = "0.037inch"; VariantName = "[No Variations]"
Change component parameters (AddParameter): Name = "Tolerance"; Value = "10%"; VariantName = "[No Variations]"
Change component parameters (AddParameter): Name = "Voltage"; Value = "50V"; VariantName = "[No Variations]"
Change component parameters (AddParameter): Name = "Voltage Rating"; Value = "50V"; VariantName = "[No Variations]"
Change component parameters (AddParameter): Name = "Voltage Rating (DC)"; Value = "50V"; VariantName = "[No Variations]"
Change component parameters (AddParameter): Name = "Weight"; Value = "7.1E-05oz"; VariantName = "[No Variations]"
Change component parameters (AddParameter): Name = "Width"; Value = "0.031inch"; VariantName = "[No Variations]"
Change component parameters: Designator = "C32_Amplifier_K-51" ("C32"); Footprint = "FP-CC0402-MFG"; UniqueID = "\OPQMYWKL\FPTEUJHV" ("\OPQMYWKL\FPTEUJHV")
Change component parameters (AddParameter): Name = "Capacitance"; Value = "470nF"; VariantName = "[No Variations]"
Change component parameters (AddParameter): Name = "Case Code (Imperial)"; Value = "0603"; VariantName = "[No Variations]"
Change component parameters (AddParameter): Name = "Case Code (Metric)"; Value = "1608"; VariantName = "[No Variations]"
Change component parameters (AddParameter): Name = "Case/Package"; Value = "0603"; VariantName = "[No Variations]"
Change component parameters (AddParameter): Name = "Construction"; Value = "Flat"; VariantName = "[No Variations]"
Change component parameters (AddParameter): Name = "Depth"; Value = "0.8mm"; VariantName = "[No Variations]"
Change component parameters (AddParameter): Name = "Dielectric"; Value = "X7R"; VariantName = "[No Variations]"
Change component parameters (AddParameter): Name = "Dielectric Material"; Value = "Ceramic"; VariantName = "[No Variations]"
Change component parameters (AddParameter): Name = "Height"; Value = "0.8mm"; VariantName = "[No Variations]"
Change component parameters (AddParameter): Name = "Lead Free"; Value = "Lead Free"; VariantName = "[No Variations]"
Change component parameters (AddParameter): Name = "Length"; Value = "1.6mm"; VariantName = "[No Variations]"
Change component parameters (AddParameter): Name = "Max Operating Temperature"; Value = "125°C"; VariantName = "[No Variations]"
Change component parameters (AddParameter): Name = "Min Operating Temperature"; Value = "-55°C"; VariantName = "[No Variations]"
Change component parameters (AddParameter): Name = "Mount"; Value = "Surface Mount"; VariantName = "[No Variations]"
Change component parameters (AddParameter): Name = "Package Quantity"; Value = "4000"; VariantName = "[No Variations]"
Change component parameters (AddParameter): Name = "Packaging"; Value = "Cut Tape"; VariantName = "[No Variations]"
Change component parameters (AddParameter): Name = "Radiation Hardening"; Value = "No"; VariantName = "[No Variations]"
Change component parameters (AddParameter): Name = "REACH SVHC"; Value = "No SVHC"; VariantName = "[No Variations]"
Change component parameters (AddParameter): Name = "Resistor Type"; Value = "Ceramic"; VariantName = "[No Variations]"
Change component parameters (AddParameter): Name = "RoHS Compliant"; Value = "Yes"; VariantName = "[No Variations]"
Change component parameters (AddParameter): Name = "Series"; Value = "C"; VariantName = "[No Variations]"
Change component parameters (AddParameter): Name = "Termination"; Value = "SMD/SMT"; VariantName = "[No Variations]"
Change component parameters (AddParameter): Name = "Thickness"; Value = "0.037inch"; VariantName = "[No Variations]"
Change component parameters (AddParameter): Name = "Tolerance"; Value = "10%"; VariantName = "[No Variations]"
Change component parameters (AddParameter): Name = "Voltage"; Value = "50V"; VariantName = "[No Variations]"
Change component parameters (AddParameter): Name = "Voltage Rating"; Value = "50V"; VariantName = "[No Variations]"
Change component parameters (AddParameter): Name = "Voltage Rating (DC)"; Value = "50V"; VariantName = "[No Variations]"
Change component parameters (AddParameter): Name = "Weight"; Value = "7.1E-05oz"; VariantName = "[No Variations]"
Change component parameters (AddParameter): Name = "Width"; Value = "0.031inch"; VariantName = "[No Variations]"
Change component parameters: Designator = "C32_Amplifier_K-52" ("C32"); Footprint = "FP-CC0402-MFG"; UniqueID = "\RQKRKSVS\FPTEUJHV" ("\RQKRKSVS\FPTEUJHV")
Change component parameters (AddParameter): Name = "Capacitance"; Value = "470nF"; VariantName = "[No Variations]"
Change component parameters (AddParameter): Name = "Case Code (Imperial)"; Value = "0603"; VariantName = "[No Variations]"
Change component parameters (AddParameter): Name = "Case Code (Metric)"; Value = "1608"; VariantName = "[No Variations]"
Change component parameters (AddParameter): Name = "Case/Package"; Value = "0603"; VariantName = "[No Variations]"
Change component parameters (AddParameter): Name = "Construction"; Value = "Flat"; VariantName = "[No Variations]"
Change component parameters (AddParameter): Name = "Depth"; Value = "0.8mm"; VariantName = "[No Variations]"
Change component parameters (AddParameter): Name = "Dielectric"; Value = "X7R"; VariantName = "[No Variations]"
Change component parameters (AddParameter): Name = "Dielectric Material"; Value = "Ceramic"; VariantName = "[No Variations]"
Change component parameters (AddParameter): Name = "Height"; Value = "0.8mm"; VariantName = "[No Variations]"
Change component parameters (AddParameter): Name = "Lead Free"; Value = "Lead Free"; VariantName = "[No Variations]"
Change component parameters (AddParameter): Name = "Length"; Value = "1.6mm"; VariantName = "[No Variations]"
Change component parameters (AddParameter): Name = "Max Operating Temperature"; Value = "125°C"; VariantName = "[No Variations]"
Change component parameters (AddParameter): Name = "Min Operating Temperature"; Value = "-55°C"; VariantName = "[No Variations]"
Change component parameters (AddParameter): Name = "Mount"; Value = "Surface Mount"; VariantName = "[No Variations]"
Change component parameters (AddParameter): Name = "Package Quantity"; Value = "4000"; VariantName = "[No Variations]"
Change component parameters (AddParameter): Name = "Packaging"; Value = "Cut Tape"; VariantName = "[No Variations]"
Change component parameters (AddParameter): Name = "Radiation Hardening"; Value = "No"; VariantName = "[No Variations]"
Change component parameters (AddParameter): Name = "REACH SVHC"; Value = "No SVHC"; VariantName = "[No Variations]"
Change component parameters (AddParameter): Name = "Resistor Type"; Value = "Ceramic"; VariantName = "[No Variations]"
Change component parameters (AddParameter): Name = "RoHS Compliant"; Value = "Yes"; VariantName = "[No Variations]"
Change component parameters (AddParameter): Name = "Series"; Value = "C"; VariantName = "[No Variations]"
Change component parameters (AddParameter): Name = "Termination"; Value = "SMD/SMT"; VariantName = "[No Variations]"
Change component parameters (AddParameter): Name = "Thickness"; Value = "0.037inch"; VariantName = "[No Variations]"
Change component parameters (AddParameter): Name = "Tolerance"; Value = "10%"; VariantName = "[No Variations]"
Change component parameters (AddParameter): Name = "Voltage"; Value = "50V"; VariantName = "[No Variations]"
Change component parameters (AddParameter): Name = "Voltage Rating"; Value = "50V"; VariantName = "[No Variations]"
Change component parameters (AddParameter): Name = "Voltage Rating (DC)"; Value = "50V"; VariantName = "[No Variations]"
Change component parameters (AddParameter): Name = "Weight"; Value = "7.1E-05oz"; VariantName = "[No Variations]"
Change component parameters (AddParameter): Name = "Width"; Value = "0.031inch"; VariantName = "[No Variations]"
Change component parameters: Designator = "C33_Amplifier_K-51" ("C33"); Footprint = "FP-CC0402-MFG"; UniqueID = "\OPQMYWKL\YWIFDBMB" ("\OPQMYWKL\YWIFDBMB")
Change component parameters (AddParameter): Name = "Capacitance"; Value = "470nF"; VariantName = "[No Variations]"
Change component parameters (AddParameter): Name = "Case Code (Imperial)"; Value = "0603"; VariantName = "[No Variations]"
Change component parameters (AddParameter): Name = "Case Code (Metric)"; Value = "1608"; VariantName = "[No Variations]"
Change component parameters (AddParameter): Name = "Case/Package"; Value = "0603"; VariantName = "[No Variations]"
Change component parameters (AddParameter): Name = "Construction"; Value = "Flat"; VariantName = "[No Variations]"
Change component parameters (AddParameter): Name = "Depth"; Value = "0.8mm"; VariantName = "[No Variations]"
Change component parameters (AddParameter): Name = "Dielectric"; Value = "X7R"; VariantName = "[No Variations]"
Change component parameters (AddParameter): Name = "Dielectric Material"; Value = "Ceramic"; VariantName = "[No Variations]"
Change component parameters (AddParameter): Name = "Height"; Value = "0.8mm"; VariantName = "[No Variations]"
Change component parameters (AddParameter): Name = "Lead Free"; Value = "Lead Free"; VariantName = "[No Variations]"
Change component parameters (AddParameter): Name = "Length"; Value = "1.6mm"; VariantName = "[No Variations]"
Change component parameters (AddParameter): Name = "Max Operating Temperature"; Value = "125°C"; VariantName = "[No Variations]"
Change component parameters (AddParameter): Name = "Min Operating Temperature"; Value = "-55°C"; VariantName = "[No Variations]"
Change component parameters (AddParameter): Name = "Mount"; Value = "Surface Mount"; VariantName = "[No Variations]"
Change component parameters (AddParameter): Name = "Package Quantity"; Value = "4000"; VariantName = "[No Variations]"
Change component parameters (AddParameter): Name = "Packaging"; Value = "Cut Tape"; VariantName = "[No Variations]"
Change component parameters (AddParameter): Name = "Radiation Hardening"; Value = "No"; VariantName = "[No Variations]"
Change component parameters (AddParameter): Name = "REACH SVHC"; Value = "No SVHC"; VariantName = "[No Variations]"
Change component parameters (AddParameter): Name = "Resistor Type"; Value = "Ceramic"; VariantName = "[No Variations]"
Change component parameters (AddParameter): Name = "RoHS Compliant"; Value = "Yes"; VariantName = "[No Variations]"
Change component parameters (AddParameter): Name = "Series"; Value = "C"; VariantName = "[No Variations]"
Change component parameters (AddParameter): Name = "Termination"; Value = "SMD/SMT"; VariantName = "[No Variations]"
Change component parameters (AddParameter): Name = "Thickness"; Value = "0.037inch"; VariantName = "[No Variations]"
Change component parameters (AddParameter): Name = "Tolerance"; Value = "10%"; VariantName = "[No Variations]"
Change component parameters (AddParameter): Name = "Voltage"; Value = "50V"; VariantName = "[No Variations]"
Change component parameters (AddParameter): Name = "Voltage Rating"; Value = "50V"; VariantName = "[No Variations]"
Change component parameters (AddParameter): Name = "Voltage Rating (DC)"; Value = "50V"; VariantName = "[No Variations]"
Change component parameters (AddParameter): Name = "Weight"; Value = "7.1E-05oz"; VariantName = "[No Variations]"
Change component parameters (AddParameter): Name = "Width"; Value = "0.031inch"; VariantName = "[No Variations]"
Change component parameters: Designator = "C33_Amplifier_K-52" ("C33"); Footprint = "FP-CC0402-MFG"; UniqueID = "\RQKRKSVS\YWIFDBMB" ("\RQKRKSVS\YWIFDBMB")
Change component parameters (AddParameter): Name = "Capacitance"; Value = "470nF"; VariantName = "[No Variations]"
Change component parameters (AddParameter): Name = "Case Code (Imperial)"; Value = "0603"; VariantName = "[No Variations]"
Change component parameters (AddParameter): Name = "Case Code (Metric)"; Value = "1608"; VariantName = "[No Variations]"
Change component parameters (AddParameter): Name = "Case/Package"; Value = "0603"; VariantName = "[No Variations]"
Change component parameters (AddParameter): Name = "Construction"; Value = "Flat"; VariantName = "[No Variations]"
Change component parameters (AddParameter): Name = "Depth"; Value = "0.8mm"; VariantName = "[No Variations]"
Change component parameters (AddParameter): Name = "Dielectric"; Value = "X7R"; VariantName = "[No Variations]"
Change component parameters (AddParameter): Name = "Dielectric Material"; Value = "Ceramic"; VariantName = "[No Variations]"
Change component parameters (AddParameter): Name = "Height"; Value = "0.8mm"; VariantName = "[No Variations]"
Change component parameters (AddParameter): Name = "Lead Free"; Value = "Lead Free"; VariantName = "[No Variations]"
Change component parameters (AddParameter): Name = "Length"; Value = "1.6mm"; VariantName = "[No Variations]"
Change component parameters (AddParameter): Name = "Max Operating Temperature"; Value = "125°C"; VariantName = "[No Variations]"
Change component parameters (AddParameter): Name = "Min Operating Temperature"; Value = "-55°C"; VariantName = "[No Variations]"
Change component parameters (AddParameter): Name = "Mount"; Value = "Surface Mount"; VariantName = "[No Variations]"
Change component parameters (AddParameter): Name = "Package Quantity"; Value = "4000"; VariantName = "[No Variations]"
Change component parameters (AddParameter): Name = "Packaging"; Value = "Cut Tape"; VariantName = "[No Variations]"
Change component parameters (AddParameter): Name = "Radiation Hardening"; Value = "No"; VariantName = "[No Variations]"
Change component parameters (AddParameter): Name = "REACH SVHC"; Value = "No SVHC"; VariantName = "[No Variations]"
Change component parameters (AddParameter): Name = "Resistor Type"; Value = "Ceramic"; VariantName = "[No Variations]"
Change component parameters (AddParameter): Name = "RoHS Compliant"; Value = "Yes"; VariantName = "[No Variations]"
Change component parameters (AddParameter): Name = "Series"; Value = "C"; VariantName = "[No Variations]"
Change component parameters (AddParameter): Name = "Termination"; Value = "SMD/SMT"; VariantName = "[No Variations]"
Change component parameters (AddParameter): Name = "Thickness"; Value = "0.037inch"; VariantName = "[No Variations]"
Change component parameters (AddParameter): Name = "Tolerance"; Value = "10%"; VariantName = "[No Variations]"
Change component parameters (AddParameter): Name = "Voltage"; Value = "50V"; VariantName = "[No Variations]"
Change component parameters (AddParameter): Name = "Voltage Rating"; Value = "50V"; VariantName = "[No Variations]"
Change component parameters (AddParameter): Name = "Voltage Rating (DC)"; Value = "50V"; VariantName = "[No Variations]"
Change component parameters (AddParameter): Name = "Weight"; Value = "7.1E-05oz"; VariantName = "[No Variations]"
Change component parameters (AddParameter): Name = "Width"; Value = "0.031inch"; VariantName = "[No Variations]"
Change component parameters: Designator = "C34_Amplifier_K-51" ("C34"); Footprint = "FP-CC0402-MFG"; UniqueID = "\OPQMYWKL\BCVGEEUU" ("\OPQMYWKL\BCVGEEUU")
Change component parameters (AddParameter): Name = "Capacitance"; Value = "470nF"; VariantName = "[No Variations]"
Change component parameters (AddParameter): Name = "Case Code (Imperial)"; Value = "0603"; VariantName = "[No Variations]"
Change component parameters (AddParameter): Name = "Case Code (Metric)"; Value = "1608"; VariantName = "[No Variations]"
Change component parameters (AddParameter): Name = "Case/Package"; Value = "0603"; VariantName = "[No Variations]"
Change component parameters (AddParameter): Name = "Construction"; Value = "Flat"; VariantName = "[No Variations]"
Change component parameters (AddParameter): Name = "Depth"; Value = "0.8mm"; VariantName = "[No Variations]"
Change component parameters (AddParameter): Name = "Dielectric"; Value = "X7R"; VariantName = "[No Variations]"
Change component parameters (AddParameter): Name = "Dielectric Material"; Value = "Ceramic"; VariantName = "[No Variations]"
Change component parameters (AddParameter): Name = "Height"; Value = "0.8mm"; VariantName = "[No Variations]"
Change component parameters (AddParameter): Name = "Lead Free"; Value = "Lead Free"; VariantName = "[No Variations]"
Change component parameters (AddParameter): Name = "Length"; Value = "1.6mm"; VariantName = "[No Variations]"
Change component parameters (AddParameter): Name = "Max Operating Temperature"; Value = "125°C"; VariantName = "[No Variations]"
Change component parameters (AddParameter): Name = "Min Operating Temperature"; Value = "-55°C"; VariantName = "[No Variations]"
Change component parameters (AddParameter): Name = "Mount"; Value = "Surface Mount"; VariantName = "[No Variations]"
Change component parameters (AddParameter): Name = "Package Quantity"; Value = "4000"; VariantName = "[No Variations]"
Change component parameters (AddParameter): Name = "Packaging"; Value = "Cut Tape"; VariantName = "[No Variations]"
Change component parameters (AddParameter): Name = "Radiation Hardening"; Value = "No"; VariantName = "[No Variations]"
Change component parameters (AddParameter): Name = "REACH SVHC"; Value = "No SVHC"; VariantName = "[No Variations]"
Change component parameters (AddParameter): Name = "Resistor Type"; Value = "Ceramic"; VariantName = "[No Variations]"
Change component parameters (AddParameter): Name = "RoHS Compliant"; Value = "Yes"; VariantName = "[No Variations]"
Change component parameters (AddParameter): Name = "Series"; Value = "C"; VariantName = "[No Variations]"
Change component parameters (AddParameter): Name = "Termination"; Value = "SMD/SMT"; VariantName = "[No Variations]"
Change component parameters (AddParameter): Name = "Thickness"; Value = "0.037inch"; VariantName = "[No Variations]"
Change component parameters (AddParameter): Name = "Tolerance"; Value = "10%"; VariantName = "[No Variations]"
Change component parameters (AddParameter): Name = "Voltage"; Value = "50V"; VariantName = "[No Variations]"
Change component parameters (AddParameter): Name = "Voltage Rating"; Value = "50V"; VariantName = "[No Variations]"
Change component parameters (AddParameter): Name = "Voltage Rating (DC)"; Value = "50V"; VariantName = "[No Variations]"
Change component parameters (AddParameter): Name = "Weight"; Value = "7.1E-05oz"; VariantName = "[No Variations]"
Change component parameters (AddParameter): Name = "Width"; Value = "0.031inch"; VariantName = "[No Variations]"
Change component parameters: Designator = "C34_Amplifier_K-52" ("C34"); Footprint = "FP-CC0402-MFG"; UniqueID = "\RQKRKSVS\BCVGEEUU" ("\RQKRKSVS\BCVGEEUU")
Change component parameters (AddParameter): Name = "Capacitance"; Value = "470nF"; VariantName = "[No Variations]"
Change component parameters (AddParameter): Name = "Case Code (Imperial)"; Value = "0603"; VariantName = "[No Variations]"
Change component parameters (AddParameter): Name = "Case Code (Metric)"; Value = "1608"; VariantName = "[No Variations]"
Change component parameters (AddParameter): Name = "Case/Package"; Value = "0603"; VariantName = "[No Variations]"
Change component parameters (AddParameter): Name = "Construction"; Value = "Flat"; VariantName = "[No Variations]"
Change component parameters (AddParameter): Name = "Depth"; Value = "0.8mm"; VariantName = "[No Variations]"
Change component parameters (AddParameter): Name = "Dielectric"; Value = "X7R"; VariantName = "[No Variations]"
Change component parameters (AddParameter): Name = "Dielectric Material"; Value = "Ceramic"; VariantName = "[No Variations]"
Change component parameters (AddParameter): Name = "Height"; Value = "0.8mm"; VariantName = "[No Variations]"
Change component parameters (AddParameter): Name = "Lead Free"; Value = "Lead Free"; VariantName = "[No Variations]"
Change component parameters (AddParameter): Name = "Length"; Value = "1.6mm"; VariantName = "[No Variations]"
Change component parameters (AddParameter): Name = "Max Operating Temperature"; Value = "125°C"; VariantName = "[No Variations]"
Change component parameters (AddParameter): Name = "Min Operating Temperature"; Value = "-55°C"; VariantName = "[No Variations]"
Change component parameters (AddParameter): Name = "Mount"; Value = "Surface Mount"; VariantName = "[No Variations]"
Change component parameters (AddParameter): Name = "Package Quantity"; Value = "4000"; VariantName = "[No Variations]"
Change component parameters (AddParameter): Name = "Packaging"; Value = "Cut Tape"; VariantName = "[No Variations]"
Change component parameters (AddParameter): Name = "Radiation Hardening"; Value = "No"; VariantName = "[No Variations]"
Change component parameters (AddParameter): Name = "REACH SVHC"; Value = "No SVHC"; VariantName = "[No Variations]"
Change component parameters (AddParameter): Name = "Resistor Type"; Value = "Ceramic"; VariantName = "[No Variations]"
Change component parameters (AddParameter): Name = "RoHS Compliant"; Value = "Yes"; VariantName = "[No Variations]"
Change component parameters (AddParameter): Name = "Series"; Value = "C"; VariantName = "[No Variations]"
Change component parameters (AddParameter): Name = "Termination"; Value = "SMD/SMT"; VariantName = "[No Variations]"
Change component parameters (AddParameter): Name = "Thickness"; Value = "0.037inch"; VariantName = "[No Variations]"
Change component parameters (AddParameter): Name = "Tolerance"; Value = "10%"; VariantName = "[No Variations]"
Change component parameters (AddParameter): Name = "Voltage"; Value = "50V"; VariantName = "[No Variations]"
Change component parameters (AddParameter): Name = "Voltage Rating"; Value = "50V"; VariantName = "[No Variations]"
Change component parameters (AddParameter): Name = "Voltage Rating (DC)"; Value = "50V"; VariantName = "[No Variations]"
Change component parameters (AddParameter): Name = "Weight"; Value = "7.1E-05oz"; VariantName = "[No Variations]"
Change component parameters (AddParameter): Name = "Width"; Value = "0.031inch"; VariantName = "[No Variations]"
Change component parameters: Designator = "C35_Amplifier_K-51" ("C35"); Footprint = "FP-CC0402-MFG"; UniqueID = "\OPQMYWKL\UXMMYDHS" ("\OPQMYWKL\UXMMYDHS")
Change component parameters (AddParameter): Name = "Capacitance"; Value = "470nF"; VariantName = "[No Variations]"
Change component parameters (AddParameter): Name = "Case Code (Imperial)"; Value = "0603"; VariantName = "[No Variations]"
Change component parameters (AddParameter): Name = "Case Code (Metric)"; Value = "1608"; VariantName = "[No Variations]"
Change component parameters (AddParameter): Name = "Case/Package"; Value = "0603"; VariantName = "[No Variations]"
Change component parameters (AddParameter): Name = "Construction"; Value = "Flat"; VariantName = "[No Variations]"
Change component parameters (AddParameter): Name = "Depth"; Value = "0.8mm"; VariantName = "[No Variations]"
Change component parameters (AddParameter): Name = "Dielectric"; Value = "X7R"; VariantName = "[No Variations]"
Change component parameters (AddParameter): Name = "Dielectric Material"; Value = "Ceramic"; VariantName = "[No Variations]"
Change component parameters (AddParameter): Name = "Height"; Value = "0.8mm"; VariantName = "[No Variations]"
Change component parameters (AddParameter): Name = "Lead Free"; Value = "Lead Free"; VariantName = "[No Variations]"
Change component parameters (AddParameter): Name = "Length"; Value = "1.6mm"; VariantName = "[No Variations]"
Change component parameters (AddParameter): Name = "Max Operating Temperature"; Value = "125°C"; VariantName = "[No Variations]"
Change component parameters (AddParameter): Name = "Min Operating Temperature"; Value = "-55°C"; VariantName = "[No Variations]"
Change component parameters (AddParameter): Name = "Mount"; Value = "Surface Mount"; VariantName = "[No Variations]"
Change component parameters (AddParameter): Name = "Package Quantity"; Value = "4000"; VariantName = "[No Variations]"
Change component parameters (AddParameter): Name = "Packaging"; Value = "Cut Tape"; VariantName = "[No Variations]"
Change component parameters (AddParameter): Name = "Radiation Hardening"; Value = "No"; VariantName = "[No Variations]"
Change component parameters (AddParameter): Name = "REACH SVHC"; Value = "No SVHC"; VariantName = "[No Variations]"
Change component parameters (AddParameter): Name = "Resistor Type"; Value = "Ceramic"; VariantName = "[No Variations]"
Change component parameters (AddParameter): Name = "RoHS Compliant"; Value = "Yes"; VariantName = "[No Variations]"
Change component parameters (AddParameter): Name = "Series"; Value = "C"; VariantName = "[No Variations]"
Change component parameters (AddParameter): Name = "Termination"; Value = "SMD/SMT"; VariantName = "[No Variations]"
Change component parameters (AddParameter): Name = "Thickness"; Value = "0.037inch"; VariantName = "[No Variations]"
Change component parameters (AddParameter): Name = "Tolerance"; Value = "10%"; VariantName = "[No Variations]"
Change component parameters (AddParameter): Name = "Voltage"; Value = "50V"; VariantName = "[No Variations]"
Change component parameters (AddParameter): Name = "Voltage Rating"; Value = "50V"; VariantName = "[No Variations]"
Change component parameters (AddParameter): Name = "Voltage Rating (DC)"; Value = "50V"; VariantName = "[No Variations]"
Change component parameters (AddParameter): Name = "Weight"; Value = "7.1E-05oz"; VariantName = "[No Variations]"
Change component parameters (AddParameter): Name = "Width"; Value = "0.031inch"; VariantName = "[No Variations]"
Change component parameters: Designator = "C35_Amplifier_K-52" ("C35"); Footprint = "FP-CC0402-MFG"; UniqueID = "\RQKRKSVS\UXMMYDHS" ("\RQKRKSVS\UXMMYDHS")
Change component parameters (AddParameter): Name = "Capacitance"; Value = "470nF"; VariantName = "[No Variations]"
Change component parameters (AddParameter): Name = "Case Code (Imperial)"; Value = "0603"; VariantName = "[No Variations]"
Change component parameters (AddParameter): Name = "Case Code (Metric)"; Value = "1608"; VariantName = "[No Variations]"
Change component parameters (AddParameter): Name = "Case/Package"; Value = "0603"; VariantName = "[No Variations]"
Change component parameters (AddParameter): Name = "Construction"; Value = "Flat"; VariantName = "[No Variations]"
Change component parameters (AddParameter): Name = "Depth"; Value = "0.8mm"; VariantName = "[No Variations]"
Change component parameters (AddParameter): Name = "Dielectric"; Value = "X7R"; VariantName = "[No Variations]"
Change component parameters (AddParameter): Name = "Dielectric Material"; Value = "Ceramic"; VariantName = "[No Variations]"
Change component parameters (AddParameter): Name = "Height"; Value = "0.8mm"; VariantName = "[No Variations]"
Change component parameters (AddParameter): Name = "Lead Free"; Value = "Lead Free"; VariantName = "[No Variations]"
Change component parameters (AddParameter): Name = "Length"; Value = "1.6mm"; VariantName = "[No Variations]"
Change component parameters (AddParameter): Name = "Max Operating Temperature"; Value = "125°C"; VariantName = "[No Variations]"
Change component parameters (AddParameter): Name = "Min Operating Temperature"; Value = "-55°C"; VariantName = "[No Variations]"
Change component parameters (AddParameter): Name = "Mount"; Value = "Surface Mount"; VariantName = "[No Variations]"
Change component parameters (AddParameter): Name = "Package Quantity"; Value = "4000"; VariantName = "[No Variations]"
Change component parameters (AddParameter): Name = "Packaging"; Value = "Cut Tape"; VariantName = "[No Variations]"
Change component parameters (AddParameter): Name = "Radiation Hardening"; Value = "No"; VariantName = "[No Variations]"
Change component parameters (AddParameter): Name = "REACH SVHC"; Value = "No SVHC"; VariantName = "[No Variations]"
Change component parameters (AddParameter): Name = "Resistor Type"; Value = "Ceramic"; VariantName = "[No Variations]"
Change component parameters (AddParameter): Name = "RoHS Compliant"; Value = "Yes"; VariantName = "[No Variations]"
Change component parameters (AddParameter): Name = "Series"; Value = "C"; VariantName = "[No Variations]"
Change component parameters (AddParameter): Name = "Termination"; Value = "SMD/SMT"; VariantName = "[No Variations]"
Change component parameters (AddParameter): Name = "Thickness"; Value = "0.037inch"; VariantName = "[No Variations]"
Change component parameters (AddParameter): Name = "Tolerance"; Value = "10%"; VariantName = "[No Variations]"
Change component parameters (AddParameter): Name = "Voltage"; Value = "50V"; VariantName = "[No Variations]"
Change component parameters (AddParameter): Name = "Voltage Rating"; Value = "50V"; VariantName = "[No Variations]"
Change component parameters (AddParameter): Name = "Voltage Rating (DC)"; Value = "50V"; VariantName = "[No Variations]"
Change component parameters (AddParameter): Name = "Weight"; Value = "7.1E-05oz"; VariantName = "[No Variations]"
Change component parameters (AddParameter): Name = "Width"; Value = "0.031inch"; VariantName = "[No Variations]"
Change component parameters: Designator = "R30_Amplifier_K-51" ("R30"); Footprint = "RESC1005X40X25LL05T05"; UniqueID = "\OPQMYWKL\PZZDBLUN" ("\OPQMYWKL\PZZDBLUN")
Change component parameters (AddParameter): Name = "Case Code (Imperial)"; Value = "0402"; VariantName = "[No Variations]"
Change component parameters (AddParameter): Name = "Case Code (Metric)"; Value = "1005"; VariantName = "[No Variations]"
Change component parameters (AddParameter): Name = "Case\/Package"; Value = "0402"; VariantName = "[No Variations]"
Change component parameters (AddParameter): Name = "ComponentLink1Description"; Value = "Manufacturer URL"; VariantName = "[No Variations]"
Change component parameters (AddParameter): Name = "ComponentLink1URL"; Value = "http://www.panasonic.com/"; VariantName = "[No Variations]"
Change component parameters (AddParameter): Name = "ComponentLink2Description"; Value = "Datasheet"; VariantName = "[No Variations]"
Change component parameters (AddParameter): Name = "ComponentLink2URL"; Value = "http://industrial.panasonic.com/cdbs/www-data/pdf/RDA0000/AOA0000C86.pdf"; VariantName = "[No Variations]"
Change component parameters (AddParameter): Name = "DatasheetVersion"; Value = "04/2015"; VariantName = "[No Variations]"
Change component parameters (AddParameter): Name = "Height"; Value = "0.35 mm"; VariantName = "[No Variations]"
Change component parameters (AddParameter): Name = "Length"; Value = "1 mm"; VariantName = "[No Variations]"
Change component parameters (AddParameter): Name = "Manufacturer"; Value = "Basic Passives"; VariantName = "[No Variations]"
Change component parameters (AddParameter): Name = "Max Operating Temperature"; Value = "155 degC"; VariantName = "[No Variations]"
Change component parameters (AddParameter): Name = "Min Operating Temperature"; Value = "-55 degC"; VariantName = "[No Variations]"
Change component parameters (AddParameter): Name = "Mount"; Value = "Surface Mount"; VariantName = "[No Variations]"
Change component parameters (AddParameter): Name = "Mounting Technology"; Value = "Surface Mount"; VariantName = "[No Variations]"
Change component parameters (AddParameter): Name = "Package Quantity"; Value = "10000"; VariantName = "[No Variations]"
Change component parameters (AddParameter): Name = "PackageDescription"; Value = "2-Pin Surface Mount Device, Body 1 x 0.5 mm"; VariantName = "[No Variations]"
Change component parameters (AddParameter): Name = "PackageReference"; Value = "0402"; VariantName = "[No Variations]"
Change component parameters (AddParameter): Name = "Packaging"; Value = "Tape and Reel"; VariantName = "[No Variations]"
Change component parameters (AddParameter): Name = "PartNumber"; Value = "ERJ-2RKF1001X"; VariantName = "[No Variations]"
Change component parameters (AddParameter): Name = "Pins"; Value = "2"; VariantName = "[No Variations]"
Change component parameters (AddParameter): Name = "Power Rating"; Value = "100 mW"; VariantName = "[No Variations]"
Change component parameters (AddParameter): Name = "Radiation Hardening"; Value = "No"; VariantName = "[No Variations]"
Change component parameters (AddParameter): Name = "REACH SVHC"; Value = "Yes"; VariantName = "[No Variations]"
Change component parameters (AddParameter): Name = "Resistance"; Value = "1 KOhm"; VariantName = "[No Variations]"
Change component parameters (AddParameter): Name = "RoHSCompliant"; Value = "true"; VariantName = "[No Variations]"
Change component parameters (AddParameter): Name = "Tolerance"; Value = "1%"; VariantName = "[No Variations]"
Change component parameters (AddParameter): Name = "Voltage Rating"; Value = "50 V"; VariantName = "[No Variations]"
Change component parameters (AddParameter): Name = "Width"; Value = "0.5 mm"; VariantName = "[No Variations]"
Change component parameters: Designator = "R30_Amplifier_K-52" ("R30"); Footprint = "RESC1005X40X25LL05T05"; UniqueID = "\RQKRKSVS\PZZDBLUN" ("\RQKRKSVS\PZZDBLUN")
Change component parameters (AddParameter): Name = "Case Code (Imperial)"; Value = "0402"; VariantName = "[No Variations]"
Change component parameters (AddParameter): Name = "Case Code (Metric)"; Value = "1005"; VariantName = "[No Variations]"
Change component parameters (AddParameter): Name = "Case\/Package"; Value = "0402"; VariantName = "[No Variations]"
Change component parameters (AddParameter): Name = "ComponentLink1Description"; Value = "Manufacturer URL"; VariantName = "[No Variations]"
Change component parameters (AddParameter): Name = "ComponentLink1URL"; Value = "http://www.panasonic.com/"; VariantName = "[No Variations]"
Change component parameters (AddParameter): Name = "ComponentLink2Description"; Value = "Datasheet"; VariantName = "[No Variations]"
Change component parameters (AddParameter): Name = "ComponentLink2URL"; Value = "http://industrial.panasonic.com/cdbs/www-data/pdf/RDA0000/AOA0000C86.pdf"; VariantName = "[No Variations]"
Change component parameters (AddParameter): Name = "DatasheetVersion"; Value = "04/2015"; VariantName = "[No Variations]"
Change component parameters (AddParameter): Name = "Height"; Value = "0.35 mm"; VariantName = "[No Variations]"
Change component parameters (AddParameter): Name = "Length"; Value = "1 mm"; VariantName = "[No Variations]"
Change component parameters (AddParameter): Name = "Manufacturer"; Value = "Basic Passives"; VariantName = "[No Variations]"
Change component parameters (AddParameter): Name = "Max Operating Temperature"; Value = "155 degC"; VariantName = "[No Variations]"
Change component parameters (AddParameter): Name = "Min Operating Temperature"; Value = "-55 degC"; VariantName = "[No Variations]"
Change component parameters (AddParameter): Name = "Mount"; Value = "Surface Mount"; VariantName = "[No Variations]"
Change component parameters (AddParameter): Name = "Mounting Technology"; Value = "Surface Mount"; VariantName = "[No Variations]"
Change component parameters (AddParameter): Name = "Package Quantity"; Value = "10000"; VariantName = "[No Variations]"
Change component parameters (AddParameter): Name = "PackageDescription"; Value = "2-Pin Surface Mount Device, Body 1 x 0.5 mm"; VariantName = "[No Variations]"
Change component parameters (AddParameter): Name = "PackageReference"; Value = "0402"; VariantName = "[No Variations]"
Change component parameters (AddParameter): Name = "Packaging"; Value = "Tape and Reel"; VariantName = "[No Variations]"
Change component parameters (AddParameter): Name = "PartNumber"; Value = "ERJ-2RKF1001X"; VariantName = "[No Variations]"
Change component parameters (AddParameter): Name = "Pins"; Value = "2"; VariantName = "[No Variations]"
Change component parameters (AddParameter): Name = "Power Rating"; Value = "100 mW"; VariantName = "[No Variations]"
Change component parameters (AddParameter): Name = "Radiation Hardening"; Value = "No"; VariantName = "[No Variations]"
Change component parameters (AddParameter): Name = "REACH SVHC"; Value = "Yes"; VariantName = "[No Variations]"
Change component parameters (AddParameter): Name = "Resistance"; Value = "1 KOhm"; VariantName = "[No Variations]"
Change component parameters (AddParameter): Name = "RoHSCompliant"; Value = "true"; VariantName = "[No Variations]"
Change component parameters (AddParameter): Name = "Tolerance"; Value = "1%"; VariantName = "[No Variations]"
Change component parameters (AddParameter): Name = "Voltage Rating"; Value = "50 V"; VariantName = "[No Variations]"
Change component parameters (AddParameter): Name = "Width"; Value = "0.5 mm"; VariantName = "[No Variations]"
Change component parameters: Designator = "R31_Amplifier_K-51" ("R31"); Footprint = "RESC1005X40X25LL05T05"; UniqueID = "\OPQMYWKL\IXRGOFIM" ("\OPQMYWKL\IXRGOFIM")
Change component parameters (AddParameter): Name = "Case Code (Imperial)"; Value = "0402"; VariantName = "[No Variations]"
Change component parameters (AddParameter): Name = "Case Code (Metric)"; Value = "1005"; VariantName = "[No Variations]"
Change component parameters (AddParameter): Name = "Case\/Package"; Value = "0402"; VariantName = "[No Variations]"
Change component parameters (AddParameter): Name = "ComponentLink1Description"; Value = "Manufacturer URL"; VariantName = "[No Variations]"
Change component parameters (AddParameter): Name = "ComponentLink1URL"; Value = "http://www.panasonic.com/"; VariantName = "[No Variations]"
Change component parameters (AddParameter): Name = "ComponentLink2Description"; Value = "Datasheet"; VariantName = "[No Variations]"
Change component parameters (AddParameter): Name = "ComponentLink2URL"; Value = "http://industrial.panasonic.com/cdbs/www-data/pdf/RDA0000/AOA0000C86.pdf"; VariantName = "[No Variations]"
Change component parameters (AddParameter): Name = "DatasheetVersion"; Value = "04/2015"; VariantName = "[No Variations]"
Change component parameters (AddParameter): Name = "Height"; Value = "0.35 mm"; VariantName = "[No Variations]"
Change component parameters (AddParameter): Name = "Length"; Value = "1 mm"; VariantName = "[No Variations]"
Change component parameters (AddParameter): Name = "Manufacturer"; Value = "Basic Passives"; VariantName = "[No Variations]"
Change component parameters (AddParameter): Name = "Max Operating Temperature"; Value = "155 degC"; VariantName = "[No Variations]"
Change component parameters (AddParameter): Name = "Min Operating Temperature"; Value = "-55 degC"; VariantName = "[No Variations]"
Change component parameters (AddParameter): Name = "Mount"; Value = "Surface Mount"; VariantName = "[No Variations]"
Change component parameters (AddParameter): Name = "Mounting Technology"; Value = "Surface Mount"; VariantName = "[No Variations]"
Change component parameters (AddParameter): Name = "Package Quantity"; Value = "10000"; VariantName = "[No Variations]"
Change component parameters (AddParameter): Name = "PackageDescription"; Value = "2-Pin Surface Mount Device, Body 1 x 0.5 mm"; VariantName = "[No Variations]"
Change component parameters (AddParameter): Name = "PackageReference"; Value = "0402"; VariantName = "[No Variations]"
Change component parameters (AddParameter): Name = "Packaging"; Value = "Tape and Reel"; VariantName = "[No Variations]"
Change component parameters (AddParameter): Name = "PartNumber"; Value = "ERJ-2RKF1001X"; VariantName = "[No Variations]"
Change component parameters (AddParameter): Name = "Pins"; Value = "2"; VariantName = "[No Variations]"
Change component parameters (AddParameter): Name = "Power Rating"; Value = "100 mW"; VariantName = "[No Variations]"
Change component parameters (AddParameter): Name = "Radiation Hardening"; Value = "No"; VariantName = "[No Variations]"
Change component parameters (AddParameter): Name = "REACH SVHC"; Value = "Yes"; VariantName = "[No Variations]"
Change component parameters (AddParameter): Name = "Resistance"; Value = "1 KOhm"; VariantName = "[No Variations]"
Change component parameters (AddParameter): Name = "RoHSCompliant"; Value = "true"; VariantName = "[No Variations]"
Change component parameters (AddParameter): Name = "Tolerance"; Value = "1%"; VariantName = "[No Variations]"
Change component parameters (AddParameter): Name = "Voltage Rating"; Value = "50 V"; VariantName = "[No Variations]"
Change component parameters (AddParameter): Name = "Width"; Value = "0.5 mm"; VariantName = "[No Variations]"
Change component parameters: Designator = "R31_Amplifier_K-52" ("R31"); Footprint = "RESC1005X40X25LL05T05"; UniqueID = "\RQKRKSVS\IXRGOFIM" ("\RQKRKSVS\IXRGOFIM")
Change component parameters (AddParameter): Name = "Case Code (Imperial)"; Value = "0402"; VariantName = "[No Variations]"
Change component parameters (AddParameter): Name = "Case Code (Metric)"; Value = "1005"; VariantName = "[No Variations]"
Change component parameters (AddParameter): Name = "Case\/Package"; Value = "0402"; VariantName = "[No Variations]"
Change component parameters (AddParameter): Name = "ComponentLink1Description"; Value = "Manufacturer URL"; VariantName = "[No Variations]"
Change component parameters (AddParameter): Name = "ComponentLink1URL"; Value = "http://www.panasonic.com/"; VariantName = "[No Variations]"
Change component parameters (AddParameter): Name = "ComponentLink2Description"; Value = "Datasheet"; VariantName = "[No Variations]"
Change component parameters (AddParameter): Name = "ComponentLink2URL"; Value = "http://industrial.panasonic.com/cdbs/www-data/pdf/RDA0000/AOA0000C86.pdf"; VariantName = "[No Variations]"
Change component parameters (AddParameter): Name = "DatasheetVersion"; Value = "04/2015"; VariantName = "[No Variations]"
Change component parameters (AddParameter): Name = "Height"; Value = "0.35 mm"; VariantName = "[No Variations]"
Change component parameters (AddParameter): Name = "Length"; Value = "1 mm"; VariantName = "[No Variations]"
Change component parameters (AddParameter): Name = "Manufacturer"; Value = "Basic Passives"; VariantName = "[No Variations]"
Change component parameters (AddParameter): Name = "Max Operating Temperature"; Value = "155 degC"; VariantName = "[No Variations]"
Change component parameters (AddParameter): Name = "Min Operating Temperature"; Value = "-55 degC"; VariantName = "[No Variations]"
Change component parameters (AddParameter): Name = "Mount"; Value = "Surface Mount"; VariantName = "[No Variations]"
Change component parameters (AddParameter): Name = "Mounting Technology"; Value = "Surface Mount"; VariantName = "[No Variations]"
Change component parameters (AddParameter): Name = "Package Quantity"; Value = "10000"; VariantName = "[No Variations]"
Change component parameters (AddParameter): Name = "PackageDescription"; Value = "2-Pin Surface Mount Device, Body 1 x 0.5 mm"; VariantName = "[No Variations]"
Change component parameters (AddParameter): Name = "PackageReference"; Value = "0402"; VariantName = "[No Variations]"
Change component parameters (AddParameter): Name = "Packaging"; Value = "Tape and Reel"; VariantName = "[No Variations]"
Change component parameters (AddParameter): Name = "PartNumber"; Value = "ERJ-2RKF1001X"; VariantName = "[No Variations]"
Change component parameters (AddParameter): Name = "Pins"; Value = "2"; VariantName = "[No Variations]"
Change component parameters (AddParameter): Name = "Power Rating"; Value = "100 mW"; VariantName = "[No Variations]"
Change component parameters (AddParameter): Name = "Radiation Hardening"; Value = "No"; VariantName = "[No Variations]"
Change component parameters (AddParameter): Name = "REACH SVHC"; Value = "Yes"; VariantName = "[No Variations]"
Change component parameters (AddParameter): Name = "Resistance"; Value = "1 KOhm"; VariantName = "[No Variations]"
Change component parameters (AddParameter): Name = "RoHSCompliant"; Value = "true"; VariantName = "[No Variations]"
Change component parameters (AddParameter): Name = "Tolerance"; Value = "1%"; VariantName = "[No Variations]"
Change component parameters (AddParameter): Name = "Voltage Rating"; Value = "50 V"; VariantName = "[No Variations]"
Change component parameters (AddParameter): Name = "Width"; Value = "0.5 mm"; VariantName = "[No Variations]"
Change component parameters: Designator = "R36_Amplifier_K-51" ("R36"); Footprint = "RESC1005X40X25LL05T05"; UniqueID = "\OPQMYWKL\NFCQVBRK" ("\OPQMYWKL\NFCQVBRK")
Change component parameters (AddParameter): Name = "Case Code (Imperial)"; Value = "0402"; VariantName = "[No Variations]"
Change component parameters (AddParameter): Name = "Case Code (Metric)"; Value = "1005"; VariantName = "[No Variations]"
Change component parameters (AddParameter): Name = "Case\/Package"; Value = "0402"; VariantName = "[No Variations]"
Change component parameters (AddParameter): Name = "ComponentLink1Description"; Value = "Manufacturer URL"; VariantName = "[No Variations]"
Change component parameters (AddParameter): Name = "ComponentLink1URL"; Value = "http://www.panasonic.com/"; VariantName = "[No Variations]"
Change component parameters (AddParameter): Name = "ComponentLink2Description"; Value = "Datasheet"; VariantName = "[No Variations]"
Change component parameters (AddParameter): Name = "ComponentLink2URL"; Value = "http://industrial.panasonic.com/cdbs/www-data/pdf/RDA0000/AOA0000C86.pdf"; VariantName = "[No Variations]"
Change component parameters (AddParameter): Name = "DatasheetVersion"; Value = "04/2015"; VariantName = "[No Variations]"
Change component parameters (AddParameter): Name = "Height"; Value = "0.35 mm"; VariantName = "[No Variations]"
Change component parameters (AddParameter): Name = "Length"; Value = "1 mm"; VariantName = "[No Variations]"
Change component parameters (AddParameter): Name = "Manufacturer"; Value = "Basic Passives"; VariantName = "[No Variations]"
Change component parameters (AddParameter): Name = "Max Operating Temperature"; Value = "155 degC"; VariantName = "[No Variations]"
Change component parameters (AddParameter): Name = "Min Operating Temperature"; Value = "-55 degC"; VariantName = "[No Variations]"
Change component parameters (AddParameter): Name = "Mount"; Value = "Surface Mount"; VariantName = "[No Variations]"
Change component parameters (AddParameter): Name = "Mounting Technology"; Value = "Surface Mount"; VariantName = "[No Variations]"
Change component parameters (AddParameter): Name = "Package Quantity"; Value = "10000"; VariantName = "[No Variations]"
Change component parameters (AddParameter): Name = "PackageDescription"; Value = "2-Pin Surface Mount Device, Body 1 x 0.5 mm"; VariantName = "[No Variations]"
Change component parameters (AddParameter): Name = "PackageReference"; Value = "0402"; VariantName = "[No Variations]"
Change component parameters (AddParameter): Name = "Packaging"; Value = "Tape and Reel"; VariantName = "[No Variations]"
Change component parameters (AddParameter): Name = "PartNumber"; Value = "ERJ-2RKF1001X"; VariantName = "[No Variations]"
Change component parameters (AddParameter): Name = "Pins"; Value = "2"; VariantName = "[No Variations]"
Change component parameters (AddParameter): Name = "Power Rating"; Value = "100 mW"; VariantName = "[No Variations]"
Change component parameters (AddParameter): Name = "Radiation Hardening"; Value = "No"; VariantName = "[No Variations]"
Change component parameters (AddParameter): Name = "REACH SVHC"; Value = "Yes"; VariantName = "[No Variations]"
Change component parameters (AddParameter): Name = "Resistance"; Value = "1 KOhm"; VariantName = "[No Variations]"
Change component parameters (AddParameter): Name = "RoHSCompliant"; Value = "true"; VariantName = "[No Variations]"
Change component parameters (AddParameter): Name = "Tolerance"; Value = "1%"; VariantName = "[No Variations]"
Change component parameters (AddParameter): Name = "Voltage Rating"; Value = "50 V"; VariantName = "[No Variations]"
Change component parameters (AddParameter): Name = "Width"; Value = "0.5 mm"; VariantName = "[No Variations]"
Change component parameters: Designator = "R36_Amplifier_K-52" ("R36"); Footprint = "RESC1005X40X25LL05T05"; UniqueID = "\RQKRKSVS\NFCQVBRK" ("\RQKRKSVS\NFCQVBRK")
Change component parameters (AddParameter): Name = "Case Code (Imperial)"; Value = "0402"; VariantName = "[No Variations]"
Change component parameters (AddParameter): Name = "Case Code (Metric)"; Value = "1005"; VariantName = "[No Variations]"
Change component parameters (AddParameter): Name = "Case\/Package"; Value = "0402"; VariantName = "[No Variations]"
Change component parameters (AddParameter): Name = "ComponentLink1Description"; Value = "Manufacturer URL"; VariantName = "[No Variations]"
Change component parameters (AddParameter): Name = "ComponentLink1URL"; Value = "http://www.panasonic.com/"; VariantName = "[No Variations]"
Change component parameters (AddParameter): Name = "ComponentLink2Description"; Value = "Datasheet"; VariantName = "[No Variations]"
Change component parameters (AddParameter): Name = "ComponentLink2URL"; Value = "http://industrial.panasonic.com/cdbs/www-data/pdf/RDA0000/AOA0000C86.pdf"; VariantName = "[No Variations]"
Change component parameters (AddParameter): Name = "DatasheetVersion"; Value = "04/2015"; VariantName = "[No Variations]"
Change component parameters (AddParameter): Name = "Height"; Value = "0.35 mm"; VariantName = "[No Variations]"
Change component parameters (AddParameter): Name = "Length"; Value = "1 mm"; VariantName = "[No Variations]"
Change component parameters (AddParameter): Name = "Manufacturer"; Value = "Basic Passives"; VariantName = "[No Variations]"
Change component parameters (AddParameter): Name = "Max Operating Temperature"; Value = "155 degC"; VariantName = "[No Variations]"
Change component parameters (AddParameter): Name = "Min Operating Temperature"; Value = "-55 degC"; VariantName = "[No Variations]"
Change component parameters (AddParameter): Name = "Mount"; Value = "Surface Mount"; VariantName = "[No Variations]"
Change component parameters (AddParameter): Name = "Mounting Technology"; Value = "Surface Mount"; VariantName = "[No Variations]"
Change component parameters (AddParameter): Name = "Package Quantity"; Value = "10000"; VariantName = "[No Variations]"
Change component parameters (AddParameter): Name = "PackageDescription"; Value = "2-Pin Surface Mount Device, Body 1 x 0.5 mm"; VariantName = "[No Variations]"
Change component parameters (AddParameter): Name = "PackageReference"; Value = "0402"; VariantName = "[No Variations]"
Change component parameters (AddParameter): Name = "Packaging"; Value = "Tape and Reel"; VariantName = "[No Variations]"
Change component parameters (AddParameter): Name = "PartNumber"; Value = "ERJ-2RKF1001X"; VariantName = "[No Variations]"
Change component parameters (AddParameter): Name = "Pins"; Value = "2"; VariantName = "[No Variations]"
Change component parameters (AddParameter): Name = "Power Rating"; Value = "100 mW"; VariantName = "[No Variations]"
Change component parameters (AddParameter): Name = "Radiation Hardening"; Value = "No"; VariantName = "[No Variations]"
Change component parameters (AddParameter): Name = "REACH SVHC"; Value = "Yes"; VariantName = "[No Variations]"
Change component parameters (AddParameter): Name = "Resistance"; Value = "1 KOhm"; VariantName = "[No Variations]"
Change component parameters (AddParameter): Name = "RoHSCompliant"; Value = "true"; VariantName = "[No Variations]"
Change component parameters (AddParameter): Name = "Tolerance"; Value = "1%"; VariantName = "[No Variations]"
Change component parameters (AddParameter): Name = "Voltage Rating"; Value = "50 V"; VariantName = "[No Variations]"
Change component parameters (AddParameter): Name = "Width"; Value = "0.5 mm"; VariantName = "[No Variations]"
Change component parameters: Designator = "R37_Amplifier_K-51" ("R37"); Footprint = "RESC1005X40X25LL05T05"; UniqueID = "\OPQMYWKL\AIQMSGAT" ("\OPQMYWKL\AIQMSGAT")
Change component parameters (AddParameter): Name = "Case Code (Imperial)"; Value = "0402"; VariantName = "[No Variations]"
Change component parameters (AddParameter): Name = "Case Code (Metric)"; Value = "1005"; VariantName = "[No Variations]"
Change component parameters (AddParameter): Name = "Case\/Package"; Value = "0402"; VariantName = "[No Variations]"
Change component parameters (AddParameter): Name = "ComponentLink1Description"; Value = "Manufacturer URL"; VariantName = "[No Variations]"
Change component parameters (AddParameter): Name = "ComponentLink1URL"; Value = "http://www.panasonic.com/"; VariantName = "[No Variations]"
Change component parameters (AddParameter): Name = "ComponentLink2Description"; Value = "Datasheet"; VariantName = "[No Variations]"
Change component parameters (AddParameter): Name = "ComponentLink2URL"; Value = "http://industrial.panasonic.com/cdbs/www-data/pdf/RDA0000/AOA0000C86.pdf"; VariantName = "[No Variations]"
Change component parameters (AddParameter): Name = "DatasheetVersion"; Value = "04/2015"; VariantName = "[No Variations]"
Change component parameters (AddParameter): Name = "Height"; Value = "0.35 mm"; VariantName = "[No Variations]"
Change component parameters (AddParameter): Name = "Length"; Value = "1 mm"; VariantName = "[No Variations]"
Change component parameters (AddParameter): Name = "Manufacturer"; Value = "Basic Passives"; VariantName = "[No Variations]"
Change component parameters (AddParameter): Name = "Max Operating Temperature"; Value = "155 degC"; VariantName = "[No Variations]"
Change component parameters (AddParameter): Name = "Min Operating Temperature"; Value = "-55 degC"; VariantName = "[No Variations]"
Change component parameters (AddParameter): Name = "Mount"; Value = "Surface Mount"; VariantName = "[No Variations]"
Change component parameters (AddParameter): Name = "Mounting Technology"; Value = "Surface Mount"; VariantName = "[No Variations]"
Change component parameters (AddParameter): Name = "Package Quantity"; Value = "10000"; VariantName = "[No Variations]"
Change component parameters (AddParameter): Name = "PackageDescription"; Value = "2-Pin Surface Mount Device, Body 1 x 0.5 mm"; VariantName = "[No Variations]"
Change component parameters (AddParameter): Name = "PackageReference"; Value = "0402"; VariantName = "[No Variations]"
Change component parameters (AddParameter): Name = "Packaging"; Value = "Tape and Reel"; VariantName = "[No Variations]"
Change component parameters (AddParameter): Name = "PartNumber"; Value = "ERJ-2RKF1001X"; VariantName = "[No Variations]"
Change component parameters (AddParameter): Name = "Pins"; Value = "2"; VariantName = "[No Variations]"
Change component parameters (AddParameter): Name = "Power Rating"; Value = "100 mW"; VariantName = "[No Variations]"
Change component parameters (AddParameter): Name = "Radiation Hardening"; Value = "No"; VariantName = "[No Variations]"
Change component parameters (AddParameter): Name = "REACH SVHC"; Value = "Yes"; VariantName = "[No Variations]"
Change component parameters (AddParameter): Name = "Resistance"; Value = "1 KOhm"; VariantName = "[No Variations]"
Change component parameters (AddParameter): Name = "RoHSCompliant"; Value = "true"; VariantName = "[No Variations]"
Change component parameters (AddParameter): Name = "Tolerance"; Value = "1%"; VariantName = "[No Variations]"
Change component parameters (AddParameter): Name = "Voltage Rating"; Value = "50 V"; VariantName = "[No Variations]"
Change component parameters (AddParameter): Name = "Width"; Value = "0.5 mm"; VariantName = "[No Variations]"
Change component parameters: Designator = "R37_Amplifier_K-52" ("R37"); Footprint = "RESC1005X40X25LL05T05"; UniqueID = "\RQKRKSVS\AIQMSGAT" ("\RQKRKSVS\AIQMSGAT")
Change component parameters (AddParameter): Name = "Case Code (Imperial)"; Value = "0402"; VariantName = "[No Variations]"
Change component parameters (AddParameter): Name = "Case Code (Metric)"; Value = "1005"; VariantName = "[No Variations]"
Change component parameters (AddParameter): Name = "Case\/Package"; Value = "0402"; VariantName = "[No Variations]"
Change component parameters (AddParameter): Name = "ComponentLink1Description"; Value = "Manufacturer URL"; VariantName = "[No Variations]"
Change component parameters (AddParameter): Name = "ComponentLink1URL"; Value = "http://www.panasonic.com/"; VariantName = "[No Variations]"
Change component parameters (AddParameter): Name = "ComponentLink2Description"; Value = "Datasheet"; VariantName = "[No Variations]"
Change component parameters (AddParameter): Name = "ComponentLink2URL"; Value = "http://industrial.panasonic.com/cdbs/www-data/pdf/RDA0000/AOA0000C86.pdf"; VariantName = "[No Variations]"
Change component parameters (AddParameter): Name = "DatasheetVersion"; Value = "04/2015"; VariantName = "[No Variations]"
Change component parameters (AddParameter): Name = "Height"; Value = "0.35 mm"; VariantName = "[No Variations]"
Change component parameters (AddParameter): Name = "Length"; Value = "1 mm"; VariantName = "[No Variations]"
Change component parameters (AddParameter): Name = "Manufacturer"; Value = "Basic Passives"; VariantName = "[No Variations]"
Change component parameters (AddParameter): Name = "Max Operating Temperature"; Value = "155 degC"; VariantName = "[No Variations]"
Change component parameters (AddParameter): Name = "Min Operating Temperature"; Value = "-55 degC"; VariantName = "[No Variations]"
Change component parameters (AddParameter): Name = "Mount"; Value = "Surface Mount"; VariantName = "[No Variations]"
Change component parameters (AddParameter): Name = "Mounting Technology"; Value = "Surface Mount"; VariantName = "[No Variations]"
Change component parameters (AddParameter): Name = "Package Quantity"; Value = "10000"; VariantName = "[No Variations]"
Change component parameters (AddParameter): Name = "PackageDescription"; Value = "2-Pin Surface Mount Device, Body 1 x 0.5 mm"; VariantName = "[No Variations]"
Change component parameters (AddParameter): Name = "PackageReference"; Value = "0402"; VariantName = "[No Variations]"
Change component parameters (AddParameter): Name = "Packaging"; Value = "Tape and Reel"; VariantName = "[No Variations]"
Change component parameters (AddParameter): Name = "PartNumber"; Value = "ERJ-2RKF1001X"; VariantName = "[No Variations]"
Change component parameters (AddParameter): Name = "Pins"; Value = "2"; VariantName = "[No Variations]"
Change component parameters (AddParameter): Name = "Power Rating"; Value = "100 mW"; VariantName = "[No Variations]"
Change component parameters (AddParameter): Name = "Radiation Hardening"; Value = "No"; VariantName = "[No Variations]"
Change component parameters (AddParameter): Name = "REACH SVHC"; Value = "Yes"; VariantName = "[No Variations]"
Change component parameters (AddParameter): Name = "Resistance"; Value = "1 KOhm"; VariantName = "[No Variations]"
Change component parameters (AddParameter): Name = "RoHSCompliant"; Value = "true"; VariantName = "[No Variations]"
Change component parameters (AddParameter): Name = "Tolerance"; Value = "1%"; VariantName = "[No Variations]"
Change component parameters (AddParameter): Name = "Voltage Rating"; Value = "50 V"; VariantName = "[No Variations]"
Change component parameters (AddParameter): Name = "Width"; Value = "0.5 mm"; VariantName = "[No Variations]"
Change component parameters: Designator = "R40_Amplifier_K-51" ("R40"); Footprint = "RESC1005X40X25LL05T05"; UniqueID = "\OPQMYWKL\SJPTMSBD" ("\OPQMYWKL\SJPTMSBD")
Change component parameters (AddParameter): Name = "Case Code (Imperial)"; Value = "0402"; VariantName = "[No Variations]"
Change component parameters (AddParameter): Name = "Case Code (Metric)"; Value = "1005"; VariantName = "[No Variations]"
Change component parameters (AddParameter): Name = "Case\/Package"; Value = "0402"; VariantName = "[No Variations]"
Change component parameters (AddParameter): Name = "ComponentLink1Description"; Value = "Manufacturer URL"; VariantName = "[No Variations]"
Change component parameters (AddParameter): Name = "ComponentLink1URL"; Value = "http://www.panasonic.com/"; VariantName = "[No Variations]"
Change component parameters (AddParameter): Name = "ComponentLink2Description"; Value = "Datasheet"; VariantName = "[No Variations]"
Change component parameters (AddParameter): Name = "ComponentLink2URL"; Value = "http://industrial.panasonic.com/cdbs/www-data/pdf/RDA0000/AOA0000C86.pdf"; VariantName = "[No Variations]"
Change component parameters (AddParameter): Name = "DatasheetVersion"; Value = "04/2015"; VariantName = "[No Variations]"
Change component parameters (AddParameter): Name = "Height"; Value = "0.35 mm"; VariantName = "[No Variations]"
Change component parameters (AddParameter): Name = "Length"; Value = "1 mm"; VariantName = "[No Variations]"
Change component parameters (AddParameter): Name = "Manufacturer"; Value = "Basic Passives"; VariantName = "[No Variations]"
Change component parameters (AddParameter): Name = "Max Operating Temperature"; Value = "155 degC"; VariantName = "[No Variations]"
Change component parameters (AddParameter): Name = "Min Operating Temperature"; Value = "-55 degC"; VariantName = "[No Variations]"
Change component parameters (AddParameter): Name = "Mount"; Value = "Surface Mount"; VariantName = "[No Variations]"
Change component parameters (AddParameter): Name = "Mounting Technology"; Value = "Surface Mount"; VariantName = "[No Variations]"
Change component parameters (AddParameter): Name = "Package Quantity"; Value = "10000"; VariantName = "[No Variations]"
Change component parameters (AddParameter): Name = "PackageDescription"; Value = "2-Pin Surface Mount Device, Body 1 x 0.5 mm"; VariantName = "[No Variations]"
Change component parameters (AddParameter): Name = "PackageReference"; Value = "0402"; VariantName = "[No Variations]"
Change component parameters (AddParameter): Name = "Packaging"; Value = "Tape and Reel"; VariantName = "[No Variations]"
Change component parameters (AddParameter): Name = "PartNumber"; Value = "ERJ-2RKF1001X"; VariantName = "[No Variations]"
Change component parameters (AddParameter): Name = "Pins"; Value = "2"; VariantName = "[No Variations]"
Change component parameters (AddParameter): Name = "Power Rating"; Value = "100 mW"; VariantName = "[No Variations]"
Change component parameters (AddParameter): Name = "Radiation Hardening"; Value = "No"; VariantName = "[No Variations]"
Change component parameters (AddParameter): Name = "REACH SVHC"; Value = "Yes"; VariantName = "[No Variations]"
Change component parameters (AddParameter): Name = "Resistance"; Value = "1 KOhm"; VariantName = "[No Variations]"
Change component parameters (AddParameter): Name = "RoHSCompliant"; Value = "true"; VariantName = "[No Variations]"
Change component parameters (AddParameter): Name = "Tolerance"; Value = "1%"; VariantName = "[No Variations]"
Change component parameters (AddParameter): Name = "Voltage Rating"; Value = "50 V"; VariantName = "[No Variations]"
Change component parameters (AddParameter): Name = "Width"; Value = "0.5 mm"; VariantName = "[No Variations]"
Change component parameters: Designator = "R40_Amplifier_K-52" ("R40"); Footprint = "RESC1005X40X25LL05T05"; UniqueID = "\RQKRKSVS\SJPTMSBD" ("\RQKRKSVS\SJPTMSBD")
Change component parameters (AddParameter): Name = "Case Code (Imperial)"; Value = "0402"; VariantName = "[No Variations]"
Change component parameters (AddParameter): Name = "Case Code (Metric)"; Value = "1005"; VariantName = "[No Variations]"
Change component parameters (AddParameter): Name = "Case\/Package"; Value = "0402"; VariantName = "[No Variations]"
Change component parameters (AddParameter): Name = "ComponentLink1Description"; Value = "Manufacturer URL"; VariantName = "[No Variations]"
Change component parameters (AddParameter): Name = "ComponentLink1URL"; Value = "http://www.panasonic.com/"; VariantName = "[No Variations]"
Change component parameters (AddParameter): Name = "ComponentLink2Description"; Value = "Datasheet"; VariantName = "[No Variations]"
Change component parameters (AddParameter): Name = "ComponentLink2URL"; Value = "http://industrial.panasonic.com/cdbs/www-data/pdf/RDA0000/AOA0000C86.pdf"; VariantName = "[No Variations]"
Change component parameters (AddParameter): Name = "DatasheetVersion"; Value = "04/2015"; VariantName = "[No Variations]"
Change component parameters (AddParameter): Name = "Height"; Value = "0.35 mm"; VariantName = "[No Variations]"
Change component parameters (AddParameter): Name = "Length"; Value = "1 mm"; VariantName = "[No Variations]"
Change component parameters (AddParameter): Name = "Manufacturer"; Value = "Basic Passives"; VariantName = "[No Variations]"
Change component parameters (AddParameter): Name = "Max Operating Temperature"; Value = "155 degC"; VariantName = "[No Variations]"
Change component parameters (AddParameter): Name = "Min Operating Temperature"; Value = "-55 degC"; VariantName = "[No Variations]"
Change component parameters (AddParameter): Name = "Mount"; Value = "Surface Mount"; VariantName = "[No Variations]"
Change component parameters (AddParameter): Name = "Mounting Technology"; Value = "Surface Mount"; VariantName = "[No Variations]"
Change component parameters (AddParameter): Name = "Package Quantity"; Value = "10000"; VariantName = "[No Variations]"
Change component parameters (AddParameter): Name = "PackageDescription"; Value = "2-Pin Surface Mount Device, Body 1 x 0.5 mm"; VariantName = "[No Variations]"
Change component parameters (AddParameter): Name = "PackageReference"; Value = "0402"; VariantName = "[No Variations]"
Change component parameters (AddParameter): Name = "Packaging"; Value = "Tape and Reel"; VariantName = "[No Variations]"
Change component parameters (AddParameter): Name = "PartNumber"; Value = "ERJ-2RKF1001X"; VariantName = "[No Variations]"
Change component parameters (AddParameter): Name = "Pins"; Value = "2"; VariantName = "[No Variations]"
Change component parameters (AddParameter): Name = "Power Rating"; Value = "100 mW"; VariantName = "[No Variations]"
Change component parameters (AddParameter): Name = "Radiation Hardening"; Value = "No"; VariantName = "[No Variations]"
Change component parameters (AddParameter): Name = "REACH SVHC"; Value = "Yes"; VariantName = "[No Variations]"
Change component parameters (AddParameter): Name = "Resistance"; Value = "1 KOhm"; VariantName = "[No Variations]"
Change component parameters (AddParameter): Name = "RoHSCompliant"; Value = "true"; VariantName = "[No Variations]"
Change component parameters (AddParameter): Name = "Tolerance"; Value = "1%"; VariantName = "[No Variations]"
Change component parameters (AddParameter): Name = "Voltage Rating"; Value = "50 V"; VariantName = "[No Variations]"
Change component parameters (AddParameter): Name = "Width"; Value = "0.5 mm"; VariantName = "[No Variations]"
Change component parameters: Designator = "R41_Amplifier_K-51" ("R41"); Footprint = "RESC1005X40X25LL05T05"; UniqueID = "\OPQMYWKL\NYDUELOV" ("\OPQMYWKL\NYDUELOV")
Change component parameters (AddParameter): Name = "Case Code (Imperial)"; Value = "0402"; VariantName = "[No Variations]"
Change component parameters (AddParameter): Name = "Case Code (Metric)"; Value = "1005"; VariantName = "[No Variations]"
Change component parameters (AddParameter): Name = "Case\/Package"; Value = "0402"; VariantName = "[No Variations]"
Change component parameters (AddParameter): Name = "ComponentLink1Description"; Value = "Manufacturer URL"; VariantName = "[No Variations]"
Change component parameters (AddParameter): Name = "ComponentLink1URL"; Value = "http://www.panasonic.com/"; VariantName = "[No Variations]"
Change component parameters (AddParameter): Name = "ComponentLink2Description"; Value = "Datasheet"; VariantName = "[No Variations]"
Change component parameters (AddParameter): Name = "ComponentLink2URL"; Value = "http://industrial.panasonic.com/cdbs/www-data/pdf/RDA0000/AOA0000C86.pdf"; VariantName = "[No Variations]"
Change component parameters (AddParameter): Name = "DatasheetVersion"; Value = "04/2015"; VariantName = "[No Variations]"
Change component parameters (AddParameter): Name = "Height"; Value = "0.35 mm"; VariantName = "[No Variations]"
Change component parameters (AddParameter): Name = "Length"; Value = "1 mm"; VariantName = "[No Variations]"
Change component parameters (AddParameter): Name = "Manufacturer"; Value = "Basic Passives"; VariantName = "[No Variations]"
Change component parameters (AddParameter): Name = "Max Operating Temperature"; Value = "155 degC"; VariantName = "[No Variations]"
Change component parameters (AddParameter): Name = "Min Operating Temperature"; Value = "-55 degC"; VariantName = "[No Variations]"
Change component parameters (AddParameter): Name = "Mount"; Value = "Surface Mount"; VariantName = "[No Variations]"
Change component parameters (AddParameter): Name = "Mounting Technology"; Value = "Surface Mount"; VariantName = "[No Variations]"
Change component parameters (AddParameter): Name = "Package Quantity"; Value = "10000"; VariantName = "[No Variations]"
Change component parameters (AddParameter): Name = "PackageDescription"; Value = "2-Pin Surface Mount Device, Body 1 x 0.5 mm"; VariantName = "[No Variations]"
Change component parameters (AddParameter): Name = "PackageReference"; Value = "0402"; VariantName = "[No Variations]"
Change component parameters (AddParameter): Name = "Packaging"; Value = "Tape and Reel"; VariantName = "[No Variations]"
Change component parameters (AddParameter): Name = "PartNumber"; Value = "ERJ-2RKF1001X"; VariantName = "[No Variations]"
Change component parameters (AddParameter): Name = "Pins"; Value = "2"; VariantName = "[No Variations]"
Change component parameters (AddParameter): Name = "Power Rating"; Value = "100 mW"; VariantName = "[No Variations]"
Change component parameters (AddParameter): Name = "Radiation Hardening"; Value = "No"; VariantName = "[No Variations]"
Change component parameters (AddParameter): Name = "REACH SVHC"; Value = "Yes"; VariantName = "[No Variations]"
Change component parameters (AddParameter): Name = "Resistance"; Value = "1 KOhm"; VariantName = "[No Variations]"
Change component parameters (AddParameter): Name = "RoHSCompliant"; Value = "true"; VariantName = "[No Variations]"
Change component parameters (AddParameter): Name = "Tolerance"; Value = "1%"; VariantName = "[No Variations]"
Change component parameters (AddParameter): Name = "Voltage Rating"; Value = "50 V"; VariantName = "[No Variations]"
Change component parameters (AddParameter): Name = "Width"; Value = "0.5 mm"; VariantName = "[No Variations]"
Change component parameters: Designator = "R41_Amplifier_K-52" ("R41"); Footprint = "RESC1005X40X25LL05T05"; UniqueID = "\RQKRKSVS\NYDUELOV" ("\RQKRKSVS\NYDUELOV")
Change component parameters (AddParameter): Name = "Case Code (Imperial)"; Value = "0402"; VariantName = "[No Variations]"
Change component parameters (AddParameter): Name = "Case Code (Metric)"; Value = "1005"; VariantName = "[No Variations]"
Change component parameters (AddParameter): Name = "Case\/Package"; Value = "0402"; VariantName = "[No Variations]"
Change component parameters (AddParameter): Name = "ComponentLink1Description"; Value = "Manufacturer URL"; VariantName = "[No Variations]"
Change component parameters (AddParameter): Name = "ComponentLink1URL"; Value = "http://www.panasonic.com/"; VariantName = "[No Variations]"
Change component parameters (AddParameter): Name = "ComponentLink2Description"; Value = "Datasheet"; VariantName = "[No Variations]"
Change component parameters (AddParameter): Name = "ComponentLink2URL"; Value = "http://industrial.panasonic.com/cdbs/www-data/pdf/RDA0000/AOA0000C86.pdf"; VariantName = "[No Variations]"
Change component parameters (AddParameter): Name = "DatasheetVersion"; Value = "04/2015"; VariantName = "[No Variations]"
Change component parameters (AddParameter): Name = "Height"; Value = "0.35 mm"; VariantName = "[No Variations]"
Change component parameters (AddParameter): Name = "Length"; Value = "1 mm"; VariantName = "[No Variations]"
Change component parameters (AddParameter): Name = "Manufacturer"; Value = "Basic Passives"; VariantName = "[No Variations]"
Change component parameters (AddParameter): Name = "Max Operating Temperature"; Value = "155 degC"; VariantName = "[No Variations]"
Change component parameters (AddParameter): Name = "Min Operating Temperature"; Value = "-55 degC"; VariantName = "[No Variations]"
Change component parameters (AddParameter): Name = "Mount"; Value = "Surface Mount"; VariantName = "[No Variations]"
Change component parameters (AddParameter): Name = "Mounting Technology"; Value = "Surface Mount"; VariantName = "[No Variations]"
Change component parameters (AddParameter): Name = "Package Quantity"; Value = "10000"; VariantName = "[No Variations]"
Change component parameters (AddParameter): Name = "PackageDescription"; Value = "2-Pin Surface Mount Device, Body 1 x 0.5 mm"; VariantName = "[No Variations]"
Change component parameters (AddParameter): Name = "PackageReference"; Value = "0402"; VariantName = "[No Variations]"
Change component parameters (AddParameter): Name = "Packaging"; Value = "Tape and Reel"; VariantName = "[No Variations]"
Change component parameters (AddParameter): Name = "PartNumber"; Value = "ERJ-2RKF1001X"; VariantName = "[No Variations]"
Change component parameters (AddParameter): Name = "Pins"; Value = "2"; VariantName = "[No Variations]"
Change component parameters (AddParameter): Name = "Power Rating"; Value = "100 mW"; VariantName = "[No Variations]"
Change component parameters (AddParameter): Name = "Radiation Hardening"; Value = "No"; VariantName = "[No Variations]"
Change component parameters (AddParameter): Name = "REACH SVHC"; Value = "Yes"; VariantName = "[No Variations]"
Change component parameters (AddParameter): Name = "Resistance"; Value = "1 KOhm"; VariantName = "[No Variations]"
Change component parameters (AddParameter): Name = "RoHSCompliant"; Value = "true"; VariantName = "[No Variations]"
Change component parameters (AddParameter): Name = "Tolerance"; Value = "1%"; VariantName = "[No Variations]"
Change component parameters (AddParameter): Name = "Voltage Rating"; Value = "50 V"; VariantName = "[No Variations]"
Change component parameters (AddParameter): Name = "Width"; Value = "0.5 mm"; VariantName = "[No Variations]"
Change component parameters: Designator = "R44_Amplifier_K-51" ("R44"); Footprint = "RESC1005X40X25LL05T05"; UniqueID = "\OPQMYWKL\MYASWOKA" ("\OPQMYWKL\MYASWOKA")
Change component parameters (AddParameter): Name = "Case Code (Imperial)"; Value = "0402"; VariantName = "[No Variations]"
Change component parameters (AddParameter): Name = "Case Code (Metric)"; Value = "1005"; VariantName = "[No Variations]"
Change component parameters (AddParameter): Name = "Case\/Package"; Value = "0402"; VariantName = "[No Variations]"
Change component parameters (AddParameter): Name = "ComponentLink1Description"; Value = "Manufacturer URL"; VariantName = "[No Variations]"
Change component parameters (AddParameter): Name = "ComponentLink1URL"; Value = "http://www.panasonic.com/"; VariantName = "[No Variations]"
Change component parameters (AddParameter): Name = "ComponentLink2Description"; Value = "Datasheet"; VariantName = "[No Variations]"
Change component parameters (AddParameter): Name = "ComponentLink2URL"; Value = "http://industrial.panasonic.com/cdbs/www-data/pdf/RDA0000/AOA0000C86.pdf"; VariantName = "[No Variations]"
Change component parameters (AddParameter): Name = "DatasheetVersion"; Value = "04/2015"; VariantName = "[No Variations]"
Change component parameters (AddParameter): Name = "Height"; Value = "0.35 mm"; VariantName = "[No Variations]"
Change component parameters (AddParameter): Name = "Length"; Value = "1 mm"; VariantName = "[No Variations]"
Change component parameters (AddParameter): Name = "Manufacturer"; Value = "Basic Passives"; VariantName = "[No Variations]"
Change component parameters (AddParameter): Name = "Max Operating Temperature"; Value = "155 degC"; VariantName = "[No Variations]"
Change component parameters (AddParameter): Name = "Min Operating Temperature"; Value = "-55 degC"; VariantName = "[No Variations]"
Change component parameters (AddParameter): Name = "Mount"; Value = "Surface Mount"; VariantName = "[No Variations]"
Change component parameters (AddParameter): Name = "Mounting Technology"; Value = "Surface Mount"; VariantName = "[No Variations]"
Change component parameters (AddParameter): Name = "Package Quantity"; Value = "10000"; VariantName = "[No Variations]"
Change component parameters (AddParameter): Name = "PackageDescription"; Value = "2-Pin Surface Mount Device, Body 1 x 0.5 mm"; VariantName = "[No Variations]"
Change component parameters (AddParameter): Name = "PackageReference"; Value = "0402"; VariantName = "[No Variations]"
Change component parameters (AddParameter): Name = "Packaging"; Value = "Tape and Reel"; VariantName = "[No Variations]"
Change component parameters (AddParameter): Name = "PartNumber"; Value = "ERJ-2RKF1001X"; VariantName = "[No Variations]"
Change component parameters (AddParameter): Name = "Pins"; Value = "2"; VariantName = "[No Variations]"
Change component parameters (AddParameter): Name = "Power Rating"; Value = "100 mW"; VariantName = "[No Variations]"
Change component parameters (AddParameter): Name = "Radiation Hardening"; Value = "No"; VariantName = "[No Variations]"
Change component parameters (AddParameter): Name = "REACH SVHC"; Value = "Yes"; VariantName = "[No Variations]"
Change component parameters (AddParameter): Name = "Resistance"; Value = "1 KOhm"; VariantName = "[No Variations]"
Change component parameters (AddParameter): Name = "RoHSCompliant"; Value = "true"; VariantName = "[No Variations]"
Change component parameters (AddParameter): Name = "Tolerance"; Value = "1%"; VariantName = "[No Variations]"
Change component parameters (AddParameter): Name = "Voltage Rating"; Value = "50 V"; VariantName = "[No Variations]"
Change component parameters (AddParameter): Name = "Width"; Value = "0.5 mm"; VariantName = "[No Variations]"
Change component parameters: Designator = "R44_Amplifier_K-52" ("R44"); Footprint = "RESC1005X40X25LL05T05"; UniqueID = "\RQKRKSVS\MYASWOKA" ("\RQKRKSVS\MYASWOKA")
Change component parameters (AddParameter): Name = "Case Code (Imperial)"; Value = "0402"; VariantName = "[No Variations]"
Change component parameters (AddParameter): Name = "Case Code (Metric)"; Value = "1005"; VariantName = "[No Variations]"
Change component parameters (AddParameter): Name = "Case\/Package"; Value = "0402"; VariantName = "[No Variations]"
Change component parameters (AddParameter): Name = "ComponentLink1Description"; Value = "Manufacturer URL"; VariantName = "[No Variations]"
Change component parameters (AddParameter): Name = "ComponentLink1URL"; Value = "http://www.panasonic.com/"; VariantName = "[No Variations]"
Change component parameters (AddParameter): Name = "ComponentLink2Description"; Value = "Datasheet"; VariantName = "[No Variations]"
Change component parameters (AddParameter): Name = "ComponentLink2URL"; Value = "http://industrial.panasonic.com/cdbs/www-data/pdf/RDA0000/AOA0000C86.pdf"; VariantName = "[No Variations]"
Change component parameters (AddParameter): Name = "DatasheetVersion"; Value = "04/2015"; VariantName = "[No Variations]"
Change component parameters (AddParameter): Name = "Height"; Value = "0.35 mm"; VariantName = "[No Variations]"
Change component parameters (AddParameter): Name = "Length"; Value = "1 mm"; VariantName = "[No Variations]"
Change component parameters (AddParameter): Name = "Manufacturer"; Value = "Basic Passives"; VariantName = "[No Variations]"
Change component parameters (AddParameter): Name = "Max Operating Temperature"; Value = "155 degC"; VariantName = "[No Variations]"
Change component parameters (AddParameter): Name = "Min Operating Temperature"; Value = "-55 degC"; VariantName = "[No Variations]"
Change component parameters (AddParameter): Name = "Mount"; Value = "Surface Mount"; VariantName = "[No Variations]"
Change component parameters (AddParameter): Name = "Mounting Technology"; Value = "Surface Mount"; VariantName = "[No Variations]"
Change component parameters (AddParameter): Name = "Package Quantity"; Value = "10000"; VariantName = "[No Variations]"
Change component parameters (AddParameter): Name = "PackageDescription"; Value = "2-Pin Surface Mount Device, Body 1 x 0.5 mm"; VariantName = "[No Variations]"
Change component parameters (AddParameter): Name = "PackageReference"; Value = "0402"; VariantName = "[No Variations]"
Change component parameters (AddParameter): Name = "Packaging"; Value = "Tape and Reel"; VariantName = "[No Variations]"
Change component parameters (AddParameter): Name = "PartNumber"; Value = "ERJ-2RKF1001X"; VariantName = "[No Variations]"
Change component parameters (AddParameter): Name = "Pins"; Value = "2"; VariantName = "[No Variations]"
Change component parameters (AddParameter): Name = "Power Rating"; Value = "100 mW"; VariantName = "[No Variations]"
Change component parameters (AddParameter): Name = "Radiation Hardening"; Value = "No"; VariantName = "[No Variations]"
Change component parameters (AddParameter): Name = "REACH SVHC"; Value = "Yes"; VariantName = "[No Variations]"
Change component parameters (AddParameter): Name = "Resistance"; Value = "1 KOhm"; VariantName = "[No Variations]"
Change component parameters (AddParameter): Name = "RoHSCompliant"; Value = "true"; VariantName = "[No Variations]"
Change component parameters (AddParameter): Name = "Tolerance"; Value = "1%"; VariantName = "[No Variations]"
Change component parameters (AddParameter): Name = "Voltage Rating"; Value = "50 V"; VariantName = "[No Variations]"
Change component parameters (AddParameter): Name = "Width"; Value = "0.5 mm"; VariantName = "[No Variations]"
Change component parameters: Designator = "R45_Amplifier_K-51" ("R45"); Footprint = "RESC1005X40X25LL05T05"; UniqueID = "\OPQMYWKL\QIVYLZUC" ("\OPQMYWKL\QIVYLZUC")
Change component parameters (AddParameter): Name = "Case Code (Imperial)"; Value = "0402"; VariantName = "[No Variations]"
Change component parameters (AddParameter): Name = "Case Code (Metric)"; Value = "1005"; VariantName = "[No Variations]"
Change component parameters (AddParameter): Name = "Case\/Package"; Value = "0402"; VariantName = "[No Variations]"
Change component parameters (AddParameter): Name = "ComponentLink1Description"; Value = "Manufacturer URL"; VariantName = "[No Variations]"
Change component parameters (AddParameter): Name = "ComponentLink1URL"; Value = "http://www.panasonic.com/"; VariantName = "[No Variations]"
Change component parameters (AddParameter): Name = "ComponentLink2Description"; Value = "Datasheet"; VariantName = "[No Variations]"
Change component parameters (AddParameter): Name = "ComponentLink2URL"; Value = "http://industrial.panasonic.com/cdbs/www-data/pdf/RDA0000/AOA0000C86.pdf"; VariantName = "[No Variations]"
Change component parameters (AddParameter): Name = "DatasheetVersion"; Value = "04/2015"; VariantName = "[No Variations]"
Change component parameters (AddParameter): Name = "Height"; Value = "0.35 mm"; VariantName = "[No Variations]"
Change component parameters (AddParameter): Name = "Length"; Value = "1 mm"; VariantName = "[No Variations]"
Change component parameters (AddParameter): Name = "Manufacturer"; Value = "Basic Passives"; VariantName = "[No Variations]"
Change component parameters (AddParameter): Name = "Max Operating Temperature"; Value = "155 degC"; VariantName = "[No Variations]"
Change component parameters (AddParameter): Name = "Min Operating Temperature"; Value = "-55 degC"; VariantName = "[No Variations]"
Change component parameters (AddParameter): Name = "Mount"; Value = "Surface Mount"; VariantName = "[No Variations]"
Change component parameters (AddParameter): Name = "Mounting Technology"; Value = "Surface Mount"; VariantName = "[No Variations]"
Change component parameters (AddParameter): Name = "Package Quantity"; Value = "10000"; VariantName = "[No Variations]"
Change component parameters (AddParameter): Name = "PackageDescription"; Value = "2-Pin Surface Mount Device, Body 1 x 0.5 mm"; VariantName = "[No Variations]"
Change component parameters (AddParameter): Name = "PackageReference"; Value = "0402"; VariantName = "[No Variations]"
Change component parameters (AddParameter): Name = "Packaging"; Value = "Tape and Reel"; VariantName = "[No Variations]"
Change component parameters (AddParameter): Name = "PartNumber"; Value = "ERJ-2RKF1001X"; VariantName = "[No Variations]"
Change component parameters (AddParameter): Name = "Pins"; Value = "2"; VariantName = "[No Variations]"
Change component parameters (AddParameter): Name = "Power Rating"; Value = "100 mW"; VariantName = "[No Variations]"
Change component parameters (AddParameter): Name = "Radiation Hardening"; Value = "No"; VariantName = "[No Variations]"
Change component parameters (AddParameter): Name = "REACH SVHC"; Value = "Yes"; VariantName = "[No Variations]"
Change component parameters (AddParameter): Name = "Resistance"; Value = "1 KOhm"; VariantName = "[No Variations]"
Change component parameters (AddParameter): Name = "RoHSCompliant"; Value = "true"; VariantName = "[No Variations]"
Change component parameters (AddParameter): Name = "Tolerance"; Value = "1%"; VariantName = "[No Variations]"
Change component parameters (AddParameter): Name = "Voltage Rating"; Value = "50 V"; VariantName = "[No Variations]"
Change component parameters (AddParameter): Name = "Width"; Value = "0.5 mm"; VariantName = "[No Variations]"
Change component parameters: Designator = "R45_Amplifier_K-52" ("R45"); Footprint = "RESC1005X40X25LL05T05"; UniqueID = "\RQKRKSVS\QIVYLZUC" ("\RQKRKSVS\QIVYLZUC")
Change component parameters (AddParameter): Name = "Case Code (Imperial)"; Value = "0402"; VariantName = "[No Variations]"
Change component parameters (AddParameter): Name = "Case Code (Metric)"; Value = "1005"; VariantName = "[No Variations]"
Change component parameters (AddParameter): Name = "Case\/Package"; Value = "0402"; VariantName = "[No Variations]"
Change component parameters (AddParameter): Name = "ComponentLink1Description"; Value = "Manufacturer URL"; VariantName = "[No Variations]"
Change component parameters (AddParameter): Name = "ComponentLink1URL"; Value = "http://www.panasonic.com/"; VariantName = "[No Variations]"
Change component parameters (AddParameter): Name = "ComponentLink2Description"; Value = "Datasheet"; VariantName = "[No Variations]"
Change component parameters (AddParameter): Name = "ComponentLink2URL"; Value = "http://industrial.panasonic.com/cdbs/www-data/pdf/RDA0000/AOA0000C86.pdf"; VariantName = "[No Variations]"
Change component parameters (AddParameter): Name = "DatasheetVersion"; Value = "04/2015"; VariantName = "[No Variations]"
Change component parameters (AddParameter): Name = "Height"; Value = "0.35 mm"; VariantName = "[No Variations]"
Change component parameters (AddParameter): Name = "Length"; Value = "1 mm"; VariantName = "[No Variations]"
Change component parameters (AddParameter): Name = "Manufacturer"; Value = "Basic Passives"; VariantName = "[No Variations]"
Change component parameters (AddParameter): Name = "Max Operating Temperature"; Value = "155 degC"; VariantName = "[No Variations]"
Change component parameters (AddParameter): Name = "Min Operating Temperature"; Value = "-55 degC"; VariantName = "[No Variations]"
Change component parameters (AddParameter): Name = "Mount"; Value = "Surface Mount"; VariantName = "[No Variations]"
Change component parameters (AddParameter): Name = "Mounting Technology"; Value = "Surface Mount"; VariantName = "[No Variations]"
Change component parameters (AddParameter): Name = "Package Quantity"; Value = "10000"; VariantName = "[No Variations]"
Change component parameters (AddParameter): Name = "PackageDescription"; Value = "2-Pin Surface Mount Device, Body 1 x 0.5 mm"; VariantName = "[No Variations]"
Change component parameters (AddParameter): Name = "PackageReference"; Value = "0402"; VariantName = "[No Variations]"
Change component parameters (AddParameter): Name = "Packaging"; Value = "Tape and Reel"; VariantName = "[No Variations]"
Change component parameters (AddParameter): Name = "PartNumber"; Value = "ERJ-2RKF1001X"; VariantName = "[No Variations]"
Change component parameters (AddParameter): Name = "Pins"; Value = "2"; VariantName = "[No Variations]"
Change component parameters (AddParameter): Name = "Power Rating"; Value = "100 mW"; VariantName = "[No Variations]"
Change component parameters (AddParameter): Name = "Radiation Hardening"; Value = "No"; VariantName = "[No Variations]"
Change component parameters (AddParameter): Name = "REACH SVHC"; Value = "Yes"; VariantName = "[No Variations]"
Change component parameters (AddParameter): Name = "Resistance"; Value = "1 KOhm"; VariantName = "[No Variations]"
Change component parameters (AddParameter): Name = "RoHSCompliant"; Value = "true"; VariantName = "[No Variations]"
Change component parameters (AddParameter): Name = "Tolerance"; Value = "1%"; VariantName = "[No Variations]"
Change component parameters (AddParameter): Name = "Voltage Rating"; Value = "50 V"; VariantName = "[No Variations]"
Change component parameters (AddParameter): Name = "Width"; Value = "0.5 mm"; VariantName = "[No Variations]"
Added Pin To Net: NetName=GND_2 Pin=C28_Amplifier_K-51-1
Added Pin To Net: NetName=RefParam_M3 Pin=C28_Amplifier_K-51-2
Added Pin To Net: NetName=GND_2 Pin=C28_Amplifier_K-52-1
Added Pin To Net: NetName=RefParam_M1 Pin=C28_Amplifier_K-52-2
Added Pin To Net: NetName=GND_2 Pin=C29_Amplifier_K-51-1
Added Pin To Net: NetName=GND_2 Pin=C29_Amplifier_K-52-1
Added Pin To Net: NetName=GND_2 Pin=C30_Amplifier_K-51-1
Added Pin To Net: NetName=ProcessedParam_M3 Pin=C30_Amplifier_K-51-2
Added Pin To Net: NetName=GND_2 Pin=C30_Amplifier_K-52-1
Added Pin To Net: NetName=ProcessedParam_M1 Pin=C30_Amplifier_K-52-2
Added Pin To Net: NetName=GND_2 Pin=C31_Amplifier_K-51-1
Added Pin To Net: NetName=GND_2 Pin=C31_Amplifier_K-52-1
Added Pin To Net: NetName=GND_2 Pin=C32_Amplifier_K-51-1
Added Pin To Net: NetName=RefParam_M4 Pin=C32_Amplifier_K-51-2
Added Pin To Net: NetName=GND_2 Pin=C32_Amplifier_K-52-1
Added Pin To Net: NetName=RefParam_M2 Pin=C32_Amplifier_K-52-2
Added Pin To Net: NetName=GND_2 Pin=C33_Amplifier_K-51-1
Added Pin To Net: NetName=GND_2 Pin=C33_Amplifier_K-52-1
Added Pin To Net: NetName=GND_2 Pin=C34_Amplifier_K-51-1
Added Pin To Net: NetName=ProcessedParam_M4 Pin=C34_Amplifier_K-51-2
Added Pin To Net: NetName=GND_2 Pin=C34_Amplifier_K-52-1
Added Pin To Net: NetName=ProcessedParam_M2 Pin=C34_Amplifier_K-52-2
Added Pin To Net: NetName=GND_2 Pin=C35_Amplifier_K-51-1
Added Pin To Net: NetName=GND_2 Pin=C35_Amplifier_K-52-1
Added Pin To Net: NetName=NetR38_Amplifier_K-51_1 Pin=R38_Amplifier_K-51-1
Added Pin To Net: NetName=NetR38_Amplifier_K-52_1 Pin=R38_Amplifier_K-52-1
Added Pin To Net: NetName=NetR39_Amplifier_K-51_1 Pin=R39_Amplifier_K-51-1
Added Pin To Net: NetName=NetR39_Amplifier_K-52_1 Pin=R39_Amplifier_K-52-1
Added Pin To Net: NetName=NetR38_Amplifier_K-51_1 Pin=U5_Amplifier_K-51-6
Added Pin To Net: NetName=NetR39_Amplifier_K-51_1 Pin=U5_Amplifier_K-51-13
Added Pin To Net: NetName=NetR38_Amplifier_K-52_1 Pin=U5_Amplifier_K-52-6
Added Pin To Net: NetName=NetR39_Amplifier_K-52_1 Pin=U5_Amplifier_K-52-13
Added Pin To Net: NetName=NetC29_Amplifier_K-51_2 Pin=C29_Amplifier_K-51-2
Added Pin To Net: NetName=NetC29_Amplifier_K-51_2 Pin=R30_Amplifier_K-51-1
Added Pin To Net: NetName=NetC29_Amplifier_K-51_2 Pin=R31_Amplifier_K-51-2
Added Net: Name=NetC29_Amplifier_K-51_2
Added Pin To Net: NetName=NetC29_Amplifier_K-52_2 Pin=C29_Amplifier_K-52-2
Added Pin To Net: NetName=NetC29_Amplifier_K-52_2 Pin=R30_Amplifier_K-52-1
Added Pin To Net: NetName=NetC29_Amplifier_K-52_2 Pin=R31_Amplifier_K-52-2
Added Net: Name=NetC29_Amplifier_K-52_2
Added Pin To Net: NetName=NetC31_Amplifier_K-51_2 Pin=C31_Amplifier_K-51-2
Added Pin To Net: NetName=NetC31_Amplifier_K-51_2 Pin=R36_Amplifier_K-51-1
Added Pin To Net: NetName=NetC31_Amplifier_K-51_2 Pin=R37_Amplifier_K-51-2
Added Net: Name=NetC31_Amplifier_K-51_2
Added Pin To Net: NetName=NetC31_Amplifier_K-52_2 Pin=C31_Amplifier_K-52-2
Added Pin To Net: NetName=NetC31_Amplifier_K-52_2 Pin=R36_Amplifier_K-52-1
Added Pin To Net: NetName=NetC31_Amplifier_K-52_2 Pin=R37_Amplifier_K-52-2
Added Net: Name=NetC31_Amplifier_K-52_2
Added Pin To Net: NetName=NetC33_Amplifier_K-51_2 Pin=C33_Amplifier_K-51-2
Added Pin To Net: NetName=NetC33_Amplifier_K-51_2 Pin=R40_Amplifier_K-51-1
Added Pin To Net: NetName=NetC33_Amplifier_K-51_2 Pin=R41_Amplifier_K-51-2
Added Net: Name=NetC33_Amplifier_K-51_2
Added Pin To Net: NetName=NetC33_Amplifier_K-52_2 Pin=C33_Amplifier_K-52-2
Added Pin To Net: NetName=NetC33_Amplifier_K-52_2 Pin=R40_Amplifier_K-52-1
Added Pin To Net: NetName=NetC33_Amplifier_K-52_2 Pin=R41_Amplifier_K-52-2
Added Net: Name=NetC33_Amplifier_K-52_2
Added Pin To Net: NetName=NetC35_Amplifier_K-51_2 Pin=C35_Amplifier_K-51-2
Added Pin To Net: NetName=NetC35_Amplifier_K-51_2 Pin=R44_Amplifier_K-51-1
Added Pin To Net: NetName=NetC35_Amplifier_K-51_2 Pin=R45_Amplifier_K-51-2
Added Net: Name=NetC35_Amplifier_K-51_2
Added Pin To Net: NetName=NetC35_Amplifier_K-52_2 Pin=C35_Amplifier_K-52-2
Added Pin To Net: NetName=NetC35_Amplifier_K-52_2 Pin=R44_Amplifier_K-52-1
Added Pin To Net: NetName=NetC35_Amplifier_K-52_2 Pin=R45_Amplifier_K-52-2
Added Net: Name=NetC35_Amplifier_K-52_2
