Added Component: Designator=C1(FP-GRM155-0_05-IPC_B)
Add component (AddParameter): Name = "Capacitance"; Value = "1uF"; VariantName = "[No Variations]"
Add component (AddParameter): Name = "Case Code (Imperial)"; Value = "0402"; VariantName = "[No Variations]"
Add component (AddParameter): Name = "Case Code (Metric)"; Value = "1005"; VariantName = "[No Variations]"
Add component (AddParameter): Name = "Case/Package"; Value = "0402"; VariantName = "[No Variations]"
Add component (AddParameter): Name = "Depth"; Value = "0.5mm"; VariantName = "[No Variations]"
Add component (AddParameter): Name = "Dielectric"; Value = "X5R"; VariantName = "[No Variations]"
Add component (AddParameter): Name = "Height"; Value = "0.5mm"; VariantName = "[No Variations]"
Add component (AddParameter): Name = "Lead Free"; Value = "Lead Free"; VariantName = "[No Variations]"
Add component (AddParameter): Name = "Length"; Value = "1mm"; VariantName = "[No Variations]"
Add component (AddParameter): Name = "Material"; Value = "Ceramic"; VariantName = "[No Variations]"
Add component (AddParameter): Name = "Max Operating Temperature"; Value = "85°C"; VariantName = "[No Variations]"
Add component (AddParameter): Name = "Min Operating Temperature"; Value = "-55°C"; VariantName = "[No Variations]"
Add component (AddParameter): Name = "Mount"; Value = "Surface Mount"; VariantName = "[No Variations]"
Add component (AddParameter): Name = "Package Quantity"; Value = "10000"; VariantName = "[No Variations]"
Add component (AddParameter): Name = "Packaging"; Value = "Tape and Reel"; VariantName = "[No Variations]"
Add component (AddParameter): Name = "REACH SVHC"; Value = "No SVHC"; VariantName = "[No Variations]"
Add component (AddParameter): Name = "Termination"; Value = "SMD/SMT"; VariantName = "[No Variations]"
Add component (AddParameter): Name = "Thickness"; Value = "0.022inch"; VariantName = "[No Variations]"
Add component (AddParameter): Name = "Tolerance"; Value = "10%"; VariantName = "[No Variations]"
Add component (AddParameter): Name = "Voltage"; Value = "25V"; VariantName = "[No Variations]"
Add component (AddParameter): Name = "Voltage Rating"; Value = "25V"; VariantName = "[No Variations]"
Add component (AddParameter): Name = "Voltage Rating (DC)"; Value = "25V"; VariantName = "[No Variations]"
Add component (AddParameter): Name = "Weight"; Value = "0.000212oz"; VariantName = "[No Variations]"
Add component (AddParameter): Name = "Width"; Value = "0.5mm"; VariantName = "[No Variations]"
Added Component: Designator=C2(FP-GRM155-0_05-IPC_C)
Add component (AddParameter): Name = "Capacitance"; Value = "100nF"; VariantName = "[No Variations]"
Add component (AddParameter): Name = "Case Code (Imperial)"; Value = "0402"; VariantName = "[No Variations]"
Add component (AddParameter): Name = "Case Code (Metric)"; Value = "1005"; VariantName = "[No Variations]"
Add component (AddParameter): Name = "Case/Package"; Value = "0402"; VariantName = "[No Variations]"
Add component (AddParameter): Name = "Depth"; Value = "0.5mm"; VariantName = "[No Variations]"
Add component (AddParameter): Name = "Dielectric"; Value = "X7R"; VariantName = "[No Variations]"
Add component (AddParameter): Name = "Dielectric Material"; Value = "Ceramic"; VariantName = "[No Variations]"
Add component (AddParameter): Name = "Height"; Value = "0.5mm"; VariantName = "[No Variations]"
Add component (AddParameter): Name = "Lead Free"; Value = "Lead Free"; VariantName = "[No Variations]"
Add component (AddParameter): Name = "Length"; Value = "1mm"; VariantName = "[No Variations]"
Add component (AddParameter): Name = "Max Operating Temperature"; Value = "125°C"; VariantName = "[No Variations]"
Add component (AddParameter): Name = "Min Operating Temperature"; Value = "-55°C"; VariantName = "[No Variations]"
Add component (AddParameter): Name = "Mount"; Value = "Surface Mount"; VariantName = "[No Variations]"
Add component (AddParameter): Name = "Package Quantity"; Value = "10000"; VariantName = "[No Variations]"
Add component (AddParameter): Name = "Packaging"; Value = "Tape and Reel"; VariantName = "[No Variations]"
Add component (AddParameter): Name = "Resistor Type"; Value = "Ceramic"; VariantName = "[No Variations]"
Add component (AddParameter): Name = "Termination"; Value = "SMD/SMT"; VariantName = "[No Variations]"
Add component (AddParameter): Name = "Thickness"; Value = "0.022inch"; VariantName = "[No Variations]"
Add component (AddParameter): Name = "Tolerance"; Value = "10%"; VariantName = "[No Variations]"
Add component (AddParameter): Name = "Voltage"; Value = "25V"; VariantName = "[No Variations]"
Add component (AddParameter): Name = "Voltage Rating"; Value = "25V"; VariantName = "[No Variations]"
Add component (AddParameter): Name = "Voltage Rating (DC)"; Value = "25V"; VariantName = "[No Variations]"
Add component (AddParameter): Name = "Weight"; Value = "0.000212oz"; VariantName = "[No Variations]"
Add component (AddParameter): Name = "Width"; Value = "0.02inch"; VariantName = "[No Variations]"
Added Component: Designator=C3(FP-GRM155-0_05-IPC_C)
Add component (AddParameter): Name = "Capacitance"; Value = "100nF"; VariantName = "[No Variations]"
Add component (AddParameter): Name = "Case Code (Imperial)"; Value = "0402"; VariantName = "[No Variations]"
Add component (AddParameter): Name = "Case Code (Metric)"; Value = "1005"; VariantName = "[No Variations]"
Add component (AddParameter): Name = "Case/Package"; Value = "0402"; VariantName = "[No Variations]"
Add component (AddParameter): Name = "Depth"; Value = "0.5mm"; VariantName = "[No Variations]"
Add component (AddParameter): Name = "Dielectric"; Value = "X7R"; VariantName = "[No Variations]"
Add component (AddParameter): Name = "Dielectric Material"; Value = "Ceramic"; VariantName = "[No Variations]"
Add component (AddParameter): Name = "Height"; Value = "0.5mm"; VariantName = "[No Variations]"
Add component (AddParameter): Name = "Lead Free"; Value = "Lead Free"; VariantName = "[No Variations]"
Add component (AddParameter): Name = "Length"; Value = "1mm"; VariantName = "[No Variations]"
Add component (AddParameter): Name = "Max Operating Temperature"; Value = "125°C"; VariantName = "[No Variations]"
Add component (AddParameter): Name = "Min Operating Temperature"; Value = "-55°C"; VariantName = "[No Variations]"
Add component (AddParameter): Name = "Mount"; Value = "Surface Mount"; VariantName = "[No Variations]"
Add component (AddParameter): Name = "Package Quantity"; Value = "10000"; VariantName = "[No Variations]"
Add component (AddParameter): Name = "Packaging"; Value = "Tape and Reel"; VariantName = "[No Variations]"
Add component (AddParameter): Name = "Resistor Type"; Value = "Ceramic"; VariantName = "[No Variations]"
Add component (AddParameter): Name = "Termination"; Value = "SMD/SMT"; VariantName = "[No Variations]"
Add component (AddParameter): Name = "Thickness"; Value = "0.022inch"; VariantName = "[No Variations]"
Add component (AddParameter): Name = "Tolerance"; Value = "10%"; VariantName = "[No Variations]"
Add component (AddParameter): Name = "Voltage"; Value = "25V"; VariantName = "[No Variations]"
Add component (AddParameter): Name = "Voltage Rating"; Value = "25V"; VariantName = "[No Variations]"
Add component (AddParameter): Name = "Voltage Rating (DC)"; Value = "25V"; VariantName = "[No Variations]"
Add component (AddParameter): Name = "Weight"; Value = "0.000212oz"; VariantName = "[No Variations]"
Add component (AddParameter): Name = "Width"; Value = "0.02inch"; VariantName = "[No Variations]"
Added Component: Designator=C4(FP-GRM155-0_05-IPC_B)
Add component (AddParameter): Name = "Capacitance"; Value = "1uF"; VariantName = "[No Variations]"
Add component (AddParameter): Name = "Case Code (Imperial)"; Value = "0402"; VariantName = "[No Variations]"
Add component (AddParameter): Name = "Case Code (Metric)"; Value = "1005"; VariantName = "[No Variations]"
Add component (AddParameter): Name = "Case/Package"; Value = "0402"; VariantName = "[No Variations]"
Add component (AddParameter): Name = "Depth"; Value = "0.5mm"; VariantName = "[No Variations]"
Add component (AddParameter): Name = "Dielectric"; Value = "X5R"; VariantName = "[No Variations]"
Add component (AddParameter): Name = "Height"; Value = "0.5mm"; VariantName = "[No Variations]"
Add component (AddParameter): Name = "Lead Free"; Value = "Lead Free"; VariantName = "[No Variations]"
Add component (AddParameter): Name = "Length"; Value = "1mm"; VariantName = "[No Variations]"
Add component (AddParameter): Name = "Material"; Value = "Ceramic"; VariantName = "[No Variations]"
Add component (AddParameter): Name = "Max Operating Temperature"; Value = "85°C"; VariantName = "[No Variations]"
Add component (AddParameter): Name = "Min Operating Temperature"; Value = "-55°C"; VariantName = "[No Variations]"
Add component (AddParameter): Name = "Mount"; Value = "Surface Mount"; VariantName = "[No Variations]"
Add component (AddParameter): Name = "Package Quantity"; Value = "10000"; VariantName = "[No Variations]"
Add component (AddParameter): Name = "Packaging"; Value = "Tape and Reel"; VariantName = "[No Variations]"
Add component (AddParameter): Name = "REACH SVHC"; Value = "No SVHC"; VariantName = "[No Variations]"
Add component (AddParameter): Name = "Termination"; Value = "SMD/SMT"; VariantName = "[No Variations]"
Add component (AddParameter): Name = "Thickness"; Value = "0.022inch"; VariantName = "[No Variations]"
Add component (AddParameter): Name = "Tolerance"; Value = "10%"; VariantName = "[No Variations]"
Add component (AddParameter): Name = "Voltage"; Value = "25V"; VariantName = "[No Variations]"
Add component (AddParameter): Name = "Voltage Rating"; Value = "25V"; VariantName = "[No Variations]"
Add component (AddParameter): Name = "Voltage Rating (DC)"; Value = "25V"; VariantName = "[No Variations]"
Add component (AddParameter): Name = "Weight"; Value = "0.000212oz"; VariantName = "[No Variations]"
Add component (AddParameter): Name = "Width"; Value = "0.5mm"; VariantName = "[No Variations]"
Added Component: Designator=C5(FP-GRM155-0_05-IPC_C)
Add component (AddParameter): Name = "Capacitance"; Value = "100nF"; VariantName = "[No Variations]"
Add component (AddParameter): Name = "Case Code (Imperial)"; Value = "0402"; VariantName = "[No Variations]"
Add component (AddParameter): Name = "Case Code (Metric)"; Value = "1005"; VariantName = "[No Variations]"
Add component (AddParameter): Name = "Case/Package"; Value = "0402"; VariantName = "[No Variations]"
Add component (AddParameter): Name = "Depth"; Value = "0.5mm"; VariantName = "[No Variations]"
Add component (AddParameter): Name = "Dielectric"; Value = "X7R"; VariantName = "[No Variations]"
Add component (AddParameter): Name = "Dielectric Material"; Value = "Ceramic"; VariantName = "[No Variations]"
Add component (AddParameter): Name = "Height"; Value = "0.5mm"; VariantName = "[No Variations]"
Add component (AddParameter): Name = "Lead Free"; Value = "Lead Free"; VariantName = "[No Variations]"
Add component (AddParameter): Name = "Length"; Value = "1mm"; VariantName = "[No Variations]"
Add component (AddParameter): Name = "Max Operating Temperature"; Value = "125°C"; VariantName = "[No Variations]"
Add component (AddParameter): Name = "Min Operating Temperature"; Value = "-55°C"; VariantName = "[No Variations]"
Add component (AddParameter): Name = "Mount"; Value = "Surface Mount"; VariantName = "[No Variations]"
Add component (AddParameter): Name = "Package Quantity"; Value = "10000"; VariantName = "[No Variations]"
Add component (AddParameter): Name = "Packaging"; Value = "Tape and Reel"; VariantName = "[No Variations]"
Add component (AddParameter): Name = "Resistor Type"; Value = "Ceramic"; VariantName = "[No Variations]"
Add component (AddParameter): Name = "Termination"; Value = "SMD/SMT"; VariantName = "[No Variations]"
Add component (AddParameter): Name = "Thickness"; Value = "0.022inch"; VariantName = "[No Variations]"
Add component (AddParameter): Name = "Tolerance"; Value = "10%"; VariantName = "[No Variations]"
Add component (AddParameter): Name = "Voltage"; Value = "25V"; VariantName = "[No Variations]"
Add component (AddParameter): Name = "Voltage Rating"; Value = "25V"; VariantName = "[No Variations]"
Add component (AddParameter): Name = "Voltage Rating (DC)"; Value = "25V"; VariantName = "[No Variations]"
Add component (AddParameter): Name = "Weight"; Value = "0.000212oz"; VariantName = "[No Variations]"
Add component (AddParameter): Name = "Width"; Value = "0.02inch"; VariantName = "[No Variations]"
Added Component: Designator=C6(FP-GRM188-0_1-e0_2_0_5-MFG)
Add component (AddParameter): Name = "Capacitance"; Value = "2.2uF"; VariantName = "[No Variations]"
Add component (AddParameter): Name = "Case Code (Imperial)"; Value = "0603"; VariantName = "[No Variations]"
Add component (AddParameter): Name = "Case Code (Metric)"; Value = "1608"; VariantName = "[No Variations]"
Add component (AddParameter): Name = "Case/Package"; Value = "0603"; VariantName = "[No Variations]"
Add component (AddParameter): Name = "Depth"; Value = "0.8mm"; VariantName = "[No Variations]"
Add component (AddParameter): Name = "Dielectric"; Value = "X5R"; VariantName = "[No Variations]"
Add component (AddParameter): Name = "Height"; Value = "0.8mm"; VariantName = "[No Variations]"
Add component (AddParameter): Name = "Lead Free"; Value = "Lead Free"; VariantName = "[No Variations]"
Add component (AddParameter): Name = "Length"; Value = "1.6mm"; VariantName = "[No Variations]"
Add component (AddParameter): Name = "Material"; Value = "Ceramic"; VariantName = "[No Variations]"
Add component (AddParameter): Name = "Max Operating Temperature"; Value = "85°C"; VariantName = "[No Variations]"
Add component (AddParameter): Name = "Min Operating Temperature"; Value = "-55°C"; VariantName = "[No Variations]"
Add component (AddParameter): Name = "Mount"; Value = "Surface Mount"; VariantName = "[No Variations]"
Add component (AddParameter): Name = "Number of Pins"; Value = "2"; VariantName = "[No Variations]"
Add component (AddParameter): Name = "Package Quantity"; Value = "4000"; VariantName = "[No Variations]"
Add component (AddParameter): Name = "Packaging"; Value = "Tape and Reel"; VariantName = "[No Variations]"
Add component (AddParameter): Name = "Radiation Hardening"; Value = "No"; VariantName = "[No Variations]"
Add component (AddParameter): Name = "REACH SVHC"; Value = "No SVHC"; VariantName = "[No Variations]"
Add component (AddParameter): Name = "Resistor Type"; Value = "Ceramic"; VariantName = "[No Variations]"
Add component (AddParameter): Name = "Termination"; Value = "SMD/SMT"; VariantName = "[No Variations]"
Add component (AddParameter): Name = "Thickness"; Value = "0.035inch"; VariantName = "[No Variations]"
Add component (AddParameter): Name = "Tolerance"; Value = "10%"; VariantName = "[No Variations]"
Add component (AddParameter): Name = "Voltage"; Value = "25V"; VariantName = "[No Variations]"
Add component (AddParameter): Name = "Voltage Rating"; Value = "25V"; VariantName = "[No Variations]"
Add component (AddParameter): Name = "Voltage Rating (DC)"; Value = "25V"; VariantName = "[No Variations]"
Add component (AddParameter): Name = "Weight"; Value = "0.000222oz"; VariantName = "[No Variations]"
Add component (AddParameter): Name = "Width"; Value = "0.8mm"; VariantName = "[No Variations]"
Added Component: Designator=C7(FP-GCM188-0_1-IPC_B)
Add component (AddParameter): Name = "Capacitance"; Value = "220nF"; VariantName = "[No Variations]"
Add component (AddParameter): Name = "Case Code (Imperial)"; Value = "0603"; VariantName = "[No Variations]"
Add component (AddParameter): Name = "Case Code (Metric)"; Value = "1608"; VariantName = "[No Variations]"
Add component (AddParameter): Name = "Case/Package"; Value = "0603"; VariantName = "[No Variations]"
Add component (AddParameter): Name = "Depth"; Value = "0.8mm"; VariantName = "[No Variations]"
Add component (AddParameter): Name = "Dielectric"; Value = "X7R"; VariantName = "[No Variations]"
Add component (AddParameter): Name = "Height"; Value = "0.8mm"; VariantName = "[No Variations]"
Add component (AddParameter): Name = "Lead Free"; Value = "Lead Free"; VariantName = "[No Variations]"
Add component (AddParameter): Name = "Length"; Value = "1.6mm"; VariantName = "[No Variations]"
Add component (AddParameter): Name = "Max Operating Temperature"; Value = "125°C"; VariantName = "[No Variations]"
Add component (AddParameter): Name = "Min Operating Temperature"; Value = "-55°C"; VariantName = "[No Variations]"
Add component (AddParameter): Name = "Mount"; Value = "Surface Mount"; VariantName = "[No Variations]"
Add component (AddParameter): Name = "Package Quantity"; Value = "1"; VariantName = "[No Variations]"
Add component (AddParameter): Name = "Packaging"; Value = "Tape and Reel"; VariantName = "[No Variations]"
Add component (AddParameter): Name = "Radiation Hardening"; Value = "No"; VariantName = "[No Variations]"
Add component (AddParameter): Name = "Ratings"; Value = "AEC-Q200"; VariantName = "[No Variations]"
Add component (AddParameter): Name = "Termination"; Value = "SMD/SMT"; VariantName = "[No Variations]"
Add component (AddParameter): Name = "Thickness"; Value = "0.035inch"; VariantName = "[No Variations]"
Add component (AddParameter): Name = "Tolerance"; Value = "10%"; VariantName = "[No Variations]"
Add component (AddParameter): Name = "Voltage"; Value = "25V"; VariantName = "[No Variations]"
Add component (AddParameter): Name = "Voltage Rating"; Value = "25V"; VariantName = "[No Variations]"
Add component (AddParameter): Name = "Voltage Rating (DC)"; Value = "25V"; VariantName = "[No Variations]"
Add component (AddParameter): Name = "Width"; Value = "0.031inch"; VariantName = "[No Variations]"
Added Component: Designator=C8_PowerModuleCell_M2(FP-GRM188-0_1-e0_2_0_5-MFG)
Add component (AddParameter): Name = "Capacitance"; Value = "2.2uF"; VariantName = "[No Variations]"
Add component (AddParameter): Name = "Case Code (Imperial)"; Value = "0603"; VariantName = "[No Variations]"
Add component (AddParameter): Name = "Case Code (Metric)"; Value = "1608"; VariantName = "[No Variations]"
Add component (AddParameter): Name = "Case/Package"; Value = "0603"; VariantName = "[No Variations]"
Add component (AddParameter): Name = "Depth"; Value = "0.8mm"; VariantName = "[No Variations]"
Add component (AddParameter): Name = "Dielectric"; Value = "X5R"; VariantName = "[No Variations]"
Add component (AddParameter): Name = "Height"; Value = "0.8mm"; VariantName = "[No Variations]"
Add component (AddParameter): Name = "Lead Free"; Value = "Lead Free"; VariantName = "[No Variations]"
Add component (AddParameter): Name = "Length"; Value = "1.6mm"; VariantName = "[No Variations]"
Add component (AddParameter): Name = "Material"; Value = "Ceramic"; VariantName = "[No Variations]"
Add component (AddParameter): Name = "Max Operating Temperature"; Value = "85°C"; VariantName = "[No Variations]"
Add component (AddParameter): Name = "Min Operating Temperature"; Value = "-55°C"; VariantName = "[No Variations]"
Add component (AddParameter): Name = "Mount"; Value = "Surface Mount"; VariantName = "[No Variations]"
Add component (AddParameter): Name = "Number of Pins"; Value = "2"; VariantName = "[No Variations]"
Add component (AddParameter): Name = "Package Quantity"; Value = "4000"; VariantName = "[No Variations]"
Add component (AddParameter): Name = "Packaging"; Value = "Tape and Reel"; VariantName = "[No Variations]"
Add component (AddParameter): Name = "Radiation Hardening"; Value = "No"; VariantName = "[No Variations]"
Add component (AddParameter): Name = "REACH SVHC"; Value = "No SVHC"; VariantName = "[No Variations]"
Add component (AddParameter): Name = "Resistor Type"; Value = "Ceramic"; VariantName = "[No Variations]"
Add component (AddParameter): Name = "Termination"; Value = "SMD/SMT"; VariantName = "[No Variations]"
Add component (AddParameter): Name = "Thickness"; Value = "0.035inch"; VariantName = "[No Variations]"
Add component (AddParameter): Name = "Tolerance"; Value = "10%"; VariantName = "[No Variations]"
Add component (AddParameter): Name = "Voltage"; Value = "25V"; VariantName = "[No Variations]"
Add component (AddParameter): Name = "Voltage Rating"; Value = "25V"; VariantName = "[No Variations]"
Add component (AddParameter): Name = "Voltage Rating (DC)"; Value = "25V"; VariantName = "[No Variations]"
Add component (AddParameter): Name = "Weight"; Value = "0.000222oz"; VariantName = "[No Variations]"
Add component (AddParameter): Name = "Width"; Value = "0.8mm"; VariantName = "[No Variations]"
Added Component: Designator=C8_PowerModuleCell_M3(FP-GRM188-0_1-e0_2_0_5-MFG)
Add component (AddParameter): Name = "Capacitance"; Value = "2.2uF"; VariantName = "[No Variations]"
Add component (AddParameter): Name = "Case Code (Imperial)"; Value = "0603"; VariantName = "[No Variations]"
Add component (AddParameter): Name = "Case Code (Metric)"; Value = "1608"; VariantName = "[No Variations]"
Add component (AddParameter): Name = "Case/Package"; Value = "0603"; VariantName = "[No Variations]"
Add component (AddParameter): Name = "Depth"; Value = "0.8mm"; VariantName = "[No Variations]"
Add component (AddParameter): Name = "Dielectric"; Value = "X5R"; VariantName = "[No Variations]"
Add component (AddParameter): Name = "Height"; Value = "0.8mm"; VariantName = "[No Variations]"
Add component (AddParameter): Name = "Lead Free"; Value = "Lead Free"; VariantName = "[No Variations]"
Add component (AddParameter): Name = "Length"; Value = "1.6mm"; VariantName = "[No Variations]"
Add component (AddParameter): Name = "Material"; Value = "Ceramic"; VariantName = "[No Variations]"
Add component (AddParameter): Name = "Max Operating Temperature"; Value = "85°C"; VariantName = "[No Variations]"
Add component (AddParameter): Name = "Min Operating Temperature"; Value = "-55°C"; VariantName = "[No Variations]"
Add component (AddParameter): Name = "Mount"; Value = "Surface Mount"; VariantName = "[No Variations]"
Add component (AddParameter): Name = "Number of Pins"; Value = "2"; VariantName = "[No Variations]"
Add component (AddParameter): Name = "Package Quantity"; Value = "4000"; VariantName = "[No Variations]"
Add component (AddParameter): Name = "Packaging"; Value = "Tape and Reel"; VariantName = "[No Variations]"
Add component (AddParameter): Name = "Radiation Hardening"; Value = "No"; VariantName = "[No Variations]"
Add component (AddParameter): Name = "REACH SVHC"; Value = "No SVHC"; VariantName = "[No Variations]"
Add component (AddParameter): Name = "Resistor Type"; Value = "Ceramic"; VariantName = "[No Variations]"
Add component (AddParameter): Name = "Termination"; Value = "SMD/SMT"; VariantName = "[No Variations]"
Add component (AddParameter): Name = "Thickness"; Value = "0.035inch"; VariantName = "[No Variations]"
Add component (AddParameter): Name = "Tolerance"; Value = "10%"; VariantName = "[No Variations]"
Add component (AddParameter): Name = "Voltage"; Value = "25V"; VariantName = "[No Variations]"
Add component (AddParameter): Name = "Voltage Rating"; Value = "25V"; VariantName = "[No Variations]"
Add component (AddParameter): Name = "Voltage Rating (DC)"; Value = "25V"; VariantName = "[No Variations]"
Add component (AddParameter): Name = "Weight"; Value = "0.000222oz"; VariantName = "[No Variations]"
Add component (AddParameter): Name = "Width"; Value = "0.8mm"; VariantName = "[No Variations]"
Added Component: Designator=C8_PowerModuleCell_M4(FP-GRM188-0_1-e0_2_0_5-MFG)
Add component (AddParameter): Name = "Capacitance"; Value = "2.2uF"; VariantName = "[No Variations]"
Add component (AddParameter): Name = "Case Code (Imperial)"; Value = "0603"; VariantName = "[No Variations]"
Add component (AddParameter): Name = "Case Code (Metric)"; Value = "1608"; VariantName = "[No Variations]"
Add component (AddParameter): Name = "Case/Package"; Value = "0603"; VariantName = "[No Variations]"
Add component (AddParameter): Name = "Depth"; Value = "0.8mm"; VariantName = "[No Variations]"
Add component (AddParameter): Name = "Dielectric"; Value = "X5R"; VariantName = "[No Variations]"
Add component (AddParameter): Name = "Height"; Value = "0.8mm"; VariantName = "[No Variations]"
Add component (AddParameter): Name = "Lead Free"; Value = "Lead Free"; VariantName = "[No Variations]"
Add component (AddParameter): Name = "Length"; Value = "1.6mm"; VariantName = "[No Variations]"
Add component (AddParameter): Name = "Material"; Value = "Ceramic"; VariantName = "[No Variations]"
Add component (AddParameter): Name = "Max Operating Temperature"; Value = "85°C"; VariantName = "[No Variations]"
Add component (AddParameter): Name = "Min Operating Temperature"; Value = "-55°C"; VariantName = "[No Variations]"
Add component (AddParameter): Name = "Mount"; Value = "Surface Mount"; VariantName = "[No Variations]"
Add component (AddParameter): Name = "Number of Pins"; Value = "2"; VariantName = "[No Variations]"
Add component (AddParameter): Name = "Package Quantity"; Value = "4000"; VariantName = "[No Variations]"
Add component (AddParameter): Name = "Packaging"; Value = "Tape and Reel"; VariantName = "[No Variations]"
Add component (AddParameter): Name = "Radiation Hardening"; Value = "No"; VariantName = "[No Variations]"
Add component (AddParameter): Name = "REACH SVHC"; Value = "No SVHC"; VariantName = "[No Variations]"
Add component (AddParameter): Name = "Resistor Type"; Value = "Ceramic"; VariantName = "[No Variations]"
Add component (AddParameter): Name = "Termination"; Value = "SMD/SMT"; VariantName = "[No Variations]"
Add component (AddParameter): Name = "Thickness"; Value = "0.035inch"; VariantName = "[No Variations]"
Add component (AddParameter): Name = "Tolerance"; Value = "10%"; VariantName = "[No Variations]"
Add component (AddParameter): Name = "Voltage"; Value = "25V"; VariantName = "[No Variations]"
Add component (AddParameter): Name = "Voltage Rating"; Value = "25V"; VariantName = "[No Variations]"
Add component (AddParameter): Name = "Voltage Rating (DC)"; Value = "25V"; VariantName = "[No Variations]"
Add component (AddParameter): Name = "Weight"; Value = "0.000222oz"; VariantName = "[No Variations]"
Add component (AddParameter): Name = "Width"; Value = "0.8mm"; VariantName = "[No Variations]"
Added Component: Designator=C9_PowerModuleCell_M2(FP-GCM188-0_1-IPC_B)
Add component (AddParameter): Name = "Capacitance"; Value = "220nF"; VariantName = "[No Variations]"
Add component (AddParameter): Name = "Case Code (Imperial)"; Value = "0603"; VariantName = "[No Variations]"
Add component (AddParameter): Name = "Case Code (Metric)"; Value = "1608"; VariantName = "[No Variations]"
Add component (AddParameter): Name = "Case/Package"; Value = "0603"; VariantName = "[No Variations]"
Add component (AddParameter): Name = "Depth"; Value = "0.8mm"; VariantName = "[No Variations]"
Add component (AddParameter): Name = "Dielectric"; Value = "X7R"; VariantName = "[No Variations]"
Add component (AddParameter): Name = "Height"; Value = "0.8mm"; VariantName = "[No Variations]"
Add component (AddParameter): Name = "Lead Free"; Value = "Lead Free"; VariantName = "[No Variations]"
Add component (AddParameter): Name = "Length"; Value = "1.6mm"; VariantName = "[No Variations]"
Add component (AddParameter): Name = "Max Operating Temperature"; Value = "125°C"; VariantName = "[No Variations]"
Add component (AddParameter): Name = "Min Operating Temperature"; Value = "-55°C"; VariantName = "[No Variations]"
Add component (AddParameter): Name = "Mount"; Value = "Surface Mount"; VariantName = "[No Variations]"
Add component (AddParameter): Name = "Package Quantity"; Value = "1"; VariantName = "[No Variations]"
Add component (AddParameter): Name = "Packaging"; Value = "Tape and Reel"; VariantName = "[No Variations]"
Add component (AddParameter): Name = "Radiation Hardening"; Value = "No"; VariantName = "[No Variations]"
Add component (AddParameter): Name = "Ratings"; Value = "AEC-Q200"; VariantName = "[No Variations]"
Add component (AddParameter): Name = "Termination"; Value = "SMD/SMT"; VariantName = "[No Variations]"
Add component (AddParameter): Name = "Thickness"; Value = "0.035inch"; VariantName = "[No Variations]"
Add component (AddParameter): Name = "Tolerance"; Value = "10%"; VariantName = "[No Variations]"
Add component (AddParameter): Name = "Voltage"; Value = "25V"; VariantName = "[No Variations]"
Add component (AddParameter): Name = "Voltage Rating"; Value = "25V"; VariantName = "[No Variations]"
Add component (AddParameter): Name = "Voltage Rating (DC)"; Value = "25V"; VariantName = "[No Variations]"
Add component (AddParameter): Name = "Width"; Value = "0.031inch"; VariantName = "[No Variations]"
Added Component: Designator=C9_PowerModuleCell_M3(FP-GCM188-0_1-IPC_B)
Add component (AddParameter): Name = "Capacitance"; Value = "220nF"; VariantName = "[No Variations]"
Add component (AddParameter): Name = "Case Code (Imperial)"; Value = "0603"; VariantName = "[No Variations]"
Add component (AddParameter): Name = "Case Code (Metric)"; Value = "1608"; VariantName = "[No Variations]"
Add component (AddParameter): Name = "Case/Package"; Value = "0603"; VariantName = "[No Variations]"
Add component (AddParameter): Name = "Depth"; Value = "0.8mm"; VariantName = "[No Variations]"
Add component (AddParameter): Name = "Dielectric"; Value = "X7R"; VariantName = "[No Variations]"
Add component (AddParameter): Name = "Height"; Value = "0.8mm"; VariantName = "[No Variations]"
Add component (AddParameter): Name = "Lead Free"; Value = "Lead Free"; VariantName = "[No Variations]"
Add component (AddParameter): Name = "Length"; Value = "1.6mm"; VariantName = "[No Variations]"
Add component (AddParameter): Name = "Max Operating Temperature"; Value = "125°C"; VariantName = "[No Variations]"
Add component (AddParameter): Name = "Min Operating Temperature"; Value = "-55°C"; VariantName = "[No Variations]"
Add component (AddParameter): Name = "Mount"; Value = "Surface Mount"; VariantName = "[No Variations]"
Add component (AddParameter): Name = "Package Quantity"; Value = "1"; VariantName = "[No Variations]"
Add component (AddParameter): Name = "Packaging"; Value = "Tape and Reel"; VariantName = "[No Variations]"
Add component (AddParameter): Name = "Radiation Hardening"; Value = "No"; VariantName = "[No Variations]"
Add component (AddParameter): Name = "Ratings"; Value = "AEC-Q200"; VariantName = "[No Variations]"
Add component (AddParameter): Name = "Termination"; Value = "SMD/SMT"; VariantName = "[No Variations]"
Add component (AddParameter): Name = "Thickness"; Value = "0.035inch"; VariantName = "[No Variations]"
Add component (AddParameter): Name = "Tolerance"; Value = "10%"; VariantName = "[No Variations]"
Add component (AddParameter): Name = "Voltage"; Value = "25V"; VariantName = "[No Variations]"
Add component (AddParameter): Name = "Voltage Rating"; Value = "25V"; VariantName = "[No Variations]"
Add component (AddParameter): Name = "Voltage Rating (DC)"; Value = "25V"; VariantName = "[No Variations]"
Add component (AddParameter): Name = "Width"; Value = "0.031inch"; VariantName = "[No Variations]"
Added Component: Designator=C9_PowerModuleCell_M4(FP-GCM188-0_1-IPC_B)
Add component (AddParameter): Name = "Capacitance"; Value = "220nF"; VariantName = "[No Variations]"
Add component (AddParameter): Name = "Case Code (Imperial)"; Value = "0603"; VariantName = "[No Variations]"
Add component (AddParameter): Name = "Case Code (Metric)"; Value = "1608"; VariantName = "[No Variations]"
Add component (AddParameter): Name = "Case/Package"; Value = "0603"; VariantName = "[No Variations]"
Add component (AddParameter): Name = "Depth"; Value = "0.8mm"; VariantName = "[No Variations]"
Add component (AddParameter): Name = "Dielectric"; Value = "X7R"; VariantName = "[No Variations]"
Add component (AddParameter): Name = "Height"; Value = "0.8mm"; VariantName = "[No Variations]"
Add component (AddParameter): Name = "Lead Free"; Value = "Lead Free"; VariantName = "[No Variations]"
Add component (AddParameter): Name = "Length"; Value = "1.6mm"; VariantName = "[No Variations]"
Add component (AddParameter): Name = "Max Operating Temperature"; Value = "125°C"; VariantName = "[No Variations]"
Add component (AddParameter): Name = "Min Operating Temperature"; Value = "-55°C"; VariantName = "[No Variations]"
Add component (AddParameter): Name = "Mount"; Value = "Surface Mount"; VariantName = "[No Variations]"
Add component (AddParameter): Name = "Package Quantity"; Value = "1"; VariantName = "[No Variations]"
Add component (AddParameter): Name = "Packaging"; Value = "Tape and Reel"; VariantName = "[No Variations]"
Add component (AddParameter): Name = "Radiation Hardening"; Value = "No"; VariantName = "[No Variations]"
Add component (AddParameter): Name = "Ratings"; Value = "AEC-Q200"; VariantName = "[No Variations]"
Add component (AddParameter): Name = "Termination"; Value = "SMD/SMT"; VariantName = "[No Variations]"
Add component (AddParameter): Name = "Thickness"; Value = "0.035inch"; VariantName = "[No Variations]"
Add component (AddParameter): Name = "Tolerance"; Value = "10%"; VariantName = "[No Variations]"
Add component (AddParameter): Name = "Voltage"; Value = "25V"; VariantName = "[No Variations]"
Add component (AddParameter): Name = "Voltage Rating"; Value = "25V"; VariantName = "[No Variations]"
Add component (AddParameter): Name = "Voltage Rating (DC)"; Value = "25V"; VariantName = "[No Variations]"
Add component (AddParameter): Name = "Width"; Value = "0.031inch"; VariantName = "[No Variations]"
Added Component: Designator=J1(FP-87759-1050-MFG)
Add component (AddParameter): Name = "Automotive"; Value = "No"; VariantName = "[No Variations]"
Add component (AddParameter): Name = "Category"; Value = "Conn"; VariantName = "[No Variations]"
Add component (AddParameter): Name = "ComponentLink2Description"; Value = "Datasheet"; VariantName = "[No Variations]"
Add component (AddParameter): Name = "ComponentLink2URL"; Value = "https://www.molex.com/webdocs/datasheets/pdf/en-us/0877591050_PCB_HEADERS.pdf"; VariantName = "[No Variations]"
Add component (AddParameter): Name = "Conn Gender"; Value = "Male"; VariantName = "[No Variations]"
Add component (AddParameter): Name = "Conn Orientation"; Value = "Straight"; VariantName = "[No Variations]"
Add component (AddParameter): Name = "Contact Material"; Value = "Gold,Nickel"; VariantName = "[No Variations]"
Add component (AddParameter): Name = "Current Rating"; Value = "2A"; VariantName = "[No Variations]"
Add component (AddParameter): Name = "Device Class L1"; Value = "Connectors"; VariantName = "[No Variations]"
Add component (AddParameter): Name = "Device Class L2"; Value = "Headers and Wire Housings"; VariantName = "[No Variations]"
Add component (AddParameter): Name = "Device Class L3"; Value = "unset"; VariantName = "[No Variations]"
Add component (AddParameter): Name = "Digikey Description"; Value = "CONN HEADER SMD 10POS 2MM"; VariantName = "[No Variations]"
Add component (AddParameter): Name = "Footprint Url"; Value = "https://www.molex.com/pdm_docs/sd/877591050_sd.pdf"; VariantName = "[No Variations]"
Add component (AddParameter): Name = "Height"; Value = "7.1mm"; VariantName = "[No Variations]"
Add component (AddParameter): Name = "Lead Free"; Value = "Yes"; VariantName = "[No Variations]"
Add component (AddParameter): Name = "Manufacturer"; Value = "Molex"; VariantName = "[No Variations]"
Add component (AddParameter): Name = "Manufacturer Part Number"; Value = "87759-1050"; VariantName = "[No Variations]"
Add component (AddParameter): Name = "Mouser Description"; Value = "Headers & Wire Housings HDR SMT D/R W/PG 10P"; VariantName = "[No Variations]"
Add component (AddParameter): Name = "Number Of Contacts"; Value = "10"; VariantName = "[No Variations]"
Add component (AddParameter): Name = "Number Of Rows"; Value = "2"; VariantName = "[No Variations]"
Add component (AddParameter): Name = "Octopart"; Value = "https://octopart.com/87759-1050-molex-277131"; VariantName = "[No Variations]"
Add component (AddParameter): Name = "Package"; Value = "87759-1050"; VariantName = "[No Variations]"
Add component (AddParameter): Name = "Pitch"; Value = "2mm"; VariantName = "[No Variations]"
Add component (AddParameter): Name = "RoHS"; Value = "TRUE"; VariantName = "[No Variations]"
Add component (AddParameter): Name = "Standoff Height"; Value = "1mm"; VariantName = "[No Variations]"
Add component (AddParameter): Name = "Temperature"; Value = "-55°C to +125°C"; VariantName = "[No Variations]"
Add component (AddParameter): Name = "Temperature Range High"; Value = "+125°C"; VariantName = "[No Variations]"
Add component (AddParameter): Name = "Temperature Range Low"; Value = "-55°C"; VariantName = "[No Variations]"
Add component (AddParameter): Name = "Voltage Rating"; Value = "125V"; VariantName = "[No Variations]"
Added Component: Designator=J2(FP-87759-1050-MFG)
Add component (AddParameter): Name = "Automotive"; Value = "No"; VariantName = "[No Variations]"
Add component (AddParameter): Name = "Category"; Value = "Conn"; VariantName = "[No Variations]"
Add component (AddParameter): Name = "ComponentLink2Description"; Value = "Datasheet"; VariantName = "[No Variations]"
Add component (AddParameter): Name = "ComponentLink2URL"; Value = "https://www.molex.com/webdocs/datasheets/pdf/en-us/0877591050_PCB_HEADERS.pdf"; VariantName = "[No Variations]"
Add component (AddParameter): Name = "Conn Gender"; Value = "Male"; VariantName = "[No Variations]"
Add component (AddParameter): Name = "Conn Orientation"; Value = "Straight"; VariantName = "[No Variations]"
Add component (AddParameter): Name = "Contact Material"; Value = "Gold,Nickel"; VariantName = "[No Variations]"
Add component (AddParameter): Name = "Current Rating"; Value = "2A"; VariantName = "[No Variations]"
Add component (AddParameter): Name = "Device Class L1"; Value = "Connectors"; VariantName = "[No Variations]"
Add component (AddParameter): Name = "Device Class L2"; Value = "Headers and Wire Housings"; VariantName = "[No Variations]"
Add component (AddParameter): Name = "Device Class L3"; Value = "unset"; VariantName = "[No Variations]"
Add component (AddParameter): Name = "Digikey Description"; Value = "CONN HEADER SMD 10POS 2MM"; VariantName = "[No Variations]"
Add component (AddParameter): Name = "Footprint Url"; Value = "https://www.molex.com/pdm_docs/sd/877591050_sd.pdf"; VariantName = "[No Variations]"
Add component (AddParameter): Name = "Height"; Value = "7.1mm"; VariantName = "[No Variations]"
Add component (AddParameter): Name = "Lead Free"; Value = "Yes"; VariantName = "[No Variations]"
Add component (AddParameter): Name = "Manufacturer"; Value = "Molex"; VariantName = "[No Variations]"
Add component (AddParameter): Name = "Manufacturer Part Number"; Value = "87759-1050"; VariantName = "[No Variations]"
Add component (AddParameter): Name = "Mouser Description"; Value = "Headers & Wire Housings HDR SMT D/R W/PG 10P"; VariantName = "[No Variations]"
Add component (AddParameter): Name = "Number Of Contacts"; Value = "10"; VariantName = "[No Variations]"
Add component (AddParameter): Name = "Number Of Rows"; Value = "2"; VariantName = "[No Variations]"
Add component (AddParameter): Name = "Octopart"; Value = "https://octopart.com/87759-1050-molex-277131"; VariantName = "[No Variations]"
Add component (AddParameter): Name = "Package"; Value = "87759-1050"; VariantName = "[No Variations]"
Add component (AddParameter): Name = "Pitch"; Value = "2mm"; VariantName = "[No Variations]"
Add component (AddParameter): Name = "RoHS"; Value = "TRUE"; VariantName = "[No Variations]"
Add component (AddParameter): Name = "Standoff Height"; Value = "1mm"; VariantName = "[No Variations]"
Add component (AddParameter): Name = "Temperature"; Value = "-55°C to +125°C"; VariantName = "[No Variations]"
Add component (AddParameter): Name = "Temperature Range High"; Value = "+125°C"; VariantName = "[No Variations]"
Add component (AddParameter): Name = "Temperature Range Low"; Value = "-55°C"; VariantName = "[No Variations]"
Add component (AddParameter): Name = "Voltage Rating"; Value = "125V"; VariantName = "[No Variations]"
Added Component: Designator=L1(WE-PD_7345)
Add component (AddParameter): Name = "Ambient Temperature Range High"; Value = "85°C"; VariantName = "[No Variations]"
Add component (AddParameter): Name = "Ambient Temperature Range Low"; Value = "-40°C"; VariantName = "[No Variations]"
Add component (AddParameter): Name = "Current Rating"; Value = "1.11A"; VariantName = "[No Variations]"
Add component (AddParameter): Name = "DC Resistance (DCR)"; Value = "145m?"; VariantName = "[No Variations]"
Add component (AddParameter): Name = "Depth"; Value = "7.3mm"; VariantName = "[No Variations]"
Add component (AddParameter): Name = "Height"; Value = "4.5mm"; VariantName = "[No Variations]"
Add component (AddParameter): Name = "Inductance"; Value = "39µH"; VariantName = "[No Variations]"
Add component (AddParameter): Name = "Length"; Value = "7.3mm"; VariantName = "[No Variations]"
Add component (AddParameter): Name = "Max DC Current"; Value = "1.11A"; VariantName = "[No Variations]"
Add component (AddParameter): Name = "Max Operating Temperature"; Value = "125°C"; VariantName = "[No Variations]"
Add component (AddParameter): Name = "Min Operating Temperature"; Value = "-40°C"; VariantName = "[No Variations]"
Add component (AddParameter): Name = "NexarPartId"; Value = "29930417"; VariantName = "[No Variations]"
Add component (AddParameter): Name = "Number of Pins"; Value = "2"; VariantName = "[No Variations]"
Add component (AddParameter): Name = "Packaging"; Value = "Tape & Reel"; VariantName = "[No Variations]"
Add component (AddParameter): Name = "RoHS"; Value = "Compliant"; VariantName = "[No Variations]"
Add component (AddParameter): Name = "Self Resonant Frequency"; Value = "11MHz"; VariantName = "[No Variations]"
Add component (AddParameter): Name = "Shielding"; Value = "Shielded"; VariantName = "[No Variations]"
Add component (AddParameter): Name = "Tolerance"; Value = "20%"; VariantName = "[No Variations]"
Add component (AddParameter): Name = "Width"; Value = "7.3mm"; VariantName = "[No Variations]"
Added Component: Designator=L2_PowerModuleCell_M2(WE-PD_7345)
Add component (AddParameter): Name = "Ambient Temperature Range High"; Value = "85°C"; VariantName = "[No Variations]"
Add component (AddParameter): Name = "Ambient Temperature Range Low"; Value = "-40°C"; VariantName = "[No Variations]"
Add component (AddParameter): Name = "Current Rating"; Value = "1.11A"; VariantName = "[No Variations]"
Add component (AddParameter): Name = "DC Resistance (DCR)"; Value = "145m?"; VariantName = "[No Variations]"
Add component (AddParameter): Name = "Depth"; Value = "7.3mm"; VariantName = "[No Variations]"
Add component (AddParameter): Name = "Height"; Value = "4.5mm"; VariantName = "[No Variations]"
Add component (AddParameter): Name = "Inductance"; Value = "39µH"; VariantName = "[No Variations]"
Add component (AddParameter): Name = "Length"; Value = "7.3mm"; VariantName = "[No Variations]"
Add component (AddParameter): Name = "Max DC Current"; Value = "1.11A"; VariantName = "[No Variations]"
Add component (AddParameter): Name = "Max Operating Temperature"; Value = "125°C"; VariantName = "[No Variations]"
Add component (AddParameter): Name = "Min Operating Temperature"; Value = "-40°C"; VariantName = "[No Variations]"
Add component (AddParameter): Name = "NexarPartId"; Value = "29930417"; VariantName = "[No Variations]"
Add component (AddParameter): Name = "Number of Pins"; Value = "2"; VariantName = "[No Variations]"
Add component (AddParameter): Name = "Packaging"; Value = "Tape & Reel"; VariantName = "[No Variations]"
Add component (AddParameter): Name = "RoHS"; Value = "Compliant"; VariantName = "[No Variations]"
Add component (AddParameter): Name = "Self Resonant Frequency"; Value = "11MHz"; VariantName = "[No Variations]"
Add component (AddParameter): Name = "Shielding"; Value = "Shielded"; VariantName = "[No Variations]"
Add component (AddParameter): Name = "Tolerance"; Value = "20%"; VariantName = "[No Variations]"
Add component (AddParameter): Name = "Width"; Value = "7.3mm"; VariantName = "[No Variations]"
Added Component: Designator=L2_PowerModuleCell_M3(WE-PD_7345)
Add component (AddParameter): Name = "Ambient Temperature Range High"; Value = "85°C"; VariantName = "[No Variations]"
Add component (AddParameter): Name = "Ambient Temperature Range Low"; Value = "-40°C"; VariantName = "[No Variations]"
Add component (AddParameter): Name = "Current Rating"; Value = "1.11A"; VariantName = "[No Variations]"
Add component (AddParameter): Name = "DC Resistance (DCR)"; Value = "145m?"; VariantName = "[No Variations]"
Add component (AddParameter): Name = "Depth"; Value = "7.3mm"; VariantName = "[No Variations]"
Add component (AddParameter): Name = "Height"; Value = "4.5mm"; VariantName = "[No Variations]"
Add component (AddParameter): Name = "Inductance"; Value = "39µH"; VariantName = "[No Variations]"
Add component (AddParameter): Name = "Length"; Value = "7.3mm"; VariantName = "[No Variations]"
Add component (AddParameter): Name = "Max DC Current"; Value = "1.11A"; VariantName = "[No Variations]"
Add component (AddParameter): Name = "Max Operating Temperature"; Value = "125°C"; VariantName = "[No Variations]"
Add component (AddParameter): Name = "Min Operating Temperature"; Value = "-40°C"; VariantName = "[No Variations]"
Add component (AddParameter): Name = "NexarPartId"; Value = "29930417"; VariantName = "[No Variations]"
Add component (AddParameter): Name = "Number of Pins"; Value = "2"; VariantName = "[No Variations]"
Add component (AddParameter): Name = "Packaging"; Value = "Tape & Reel"; VariantName = "[No Variations]"
Add component (AddParameter): Name = "RoHS"; Value = "Compliant"; VariantName = "[No Variations]"
Add component (AddParameter): Name = "Self Resonant Frequency"; Value = "11MHz"; VariantName = "[No Variations]"
Add component (AddParameter): Name = "Shielding"; Value = "Shielded"; VariantName = "[No Variations]"
Add component (AddParameter): Name = "Tolerance"; Value = "20%"; VariantName = "[No Variations]"
Add component (AddParameter): Name = "Width"; Value = "7.3mm"; VariantName = "[No Variations]"
Added Component: Designator=L2_PowerModuleCell_M4(WE-PD_7345)
Add component (AddParameter): Name = "Ambient Temperature Range High"; Value = "85°C"; VariantName = "[No Variations]"
Add component (AddParameter): Name = "Ambient Temperature Range Low"; Value = "-40°C"; VariantName = "[No Variations]"
Add component (AddParameter): Name = "Current Rating"; Value = "1.11A"; VariantName = "[No Variations]"
Add component (AddParameter): Name = "DC Resistance (DCR)"; Value = "145m?"; VariantName = "[No Variations]"
Add component (AddParameter): Name = "Depth"; Value = "7.3mm"; VariantName = "[No Variations]"
Add component (AddParameter): Name = "Height"; Value = "4.5mm"; VariantName = "[No Variations]"
Add component (AddParameter): Name = "Inductance"; Value = "39µH"; VariantName = "[No Variations]"
Add component (AddParameter): Name = "Length"; Value = "7.3mm"; VariantName = "[No Variations]"
Add component (AddParameter): Name = "Max DC Current"; Value = "1.11A"; VariantName = "[No Variations]"
Add component (AddParameter): Name = "Max Operating Temperature"; Value = "125°C"; VariantName = "[No Variations]"
Add component (AddParameter): Name = "Min Operating Temperature"; Value = "-40°C"; VariantName = "[No Variations]"
Add component (AddParameter): Name = "NexarPartId"; Value = "29930417"; VariantName = "[No Variations]"
Add component (AddParameter): Name = "Number of Pins"; Value = "2"; VariantName = "[No Variations]"
Add component (AddParameter): Name = "Packaging"; Value = "Tape & Reel"; VariantName = "[No Variations]"
Add component (AddParameter): Name = "RoHS"; Value = "Compliant"; VariantName = "[No Variations]"
Add component (AddParameter): Name = "Self Resonant Frequency"; Value = "11MHz"; VariantName = "[No Variations]"
Add component (AddParameter): Name = "Shielding"; Value = "Shielded"; VariantName = "[No Variations]"
Add component (AddParameter): Name = "Tolerance"; Value = "20%"; VariantName = "[No Variations]"
Add component (AddParameter): Name = "Width"; Value = "7.3mm"; VariantName = "[No Variations]"
Added Component: Designator=Load+1_PowerModuleCell_M2(FP-5001-MFG)
Add component (AddParameter): Name = "Body Material"; Value = "Bronze"; VariantName = "[No Variations]"
Add component (AddParameter): Name = "Color"; Value = "Black"; VariantName = "[No Variations]"
Add component (AddParameter): Name = "Contact Material"; Value = "Bronze"; VariantName = "[No Variations]"
Add component (AddParameter): Name = "Contact Plating"; Value = "Silver"; VariantName = "[No Variations]"
Add component (AddParameter): Name = "Diameter"; Value = "2.54mm"; VariantName = "[No Variations]"
Add component (AddParameter): Name = "Flammability Rating"; Value = "UL94 V-0"; VariantName = "[No Variations]"
Add component (AddParameter): Name = "Height"; Value = "0.3inch"; VariantName = "[No Variations]"
Add component (AddParameter): Name = "Hole Diameter"; Value = "1.6mm"; VariantName = "[No Variations]"
Add component (AddParameter): Name = "Housing Color"; Value = "Black"; VariantName = "[No Variations]"
Add component (AddParameter): Name = "Inside Diameter"; Value = "1.27mm"; VariantName = "[No Variations]"
Add component (AddParameter): Name = "Insulation"; Value = "Insulated"; VariantName = "[No Variations]"
Add component (AddParameter): Name = "Insulation Material"; Value = "Nylon"; VariantName = "[No Variations]"
Add component (AddParameter): Name = "Lead Free"; Value = "Lead Free"; VariantName = "[No Variations]"
Add component (AddParameter): Name = "Length"; Value = "7.62mm"; VariantName = "[No Variations]"
Add component (AddParameter): Name = "Material"; Value = "Nylon"; VariantName = "[No Variations]"
Add component (AddParameter): Name = "Mount"; Value = "Through Hole"; VariantName = "[No Variations]"
Add component (AddParameter): Name = "Number of Contacts"; Value = "1"; VariantName = "[No Variations]"
Add component (AddParameter): Name = "Number of Ports"; Value = "1"; VariantName = "[No Variations]"
Add component (AddParameter): Name = "Orientation"; Value = "Straight"; VariantName = "[No Variations]"
Add component (AddParameter): Name = "Outside Diameter"; Value = "2.54mm"; VariantName = "[No Variations]"
Add component (AddParameter): Name = "Package Quantity"; Value = "100"; VariantName = "[No Variations]"
Add component (AddParameter): Name = "Packaging"; Value = "Bulk"; VariantName = "[No Variations]"
Add component (AddParameter): Name = "Plating"; Value = "Silver"; VariantName = "[No Variations]"
Add component (AddParameter): Name = "REACH SVHC"; Value = "No SVHC"; VariantName = "[No Variations]"
Add component (AddParameter): Name = "RoHS Compliant"; Value = "Yes"; VariantName = "[No Variations]"
Add component (AddParameter): Name = "Series"; Value = "THM"; VariantName = "[No Variations]"
Add component (AddParameter): Name = "Termination"; Value = "Through Hole"; VariantName = "[No Variations]"
Added Component: Designator=Load+1_PowerModuleCell_M3(FP-5001-MFG)
Add component (AddParameter): Name = "Body Material"; Value = "Bronze"; VariantName = "[No Variations]"
Add component (AddParameter): Name = "Color"; Value = "Black"; VariantName = "[No Variations]"
Add component (AddParameter): Name = "Contact Material"; Value = "Bronze"; VariantName = "[No Variations]"
Add component (AddParameter): Name = "Contact Plating"; Value = "Silver"; VariantName = "[No Variations]"
Add component (AddParameter): Name = "Diameter"; Value = "2.54mm"; VariantName = "[No Variations]"
Add component (AddParameter): Name = "Flammability Rating"; Value = "UL94 V-0"; VariantName = "[No Variations]"
Add component (AddParameter): Name = "Height"; Value = "0.3inch"; VariantName = "[No Variations]"
Add component (AddParameter): Name = "Hole Diameter"; Value = "1.6mm"; VariantName = "[No Variations]"
Add component (AddParameter): Name = "Housing Color"; Value = "Black"; VariantName = "[No Variations]"
Add component (AddParameter): Name = "Inside Diameter"; Value = "1.27mm"; VariantName = "[No Variations]"
Add component (AddParameter): Name = "Insulation"; Value = "Insulated"; VariantName = "[No Variations]"
Add component (AddParameter): Name = "Insulation Material"; Value = "Nylon"; VariantName = "[No Variations]"
Add component (AddParameter): Name = "Lead Free"; Value = "Lead Free"; VariantName = "[No Variations]"
Add component (AddParameter): Name = "Length"; Value = "7.62mm"; VariantName = "[No Variations]"
Add component (AddParameter): Name = "Material"; Value = "Nylon"; VariantName = "[No Variations]"
Add component (AddParameter): Name = "Mount"; Value = "Through Hole"; VariantName = "[No Variations]"
Add component (AddParameter): Name = "Number of Contacts"; Value = "1"; VariantName = "[No Variations]"
Add component (AddParameter): Name = "Number of Ports"; Value = "1"; VariantName = "[No Variations]"
Add component (AddParameter): Name = "Orientation"; Value = "Straight"; VariantName = "[No Variations]"
Add component (AddParameter): Name = "Outside Diameter"; Value = "2.54mm"; VariantName = "[No Variations]"
Add component (AddParameter): Name = "Package Quantity"; Value = "100"; VariantName = "[No Variations]"
Add component (AddParameter): Name = "Packaging"; Value = "Bulk"; VariantName = "[No Variations]"
Add component (AddParameter): Name = "Plating"; Value = "Silver"; VariantName = "[No Variations]"
Add component (AddParameter): Name = "REACH SVHC"; Value = "No SVHC"; VariantName = "[No Variations]"
Add component (AddParameter): Name = "RoHS Compliant"; Value = "Yes"; VariantName = "[No Variations]"
Add component (AddParameter): Name = "Series"; Value = "THM"; VariantName = "[No Variations]"
Add component (AddParameter): Name = "Termination"; Value = "Through Hole"; VariantName = "[No Variations]"
Added Component: Designator=Load+1_PowerModuleCell_M4(FP-5001-MFG)
Add component (AddParameter): Name = "Body Material"; Value = "Bronze"; VariantName = "[No Variations]"
Add component (AddParameter): Name = "Color"; Value = "Black"; VariantName = "[No Variations]"
Add component (AddParameter): Name = "Contact Material"; Value = "Bronze"; VariantName = "[No Variations]"
Add component (AddParameter): Name = "Contact Plating"; Value = "Silver"; VariantName = "[No Variations]"
Add component (AddParameter): Name = "Diameter"; Value = "2.54mm"; VariantName = "[No Variations]"
Add component (AddParameter): Name = "Flammability Rating"; Value = "UL94 V-0"; VariantName = "[No Variations]"
Add component (AddParameter): Name = "Height"; Value = "0.3inch"; VariantName = "[No Variations]"
Add component (AddParameter): Name = "Hole Diameter"; Value = "1.6mm"; VariantName = "[No Variations]"
Add component (AddParameter): Name = "Housing Color"; Value = "Black"; VariantName = "[No Variations]"
Add component (AddParameter): Name = "Inside Diameter"; Value = "1.27mm"; VariantName = "[No Variations]"
Add component (AddParameter): Name = "Insulation"; Value = "Insulated"; VariantName = "[No Variations]"
Add component (AddParameter): Name = "Insulation Material"; Value = "Nylon"; VariantName = "[No Variations]"
Add component (AddParameter): Name = "Lead Free"; Value = "Lead Free"; VariantName = "[No Variations]"
Add component (AddParameter): Name = "Length"; Value = "7.62mm"; VariantName = "[No Variations]"
Add component (AddParameter): Name = "Material"; Value = "Nylon"; VariantName = "[No Variations]"
Add component (AddParameter): Name = "Mount"; Value = "Through Hole"; VariantName = "[No Variations]"
Add component (AddParameter): Name = "Number of Contacts"; Value = "1"; VariantName = "[No Variations]"
Add component (AddParameter): Name = "Number of Ports"; Value = "1"; VariantName = "[No Variations]"
Add component (AddParameter): Name = "Orientation"; Value = "Straight"; VariantName = "[No Variations]"
Add component (AddParameter): Name = "Outside Diameter"; Value = "2.54mm"; VariantName = "[No Variations]"
Add component (AddParameter): Name = "Package Quantity"; Value = "100"; VariantName = "[No Variations]"
Add component (AddParameter): Name = "Packaging"; Value = "Bulk"; VariantName = "[No Variations]"
Add component (AddParameter): Name = "Plating"; Value = "Silver"; VariantName = "[No Variations]"
Add component (AddParameter): Name = "REACH SVHC"; Value = "No SVHC"; VariantName = "[No Variations]"
Add component (AddParameter): Name = "RoHS Compliant"; Value = "Yes"; VariantName = "[No Variations]"
Add component (AddParameter): Name = "Series"; Value = "THM"; VariantName = "[No Variations]"
Add component (AddParameter): Name = "Termination"; Value = "Through Hole"; VariantName = "[No Variations]"
Added Component: Designator=Load-1_PowerModuleCell_M2(FP-5001-MFG)
Add component (AddParameter): Name = "Body Material"; Value = "Bronze"; VariantName = "[No Variations]"
Add component (AddParameter): Name = "Color"; Value = "Black"; VariantName = "[No Variations]"
Add component (AddParameter): Name = "Contact Material"; Value = "Bronze"; VariantName = "[No Variations]"
Add component (AddParameter): Name = "Contact Plating"; Value = "Silver"; VariantName = "[No Variations]"
Add component (AddParameter): Name = "Diameter"; Value = "2.54mm"; VariantName = "[No Variations]"
Add component (AddParameter): Name = "Flammability Rating"; Value = "UL94 V-0"; VariantName = "[No Variations]"
Add component (AddParameter): Name = "Height"; Value = "0.3inch"; VariantName = "[No Variations]"
Add component (AddParameter): Name = "Hole Diameter"; Value = "1.6mm"; VariantName = "[No Variations]"
Add component (AddParameter): Name = "Housing Color"; Value = "Black"; VariantName = "[No Variations]"
Add component (AddParameter): Name = "Inside Diameter"; Value = "1.27mm"; VariantName = "[No Variations]"
Add component (AddParameter): Name = "Insulation"; Value = "Insulated"; VariantName = "[No Variations]"
Add component (AddParameter): Name = "Insulation Material"; Value = "Nylon"; VariantName = "[No Variations]"
Add component (AddParameter): Name = "Lead Free"; Value = "Lead Free"; VariantName = "[No Variations]"
Add component (AddParameter): Name = "Length"; Value = "7.62mm"; VariantName = "[No Variations]"
Add component (AddParameter): Name = "Material"; Value = "Nylon"; VariantName = "[No Variations]"
Add component (AddParameter): Name = "Mount"; Value = "Through Hole"; VariantName = "[No Variations]"
Add component (AddParameter): Name = "Number of Contacts"; Value = "1"; VariantName = "[No Variations]"
Add component (AddParameter): Name = "Number of Ports"; Value = "1"; VariantName = "[No Variations]"
Add component (AddParameter): Name = "Orientation"; Value = "Straight"; VariantName = "[No Variations]"
Add component (AddParameter): Name = "Outside Diameter"; Value = "2.54mm"; VariantName = "[No Variations]"
Add component (AddParameter): Name = "Package Quantity"; Value = "100"; VariantName = "[No Variations]"
Add component (AddParameter): Name = "Packaging"; Value = "Bulk"; VariantName = "[No Variations]"
Add component (AddParameter): Name = "Plating"; Value = "Silver"; VariantName = "[No Variations]"
Add component (AddParameter): Name = "REACH SVHC"; Value = "No SVHC"; VariantName = "[No Variations]"
Add component (AddParameter): Name = "RoHS Compliant"; Value = "Yes"; VariantName = "[No Variations]"
Add component (AddParameter): Name = "Series"; Value = "THM"; VariantName = "[No Variations]"
Add component (AddParameter): Name = "Termination"; Value = "Through Hole"; VariantName = "[No Variations]"
Added Component: Designator=Load-1_PowerModuleCell_M3(FP-5001-MFG)
Add component (AddParameter): Name = "Body Material"; Value = "Bronze"; VariantName = "[No Variations]"
Add component (AddParameter): Name = "Color"; Value = "Black"; VariantName = "[No Variations]"
Add component (AddParameter): Name = "Contact Material"; Value = "Bronze"; VariantName = "[No Variations]"
Add component (AddParameter): Name = "Contact Plating"; Value = "Silver"; VariantName = "[No Variations]"
Add component (AddParameter): Name = "Diameter"; Value = "2.54mm"; VariantName = "[No Variations]"
Add component (AddParameter): Name = "Flammability Rating"; Value = "UL94 V-0"; VariantName = "[No Variations]"
Add component (AddParameter): Name = "Height"; Value = "0.3inch"; VariantName = "[No Variations]"
Add component (AddParameter): Name = "Hole Diameter"; Value = "1.6mm"; VariantName = "[No Variations]"
Add component (AddParameter): Name = "Housing Color"; Value = "Black"; VariantName = "[No Variations]"
Add component (AddParameter): Name = "Inside Diameter"; Value = "1.27mm"; VariantName = "[No Variations]"
Add component (AddParameter): Name = "Insulation"; Value = "Insulated"; VariantName = "[No Variations]"
Add component (AddParameter): Name = "Insulation Material"; Value = "Nylon"; VariantName = "[No Variations]"
Add component (AddParameter): Name = "Lead Free"; Value = "Lead Free"; VariantName = "[No Variations]"
Add component (AddParameter): Name = "Length"; Value = "7.62mm"; VariantName = "[No Variations]"
Add component (AddParameter): Name = "Material"; Value = "Nylon"; VariantName = "[No Variations]"
Add component (AddParameter): Name = "Mount"; Value = "Through Hole"; VariantName = "[No Variations]"
Add component (AddParameter): Name = "Number of Contacts"; Value = "1"; VariantName = "[No Variations]"
Add component (AddParameter): Name = "Number of Ports"; Value = "1"; VariantName = "[No Variations]"
Add component (AddParameter): Name = "Orientation"; Value = "Straight"; VariantName = "[No Variations]"
Add component (AddParameter): Name = "Outside Diameter"; Value = "2.54mm"; VariantName = "[No Variations]"
Add component (AddParameter): Name = "Package Quantity"; Value = "100"; VariantName = "[No Variations]"
Add component (AddParameter): Name = "Packaging"; Value = "Bulk"; VariantName = "[No Variations]"
Add component (AddParameter): Name = "Plating"; Value = "Silver"; VariantName = "[No Variations]"
Add component (AddParameter): Name = "REACH SVHC"; Value = "No SVHC"; VariantName = "[No Variations]"
Add component (AddParameter): Name = "RoHS Compliant"; Value = "Yes"; VariantName = "[No Variations]"
Add component (AddParameter): Name = "Series"; Value = "THM"; VariantName = "[No Variations]"
Add component (AddParameter): Name = "Termination"; Value = "Through Hole"; VariantName = "[No Variations]"
Added Component: Designator=Load-1_PowerModuleCell_M4(FP-5001-MFG)
Add component (AddParameter): Name = "Body Material"; Value = "Bronze"; VariantName = "[No Variations]"
Add component (AddParameter): Name = "Color"; Value = "Black"; VariantName = "[No Variations]"
Add component (AddParameter): Name = "Contact Material"; Value = "Bronze"; VariantName = "[No Variations]"
Add component (AddParameter): Name = "Contact Plating"; Value = "Silver"; VariantName = "[No Variations]"
Add component (AddParameter): Name = "Diameter"; Value = "2.54mm"; VariantName = "[No Variations]"
Add component (AddParameter): Name = "Flammability Rating"; Value = "UL94 V-0"; VariantName = "[No Variations]"
Add component (AddParameter): Name = "Height"; Value = "0.3inch"; VariantName = "[No Variations]"
Add component (AddParameter): Name = "Hole Diameter"; Value = "1.6mm"; VariantName = "[No Variations]"
Add component (AddParameter): Name = "Housing Color"; Value = "Black"; VariantName = "[No Variations]"
Add component (AddParameter): Name = "Inside Diameter"; Value = "1.27mm"; VariantName = "[No Variations]"
Add component (AddParameter): Name = "Insulation"; Value = "Insulated"; VariantName = "[No Variations]"
Add component (AddParameter): Name = "Insulation Material"; Value = "Nylon"; VariantName = "[No Variations]"
Add component (AddParameter): Name = "Lead Free"; Value = "Lead Free"; VariantName = "[No Variations]"
Add component (AddParameter): Name = "Length"; Value = "7.62mm"; VariantName = "[No Variations]"
Add component (AddParameter): Name = "Material"; Value = "Nylon"; VariantName = "[No Variations]"
Add component (AddParameter): Name = "Mount"; Value = "Through Hole"; VariantName = "[No Variations]"
Add component (AddParameter): Name = "Number of Contacts"; Value = "1"; VariantName = "[No Variations]"
Add component (AddParameter): Name = "Number of Ports"; Value = "1"; VariantName = "[No Variations]"
Add component (AddParameter): Name = "Orientation"; Value = "Straight"; VariantName = "[No Variations]"
Add component (AddParameter): Name = "Outside Diameter"; Value = "2.54mm"; VariantName = "[No Variations]"
Add component (AddParameter): Name = "Package Quantity"; Value = "100"; VariantName = "[No Variations]"
Add component (AddParameter): Name = "Packaging"; Value = "Bulk"; VariantName = "[No Variations]"
Add component (AddParameter): Name = "Plating"; Value = "Silver"; VariantName = "[No Variations]"
Add component (AddParameter): Name = "REACH SVHC"; Value = "No SVHC"; VariantName = "[No Variations]"
Add component (AddParameter): Name = "RoHS Compliant"; Value = "Yes"; VariantName = "[No Variations]"
Add component (AddParameter): Name = "Series"; Value = "THM"; VariantName = "[No Variations]"
Add component (AddParameter): Name = "Termination"; Value = "Through Hole"; VariantName = "[No Variations]"
Added Component: Designator=Q1_PowerModuleCell_M2(FP-MG-WDSON-11-MFG)
Add component (AddParameter): Name = "Continuous Drain Current (ID)"; Value = "375A"; VariantName = "[No Variations]"
Add component (AddParameter): Name = "Drain to Source Resistance"; Value = "11mR"; VariantName = "[No Variations]"
Add component (AddParameter): Name = "Drain to Source Voltage (Vdss)"; Value = "150V"; VariantName = "[No Variations]"
Add component (AddParameter): Name = "Gate to Source Voltage (Vgs)"; Value = "20V"; VariantName = "[No Variations]"
Add component (AddParameter): Name = "Halogen Free"; Value = "Halogen Free"; VariantName = "[No Variations]"
Add component (AddParameter): Name = "Height"; Value = "0.02inch"; VariantName = "[No Variations]"
Add component (AddParameter): Name = "Input Capacitance"; Value = "6.66nF"; VariantName = "[No Variations]"
Add component (AddParameter): Name = "Lead Free"; Value = "Lead Free"; VariantName = "[No Variations]"
Add component (AddParameter): Name = "Length"; Value = "0.36inch"; VariantName = "[No Variations]"
Add component (AddParameter): Name = "Max Dual Supply Voltage"; Value = "150V"; VariantName = "[No Variations]"
Add component (AddParameter): Name = "Max Operating Temperature"; Value = "175°C"; VariantName = "[No Variations]"
Add component (AddParameter): Name = "Max Power Dissipation"; Value = "125W"; VariantName = "[No Variations]"
Add component (AddParameter): Name = "Min Operating Temperature"; Value = "-55°C"; VariantName = "[No Variations]"
Add component (AddParameter): Name = "Mount"; Value = "Surface Mount"; VariantName = "[No Variations]"
Add component (AddParameter): Name = "Number of Pins"; Value = "11"; VariantName = "[No Variations]"
Add component (AddParameter): Name = "Packaging"; Value = "Cut Tape"; VariantName = "[No Variations]"
Add component (AddParameter): Name = "Power Dissipation"; Value = "125W"; VariantName = "[No Variations]"
Add component (AddParameter): Name = "Rds On Max"; Value = "11mR"; VariantName = "[No Variations]"
Add component (AddParameter): Name = "REACH SVHC"; Value = "No SVHC"; VariantName = "[No Variations]"
Add component (AddParameter): Name = "RoHS Compliant"; Value = "Yes"; VariantName = "[No Variations]"
Add component (AddParameter): Name = "Series"; Value = "HEXFET®"; VariantName = "[No Variations]"
Add component (AddParameter): Name = "Threshold Voltage"; Value = "4V"; VariantName = "[No Variations]"
Add component (AddParameter): Name = "Turn-Off Delay Time"; Value = "36ns"; VariantName = "[No Variations]"
Add component (AddParameter): Name = "Turn-On Delay Time"; Value = "16ns"; VariantName = "[No Variations]"
Add component (AddParameter): Name = "Width"; Value = "0.28inch"; VariantName = "[No Variations]"
Added Component: Designator=Q1_PowerModuleCell_M3(FP-MG-WDSON-11-MFG)
Add component (AddParameter): Name = "Continuous Drain Current (ID)"; Value = "375A"; VariantName = "[No Variations]"
Add component (AddParameter): Name = "Drain to Source Resistance"; Value = "11mR"; VariantName = "[No Variations]"
Add component (AddParameter): Name = "Drain to Source Voltage (Vdss)"; Value = "150V"; VariantName = "[No Variations]"
Add component (AddParameter): Name = "Gate to Source Voltage (Vgs)"; Value = "20V"; VariantName = "[No Variations]"
Add component (AddParameter): Name = "Halogen Free"; Value = "Halogen Free"; VariantName = "[No Variations]"
Add component (AddParameter): Name = "Height"; Value = "0.02inch"; VariantName = "[No Variations]"
Add component (AddParameter): Name = "Input Capacitance"; Value = "6.66nF"; VariantName = "[No Variations]"
Add component (AddParameter): Name = "Lead Free"; Value = "Lead Free"; VariantName = "[No Variations]"
Add component (AddParameter): Name = "Length"; Value = "0.36inch"; VariantName = "[No Variations]"
Add component (AddParameter): Name = "Max Dual Supply Voltage"; Value = "150V"; VariantName = "[No Variations]"
Add component (AddParameter): Name = "Max Operating Temperature"; Value = "175°C"; VariantName = "[No Variations]"
Add component (AddParameter): Name = "Max Power Dissipation"; Value = "125W"; VariantName = "[No Variations]"
Add component (AddParameter): Name = "Min Operating Temperature"; Value = "-55°C"; VariantName = "[No Variations]"
Add component (AddParameter): Name = "Mount"; Value = "Surface Mount"; VariantName = "[No Variations]"
Add component (AddParameter): Name = "Number of Pins"; Value = "11"; VariantName = "[No Variations]"
Add component (AddParameter): Name = "Packaging"; Value = "Cut Tape"; VariantName = "[No Variations]"
Add component (AddParameter): Name = "Power Dissipation"; Value = "125W"; VariantName = "[No Variations]"
Add component (AddParameter): Name = "Rds On Max"; Value = "11mR"; VariantName = "[No Variations]"
Add component (AddParameter): Name = "REACH SVHC"; Value = "No SVHC"; VariantName = "[No Variations]"
Add component (AddParameter): Name = "RoHS Compliant"; Value = "Yes"; VariantName = "[No Variations]"
Add component (AddParameter): Name = "Series"; Value = "HEXFET®"; VariantName = "[No Variations]"
Add component (AddParameter): Name = "Threshold Voltage"; Value = "4V"; VariantName = "[No Variations]"
Add component (AddParameter): Name = "Turn-Off Delay Time"; Value = "36ns"; VariantName = "[No Variations]"
Add component (AddParameter): Name = "Turn-On Delay Time"; Value = "16ns"; VariantName = "[No Variations]"
Add component (AddParameter): Name = "Width"; Value = "0.28inch"; VariantName = "[No Variations]"
Added Component: Designator=Q1_PowerModuleCell_M4(FP-MG-WDSON-11-MFG)
Add component (AddParameter): Name = "Continuous Drain Current (ID)"; Value = "375A"; VariantName = "[No Variations]"
Add component (AddParameter): Name = "Drain to Source Resistance"; Value = "11mR"; VariantName = "[No Variations]"
Add component (AddParameter): Name = "Drain to Source Voltage (Vdss)"; Value = "150V"; VariantName = "[No Variations]"
Add component (AddParameter): Name = "Gate to Source Voltage (Vgs)"; Value = "20V"; VariantName = "[No Variations]"
Add component (AddParameter): Name = "Halogen Free"; Value = "Halogen Free"; VariantName = "[No Variations]"
Add component (AddParameter): Name = "Height"; Value = "0.02inch"; VariantName = "[No Variations]"
Add component (AddParameter): Name = "Input Capacitance"; Value = "6.66nF"; VariantName = "[No Variations]"
Add component (AddParameter): Name = "Lead Free"; Value = "Lead Free"; VariantName = "[No Variations]"
Add component (AddParameter): Name = "Length"; Value = "0.36inch"; VariantName = "[No Variations]"
Add component (AddParameter): Name = "Max Dual Supply Voltage"; Value = "150V"; VariantName = "[No Variations]"
Add component (AddParameter): Name = "Max Operating Temperature"; Value = "175°C"; VariantName = "[No Variations]"
Add component (AddParameter): Name = "Max Power Dissipation"; Value = "125W"; VariantName = "[No Variations]"
Add component (AddParameter): Name = "Min Operating Temperature"; Value = "-55°C"; VariantName = "[No Variations]"
Add component (AddParameter): Name = "Mount"; Value = "Surface Mount"; VariantName = "[No Variations]"
Add component (AddParameter): Name = "Number of Pins"; Value = "11"; VariantName = "[No Variations]"
Add component (AddParameter): Name = "Packaging"; Value = "Cut Tape"; VariantName = "[No Variations]"
Add component (AddParameter): Name = "Power Dissipation"; Value = "125W"; VariantName = "[No Variations]"
Add component (AddParameter): Name = "Rds On Max"; Value = "11mR"; VariantName = "[No Variations]"
Add component (AddParameter): Name = "REACH SVHC"; Value = "No SVHC"; VariantName = "[No Variations]"
Add component (AddParameter): Name = "RoHS Compliant"; Value = "Yes"; VariantName = "[No Variations]"
Add component (AddParameter): Name = "Series"; Value = "HEXFET®"; VariantName = "[No Variations]"
Add component (AddParameter): Name = "Threshold Voltage"; Value = "4V"; VariantName = "[No Variations]"
Add component (AddParameter): Name = "Turn-Off Delay Time"; Value = "36ns"; VariantName = "[No Variations]"
Add component (AddParameter): Name = "Turn-On Delay Time"; Value = "16ns"; VariantName = "[No Variations]"
Add component (AddParameter): Name = "Width"; Value = "0.28inch"; VariantName = "[No Variations]"
Added Component: Designator=R9(RESC1005X40X25ML05T05)
Add component (AddParameter): Name = "Manufacturer"; Value = "Panasonic"; VariantName = "[No Variations]"
Add component (AddParameter): Name = "Part Number"; Value = "ERJ-2GEJ103X"; VariantName = "[No Variations]"
Added Component: Designator=R10_PowerModuleCell_M2(RESC1005X40X25NL05T05)
Add component (AddParameter): Name = "Case Code (Imperial)"; Value = "0402"; VariantName = "[No Variations]"
Add component (AddParameter): Name = "Case Code (Metric)"; Value = "1005"; VariantName = "[No Variations]"
Add component (AddParameter): Name = "Case\/Package"; Value = "0402"; VariantName = "[No Variations]"
Add component (AddParameter): Name = "ComponentLink1Description"; Value = "Manufacturer URL"; VariantName = "[No Variations]"
Add component (AddParameter): Name = "ComponentLink1URL"; Value = "http://www.panasonic.com/"; VariantName = "[No Variations]"
Add component (AddParameter): Name = "ComponentLink2Description"; Value = "Datasheet"; VariantName = "[No Variations]"
Add component (AddParameter): Name = "ComponentLink2URL"; Value = "http://industrial.panasonic.com/cdbs/www-data/pdf/RDA0000/AOA0000C86.pdf"; VariantName = "[No Variations]"
Add component (AddParameter): Name = "DatasheetVersion"; Value = "04/2015"; VariantName = "[No Variations]"
Add component (AddParameter): Name = "Height"; Value = "0.35 mm"; VariantName = "[No Variations]"
Add component (AddParameter): Name = "Length"; Value = "1 mm"; VariantName = "[No Variations]"
Add component (AddParameter): Name = "Manufacturer"; Value = "Basic Passives"; VariantName = "[No Variations]"
Add component (AddParameter): Name = "Max Operating Temperature"; Value = "155 degC"; VariantName = "[No Variations]"
Add component (AddParameter): Name = "Min Operating Temperature"; Value = "-55 degC"; VariantName = "[No Variations]"
Add component (AddParameter): Name = "Mount"; Value = "Surface Mount"; VariantName = "[No Variations]"
Add component (AddParameter): Name = "Mounting Technology"; Value = "Surface Mount"; VariantName = "[No Variations]"
Add component (AddParameter): Name = "Package Quantity"; Value = "10000"; VariantName = "[No Variations]"
Add component (AddParameter): Name = "PackageDescription"; Value = "2-Pin Surface Mount Device, Body 1 x 0.5 mm"; VariantName = "[No Variations]"
Add component (AddParameter): Name = "PackageReference"; Value = "0402"; VariantName = "[No Variations]"
Add component (AddParameter): Name = "Packaging"; Value = "Tape and Reel"; VariantName = "[No Variations]"
Add component (AddParameter): Name = "PartNumber"; Value = "ERJ-2RKF1001X"; VariantName = "[No Variations]"
Add component (AddParameter): Name = "Pins"; Value = "2"; VariantName = "[No Variations]"
Add component (AddParameter): Name = "Power Rating"; Value = "100 mW"; VariantName = "[No Variations]"
Add component (AddParameter): Name = "Radiation Hardening"; Value = "No"; VariantName = "[No Variations]"
Add component (AddParameter): Name = "REACH SVHC"; Value = "Yes"; VariantName = "[No Variations]"
Add component (AddParameter): Name = "Resistance"; Value = "1 KOhm"; VariantName = "[No Variations]"
Add component (AddParameter): Name = "RoHSCompliant"; Value = "true"; VariantName = "[No Variations]"
Add component (AddParameter): Name = "Tolerance"; Value = "1%"; VariantName = "[No Variations]"
Add component (AddParameter): Name = "Voltage Rating"; Value = "50 V"; VariantName = "[No Variations]"
Add component (AddParameter): Name = "Width"; Value = "0.5 mm"; VariantName = "[No Variations]"
Added Component: Designator=R10_PowerModuleCell_M3(RESC1005X40X25NL05T05)
Add component (AddParameter): Name = "Case Code (Imperial)"; Value = "0402"; VariantName = "[No Variations]"
Add component (AddParameter): Name = "Case Code (Metric)"; Value = "1005"; VariantName = "[No Variations]"
Add component (AddParameter): Name = "Case\/Package"; Value = "0402"; VariantName = "[No Variations]"
Add component (AddParameter): Name = "ComponentLink1Description"; Value = "Manufacturer URL"; VariantName = "[No Variations]"
Add component (AddParameter): Name = "ComponentLink1URL"; Value = "http://www.panasonic.com/"; VariantName = "[No Variations]"
Add component (AddParameter): Name = "ComponentLink2Description"; Value = "Datasheet"; VariantName = "[No Variations]"
Add component (AddParameter): Name = "ComponentLink2URL"; Value = "http://industrial.panasonic.com/cdbs/www-data/pdf/RDA0000/AOA0000C86.pdf"; VariantName = "[No Variations]"
Add component (AddParameter): Name = "DatasheetVersion"; Value = "04/2015"; VariantName = "[No Variations]"
Add component (AddParameter): Name = "Height"; Value = "0.35 mm"; VariantName = "[No Variations]"
Add component (AddParameter): Name = "Length"; Value = "1 mm"; VariantName = "[No Variations]"
Add component (AddParameter): Name = "Manufacturer"; Value = "Basic Passives"; VariantName = "[No Variations]"
Add component (AddParameter): Name = "Max Operating Temperature"; Value = "155 degC"; VariantName = "[No Variations]"
Add component (AddParameter): Name = "Min Operating Temperature"; Value = "-55 degC"; VariantName = "[No Variations]"
Add component (AddParameter): Name = "Mount"; Value = "Surface Mount"; VariantName = "[No Variations]"
Add component (AddParameter): Name = "Mounting Technology"; Value = "Surface Mount"; VariantName = "[No Variations]"
Add component (AddParameter): Name = "Package Quantity"; Value = "10000"; VariantName = "[No Variations]"
Add component (AddParameter): Name = "PackageDescription"; Value = "2-Pin Surface Mount Device, Body 1 x 0.5 mm"; VariantName = "[No Variations]"
Add component (AddParameter): Name = "PackageReference"; Value = "0402"; VariantName = "[No Variations]"
Add component (AddParameter): Name = "Packaging"; Value = "Tape and Reel"; VariantName = "[No Variations]"
Add component (AddParameter): Name = "PartNumber"; Value = "ERJ-2RKF1001X"; VariantName = "[No Variations]"
Add component (AddParameter): Name = "Pins"; Value = "2"; VariantName = "[No Variations]"
Add component (AddParameter): Name = "Power Rating"; Value = "100 mW"; VariantName = "[No Variations]"
Add component (AddParameter): Name = "Radiation Hardening"; Value = "No"; VariantName = "[No Variations]"
Add component (AddParameter): Name = "REACH SVHC"; Value = "Yes"; VariantName = "[No Variations]"
Add component (AddParameter): Name = "Resistance"; Value = "1 KOhm"; VariantName = "[No Variations]"
Add component (AddParameter): Name = "RoHSCompliant"; Value = "true"; VariantName = "[No Variations]"
Add component (AddParameter): Name = "Tolerance"; Value = "1%"; VariantName = "[No Variations]"
Add component (AddParameter): Name = "Voltage Rating"; Value = "50 V"; VariantName = "[No Variations]"
Add component (AddParameter): Name = "Width"; Value = "0.5 mm"; VariantName = "[No Variations]"
Added Component: Designator=R10_PowerModuleCell_M4(RESC1005X40X25NL05T05)
Add component (AddParameter): Name = "Case Code (Imperial)"; Value = "0402"; VariantName = "[No Variations]"
Add component (AddParameter): Name = "Case Code (Metric)"; Value = "1005"; VariantName = "[No Variations]"
Add component (AddParameter): Name = "Case\/Package"; Value = "0402"; VariantName = "[No Variations]"
Add component (AddParameter): Name = "ComponentLink1Description"; Value = "Manufacturer URL"; VariantName = "[No Variations]"
Add component (AddParameter): Name = "ComponentLink1URL"; Value = "http://www.panasonic.com/"; VariantName = "[No Variations]"
Add component (AddParameter): Name = "ComponentLink2Description"; Value = "Datasheet"; VariantName = "[No Variations]"
Add component (AddParameter): Name = "ComponentLink2URL"; Value = "http://industrial.panasonic.com/cdbs/www-data/pdf/RDA0000/AOA0000C86.pdf"; VariantName = "[No Variations]"
Add component (AddParameter): Name = "DatasheetVersion"; Value = "04/2015"; VariantName = "[No Variations]"
Add component (AddParameter): Name = "Height"; Value = "0.35 mm"; VariantName = "[No Variations]"
Add component (AddParameter): Name = "Length"; Value = "1 mm"; VariantName = "[No Variations]"
Add component (AddParameter): Name = "Manufacturer"; Value = "Basic Passives"; VariantName = "[No Variations]"
Add component (AddParameter): Name = "Max Operating Temperature"; Value = "155 degC"; VariantName = "[No Variations]"
Add component (AddParameter): Name = "Min Operating Temperature"; Value = "-55 degC"; VariantName = "[No Variations]"
Add component (AddParameter): Name = "Mount"; Value = "Surface Mount"; VariantName = "[No Variations]"
Add component (AddParameter): Name = "Mounting Technology"; Value = "Surface Mount"; VariantName = "[No Variations]"
Add component (AddParameter): Name = "Package Quantity"; Value = "10000"; VariantName = "[No Variations]"
Add component (AddParameter): Name = "PackageDescription"; Value = "2-Pin Surface Mount Device, Body 1 x 0.5 mm"; VariantName = "[No Variations]"
Add component (AddParameter): Name = "PackageReference"; Value = "0402"; VariantName = "[No Variations]"
Add component (AddParameter): Name = "Packaging"; Value = "Tape and Reel"; VariantName = "[No Variations]"
Add component (AddParameter): Name = "PartNumber"; Value = "ERJ-2RKF1001X"; VariantName = "[No Variations]"
Add component (AddParameter): Name = "Pins"; Value = "2"; VariantName = "[No Variations]"
Add component (AddParameter): Name = "Power Rating"; Value = "100 mW"; VariantName = "[No Variations]"
Add component (AddParameter): Name = "Radiation Hardening"; Value = "No"; VariantName = "[No Variations]"
Add component (AddParameter): Name = "REACH SVHC"; Value = "Yes"; VariantName = "[No Variations]"
Add component (AddParameter): Name = "Resistance"; Value = "1 KOhm"; VariantName = "[No Variations]"
Add component (AddParameter): Name = "RoHSCompliant"; Value = "true"; VariantName = "[No Variations]"
Add component (AddParameter): Name = "Tolerance"; Value = "1%"; VariantName = "[No Variations]"
Add component (AddParameter): Name = "Voltage Rating"; Value = "50 V"; VariantName = "[No Variations]"
Add component (AddParameter): Name = "Width"; Value = "0.5 mm"; VariantName = "[No Variations]"
Added Component: Designator=R11_PowerModuleCell_M2(RESC1005X40X25NL05T05)
Add component (AddParameter): Name = "Case Code (Imperial)"; Value = "0402"; VariantName = "[No Variations]"
Add component (AddParameter): Name = "Case Code (Metric)"; Value = "1005"; VariantName = "[No Variations]"
Add component (AddParameter): Name = "Case\/Package"; Value = "0402"; VariantName = "[No Variations]"
Add component (AddParameter): Name = "ComponentLink1Description"; Value = "Manufacturer URL"; VariantName = "[No Variations]"
Add component (AddParameter): Name = "ComponentLink1URL"; Value = "http://www.panasonic.com/"; VariantName = "[No Variations]"
Add component (AddParameter): Name = "ComponentLink2Description"; Value = "Datasheet"; VariantName = "[No Variations]"
Add component (AddParameter): Name = "ComponentLink2URL"; Value = "http://industrial.panasonic.com/cdbs/www-data/pdf/RDA0000/AOA0000C86.pdf"; VariantName = "[No Variations]"
Add component (AddParameter): Name = "DatasheetVersion"; Value = "04/2015"; VariantName = "[No Variations]"
Add component (AddParameter): Name = "Height"; Value = "0.35 mm"; VariantName = "[No Variations]"
Add component (AddParameter): Name = "Length"; Value = "1 mm"; VariantName = "[No Variations]"
Add component (AddParameter): Name = "Manufacturer"; Value = "Basic Passives"; VariantName = "[No Variations]"
Add component (AddParameter): Name = "Max Operating Temperature"; Value = "155 degC"; VariantName = "[No Variations]"
Add component (AddParameter): Name = "Min Operating Temperature"; Value = "-55 degC"; VariantName = "[No Variations]"
Add component (AddParameter): Name = "Mount"; Value = "Surface Mount"; VariantName = "[No Variations]"
Add component (AddParameter): Name = "Mounting Technology"; Value = "Surface Mount"; VariantName = "[No Variations]"
Add component (AddParameter): Name = "Package Quantity"; Value = "10000"; VariantName = "[No Variations]"
Add component (AddParameter): Name = "PackageDescription"; Value = "2-Pin Surface Mount Device, Body 1 x 0.5 mm"; VariantName = "[No Variations]"
Add component (AddParameter): Name = "PackageReference"; Value = "0402"; VariantName = "[No Variations]"
Add component (AddParameter): Name = "Packaging"; Value = "Tape and Reel"; VariantName = "[No Variations]"
Add component (AddParameter): Name = "PartNumber"; Value = "ERJ-2RKF1001X"; VariantName = "[No Variations]"
Add component (AddParameter): Name = "Pins"; Value = "2"; VariantName = "[No Variations]"
Add component (AddParameter): Name = "Power Rating"; Value = "100 mW"; VariantName = "[No Variations]"
Add component (AddParameter): Name = "Radiation Hardening"; Value = "No"; VariantName = "[No Variations]"
Add component (AddParameter): Name = "REACH SVHC"; Value = "Yes"; VariantName = "[No Variations]"
Add component (AddParameter): Name = "Resistance"; Value = "1 KOhm"; VariantName = "[No Variations]"
Add component (AddParameter): Name = "RoHSCompliant"; Value = "true"; VariantName = "[No Variations]"
Add component (AddParameter): Name = "Tolerance"; Value = "1%"; VariantName = "[No Variations]"
Add component (AddParameter): Name = "Voltage Rating"; Value = "50 V"; VariantName = "[No Variations]"
Add component (AddParameter): Name = "Width"; Value = "0.5 mm"; VariantName = "[No Variations]"
Added Component: Designator=R11_PowerModuleCell_M3(RESC1005X40X25NL05T05)
Add component (AddParameter): Name = "Case Code (Imperial)"; Value = "0402"; VariantName = "[No Variations]"
Add component (AddParameter): Name = "Case Code (Metric)"; Value = "1005"; VariantName = "[No Variations]"
Add component (AddParameter): Name = "Case\/Package"; Value = "0402"; VariantName = "[No Variations]"
Add component (AddParameter): Name = "ComponentLink1Description"; Value = "Manufacturer URL"; VariantName = "[No Variations]"
Add component (AddParameter): Name = "ComponentLink1URL"; Value = "http://www.panasonic.com/"; VariantName = "[No Variations]"
Add component (AddParameter): Name = "ComponentLink2Description"; Value = "Datasheet"; VariantName = "[No Variations]"
Add component (AddParameter): Name = "ComponentLink2URL"; Value = "http://industrial.panasonic.com/cdbs/www-data/pdf/RDA0000/AOA0000C86.pdf"; VariantName = "[No Variations]"
Add component (AddParameter): Name = "DatasheetVersion"; Value = "04/2015"; VariantName = "[No Variations]"
Add component (AddParameter): Name = "Height"; Value = "0.35 mm"; VariantName = "[No Variations]"
Add component (AddParameter): Name = "Length"; Value = "1 mm"; VariantName = "[No Variations]"
Add component (AddParameter): Name = "Manufacturer"; Value = "Basic Passives"; VariantName = "[No Variations]"
Add component (AddParameter): Name = "Max Operating Temperature"; Value = "155 degC"; VariantName = "[No Variations]"
Add component (AddParameter): Name = "Min Operating Temperature"; Value = "-55 degC"; VariantName = "[No Variations]"
Add component (AddParameter): Name = "Mount"; Value = "Surface Mount"; VariantName = "[No Variations]"
Add component (AddParameter): Name = "Mounting Technology"; Value = "Surface Mount"; VariantName = "[No Variations]"
Add component (AddParameter): Name = "Package Quantity"; Value = "10000"; VariantName = "[No Variations]"
Add component (AddParameter): Name = "PackageDescription"; Value = "2-Pin Surface Mount Device, Body 1 x 0.5 mm"; VariantName = "[No Variations]"
Add component (AddParameter): Name = "PackageReference"; Value = "0402"; VariantName = "[No Variations]"
Add component (AddParameter): Name = "Packaging"; Value = "Tape and Reel"; VariantName = "[No Variations]"
Add component (AddParameter): Name = "PartNumber"; Value = "ERJ-2RKF1001X"; VariantName = "[No Variations]"
Add component (AddParameter): Name = "Pins"; Value = "2"; VariantName = "[No Variations]"
Add component (AddParameter): Name = "Power Rating"; Value = "100 mW"; VariantName = "[No Variations]"
Add component (AddParameter): Name = "Radiation Hardening"; Value = "No"; VariantName = "[No Variations]"
Add component (AddParameter): Name = "REACH SVHC"; Value = "Yes"; VariantName = "[No Variations]"
Add component (AddParameter): Name = "Resistance"; Value = "1 KOhm"; VariantName = "[No Variations]"
Add component (AddParameter): Name = "RoHSCompliant"; Value = "true"; VariantName = "[No Variations]"
Add component (AddParameter): Name = "Tolerance"; Value = "1%"; VariantName = "[No Variations]"
Add component (AddParameter): Name = "Voltage Rating"; Value = "50 V"; VariantName = "[No Variations]"
Add component (AddParameter): Name = "Width"; Value = "0.5 mm"; VariantName = "[No Variations]"
Added Component: Designator=R11_PowerModuleCell_M4(RESC1005X40X25NL05T05)
Add component (AddParameter): Name = "Case Code (Imperial)"; Value = "0402"; VariantName = "[No Variations]"
Add component (AddParameter): Name = "Case Code (Metric)"; Value = "1005"; VariantName = "[No Variations]"
Add component (AddParameter): Name = "Case\/Package"; Value = "0402"; VariantName = "[No Variations]"
Add component (AddParameter): Name = "ComponentLink1Description"; Value = "Manufacturer URL"; VariantName = "[No Variations]"
Add component (AddParameter): Name = "ComponentLink1URL"; Value = "http://www.panasonic.com/"; VariantName = "[No Variations]"
Add component (AddParameter): Name = "ComponentLink2Description"; Value = "Datasheet"; VariantName = "[No Variations]"
Add component (AddParameter): Name = "ComponentLink2URL"; Value = "http://industrial.panasonic.com/cdbs/www-data/pdf/RDA0000/AOA0000C86.pdf"; VariantName = "[No Variations]"
Add component (AddParameter): Name = "DatasheetVersion"; Value = "04/2015"; VariantName = "[No Variations]"
Add component (AddParameter): Name = "Height"; Value = "0.35 mm"; VariantName = "[No Variations]"
Add component (AddParameter): Name = "Length"; Value = "1 mm"; VariantName = "[No Variations]"
Add component (AddParameter): Name = "Manufacturer"; Value = "Basic Passives"; VariantName = "[No Variations]"
Add component (AddParameter): Name = "Max Operating Temperature"; Value = "155 degC"; VariantName = "[No Variations]"
Add component (AddParameter): Name = "Min Operating Temperature"; Value = "-55 degC"; VariantName = "[No Variations]"
Add component (AddParameter): Name = "Mount"; Value = "Surface Mount"; VariantName = "[No Variations]"
Add component (AddParameter): Name = "Mounting Technology"; Value = "Surface Mount"; VariantName = "[No Variations]"
Add component (AddParameter): Name = "Package Quantity"; Value = "10000"; VariantName = "[No Variations]"
Add component (AddParameter): Name = "PackageDescription"; Value = "2-Pin Surface Mount Device, Body 1 x 0.5 mm"; VariantName = "[No Variations]"
Add component (AddParameter): Name = "PackageReference"; Value = "0402"; VariantName = "[No Variations]"
Add component (AddParameter): Name = "Packaging"; Value = "Tape and Reel"; VariantName = "[No Variations]"
Add component (AddParameter): Name = "PartNumber"; Value = "ERJ-2RKF1001X"; VariantName = "[No Variations]"
Add component (AddParameter): Name = "Pins"; Value = "2"; VariantName = "[No Variations]"
Add component (AddParameter): Name = "Power Rating"; Value = "100 mW"; VariantName = "[No Variations]"
Add component (AddParameter): Name = "Radiation Hardening"; Value = "No"; VariantName = "[No Variations]"
Add component (AddParameter): Name = "REACH SVHC"; Value = "Yes"; VariantName = "[No Variations]"
Add component (AddParameter): Name = "Resistance"; Value = "1 KOhm"; VariantName = "[No Variations]"
Add component (AddParameter): Name = "RoHSCompliant"; Value = "true"; VariantName = "[No Variations]"
Add component (AddParameter): Name = "Tolerance"; Value = "1%"; VariantName = "[No Variations]"
Add component (AddParameter): Name = "Voltage Rating"; Value = "50 V"; VariantName = "[No Variations]"
Add component (AddParameter): Name = "Width"; Value = "0.5 mm"; VariantName = "[No Variations]"
Added Component: Designator=R12_PowerModuleCell_M2(RESC1005X40X25NL05T05)
Add component (AddParameter): Name = "Case Code (Imperial)"; Value = "0402"; VariantName = "[No Variations]"
Add component (AddParameter): Name = "Case Code (Metric)"; Value = "1005"; VariantName = "[No Variations]"
Add component (AddParameter): Name = "Case\/Package"; Value = "0402"; VariantName = "[No Variations]"
Add component (AddParameter): Name = "ComponentLink1Description"; Value = "Manufacturer URL"; VariantName = "[No Variations]"
Add component (AddParameter): Name = "ComponentLink1URL"; Value = "http://www.panasonic.com/"; VariantName = "[No Variations]"
Add component (AddParameter): Name = "ComponentLink2Description"; Value = "Datasheet"; VariantName = "[No Variations]"
Add component (AddParameter): Name = "ComponentLink2URL"; Value = "http://industrial.panasonic.com/cdbs/www-data/pdf/RDA0000/AOA0000C86.pdf"; VariantName = "[No Variations]"
Add component (AddParameter): Name = "DatasheetVersion"; Value = "04/2015"; VariantName = "[No Variations]"
Add component (AddParameter): Name = "Height"; Value = "0.35 mm"; VariantName = "[No Variations]"
Add component (AddParameter): Name = "Length"; Value = "1 mm"; VariantName = "[No Variations]"
Add component (AddParameter): Name = "Manufacturer"; Value = "Basic Passives"; VariantName = "[No Variations]"
Add component (AddParameter): Name = "Max Operating Temperature"; Value = "155 degC"; VariantName = "[No Variations]"
Add component (AddParameter): Name = "Min Operating Temperature"; Value = "-55 degC"; VariantName = "[No Variations]"
Add component (AddParameter): Name = "Mount"; Value = "Surface Mount"; VariantName = "[No Variations]"
Add component (AddParameter): Name = "Mounting Technology"; Value = "Surface Mount"; VariantName = "[No Variations]"
Add component (AddParameter): Name = "Package Quantity"; Value = "10000"; VariantName = "[No Variations]"
Add component (AddParameter): Name = "PackageDescription"; Value = "2-Pin Surface Mount Device, Body 1 x 0.5 mm"; VariantName = "[No Variations]"
Add component (AddParameter): Name = "PackageReference"; Value = "0402"; VariantName = "[No Variations]"
Add component (AddParameter): Name = "Packaging"; Value = "Tape and Reel"; VariantName = "[No Variations]"
Add component (AddParameter): Name = "PartNumber"; Value = "ERJ-2RKF1001X"; VariantName = "[No Variations]"
Add component (AddParameter): Name = "Pins"; Value = "2"; VariantName = "[No Variations]"
Add component (AddParameter): Name = "Power Rating"; Value = "100 mW"; VariantName = "[No Variations]"
Add component (AddParameter): Name = "Radiation Hardening"; Value = "No"; VariantName = "[No Variations]"
Add component (AddParameter): Name = "REACH SVHC"; Value = "Yes"; VariantName = "[No Variations]"
Add component (AddParameter): Name = "Resistance"; Value = "1 KOhm"; VariantName = "[No Variations]"
Add component (AddParameter): Name = "RoHSCompliant"; Value = "true"; VariantName = "[No Variations]"
Add component (AddParameter): Name = "Tolerance"; Value = "1%"; VariantName = "[No Variations]"
Add component (AddParameter): Name = "Voltage Rating"; Value = "50 V"; VariantName = "[No Variations]"
Add component (AddParameter): Name = "Width"; Value = "0.5 mm"; VariantName = "[No Variations]"
Added Component: Designator=R12_PowerModuleCell_M3(RESC1005X40X25NL05T05)
Add component (AddParameter): Name = "Case Code (Imperial)"; Value = "0402"; VariantName = "[No Variations]"
Add component (AddParameter): Name = "Case Code (Metric)"; Value = "1005"; VariantName = "[No Variations]"
Add component (AddParameter): Name = "Case\/Package"; Value = "0402"; VariantName = "[No Variations]"
Add component (AddParameter): Name = "ComponentLink1Description"; Value = "Manufacturer URL"; VariantName = "[No Variations]"
Add component (AddParameter): Name = "ComponentLink1URL"; Value = "http://www.panasonic.com/"; VariantName = "[No Variations]"
Add component (AddParameter): Name = "ComponentLink2Description"; Value = "Datasheet"; VariantName = "[No Variations]"
Add component (AddParameter): Name = "ComponentLink2URL"; Value = "http://industrial.panasonic.com/cdbs/www-data/pdf/RDA0000/AOA0000C86.pdf"; VariantName = "[No Variations]"
Add component (AddParameter): Name = "DatasheetVersion"; Value = "04/2015"; VariantName = "[No Variations]"
Add component (AddParameter): Name = "Height"; Value = "0.35 mm"; VariantName = "[No Variations]"
Add component (AddParameter): Name = "Length"; Value = "1 mm"; VariantName = "[No Variations]"
Add component (AddParameter): Name = "Manufacturer"; Value = "Basic Passives"; VariantName = "[No Variations]"
Add component (AddParameter): Name = "Max Operating Temperature"; Value = "155 degC"; VariantName = "[No Variations]"
Add component (AddParameter): Name = "Min Operating Temperature"; Value = "-55 degC"; VariantName = "[No Variations]"
Add component (AddParameter): Name = "Mount"; Value = "Surface Mount"; VariantName = "[No Variations]"
Add component (AddParameter): Name = "Mounting Technology"; Value = "Surface Mount"; VariantName = "[No Variations]"
Add component (AddParameter): Name = "Package Quantity"; Value = "10000"; VariantName = "[No Variations]"
Add component (AddParameter): Name = "PackageDescription"; Value = "2-Pin Surface Mount Device, Body 1 x 0.5 mm"; VariantName = "[No Variations]"
Add component (AddParameter): Name = "PackageReference"; Value = "0402"; VariantName = "[No Variations]"
Add component (AddParameter): Name = "Packaging"; Value = "Tape and Reel"; VariantName = "[No Variations]"
Add component (AddParameter): Name = "PartNumber"; Value = "ERJ-2RKF1001X"; VariantName = "[No Variations]"
Add component (AddParameter): Name = "Pins"; Value = "2"; VariantName = "[No Variations]"
Add component (AddParameter): Name = "Power Rating"; Value = "100 mW"; VariantName = "[No Variations]"
Add component (AddParameter): Name = "Radiation Hardening"; Value = "No"; VariantName = "[No Variations]"
Add component (AddParameter): Name = "REACH SVHC"; Value = "Yes"; VariantName = "[No Variations]"
Add component (AddParameter): Name = "Resistance"; Value = "1 KOhm"; VariantName = "[No Variations]"
Add component (AddParameter): Name = "RoHSCompliant"; Value = "true"; VariantName = "[No Variations]"
Add component (AddParameter): Name = "Tolerance"; Value = "1%"; VariantName = "[No Variations]"
Add component (AddParameter): Name = "Voltage Rating"; Value = "50 V"; VariantName = "[No Variations]"
Add component (AddParameter): Name = "Width"; Value = "0.5 mm"; VariantName = "[No Variations]"
Added Component: Designator=R12_PowerModuleCell_M4(RESC1005X40X25NL05T05)
Add component (AddParameter): Name = "Case Code (Imperial)"; Value = "0402"; VariantName = "[No Variations]"
Add component (AddParameter): Name = "Case Code (Metric)"; Value = "1005"; VariantName = "[No Variations]"
Add component (AddParameter): Name = "Case\/Package"; Value = "0402"; VariantName = "[No Variations]"
Add component (AddParameter): Name = "ComponentLink1Description"; Value = "Manufacturer URL"; VariantName = "[No Variations]"
Add component (AddParameter): Name = "ComponentLink1URL"; Value = "http://www.panasonic.com/"; VariantName = "[No Variations]"
Add component (AddParameter): Name = "ComponentLink2Description"; Value = "Datasheet"; VariantName = "[No Variations]"
Add component (AddParameter): Name = "ComponentLink2URL"; Value = "http://industrial.panasonic.com/cdbs/www-data/pdf/RDA0000/AOA0000C86.pdf"; VariantName = "[No Variations]"
Add component (AddParameter): Name = "DatasheetVersion"; Value = "04/2015"; VariantName = "[No Variations]"
Add component (AddParameter): Name = "Height"; Value = "0.35 mm"; VariantName = "[No Variations]"
Add component (AddParameter): Name = "Length"; Value = "1 mm"; VariantName = "[No Variations]"
Add component (AddParameter): Name = "Manufacturer"; Value = "Basic Passives"; VariantName = "[No Variations]"
Add component (AddParameter): Name = "Max Operating Temperature"; Value = "155 degC"; VariantName = "[No Variations]"
Add component (AddParameter): Name = "Min Operating Temperature"; Value = "-55 degC"; VariantName = "[No Variations]"
Add component (AddParameter): Name = "Mount"; Value = "Surface Mount"; VariantName = "[No Variations]"
Add component (AddParameter): Name = "Mounting Technology"; Value = "Surface Mount"; VariantName = "[No Variations]"
Add component (AddParameter): Name = "Package Quantity"; Value = "10000"; VariantName = "[No Variations]"
Add component (AddParameter): Name = "PackageDescription"; Value = "2-Pin Surface Mount Device, Body 1 x 0.5 mm"; VariantName = "[No Variations]"
Add component (AddParameter): Name = "PackageReference"; Value = "0402"; VariantName = "[No Variations]"
Add component (AddParameter): Name = "Packaging"; Value = "Tape and Reel"; VariantName = "[No Variations]"
Add component (AddParameter): Name = "PartNumber"; Value = "ERJ-2RKF1001X"; VariantName = "[No Variations]"
Add component (AddParameter): Name = "Pins"; Value = "2"; VariantName = "[No Variations]"
Add component (AddParameter): Name = "Power Rating"; Value = "100 mW"; VariantName = "[No Variations]"
Add component (AddParameter): Name = "Radiation Hardening"; Value = "No"; VariantName = "[No Variations]"
Add component (AddParameter): Name = "REACH SVHC"; Value = "Yes"; VariantName = "[No Variations]"
Add component (AddParameter): Name = "Resistance"; Value = "1 KOhm"; VariantName = "[No Variations]"
Add component (AddParameter): Name = "RoHSCompliant"; Value = "true"; VariantName = "[No Variations]"
Add component (AddParameter): Name = "Tolerance"; Value = "1%"; VariantName = "[No Variations]"
Add component (AddParameter): Name = "Voltage Rating"; Value = "50 V"; VariantName = "[No Variations]"
Add component (AddParameter): Name = "Width"; Value = "0.5 mm"; VariantName = "[No Variations]"
Added Component: Designator=R14_PowerModuleCell_M2(FP-ERJ2RK-IPC_A)
Add component (AddParameter): Name = "Case Code (Imperial)"; Value = "0402"; VariantName = "[No Variations]"
Add component (AddParameter): Name = "Case Code (Metric)"; Value = "1005"; VariantName = "[No Variations]"
Add component (AddParameter): Name = "Case/Package"; Value = "0402"; VariantName = "[No Variations]"
Add component (AddParameter): Name = "Composition"; Value = "Thick Film"; VariantName = "[No Variations]"
Add component (AddParameter): Name = "Contact Plating"; Value = "Tin"; VariantName = "[No Variations]"
Add component (AddParameter): Name = "Depth"; Value = "0.5mm"; VariantName = "[No Variations]"
Add component (AddParameter): Name = "Height"; Value = "0.35mm"; VariantName = "[No Variations]"
Add component (AddParameter): Name = "Lead Free"; Value = "Lead Free"; VariantName = "[No Variations]"
Add component (AddParameter): Name = "Length"; Value = "1mm"; VariantName = "[No Variations]"
Add component (AddParameter): Name = "Max Operating Temperature"; Value = "155°C"; VariantName = "[No Variations]"
Add component (AddParameter): Name = "Max Power Dissipation"; Value = "100mW"; VariantName = "[No Variations]"
Add component (AddParameter): Name = "Military Standard"; Value = "Not"; VariantName = "[No Variations]"
Add component (AddParameter): Name = "Min Operating Temperature"; Value = "-55°C"; VariantName = "[No Variations]"
Add component (AddParameter): Name = "Mount"; Value = "Surface Mount"; VariantName = "[No Variations]"
Add component (AddParameter): Name = "Number of Terminations"; Value = "2"; VariantName = "[No Variations]"
Add component (AddParameter): Name = "Package Quantity"; Value = "10000"; VariantName = "[No Variations]"
Add component (AddParameter): Name = "Packaging"; Value = "Tape and Reel"; VariantName = "[No Variations]"
Add component (AddParameter): Name = "Power Rating"; Value = "100mW"; VariantName = "[No Variations]"
Add component (AddParameter): Name = "REACH SVHC"; Value = "No SVHC"; VariantName = "[No Variations]"
Add component (AddParameter): Name = "Resistance"; Value = "300R"; VariantName = "[No Variations]"
Add component (AddParameter): Name = "Temperature Coefficient"; Value = "100ppm/°C"; VariantName = "[No Variations]"
Add component (AddParameter): Name = "Termination"; Value = "SMD/SMT"; VariantName = "[No Variations]"
Add component (AddParameter): Name = "Tolerance"; Value = "1%"; VariantName = "[No Variations]"
Add component (AddParameter): Name = "Voltage Rating"; Value = "50V"; VariantName = "[No Variations]"
Add component (AddParameter): Name = "Voltage Rating (DC)"; Value = "50V"; VariantName = "[No Variations]"
Add component (AddParameter): Name = "Width"; Value = "0.02inch"; VariantName = "[No Variations]"
Added Component: Designator=R14_PowerModuleCell_M3(FP-ERJ2RK-IPC_A)
Add component (AddParameter): Name = "Case Code (Imperial)"; Value = "0402"; VariantName = "[No Variations]"
Add component (AddParameter): Name = "Case Code (Metric)"; Value = "1005"; VariantName = "[No Variations]"
Add component (AddParameter): Name = "Case/Package"; Value = "0402"; VariantName = "[No Variations]"
Add component (AddParameter): Name = "Composition"; Value = "Thick Film"; VariantName = "[No Variations]"
Add component (AddParameter): Name = "Contact Plating"; Value = "Tin"; VariantName = "[No Variations]"
Add component (AddParameter): Name = "Depth"; Value = "0.5mm"; VariantName = "[No Variations]"
Add component (AddParameter): Name = "Height"; Value = "0.35mm"; VariantName = "[No Variations]"
Add component (AddParameter): Name = "Lead Free"; Value = "Lead Free"; VariantName = "[No Variations]"
Add component (AddParameter): Name = "Length"; Value = "1mm"; VariantName = "[No Variations]"
Add component (AddParameter): Name = "Max Operating Temperature"; Value = "155°C"; VariantName = "[No Variations]"
Add component (AddParameter): Name = "Max Power Dissipation"; Value = "100mW"; VariantName = "[No Variations]"
Add component (AddParameter): Name = "Military Standard"; Value = "Not"; VariantName = "[No Variations]"
Add component (AddParameter): Name = "Min Operating Temperature"; Value = "-55°C"; VariantName = "[No Variations]"
Add component (AddParameter): Name = "Mount"; Value = "Surface Mount"; VariantName = "[No Variations]"
Add component (AddParameter): Name = "Number of Terminations"; Value = "2"; VariantName = "[No Variations]"
Add component (AddParameter): Name = "Package Quantity"; Value = "10000"; VariantName = "[No Variations]"
Add component (AddParameter): Name = "Packaging"; Value = "Tape and Reel"; VariantName = "[No Variations]"
Add component (AddParameter): Name = "Power Rating"; Value = "100mW"; VariantName = "[No Variations]"
Add component (AddParameter): Name = "REACH SVHC"; Value = "No SVHC"; VariantName = "[No Variations]"
Add component (AddParameter): Name = "Resistance"; Value = "300R"; VariantName = "[No Variations]"
Add component (AddParameter): Name = "Temperature Coefficient"; Value = "100ppm/°C"; VariantName = "[No Variations]"
Add component (AddParameter): Name = "Termination"; Value = "SMD/SMT"; VariantName = "[No Variations]"
Add component (AddParameter): Name = "Tolerance"; Value = "1%"; VariantName = "[No Variations]"
Add component (AddParameter): Name = "Voltage Rating"; Value = "50V"; VariantName = "[No Variations]"
Add component (AddParameter): Name = "Voltage Rating (DC)"; Value = "50V"; VariantName = "[No Variations]"
Add component (AddParameter): Name = "Width"; Value = "0.02inch"; VariantName = "[No Variations]"
Added Component: Designator=R14_PowerModuleCell_M4(FP-ERJ2RK-IPC_A)
Add component (AddParameter): Name = "Case Code (Imperial)"; Value = "0402"; VariantName = "[No Variations]"
Add component (AddParameter): Name = "Case Code (Metric)"; Value = "1005"; VariantName = "[No Variations]"
Add component (AddParameter): Name = "Case/Package"; Value = "0402"; VariantName = "[No Variations]"
Add component (AddParameter): Name = "Composition"; Value = "Thick Film"; VariantName = "[No Variations]"
Add component (AddParameter): Name = "Contact Plating"; Value = "Tin"; VariantName = "[No Variations]"
Add component (AddParameter): Name = "Depth"; Value = "0.5mm"; VariantName = "[No Variations]"
Add component (AddParameter): Name = "Height"; Value = "0.35mm"; VariantName = "[No Variations]"
Add component (AddParameter): Name = "Lead Free"; Value = "Lead Free"; VariantName = "[No Variations]"
Add component (AddParameter): Name = "Length"; Value = "1mm"; VariantName = "[No Variations]"
Add component (AddParameter): Name = "Max Operating Temperature"; Value = "155°C"; VariantName = "[No Variations]"
Add component (AddParameter): Name = "Max Power Dissipation"; Value = "100mW"; VariantName = "[No Variations]"
Add component (AddParameter): Name = "Military Standard"; Value = "Not"; VariantName = "[No Variations]"
Add component (AddParameter): Name = "Min Operating Temperature"; Value = "-55°C"; VariantName = "[No Variations]"
Add component (AddParameter): Name = "Mount"; Value = "Surface Mount"; VariantName = "[No Variations]"
Add component (AddParameter): Name = "Number of Terminations"; Value = "2"; VariantName = "[No Variations]"
Add component (AddParameter): Name = "Package Quantity"; Value = "10000"; VariantName = "[No Variations]"
Add component (AddParameter): Name = "Packaging"; Value = "Tape and Reel"; VariantName = "[No Variations]"
Add component (AddParameter): Name = "Power Rating"; Value = "100mW"; VariantName = "[No Variations]"
Add component (AddParameter): Name = "REACH SVHC"; Value = "No SVHC"; VariantName = "[No Variations]"
Add component (AddParameter): Name = "Resistance"; Value = "300R"; VariantName = "[No Variations]"
Add component (AddParameter): Name = "Temperature Coefficient"; Value = "100ppm/°C"; VariantName = "[No Variations]"
Add component (AddParameter): Name = "Termination"; Value = "SMD/SMT"; VariantName = "[No Variations]"
Add component (AddParameter): Name = "Tolerance"; Value = "1%"; VariantName = "[No Variations]"
Add component (AddParameter): Name = "Voltage Rating"; Value = "50V"; VariantName = "[No Variations]"
Add component (AddParameter): Name = "Voltage Rating (DC)"; Value = "50V"; VariantName = "[No Variations]"
Add component (AddParameter): Name = "Width"; Value = "0.02inch"; VariantName = "[No Variations]"
Added Component: Designator=R15_PowerModuleCell_M2(RESC1005X40X25NL05T05)
Add component (AddParameter): Name = "Case Code (Imperial)"; Value = "0402"; VariantName = "[No Variations]"
Add component (AddParameter): Name = "Case Code (Metric)"; Value = "1005"; VariantName = "[No Variations]"
Add component (AddParameter): Name = "Case\/Package"; Value = "0402"; VariantName = "[No Variations]"
Add component (AddParameter): Name = "ComponentLink1Description"; Value = "Manufacturer URL"; VariantName = "[No Variations]"
Add component (AddParameter): Name = "ComponentLink1URL"; Value = "http://www.panasonic.com/"; VariantName = "[No Variations]"
Add component (AddParameter): Name = "ComponentLink2Description"; Value = "Datasheet"; VariantName = "[No Variations]"
Add component (AddParameter): Name = "ComponentLink2URL"; Value = "http://industrial.panasonic.com/cdbs/www-data/pdf/RDA0000/AOA0000C86.pdf"; VariantName = "[No Variations]"
Add component (AddParameter): Name = "DatasheetVersion"; Value = "04/2015"; VariantName = "[No Variations]"
Add component (AddParameter): Name = "Height"; Value = "0.35 mm"; VariantName = "[No Variations]"
Add component (AddParameter): Name = "Length"; Value = "1 mm"; VariantName = "[No Variations]"
Add component (AddParameter): Name = "Manufacturer"; Value = "Basic Passives"; VariantName = "[No Variations]"
Add component (AddParameter): Name = "Max Operating Temperature"; Value = "155 degC"; VariantName = "[No Variations]"
Add component (AddParameter): Name = "Min Operating Temperature"; Value = "-55 degC"; VariantName = "[No Variations]"
Add component (AddParameter): Name = "Mount"; Value = "Surface Mount"; VariantName = "[No Variations]"
Add component (AddParameter): Name = "Mounting Technology"; Value = "Surface Mount"; VariantName = "[No Variations]"
Add component (AddParameter): Name = "Package Quantity"; Value = "10000"; VariantName = "[No Variations]"
Add component (AddParameter): Name = "PackageDescription"; Value = "2-Pin Surface Mount Device, Body 1 x 0.5 mm"; VariantName = "[No Variations]"
Add component (AddParameter): Name = "PackageReference"; Value = "0402"; VariantName = "[No Variations]"
Add component (AddParameter): Name = "Packaging"; Value = "Tape and Reel"; VariantName = "[No Variations]"
Add component (AddParameter): Name = "PartNumber"; Value = "ERJ-2RKF1001X"; VariantName = "[No Variations]"
Add component (AddParameter): Name = "Pins"; Value = "2"; VariantName = "[No Variations]"
Add component (AddParameter): Name = "Power Rating"; Value = "100 mW"; VariantName = "[No Variations]"
Add component (AddParameter): Name = "Radiation Hardening"; Value = "No"; VariantName = "[No Variations]"
Add component (AddParameter): Name = "REACH SVHC"; Value = "Yes"; VariantName = "[No Variations]"
Add component (AddParameter): Name = "Resistance"; Value = "1 KOhm"; VariantName = "[No Variations]"
Add component (AddParameter): Name = "RoHSCompliant"; Value = "true"; VariantName = "[No Variations]"
Add component (AddParameter): Name = "Tolerance"; Value = "1%"; VariantName = "[No Variations]"
Add component (AddParameter): Name = "Voltage Rating"; Value = "50 V"; VariantName = "[No Variations]"
Add component (AddParameter): Name = "Width"; Value = "0.5 mm"; VariantName = "[No Variations]"
Added Component: Designator=R15_PowerModuleCell_M3(RESC1005X40X25NL05T05)
Add component (AddParameter): Name = "Case Code (Imperial)"; Value = "0402"; VariantName = "[No Variations]"
Add component (AddParameter): Name = "Case Code (Metric)"; Value = "1005"; VariantName = "[No Variations]"
Add component (AddParameter): Name = "Case\/Package"; Value = "0402"; VariantName = "[No Variations]"
Add component (AddParameter): Name = "ComponentLink1Description"; Value = "Manufacturer URL"; VariantName = "[No Variations]"
Add component (AddParameter): Name = "ComponentLink1URL"; Value = "http://www.panasonic.com/"; VariantName = "[No Variations]"
Add component (AddParameter): Name = "ComponentLink2Description"; Value = "Datasheet"; VariantName = "[No Variations]"
Add component (AddParameter): Name = "ComponentLink2URL"; Value = "http://industrial.panasonic.com/cdbs/www-data/pdf/RDA0000/AOA0000C86.pdf"; VariantName = "[No Variations]"
Add component (AddParameter): Name = "DatasheetVersion"; Value = "04/2015"; VariantName = "[No Variations]"
Add component (AddParameter): Name = "Height"; Value = "0.35 mm"; VariantName = "[No Variations]"
Add component (AddParameter): Name = "Length"; Value = "1 mm"; VariantName = "[No Variations]"
Add component (AddParameter): Name = "Manufacturer"; Value = "Basic Passives"; VariantName = "[No Variations]"
Add component (AddParameter): Name = "Max Operating Temperature"; Value = "155 degC"; VariantName = "[No Variations]"
Add component (AddParameter): Name = "Min Operating Temperature"; Value = "-55 degC"; VariantName = "[No Variations]"
Add component (AddParameter): Name = "Mount"; Value = "Surface Mount"; VariantName = "[No Variations]"
Add component (AddParameter): Name = "Mounting Technology"; Value = "Surface Mount"; VariantName = "[No Variations]"
Add component (AddParameter): Name = "Package Quantity"; Value = "10000"; VariantName = "[No Variations]"
Add component (AddParameter): Name = "PackageDescription"; Value = "2-Pin Surface Mount Device, Body 1 x 0.5 mm"; VariantName = "[No Variations]"
Add component (AddParameter): Name = "PackageReference"; Value = "0402"; VariantName = "[No Variations]"
Add component (AddParameter): Name = "Packaging"; Value = "Tape and Reel"; VariantName = "[No Variations]"
Add component (AddParameter): Name = "PartNumber"; Value = "ERJ-2RKF1001X"; VariantName = "[No Variations]"
Add component (AddParameter): Name = "Pins"; Value = "2"; VariantName = "[No Variations]"
Add component (AddParameter): Name = "Power Rating"; Value = "100 mW"; VariantName = "[No Variations]"
Add component (AddParameter): Name = "Radiation Hardening"; Value = "No"; VariantName = "[No Variations]"
Add component (AddParameter): Name = "REACH SVHC"; Value = "Yes"; VariantName = "[No Variations]"
Add component (AddParameter): Name = "Resistance"; Value = "1 KOhm"; VariantName = "[No Variations]"
Add component (AddParameter): Name = "RoHSCompliant"; Value = "true"; VariantName = "[No Variations]"
Add component (AddParameter): Name = "Tolerance"; Value = "1%"; VariantName = "[No Variations]"
Add component (AddParameter): Name = "Voltage Rating"; Value = "50 V"; VariantName = "[No Variations]"
Add component (AddParameter): Name = "Width"; Value = "0.5 mm"; VariantName = "[No Variations]"
Added Component: Designator=R15_PowerModuleCell_M4(RESC1005X40X25NL05T05)
Add component (AddParameter): Name = "Case Code (Imperial)"; Value = "0402"; VariantName = "[No Variations]"
Add component (AddParameter): Name = "Case Code (Metric)"; Value = "1005"; VariantName = "[No Variations]"
Add component (AddParameter): Name = "Case\/Package"; Value = "0402"; VariantName = "[No Variations]"
Add component (AddParameter): Name = "ComponentLink1Description"; Value = "Manufacturer URL"; VariantName = "[No Variations]"
Add component (AddParameter): Name = "ComponentLink1URL"; Value = "http://www.panasonic.com/"; VariantName = "[No Variations]"
Add component (AddParameter): Name = "ComponentLink2Description"; Value = "Datasheet"; VariantName = "[No Variations]"
Add component (AddParameter): Name = "ComponentLink2URL"; Value = "http://industrial.panasonic.com/cdbs/www-data/pdf/RDA0000/AOA0000C86.pdf"; VariantName = "[No Variations]"
Add component (AddParameter): Name = "DatasheetVersion"; Value = "04/2015"; VariantName = "[No Variations]"
Add component (AddParameter): Name = "Height"; Value = "0.35 mm"; VariantName = "[No Variations]"
Add component (AddParameter): Name = "Length"; Value = "1 mm"; VariantName = "[No Variations]"
Add component (AddParameter): Name = "Manufacturer"; Value = "Basic Passives"; VariantName = "[No Variations]"
Add component (AddParameter): Name = "Max Operating Temperature"; Value = "155 degC"; VariantName = "[No Variations]"
Add component (AddParameter): Name = "Min Operating Temperature"; Value = "-55 degC"; VariantName = "[No Variations]"
Add component (AddParameter): Name = "Mount"; Value = "Surface Mount"; VariantName = "[No Variations]"
Add component (AddParameter): Name = "Mounting Technology"; Value = "Surface Mount"; VariantName = "[No Variations]"
Add component (AddParameter): Name = "Package Quantity"; Value = "10000"; VariantName = "[No Variations]"
Add component (AddParameter): Name = "PackageDescription"; Value = "2-Pin Surface Mount Device, Body 1 x 0.5 mm"; VariantName = "[No Variations]"
Add component (AddParameter): Name = "PackageReference"; Value = "0402"; VariantName = "[No Variations]"
Add component (AddParameter): Name = "Packaging"; Value = "Tape and Reel"; VariantName = "[No Variations]"
Add component (AddParameter): Name = "PartNumber"; Value = "ERJ-2RKF1001X"; VariantName = "[No Variations]"
Add component (AddParameter): Name = "Pins"; Value = "2"; VariantName = "[No Variations]"
Add component (AddParameter): Name = "Power Rating"; Value = "100 mW"; VariantName = "[No Variations]"
Add component (AddParameter): Name = "Radiation Hardening"; Value = "No"; VariantName = "[No Variations]"
Add component (AddParameter): Name = "REACH SVHC"; Value = "Yes"; VariantName = "[No Variations]"
Add component (AddParameter): Name = "Resistance"; Value = "1 KOhm"; VariantName = "[No Variations]"
Add component (AddParameter): Name = "RoHSCompliant"; Value = "true"; VariantName = "[No Variations]"
Add component (AddParameter): Name = "Tolerance"; Value = "1%"; VariantName = "[No Variations]"
Add component (AddParameter): Name = "Voltage Rating"; Value = "50 V"; VariantName = "[No Variations]"
Add component (AddParameter): Name = "Width"; Value = "0.5 mm"; VariantName = "[No Variations]"
Added Component: Designator=R16_PowerModuleCell_M2(RESC1005X40X25LL05T05)
Add component (AddParameter): Name = "Case Code (Imperial)"; Value = "0402"; VariantName = "[No Variations]"
Add component (AddParameter): Name = "Case Code (Metric)"; Value = "1005"; VariantName = "[No Variations]"
Add component (AddParameter): Name = "Case\/Package"; Value = "0402"; VariantName = "[No Variations]"
Add component (AddParameter): Name = "ComponentLink1Description"; Value = "Manufacturer URL"; VariantName = "[No Variations]"
Add component (AddParameter): Name = "ComponentLink1URL"; Value = "http://www.panasonic.com/"; VariantName = "[No Variations]"
Add component (AddParameter): Name = "ComponentLink2Description"; Value = "Datasheet"; VariantName = "[No Variations]"
Add component (AddParameter): Name = "ComponentLink2URL"; Value = "http://industrial.panasonic.com/cdbs/www-data/pdf/RDA0000/AOA0000C86.pdf"; VariantName = "[No Variations]"
Add component (AddParameter): Name = "DatasheetVersion"; Value = "04/2015"; VariantName = "[No Variations]"
Add component (AddParameter): Name = "Height"; Value = "0.35 mm"; VariantName = "[No Variations]"
Add component (AddParameter): Name = "Length"; Value = "1 mm"; VariantName = "[No Variations]"
Add component (AddParameter): Name = "Manufacturer"; Value = "Basic Passives"; VariantName = "[No Variations]"
Add component (AddParameter): Name = "Max Operating Temperature"; Value = "155 degC"; VariantName = "[No Variations]"
Add component (AddParameter): Name = "Min Operating Temperature"; Value = "-55 degC"; VariantName = "[No Variations]"
Add component (AddParameter): Name = "Mount"; Value = "Surface Mount"; VariantName = "[No Variations]"
Add component (AddParameter): Name = "Mounting Technology"; Value = "Surface Mount"; VariantName = "[No Variations]"
Add component (AddParameter): Name = "Package Quantity"; Value = "10000"; VariantName = "[No Variations]"
Add component (AddParameter): Name = "PackageDescription"; Value = "2-Pin Surface Mount Device, Body 1 x 0.5 mm"; VariantName = "[No Variations]"
Add component (AddParameter): Name = "PackageReference"; Value = "0402"; VariantName = "[No Variations]"
Add component (AddParameter): Name = "Packaging"; Value = "Tape and Reel"; VariantName = "[No Variations]"
Add component (AddParameter): Name = "PartNumber"; Value = "ERJ-2RKF1000X"; VariantName = "[No Variations]"
Add component (AddParameter): Name = "Pins"; Value = "2"; VariantName = "[No Variations]"
Add component (AddParameter): Name = "Power Rating"; Value = "100 mW"; VariantName = "[No Variations]"
Add component (AddParameter): Name = "Radiation Hardening"; Value = "No"; VariantName = "[No Variations]"
Add component (AddParameter): Name = "REACH SVHC"; Value = "Yes"; VariantName = "[No Variations]"
Add component (AddParameter): Name = "Resistance"; Value = "100 Ohm"; VariantName = "[No Variations]"
Add component (AddParameter): Name = "RoHSCompliant"; Value = "true"; VariantName = "[No Variations]"
Add component (AddParameter): Name = "Tolerance"; Value = "1%"; VariantName = "[No Variations]"
Add component (AddParameter): Name = "Voltage Rating"; Value = "50 V"; VariantName = "[No Variations]"
Add component (AddParameter): Name = "Width"; Value = "0.5 mm"; VariantName = "[No Variations]"
Added Component: Designator=R16_PowerModuleCell_M3(RESC1005X40X25LL05T05)
Add component (AddParameter): Name = "Case Code (Imperial)"; Value = "0402"; VariantName = "[No Variations]"
Add component (AddParameter): Name = "Case Code (Metric)"; Value = "1005"; VariantName = "[No Variations]"
Add component (AddParameter): Name = "Case\/Package"; Value = "0402"; VariantName = "[No Variations]"
Add component (AddParameter): Name = "ComponentLink1Description"; Value = "Manufacturer URL"; VariantName = "[No Variations]"
Add component (AddParameter): Name = "ComponentLink1URL"; Value = "http://www.panasonic.com/"; VariantName = "[No Variations]"
Add component (AddParameter): Name = "ComponentLink2Description"; Value = "Datasheet"; VariantName = "[No Variations]"
Add component (AddParameter): Name = "ComponentLink2URL"; Value = "http://industrial.panasonic.com/cdbs/www-data/pdf/RDA0000/AOA0000C86.pdf"; VariantName = "[No Variations]"
Add component (AddParameter): Name = "DatasheetVersion"; Value = "04/2015"; VariantName = "[No Variations]"
Add component (AddParameter): Name = "Height"; Value = "0.35 mm"; VariantName = "[No Variations]"
Add component (AddParameter): Name = "Length"; Value = "1 mm"; VariantName = "[No Variations]"
Add component (AddParameter): Name = "Manufacturer"; Value = "Basic Passives"; VariantName = "[No Variations]"
Add component (AddParameter): Name = "Max Operating Temperature"; Value = "155 degC"; VariantName = "[No Variations]"
Add component (AddParameter): Name = "Min Operating Temperature"; Value = "-55 degC"; VariantName = "[No Variations]"
Add component (AddParameter): Name = "Mount"; Value = "Surface Mount"; VariantName = "[No Variations]"
Add component (AddParameter): Name = "Mounting Technology"; Value = "Surface Mount"; VariantName = "[No Variations]"
Add component (AddParameter): Name = "Package Quantity"; Value = "10000"; VariantName = "[No Variations]"
Add component (AddParameter): Name = "PackageDescription"; Value = "2-Pin Surface Mount Device, Body 1 x 0.5 mm"; VariantName = "[No Variations]"
Add component (AddParameter): Name = "PackageReference"; Value = "0402"; VariantName = "[No Variations]"
Add component (AddParameter): Name = "Packaging"; Value = "Tape and Reel"; VariantName = "[No Variations]"
Add component (AddParameter): Name = "PartNumber"; Value = "ERJ-2RKF1000X"; VariantName = "[No Variations]"
Add component (AddParameter): Name = "Pins"; Value = "2"; VariantName = "[No Variations]"
Add component (AddParameter): Name = "Power Rating"; Value = "100 mW"; VariantName = "[No Variations]"
Add component (AddParameter): Name = "Radiation Hardening"; Value = "No"; VariantName = "[No Variations]"
Add component (AddParameter): Name = "REACH SVHC"; Value = "Yes"; VariantName = "[No Variations]"
Add component (AddParameter): Name = "Resistance"; Value = "100 Ohm"; VariantName = "[No Variations]"
Add component (AddParameter): Name = "RoHSCompliant"; Value = "true"; VariantName = "[No Variations]"
Add component (AddParameter): Name = "Tolerance"; Value = "1%"; VariantName = "[No Variations]"
Add component (AddParameter): Name = "Voltage Rating"; Value = "50 V"; VariantName = "[No Variations]"
Add component (AddParameter): Name = "Width"; Value = "0.5 mm"; VariantName = "[No Variations]"
Added Component: Designator=R16_PowerModuleCell_M4(RESC1005X40X25LL05T05)
Add component (AddParameter): Name = "Case Code (Imperial)"; Value = "0402"; VariantName = "[No Variations]"
Add component (AddParameter): Name = "Case Code (Metric)"; Value = "1005"; VariantName = "[No Variations]"
Add component (AddParameter): Name = "Case\/Package"; Value = "0402"; VariantName = "[No Variations]"
Add component (AddParameter): Name = "ComponentLink1Description"; Value = "Manufacturer URL"; VariantName = "[No Variations]"
Add component (AddParameter): Name = "ComponentLink1URL"; Value = "http://www.panasonic.com/"; VariantName = "[No Variations]"
Add component (AddParameter): Name = "ComponentLink2Description"; Value = "Datasheet"; VariantName = "[No Variations]"
Add component (AddParameter): Name = "ComponentLink2URL"; Value = "http://industrial.panasonic.com/cdbs/www-data/pdf/RDA0000/AOA0000C86.pdf"; VariantName = "[No Variations]"
Add component (AddParameter): Name = "DatasheetVersion"; Value = "04/2015"; VariantName = "[No Variations]"
Add component (AddParameter): Name = "Height"; Value = "0.35 mm"; VariantName = "[No Variations]"
Add component (AddParameter): Name = "Length"; Value = "1 mm"; VariantName = "[No Variations]"
Add component (AddParameter): Name = "Manufacturer"; Value = "Basic Passives"; VariantName = "[No Variations]"
Add component (AddParameter): Name = "Max Operating Temperature"; Value = "155 degC"; VariantName = "[No Variations]"
Add component (AddParameter): Name = "Min Operating Temperature"; Value = "-55 degC"; VariantName = "[No Variations]"
Add component (AddParameter): Name = "Mount"; Value = "Surface Mount"; VariantName = "[No Variations]"
Add component (AddParameter): Name = "Mounting Technology"; Value = "Surface Mount"; VariantName = "[No Variations]"
Add component (AddParameter): Name = "Package Quantity"; Value = "10000"; VariantName = "[No Variations]"
Add component (AddParameter): Name = "PackageDescription"; Value = "2-Pin Surface Mount Device, Body 1 x 0.5 mm"; VariantName = "[No Variations]"
Add component (AddParameter): Name = "PackageReference"; Value = "0402"; VariantName = "[No Variations]"
Add component (AddParameter): Name = "Packaging"; Value = "Tape and Reel"; VariantName = "[No Variations]"
Add component (AddParameter): Name = "PartNumber"; Value = "ERJ-2RKF1000X"; VariantName = "[No Variations]"
Add component (AddParameter): Name = "Pins"; Value = "2"; VariantName = "[No Variations]"
Add component (AddParameter): Name = "Power Rating"; Value = "100 mW"; VariantName = "[No Variations]"
Add component (AddParameter): Name = "Radiation Hardening"; Value = "No"; VariantName = "[No Variations]"
Add component (AddParameter): Name = "REACH SVHC"; Value = "Yes"; VariantName = "[No Variations]"
Add component (AddParameter): Name = "Resistance"; Value = "100 Ohm"; VariantName = "[No Variations]"
Add component (AddParameter): Name = "RoHSCompliant"; Value = "true"; VariantName = "[No Variations]"
Add component (AddParameter): Name = "Tolerance"; Value = "1%"; VariantName = "[No Variations]"
Add component (AddParameter): Name = "Voltage Rating"; Value = "50 V"; VariantName = "[No Variations]"
Add component (AddParameter): Name = "Width"; Value = "0.5 mm"; VariantName = "[No Variations]"
Added Component: Designator=R17_PowerModuleCell_M2(RESC1005X40X25LL05T05)
Add component (AddParameter): Name = "Case Code (Imperial)"; Value = "0402"; VariantName = "[No Variations]"
Add component (AddParameter): Name = "Case Code (Metric)"; Value = "1005"; VariantName = "[No Variations]"
Add component (AddParameter): Name = "Case\/Package"; Value = "0402"; VariantName = "[No Variations]"
Add component (AddParameter): Name = "ComponentLink1Description"; Value = "Manufacturer URL"; VariantName = "[No Variations]"
Add component (AddParameter): Name = "ComponentLink1URL"; Value = "http://www.panasonic.com/"; VariantName = "[No Variations]"
Add component (AddParameter): Name = "ComponentLink2Description"; Value = "Datasheet"; VariantName = "[No Variations]"
Add component (AddParameter): Name = "ComponentLink2URL"; Value = "http://industrial.panasonic.com/cdbs/www-data/pdf/RDA0000/AOA0000C86.pdf"; VariantName = "[No Variations]"
Add component (AddParameter): Name = "DatasheetVersion"; Value = "04/2015"; VariantName = "[No Variations]"
Add component (AddParameter): Name = "Height"; Value = "0.35 mm"; VariantName = "[No Variations]"
Add component (AddParameter): Name = "Length"; Value = "1 mm"; VariantName = "[No Variations]"
Add component (AddParameter): Name = "Manufacturer"; Value = "Basic Passives"; VariantName = "[No Variations]"
Add component (AddParameter): Name = "Max Operating Temperature"; Value = "155 degC"; VariantName = "[No Variations]"
Add component (AddParameter): Name = "Min Operating Temperature"; Value = "-55 degC"; VariantName = "[No Variations]"
Add component (AddParameter): Name = "Mount"; Value = "Surface Mount"; VariantName = "[No Variations]"
Add component (AddParameter): Name = "Mounting Technology"; Value = "Surface Mount"; VariantName = "[No Variations]"
Add component (AddParameter): Name = "Package Quantity"; Value = "10000"; VariantName = "[No Variations]"
Add component (AddParameter): Name = "PackageDescription"; Value = "2-Pin Surface Mount Device, Body 1 x 0.5 mm"; VariantName = "[No Variations]"
Add component (AddParameter): Name = "PackageReference"; Value = "0402"; VariantName = "[No Variations]"
Add component (AddParameter): Name = "Packaging"; Value = "Tape and Reel"; VariantName = "[No Variations]"
Add component (AddParameter): Name = "PartNumber"; Value = "ERJ-2RKF1000X"; VariantName = "[No Variations]"
Add component (AddParameter): Name = "Pins"; Value = "2"; VariantName = "[No Variations]"
Add component (AddParameter): Name = "Power Rating"; Value = "100 mW"; VariantName = "[No Variations]"
Add component (AddParameter): Name = "Radiation Hardening"; Value = "No"; VariantName = "[No Variations]"
Add component (AddParameter): Name = "REACH SVHC"; Value = "Yes"; VariantName = "[No Variations]"
Add component (AddParameter): Name = "Resistance"; Value = "100 Ohm"; VariantName = "[No Variations]"
Add component (AddParameter): Name = "RoHSCompliant"; Value = "true"; VariantName = "[No Variations]"
Add component (AddParameter): Name = "Tolerance"; Value = "1%"; VariantName = "[No Variations]"
Add component (AddParameter): Name = "Voltage Rating"; Value = "50 V"; VariantName = "[No Variations]"
Add component (AddParameter): Name = "Width"; Value = "0.5 mm"; VariantName = "[No Variations]"
Added Component: Designator=R17_PowerModuleCell_M3(RESC1005X40X25LL05T05)
Add component (AddParameter): Name = "Case Code (Imperial)"; Value = "0402"; VariantName = "[No Variations]"
Add component (AddParameter): Name = "Case Code (Metric)"; Value = "1005"; VariantName = "[No Variations]"
Add component (AddParameter): Name = "Case\/Package"; Value = "0402"; VariantName = "[No Variations]"
Add component (AddParameter): Name = "ComponentLink1Description"; Value = "Manufacturer URL"; VariantName = "[No Variations]"
Add component (AddParameter): Name = "ComponentLink1URL"; Value = "http://www.panasonic.com/"; VariantName = "[No Variations]"
Add component (AddParameter): Name = "ComponentLink2Description"; Value = "Datasheet"; VariantName = "[No Variations]"
Add component (AddParameter): Name = "ComponentLink2URL"; Value = "http://industrial.panasonic.com/cdbs/www-data/pdf/RDA0000/AOA0000C86.pdf"; VariantName = "[No Variations]"
Add component (AddParameter): Name = "DatasheetVersion"; Value = "04/2015"; VariantName = "[No Variations]"
Add component (AddParameter): Name = "Height"; Value = "0.35 mm"; VariantName = "[No Variations]"
Add component (AddParameter): Name = "Length"; Value = "1 mm"; VariantName = "[No Variations]"
Add component (AddParameter): Name = "Manufacturer"; Value = "Basic Passives"; VariantName = "[No Variations]"
Add component (AddParameter): Name = "Max Operating Temperature"; Value = "155 degC"; VariantName = "[No Variations]"
Add component (AddParameter): Name = "Min Operating Temperature"; Value = "-55 degC"; VariantName = "[No Variations]"
Add component (AddParameter): Name = "Mount"; Value = "Surface Mount"; VariantName = "[No Variations]"
Add component (AddParameter): Name = "Mounting Technology"; Value = "Surface Mount"; VariantName = "[No Variations]"
Add component (AddParameter): Name = "Package Quantity"; Value = "10000"; VariantName = "[No Variations]"
Add component (AddParameter): Name = "PackageDescription"; Value = "2-Pin Surface Mount Device, Body 1 x 0.5 mm"; VariantName = "[No Variations]"
Add component (AddParameter): Name = "PackageReference"; Value = "0402"; VariantName = "[No Variations]"
Add component (AddParameter): Name = "Packaging"; Value = "Tape and Reel"; VariantName = "[No Variations]"
Add component (AddParameter): Name = "PartNumber"; Value = "ERJ-2RKF1000X"; VariantName = "[No Variations]"
Add component (AddParameter): Name = "Pins"; Value = "2"; VariantName = "[No Variations]"
Add component (AddParameter): Name = "Power Rating"; Value = "100 mW"; VariantName = "[No Variations]"
Add component (AddParameter): Name = "Radiation Hardening"; Value = "No"; VariantName = "[No Variations]"
Add component (AddParameter): Name = "REACH SVHC"; Value = "Yes"; VariantName = "[No Variations]"
Add component (AddParameter): Name = "Resistance"; Value = "100 Ohm"; VariantName = "[No Variations]"
Add component (AddParameter): Name = "RoHSCompliant"; Value = "true"; VariantName = "[No Variations]"
Add component (AddParameter): Name = "Tolerance"; Value = "1%"; VariantName = "[No Variations]"
Add component (AddParameter): Name = "Voltage Rating"; Value = "50 V"; VariantName = "[No Variations]"
Add component (AddParameter): Name = "Width"; Value = "0.5 mm"; VariantName = "[No Variations]"
Added Component: Designator=R17_PowerModuleCell_M4(RESC1005X40X25LL05T05)
Add component (AddParameter): Name = "Case Code (Imperial)"; Value = "0402"; VariantName = "[No Variations]"
Add component (AddParameter): Name = "Case Code (Metric)"; Value = "1005"; VariantName = "[No Variations]"
Add component (AddParameter): Name = "Case\/Package"; Value = "0402"; VariantName = "[No Variations]"
Add component (AddParameter): Name = "ComponentLink1Description"; Value = "Manufacturer URL"; VariantName = "[No Variations]"
Add component (AddParameter): Name = "ComponentLink1URL"; Value = "http://www.panasonic.com/"; VariantName = "[No Variations]"
Add component (AddParameter): Name = "ComponentLink2Description"; Value = "Datasheet"; VariantName = "[No Variations]"
Add component (AddParameter): Name = "ComponentLink2URL"; Value = "http://industrial.panasonic.com/cdbs/www-data/pdf/RDA0000/AOA0000C86.pdf"; VariantName = "[No Variations]"
Add component (AddParameter): Name = "DatasheetVersion"; Value = "04/2015"; VariantName = "[No Variations]"
Add component (AddParameter): Name = "Height"; Value = "0.35 mm"; VariantName = "[No Variations]"
Add component (AddParameter): Name = "Length"; Value = "1 mm"; VariantName = "[No Variations]"
Add component (AddParameter): Name = "Manufacturer"; Value = "Basic Passives"; VariantName = "[No Variations]"
Add component (AddParameter): Name = "Max Operating Temperature"; Value = "155 degC"; VariantName = "[No Variations]"
Add component (AddParameter): Name = "Min Operating Temperature"; Value = "-55 degC"; VariantName = "[No Variations]"
Add component (AddParameter): Name = "Mount"; Value = "Surface Mount"; VariantName = "[No Variations]"
Add component (AddParameter): Name = "Mounting Technology"; Value = "Surface Mount"; VariantName = "[No Variations]"
Add component (AddParameter): Name = "Package Quantity"; Value = "10000"; VariantName = "[No Variations]"
Add component (AddParameter): Name = "PackageDescription"; Value = "2-Pin Surface Mount Device, Body 1 x 0.5 mm"; VariantName = "[No Variations]"
Add component (AddParameter): Name = "PackageReference"; Value = "0402"; VariantName = "[No Variations]"
Add component (AddParameter): Name = "Packaging"; Value = "Tape and Reel"; VariantName = "[No Variations]"
Add component (AddParameter): Name = "PartNumber"; Value = "ERJ-2RKF1000X"; VariantName = "[No Variations]"
Add component (AddParameter): Name = "Pins"; Value = "2"; VariantName = "[No Variations]"
Add component (AddParameter): Name = "Power Rating"; Value = "100 mW"; VariantName = "[No Variations]"
Add component (AddParameter): Name = "Radiation Hardening"; Value = "No"; VariantName = "[No Variations]"
Add component (AddParameter): Name = "REACH SVHC"; Value = "Yes"; VariantName = "[No Variations]"
Add component (AddParameter): Name = "Resistance"; Value = "100 Ohm"; VariantName = "[No Variations]"
Add component (AddParameter): Name = "RoHSCompliant"; Value = "true"; VariantName = "[No Variations]"
Add component (AddParameter): Name = "Tolerance"; Value = "1%"; VariantName = "[No Variations]"
Add component (AddParameter): Name = "Voltage Rating"; Value = "50 V"; VariantName = "[No Variations]"
Add component (AddParameter): Name = "Width"; Value = "0.5 mm"; VariantName = "[No Variations]"
Added Component: Designator=R18_PowerModuleCell_M2(RESC1005X40X25NL05T05)
Add component (AddParameter): Name = "Case Code (Imperial)"; Value = "0402"; VariantName = "[No Variations]"
Add component (AddParameter): Name = "Case Code (Metric)"; Value = "1005"; VariantName = "[No Variations]"
Add component (AddParameter): Name = "Case\/Package"; Value = "0402"; VariantName = "[No Variations]"
Add component (AddParameter): Name = "ComponentLink1Description"; Value = "Manufacturer URL"; VariantName = "[No Variations]"
Add component (AddParameter): Name = "ComponentLink1URL"; Value = "http://www.panasonic.com/"; VariantName = "[No Variations]"
Add component (AddParameter): Name = "ComponentLink2Description"; Value = "Datasheet"; VariantName = "[No Variations]"
Add component (AddParameter): Name = "ComponentLink2URL"; Value = "http://industrial.panasonic.com/cdbs/www-data/pdf/RDA0000/AOA0000C86.pdf"; VariantName = "[No Variations]"
Add component (AddParameter): Name = "DatasheetVersion"; Value = "04/2015"; VariantName = "[No Variations]"
Add component (AddParameter): Name = "Height"; Value = "0.35 mm"; VariantName = "[No Variations]"
Add component (AddParameter): Name = "Length"; Value = "1 mm"; VariantName = "[No Variations]"
Add component (AddParameter): Name = "Manufacturer"; Value = "Basic Passives"; VariantName = "[No Variations]"
Add component (AddParameter): Name = "Max Operating Temperature"; Value = "155 degC"; VariantName = "[No Variations]"
Add component (AddParameter): Name = "Min Operating Temperature"; Value = "-55 degC"; VariantName = "[No Variations]"
Add component (AddParameter): Name = "Mount"; Value = "Surface Mount"; VariantName = "[No Variations]"
Add component (AddParameter): Name = "Mounting Technology"; Value = "Surface Mount"; VariantName = "[No Variations]"
Add component (AddParameter): Name = "Package Quantity"; Value = "10000"; VariantName = "[No Variations]"
Add component (AddParameter): Name = "PackageDescription"; Value = "2-Pin Surface Mount Device, Body 1 x 0.5 mm"; VariantName = "[No Variations]"
Add component (AddParameter): Name = "PackageReference"; Value = "0402"; VariantName = "[No Variations]"
Add component (AddParameter): Name = "Packaging"; Value = "Tape and Reel"; VariantName = "[No Variations]"
Add component (AddParameter): Name = "PartNumber"; Value = "ERJ-2RKF1001X"; VariantName = "[No Variations]"
Add component (AddParameter): Name = "Pins"; Value = "2"; VariantName = "[No Variations]"
Add component (AddParameter): Name = "Power Rating"; Value = "100 mW"; VariantName = "[No Variations]"
Add component (AddParameter): Name = "Radiation Hardening"; Value = "No"; VariantName = "[No Variations]"
Add component (AddParameter): Name = "REACH SVHC"; Value = "Yes"; VariantName = "[No Variations]"
Add component (AddParameter): Name = "Resistance"; Value = "1 KOhm"; VariantName = "[No Variations]"
Add component (AddParameter): Name = "RoHSCompliant"; Value = "true"; VariantName = "[No Variations]"
Add component (AddParameter): Name = "Tolerance"; Value = "1%"; VariantName = "[No Variations]"
Add component (AddParameter): Name = "Voltage Rating"; Value = "50 V"; VariantName = "[No Variations]"
Add component (AddParameter): Name = "Width"; Value = "0.5 mm"; VariantName = "[No Variations]"
Added Component: Designator=R18_PowerModuleCell_M3(RESC1005X40X25NL05T05)
Add component (AddParameter): Name = "Case Code (Imperial)"; Value = "0402"; VariantName = "[No Variations]"
Add component (AddParameter): Name = "Case Code (Metric)"; Value = "1005"; VariantName = "[No Variations]"
Add component (AddParameter): Name = "Case\/Package"; Value = "0402"; VariantName = "[No Variations]"
Add component (AddParameter): Name = "ComponentLink1Description"; Value = "Manufacturer URL"; VariantName = "[No Variations]"
Add component (AddParameter): Name = "ComponentLink1URL"; Value = "http://www.panasonic.com/"; VariantName = "[No Variations]"
Add component (AddParameter): Name = "ComponentLink2Description"; Value = "Datasheet"; VariantName = "[No Variations]"
Add component (AddParameter): Name = "ComponentLink2URL"; Value = "http://industrial.panasonic.com/cdbs/www-data/pdf/RDA0000/AOA0000C86.pdf"; VariantName = "[No Variations]"
Add component (AddParameter): Name = "DatasheetVersion"; Value = "04/2015"; VariantName = "[No Variations]"
Add component (AddParameter): Name = "Height"; Value = "0.35 mm"; VariantName = "[No Variations]"
Add component (AddParameter): Name = "Length"; Value = "1 mm"; VariantName = "[No Variations]"
Add component (AddParameter): Name = "Manufacturer"; Value = "Basic Passives"; VariantName = "[No Variations]"
Add component (AddParameter): Name = "Max Operating Temperature"; Value = "155 degC"; VariantName = "[No Variations]"
Add component (AddParameter): Name = "Min Operating Temperature"; Value = "-55 degC"; VariantName = "[No Variations]"
Add component (AddParameter): Name = "Mount"; Value = "Surface Mount"; VariantName = "[No Variations]"
Add component (AddParameter): Name = "Mounting Technology"; Value = "Surface Mount"; VariantName = "[No Variations]"
Add component (AddParameter): Name = "Package Quantity"; Value = "10000"; VariantName = "[No Variations]"
Add component (AddParameter): Name = "PackageDescription"; Value = "2-Pin Surface Mount Device, Body 1 x 0.5 mm"; VariantName = "[No Variations]"
Add component (AddParameter): Name = "PackageReference"; Value = "0402"; VariantName = "[No Variations]"
Add component (AddParameter): Name = "Packaging"; Value = "Tape and Reel"; VariantName = "[No Variations]"
Add component (AddParameter): Name = "PartNumber"; Value = "ERJ-2RKF1001X"; VariantName = "[No Variations]"
Add component (AddParameter): Name = "Pins"; Value = "2"; VariantName = "[No Variations]"
Add component (AddParameter): Name = "Power Rating"; Value = "100 mW"; VariantName = "[No Variations]"
Add component (AddParameter): Name = "Radiation Hardening"; Value = "No"; VariantName = "[No Variations]"
Add component (AddParameter): Name = "REACH SVHC"; Value = "Yes"; VariantName = "[No Variations]"
Add component (AddParameter): Name = "Resistance"; Value = "1 KOhm"; VariantName = "[No Variations]"
Add component (AddParameter): Name = "RoHSCompliant"; Value = "true"; VariantName = "[No Variations]"
Add component (AddParameter): Name = "Tolerance"; Value = "1%"; VariantName = "[No Variations]"
Add component (AddParameter): Name = "Voltage Rating"; Value = "50 V"; VariantName = "[No Variations]"
Add component (AddParameter): Name = "Width"; Value = "0.5 mm"; VariantName = "[No Variations]"
Added Component: Designator=R18_PowerModuleCell_M4(RESC1005X40X25NL05T05)
Add component (AddParameter): Name = "Case Code (Imperial)"; Value = "0402"; VariantName = "[No Variations]"
Add component (AddParameter): Name = "Case Code (Metric)"; Value = "1005"; VariantName = "[No Variations]"
Add component (AddParameter): Name = "Case\/Package"; Value = "0402"; VariantName = "[No Variations]"
Add component (AddParameter): Name = "ComponentLink1Description"; Value = "Manufacturer URL"; VariantName = "[No Variations]"
Add component (AddParameter): Name = "ComponentLink1URL"; Value = "http://www.panasonic.com/"; VariantName = "[No Variations]"
Add component (AddParameter): Name = "ComponentLink2Description"; Value = "Datasheet"; VariantName = "[No Variations]"
Add component (AddParameter): Name = "ComponentLink2URL"; Value = "http://industrial.panasonic.com/cdbs/www-data/pdf/RDA0000/AOA0000C86.pdf"; VariantName = "[No Variations]"
Add component (AddParameter): Name = "DatasheetVersion"; Value = "04/2015"; VariantName = "[No Variations]"
Add component (AddParameter): Name = "Height"; Value = "0.35 mm"; VariantName = "[No Variations]"
Add component (AddParameter): Name = "Length"; Value = "1 mm"; VariantName = "[No Variations]"
Add component (AddParameter): Name = "Manufacturer"; Value = "Basic Passives"; VariantName = "[No Variations]"
Add component (AddParameter): Name = "Max Operating Temperature"; Value = "155 degC"; VariantName = "[No Variations]"
Add component (AddParameter): Name = "Min Operating Temperature"; Value = "-55 degC"; VariantName = "[No Variations]"
Add component (AddParameter): Name = "Mount"; Value = "Surface Mount"; VariantName = "[No Variations]"
Add component (AddParameter): Name = "Mounting Technology"; Value = "Surface Mount"; VariantName = "[No Variations]"
Add component (AddParameter): Name = "Package Quantity"; Value = "10000"; VariantName = "[No Variations]"
Add component (AddParameter): Name = "PackageDescription"; Value = "2-Pin Surface Mount Device, Body 1 x 0.5 mm"; VariantName = "[No Variations]"
Add component (AddParameter): Name = "PackageReference"; Value = "0402"; VariantName = "[No Variations]"
Add component (AddParameter): Name = "Packaging"; Value = "Tape and Reel"; VariantName = "[No Variations]"
Add component (AddParameter): Name = "PartNumber"; Value = "ERJ-2RKF1001X"; VariantName = "[No Variations]"
Add component (AddParameter): Name = "Pins"; Value = "2"; VariantName = "[No Variations]"
Add component (AddParameter): Name = "Power Rating"; Value = "100 mW"; VariantName = "[No Variations]"
Add component (AddParameter): Name = "Radiation Hardening"; Value = "No"; VariantName = "[No Variations]"
Add component (AddParameter): Name = "REACH SVHC"; Value = "Yes"; VariantName = "[No Variations]"
Add component (AddParameter): Name = "Resistance"; Value = "1 KOhm"; VariantName = "[No Variations]"
Add component (AddParameter): Name = "RoHSCompliant"; Value = "true"; VariantName = "[No Variations]"
Add component (AddParameter): Name = "Tolerance"; Value = "1%"; VariantName = "[No Variations]"
Add component (AddParameter): Name = "Voltage Rating"; Value = "50 V"; VariantName = "[No Variations]"
Add component (AddParameter): Name = "Width"; Value = "0.5 mm"; VariantName = "[No Variations]"
Added Component: Designator=R19_PowerModuleCell_M2(RESC1005X40X25LL05T05)
Add component (AddParameter): Name = "Case Code (Imperial)"; Value = "0402"; VariantName = "[No Variations]"
Add component (AddParameter): Name = "Case Code (Metric)"; Value = "1005"; VariantName = "[No Variations]"
Add component (AddParameter): Name = "Case\/Package"; Value = "0402"; VariantName = "[No Variations]"
Add component (AddParameter): Name = "ComponentLink1Description"; Value = "Manufacturer URL"; VariantName = "[No Variations]"
Add component (AddParameter): Name = "ComponentLink1URL"; Value = "http://www.panasonic.com/"; VariantName = "[No Variations]"
Add component (AddParameter): Name = "ComponentLink2Description"; Value = "Datasheet"; VariantName = "[No Variations]"
Add component (AddParameter): Name = "ComponentLink2URL"; Value = "http://industrial.panasonic.com/cdbs/www-data/pdf/RDA0000/AOA0000C86.pdf"; VariantName = "[No Variations]"
Add component (AddParameter): Name = "DatasheetVersion"; Value = "04/2015"; VariantName = "[No Variations]"
Add component (AddParameter): Name = "Height"; Value = "0.35 mm"; VariantName = "[No Variations]"
Add component (AddParameter): Name = "Length"; Value = "1 mm"; VariantName = "[No Variations]"
Add component (AddParameter): Name = "Manufacturer"; Value = "Basic Passives"; VariantName = "[No Variations]"
Add component (AddParameter): Name = "Max Operating Temperature"; Value = "155 degC"; VariantName = "[No Variations]"
Add component (AddParameter): Name = "Min Operating Temperature"; Value = "-55 degC"; VariantName = "[No Variations]"
Add component (AddParameter): Name = "Mount"; Value = "Surface Mount"; VariantName = "[No Variations]"
Add component (AddParameter): Name = "Mounting Technology"; Value = "Surface Mount"; VariantName = "[No Variations]"
Add component (AddParameter): Name = "Package Quantity"; Value = "10000"; VariantName = "[No Variations]"
Add component (AddParameter): Name = "PackageDescription"; Value = "2-Pin Surface Mount Device, Body 1 x 0.5 mm"; VariantName = "[No Variations]"
Add component (AddParameter): Name = "PackageReference"; Value = "0402"; VariantName = "[No Variations]"
Add component (AddParameter): Name = "Packaging"; Value = "Tape and Reel"; VariantName = "[No Variations]"
Add component (AddParameter): Name = "PartNumber"; Value = "ERJ-2RKF1000X"; VariantName = "[No Variations]"
Add component (AddParameter): Name = "Pins"; Value = "2"; VariantName = "[No Variations]"
Add component (AddParameter): Name = "Power Rating"; Value = "100 mW"; VariantName = "[No Variations]"
Add component (AddParameter): Name = "Radiation Hardening"; Value = "No"; VariantName = "[No Variations]"
Add component (AddParameter): Name = "REACH SVHC"; Value = "Yes"; VariantName = "[No Variations]"
Add component (AddParameter): Name = "Resistance"; Value = "100 Ohm"; VariantName = "[No Variations]"
Add component (AddParameter): Name = "RoHSCompliant"; Value = "true"; VariantName = "[No Variations]"
Add component (AddParameter): Name = "Tolerance"; Value = "1%"; VariantName = "[No Variations]"
Add component (AddParameter): Name = "Voltage Rating"; Value = "50 V"; VariantName = "[No Variations]"
Add component (AddParameter): Name = "Width"; Value = "0.5 mm"; VariantName = "[No Variations]"
Added Component: Designator=R19_PowerModuleCell_M3(RESC1005X40X25LL05T05)
Add component (AddParameter): Name = "Case Code (Imperial)"; Value = "0402"; VariantName = "[No Variations]"
Add component (AddParameter): Name = "Case Code (Metric)"; Value = "1005"; VariantName = "[No Variations]"
Add component (AddParameter): Name = "Case\/Package"; Value = "0402"; VariantName = "[No Variations]"
Add component (AddParameter): Name = "ComponentLink1Description"; Value = "Manufacturer URL"; VariantName = "[No Variations]"
Add component (AddParameter): Name = "ComponentLink1URL"; Value = "http://www.panasonic.com/"; VariantName = "[No Variations]"
Add component (AddParameter): Name = "ComponentLink2Description"; Value = "Datasheet"; VariantName = "[No Variations]"
Add component (AddParameter): Name = "ComponentLink2URL"; Value = "http://industrial.panasonic.com/cdbs/www-data/pdf/RDA0000/AOA0000C86.pdf"; VariantName = "[No Variations]"
Add component (AddParameter): Name = "DatasheetVersion"; Value = "04/2015"; VariantName = "[No Variations]"
Add component (AddParameter): Name = "Height"; Value = "0.35 mm"; VariantName = "[No Variations]"
Add component (AddParameter): Name = "Length"; Value = "1 mm"; VariantName = "[No Variations]"
Add component (AddParameter): Name = "Manufacturer"; Value = "Basic Passives"; VariantName = "[No Variations]"
Add component (AddParameter): Name = "Max Operating Temperature"; Value = "155 degC"; VariantName = "[No Variations]"
Add component (AddParameter): Name = "Min Operating Temperature"; Value = "-55 degC"; VariantName = "[No Variations]"
Add component (AddParameter): Name = "Mount"; Value = "Surface Mount"; VariantName = "[No Variations]"
Add component (AddParameter): Name = "Mounting Technology"; Value = "Surface Mount"; VariantName = "[No Variations]"
Add component (AddParameter): Name = "Package Quantity"; Value = "10000"; VariantName = "[No Variations]"
Add component (AddParameter): Name = "PackageDescription"; Value = "2-Pin Surface Mount Device, Body 1 x 0.5 mm"; VariantName = "[No Variations]"
Add component (AddParameter): Name = "PackageReference"; Value = "0402"; VariantName = "[No Variations]"
Add component (AddParameter): Name = "Packaging"; Value = "Tape and Reel"; VariantName = "[No Variations]"
Add component (AddParameter): Name = "PartNumber"; Value = "ERJ-2RKF1000X"; VariantName = "[No Variations]"
Add component (AddParameter): Name = "Pins"; Value = "2"; VariantName = "[No Variations]"
Add component (AddParameter): Name = "Power Rating"; Value = "100 mW"; VariantName = "[No Variations]"
Add component (AddParameter): Name = "Radiation Hardening"; Value = "No"; VariantName = "[No Variations]"
Add component (AddParameter): Name = "REACH SVHC"; Value = "Yes"; VariantName = "[No Variations]"
Add component (AddParameter): Name = "Resistance"; Value = "100 Ohm"; VariantName = "[No Variations]"
Add component (AddParameter): Name = "RoHSCompliant"; Value = "true"; VariantName = "[No Variations]"
Add component (AddParameter): Name = "Tolerance"; Value = "1%"; VariantName = "[No Variations]"
Add component (AddParameter): Name = "Voltage Rating"; Value = "50 V"; VariantName = "[No Variations]"
Add component (AddParameter): Name = "Width"; Value = "0.5 mm"; VariantName = "[No Variations]"
Added Component: Designator=R19_PowerModuleCell_M4(RESC1005X40X25LL05T05)
Add component (AddParameter): Name = "Case Code (Imperial)"; Value = "0402"; VariantName = "[No Variations]"
Add component (AddParameter): Name = "Case Code (Metric)"; Value = "1005"; VariantName = "[No Variations]"
Add component (AddParameter): Name = "Case\/Package"; Value = "0402"; VariantName = "[No Variations]"
Add component (AddParameter): Name = "ComponentLink1Description"; Value = "Manufacturer URL"; VariantName = "[No Variations]"
Add component (AddParameter): Name = "ComponentLink1URL"; Value = "http://www.panasonic.com/"; VariantName = "[No Variations]"
Add component (AddParameter): Name = "ComponentLink2Description"; Value = "Datasheet"; VariantName = "[No Variations]"
Add component (AddParameter): Name = "ComponentLink2URL"; Value = "http://industrial.panasonic.com/cdbs/www-data/pdf/RDA0000/AOA0000C86.pdf"; VariantName = "[No Variations]"
Add component (AddParameter): Name = "DatasheetVersion"; Value = "04/2015"; VariantName = "[No Variations]"
Add component (AddParameter): Name = "Height"; Value = "0.35 mm"; VariantName = "[No Variations]"
Add component (AddParameter): Name = "Length"; Value = "1 mm"; VariantName = "[No Variations]"
Add component (AddParameter): Name = "Manufacturer"; Value = "Basic Passives"; VariantName = "[No Variations]"
Add component (AddParameter): Name = "Max Operating Temperature"; Value = "155 degC"; VariantName = "[No Variations]"
Add component (AddParameter): Name = "Min Operating Temperature"; Value = "-55 degC"; VariantName = "[No Variations]"
Add component (AddParameter): Name = "Mount"; Value = "Surface Mount"; VariantName = "[No Variations]"
Add component (AddParameter): Name = "Mounting Technology"; Value = "Surface Mount"; VariantName = "[No Variations]"
Add component (AddParameter): Name = "Package Quantity"; Value = "10000"; VariantName = "[No Variations]"
Add component (AddParameter): Name = "PackageDescription"; Value = "2-Pin Surface Mount Device, Body 1 x 0.5 mm"; VariantName = "[No Variations]"
Add component (AddParameter): Name = "PackageReference"; Value = "0402"; VariantName = "[No Variations]"
Add component (AddParameter): Name = "Packaging"; Value = "Tape and Reel"; VariantName = "[No Variations]"
Add component (AddParameter): Name = "PartNumber"; Value = "ERJ-2RKF1000X"; VariantName = "[No Variations]"
Add component (AddParameter): Name = "Pins"; Value = "2"; VariantName = "[No Variations]"
Add component (AddParameter): Name = "Power Rating"; Value = "100 mW"; VariantName = "[No Variations]"
Add component (AddParameter): Name = "Radiation Hardening"; Value = "No"; VariantName = "[No Variations]"
Add component (AddParameter): Name = "REACH SVHC"; Value = "Yes"; VariantName = "[No Variations]"
Add component (AddParameter): Name = "Resistance"; Value = "100 Ohm"; VariantName = "[No Variations]"
Add component (AddParameter): Name = "RoHSCompliant"; Value = "true"; VariantName = "[No Variations]"
Add component (AddParameter): Name = "Tolerance"; Value = "1%"; VariantName = "[No Variations]"
Add component (AddParameter): Name = "Voltage Rating"; Value = "50 V"; VariantName = "[No Variations]"
Add component (AddParameter): Name = "Width"; Value = "0.5 mm"; VariantName = "[No Variations]"
Added Component: Designator=R20_PowerModuleCell_M2(FP-ERJ2RK-IPC_A)
Add component (AddParameter): Name = "Case Code (Imperial)"; Value = "0402"; VariantName = "[No Variations]"
Add component (AddParameter): Name = "Case Code (Metric)"; Value = "1005"; VariantName = "[No Variations]"
Add component (AddParameter): Name = "Case/Package"; Value = "0402"; VariantName = "[No Variations]"
Add component (AddParameter): Name = "Composition"; Value = "Thick Film"; VariantName = "[No Variations]"
Add component (AddParameter): Name = "Contact Plating"; Value = "Tin"; VariantName = "[No Variations]"
Add component (AddParameter): Name = "Depth"; Value = "0.5mm"; VariantName = "[No Variations]"
Add component (AddParameter): Name = "Height"; Value = "0.35mm"; VariantName = "[No Variations]"
Add component (AddParameter): Name = "Lead Free"; Value = "Lead Free"; VariantName = "[No Variations]"
Add component (AddParameter): Name = "Length"; Value = "1mm"; VariantName = "[No Variations]"
Add component (AddParameter): Name = "Max Operating Temperature"; Value = "155°C"; VariantName = "[No Variations]"
Add component (AddParameter): Name = "Max Power Dissipation"; Value = "100mW"; VariantName = "[No Variations]"
Add component (AddParameter): Name = "Military Standard"; Value = "Not"; VariantName = "[No Variations]"
Add component (AddParameter): Name = "Min Operating Temperature"; Value = "-55°C"; VariantName = "[No Variations]"
Add component (AddParameter): Name = "Mount"; Value = "Surface Mount"; VariantName = "[No Variations]"
Add component (AddParameter): Name = "Number of Terminations"; Value = "2"; VariantName = "[No Variations]"
Add component (AddParameter): Name = "Package Quantity"; Value = "10000"; VariantName = "[No Variations]"
Add component (AddParameter): Name = "Packaging"; Value = "Tape and Reel"; VariantName = "[No Variations]"
Add component (AddParameter): Name = "Power Rating"; Value = "100mW"; VariantName = "[No Variations]"
Add component (AddParameter): Name = "REACH SVHC"; Value = "No SVHC"; VariantName = "[No Variations]"
Add component (AddParameter): Name = "Resistance"; Value = "300R"; VariantName = "[No Variations]"
Add component (AddParameter): Name = "Temperature Coefficient"; Value = "100ppm/°C"; VariantName = "[No Variations]"
Add component (AddParameter): Name = "Termination"; Value = "SMD/SMT"; VariantName = "[No Variations]"
Add component (AddParameter): Name = "Tolerance"; Value = "1%"; VariantName = "[No Variations]"
Add component (AddParameter): Name = "Voltage Rating"; Value = "50V"; VariantName = "[No Variations]"
Add component (AddParameter): Name = "Voltage Rating (DC)"; Value = "50V"; VariantName = "[No Variations]"
Add component (AddParameter): Name = "Width"; Value = "0.02inch"; VariantName = "[No Variations]"
Added Component: Designator=R20_PowerModuleCell_M3(FP-ERJ2RK-IPC_A)
Add component (AddParameter): Name = "Case Code (Imperial)"; Value = "0402"; VariantName = "[No Variations]"
Add component (AddParameter): Name = "Case Code (Metric)"; Value = "1005"; VariantName = "[No Variations]"
Add component (AddParameter): Name = "Case/Package"; Value = "0402"; VariantName = "[No Variations]"
Add component (AddParameter): Name = "Composition"; Value = "Thick Film"; VariantName = "[No Variations]"
Add component (AddParameter): Name = "Contact Plating"; Value = "Tin"; VariantName = "[No Variations]"
Add component (AddParameter): Name = "Depth"; Value = "0.5mm"; VariantName = "[No Variations]"
Add component (AddParameter): Name = "Height"; Value = "0.35mm"; VariantName = "[No Variations]"
Add component (AddParameter): Name = "Lead Free"; Value = "Lead Free"; VariantName = "[No Variations]"
Add component (AddParameter): Name = "Length"; Value = "1mm"; VariantName = "[No Variations]"
Add component (AddParameter): Name = "Max Operating Temperature"; Value = "155°C"; VariantName = "[No Variations]"
Add component (AddParameter): Name = "Max Power Dissipation"; Value = "100mW"; VariantName = "[No Variations]"
Add component (AddParameter): Name = "Military Standard"; Value = "Not"; VariantName = "[No Variations]"
Add component (AddParameter): Name = "Min Operating Temperature"; Value = "-55°C"; VariantName = "[No Variations]"
Add component (AddParameter): Name = "Mount"; Value = "Surface Mount"; VariantName = "[No Variations]"
Add component (AddParameter): Name = "Number of Terminations"; Value = "2"; VariantName = "[No Variations]"
Add component (AddParameter): Name = "Package Quantity"; Value = "10000"; VariantName = "[No Variations]"
Add component (AddParameter): Name = "Packaging"; Value = "Tape and Reel"; VariantName = "[No Variations]"
Add component (AddParameter): Name = "Power Rating"; Value = "100mW"; VariantName = "[No Variations]"
Add component (AddParameter): Name = "REACH SVHC"; Value = "No SVHC"; VariantName = "[No Variations]"
Add component (AddParameter): Name = "Resistance"; Value = "300R"; VariantName = "[No Variations]"
Add component (AddParameter): Name = "Temperature Coefficient"; Value = "100ppm/°C"; VariantName = "[No Variations]"
Add component (AddParameter): Name = "Termination"; Value = "SMD/SMT"; VariantName = "[No Variations]"
Add component (AddParameter): Name = "Tolerance"; Value = "1%"; VariantName = "[No Variations]"
Add component (AddParameter): Name = "Voltage Rating"; Value = "50V"; VariantName = "[No Variations]"
Add component (AddParameter): Name = "Voltage Rating (DC)"; Value = "50V"; VariantName = "[No Variations]"
Add component (AddParameter): Name = "Width"; Value = "0.02inch"; VariantName = "[No Variations]"
Added Component: Designator=R20_PowerModuleCell_M4(FP-ERJ2RK-IPC_A)
Add component (AddParameter): Name = "Case Code (Imperial)"; Value = "0402"; VariantName = "[No Variations]"
Add component (AddParameter): Name = "Case Code (Metric)"; Value = "1005"; VariantName = "[No Variations]"
Add component (AddParameter): Name = "Case/Package"; Value = "0402"; VariantName = "[No Variations]"
Add component (AddParameter): Name = "Composition"; Value = "Thick Film"; VariantName = "[No Variations]"
Add component (AddParameter): Name = "Contact Plating"; Value = "Tin"; VariantName = "[No Variations]"
Add component (AddParameter): Name = "Depth"; Value = "0.5mm"; VariantName = "[No Variations]"
Add component (AddParameter): Name = "Height"; Value = "0.35mm"; VariantName = "[No Variations]"
Add component (AddParameter): Name = "Lead Free"; Value = "Lead Free"; VariantName = "[No Variations]"
Add component (AddParameter): Name = "Length"; Value = "1mm"; VariantName = "[No Variations]"
Add component (AddParameter): Name = "Max Operating Temperature"; Value = "155°C"; VariantName = "[No Variations]"
Add component (AddParameter): Name = "Max Power Dissipation"; Value = "100mW"; VariantName = "[No Variations]"
Add component (AddParameter): Name = "Military Standard"; Value = "Not"; VariantName = "[No Variations]"
Add component (AddParameter): Name = "Min Operating Temperature"; Value = "-55°C"; VariantName = "[No Variations]"
Add component (AddParameter): Name = "Mount"; Value = "Surface Mount"; VariantName = "[No Variations]"
Add component (AddParameter): Name = "Number of Terminations"; Value = "2"; VariantName = "[No Variations]"
Add component (AddParameter): Name = "Package Quantity"; Value = "10000"; VariantName = "[No Variations]"
Add component (AddParameter): Name = "Packaging"; Value = "Tape and Reel"; VariantName = "[No Variations]"
Add component (AddParameter): Name = "Power Rating"; Value = "100mW"; VariantName = "[No Variations]"
Add component (AddParameter): Name = "REACH SVHC"; Value = "No SVHC"; VariantName = "[No Variations]"
Add component (AddParameter): Name = "Resistance"; Value = "300R"; VariantName = "[No Variations]"
Add component (AddParameter): Name = "Temperature Coefficient"; Value = "100ppm/°C"; VariantName = "[No Variations]"
Add component (AddParameter): Name = "Termination"; Value = "SMD/SMT"; VariantName = "[No Variations]"
Add component (AddParameter): Name = "Tolerance"; Value = "1%"; VariantName = "[No Variations]"
Add component (AddParameter): Name = "Voltage Rating"; Value = "50V"; VariantName = "[No Variations]"
Add component (AddParameter): Name = "Voltage Rating (DC)"; Value = "50V"; VariantName = "[No Variations]"
Add component (AddParameter): Name = "Width"; Value = "0.02inch"; VariantName = "[No Variations]"
Added Component: Designator=R21_PowerModuleCell_M2(RESC1005X40X25NL05T05)
Add component (AddParameter): Name = "Case Code (Imperial)"; Value = "0402"; VariantName = "[No Variations]"
Add component (AddParameter): Name = "Case Code (Metric)"; Value = "1005"; VariantName = "[No Variations]"
Add component (AddParameter): Name = "Case\/Package"; Value = "0402"; VariantName = "[No Variations]"
Add component (AddParameter): Name = "ComponentLink1Description"; Value = "Manufacturer URL"; VariantName = "[No Variations]"
Add component (AddParameter): Name = "ComponentLink1URL"; Value = "http://www.panasonic.com/"; VariantName = "[No Variations]"
Add component (AddParameter): Name = "ComponentLink2Description"; Value = "Datasheet"; VariantName = "[No Variations]"
Add component (AddParameter): Name = "ComponentLink2URL"; Value = "http://industrial.panasonic.com/cdbs/www-data/pdf/RDA0000/AOA0000C86.pdf"; VariantName = "[No Variations]"
Add component (AddParameter): Name = "DatasheetVersion"; Value = "04/2015"; VariantName = "[No Variations]"
Add component (AddParameter): Name = "Height"; Value = "0.35 mm"; VariantName = "[No Variations]"
Add component (AddParameter): Name = "Length"; Value = "1 mm"; VariantName = "[No Variations]"
Add component (AddParameter): Name = "Manufacturer"; Value = "Basic Passives"; VariantName = "[No Variations]"
Add component (AddParameter): Name = "Max Operating Temperature"; Value = "155 degC"; VariantName = "[No Variations]"
Add component (AddParameter): Name = "Min Operating Temperature"; Value = "-55 degC"; VariantName = "[No Variations]"
Add component (AddParameter): Name = "Mount"; Value = "Surface Mount"; VariantName = "[No Variations]"
Add component (AddParameter): Name = "Mounting Technology"; Value = "Surface Mount"; VariantName = "[No Variations]"
Add component (AddParameter): Name = "Package Quantity"; Value = "10000"; VariantName = "[No Variations]"
Add component (AddParameter): Name = "PackageDescription"; Value = "2-Pin Surface Mount Device, Body 1 x 0.5 mm"; VariantName = "[No Variations]"
Add component (AddParameter): Name = "PackageReference"; Value = "0402"; VariantName = "[No Variations]"
Add component (AddParameter): Name = "Packaging"; Value = "Tape and Reel"; VariantName = "[No Variations]"
Add component (AddParameter): Name = "PartNumber"; Value = "ERJ-2RKF1001X"; VariantName = "[No Variations]"
Add component (AddParameter): Name = "Pins"; Value = "2"; VariantName = "[No Variations]"
Add component (AddParameter): Name = "Power Rating"; Value = "100 mW"; VariantName = "[No Variations]"
Add component (AddParameter): Name = "Radiation Hardening"; Value = "No"; VariantName = "[No Variations]"
Add component (AddParameter): Name = "REACH SVHC"; Value = "Yes"; VariantName = "[No Variations]"
Add component (AddParameter): Name = "Resistance"; Value = "1 KOhm"; VariantName = "[No Variations]"
Add component (AddParameter): Name = "RoHSCompliant"; Value = "true"; VariantName = "[No Variations]"
Add component (AddParameter): Name = "Tolerance"; Value = "1%"; VariantName = "[No Variations]"
Add component (AddParameter): Name = "Voltage Rating"; Value = "50 V"; VariantName = "[No Variations]"
Add component (AddParameter): Name = "Width"; Value = "0.5 mm"; VariantName = "[No Variations]"
Added Component: Designator=R21_PowerModuleCell_M3(RESC1005X40X25NL05T05)
Add component (AddParameter): Name = "Case Code (Imperial)"; Value = "0402"; VariantName = "[No Variations]"
Add component (AddParameter): Name = "Case Code (Metric)"; Value = "1005"; VariantName = "[No Variations]"
Add component (AddParameter): Name = "Case\/Package"; Value = "0402"; VariantName = "[No Variations]"
Add component (AddParameter): Name = "ComponentLink1Description"; Value = "Manufacturer URL"; VariantName = "[No Variations]"
Add component (AddParameter): Name = "ComponentLink1URL"; Value = "http://www.panasonic.com/"; VariantName = "[No Variations]"
Add component (AddParameter): Name = "ComponentLink2Description"; Value = "Datasheet"; VariantName = "[No Variations]"
Add component (AddParameter): Name = "ComponentLink2URL"; Value = "http://industrial.panasonic.com/cdbs/www-data/pdf/RDA0000/AOA0000C86.pdf"; VariantName = "[No Variations]"
Add component (AddParameter): Name = "DatasheetVersion"; Value = "04/2015"; VariantName = "[No Variations]"
Add component (AddParameter): Name = "Height"; Value = "0.35 mm"; VariantName = "[No Variations]"
Add component (AddParameter): Name = "Length"; Value = "1 mm"; VariantName = "[No Variations]"
Add component (AddParameter): Name = "Manufacturer"; Value = "Basic Passives"; VariantName = "[No Variations]"
Add component (AddParameter): Name = "Max Operating Temperature"; Value = "155 degC"; VariantName = "[No Variations]"
Add component (AddParameter): Name = "Min Operating Temperature"; Value = "-55 degC"; VariantName = "[No Variations]"
Add component (AddParameter): Name = "Mount"; Value = "Surface Mount"; VariantName = "[No Variations]"
Add component (AddParameter): Name = "Mounting Technology"; Value = "Surface Mount"; VariantName = "[No Variations]"
Add component (AddParameter): Name = "Package Quantity"; Value = "10000"; VariantName = "[No Variations]"
Add component (AddParameter): Name = "PackageDescription"; Value = "2-Pin Surface Mount Device, Body 1 x 0.5 mm"; VariantName = "[No Variations]"
Add component (AddParameter): Name = "PackageReference"; Value = "0402"; VariantName = "[No Variations]"
Add component (AddParameter): Name = "Packaging"; Value = "Tape and Reel"; VariantName = "[No Variations]"
Add component (AddParameter): Name = "PartNumber"; Value = "ERJ-2RKF1001X"; VariantName = "[No Variations]"
Add component (AddParameter): Name = "Pins"; Value = "2"; VariantName = "[No Variations]"
Add component (AddParameter): Name = "Power Rating"; Value = "100 mW"; VariantName = "[No Variations]"
Add component (AddParameter): Name = "Radiation Hardening"; Value = "No"; VariantName = "[No Variations]"
Add component (AddParameter): Name = "REACH SVHC"; Value = "Yes"; VariantName = "[No Variations]"
Add component (AddParameter): Name = "Resistance"; Value = "1 KOhm"; VariantName = "[No Variations]"
Add component (AddParameter): Name = "RoHSCompliant"; Value = "true"; VariantName = "[No Variations]"
Add component (AddParameter): Name = "Tolerance"; Value = "1%"; VariantName = "[No Variations]"
Add component (AddParameter): Name = "Voltage Rating"; Value = "50 V"; VariantName = "[No Variations]"
Add component (AddParameter): Name = "Width"; Value = "0.5 mm"; VariantName = "[No Variations]"
Added Component: Designator=R21_PowerModuleCell_M4(RESC1005X40X25NL05T05)
Add component (AddParameter): Name = "Case Code (Imperial)"; Value = "0402"; VariantName = "[No Variations]"
Add component (AddParameter): Name = "Case Code (Metric)"; Value = "1005"; VariantName = "[No Variations]"
Add component (AddParameter): Name = "Case\/Package"; Value = "0402"; VariantName = "[No Variations]"
Add component (AddParameter): Name = "ComponentLink1Description"; Value = "Manufacturer URL"; VariantName = "[No Variations]"
Add component (AddParameter): Name = "ComponentLink1URL"; Value = "http://www.panasonic.com/"; VariantName = "[No Variations]"
Add component (AddParameter): Name = "ComponentLink2Description"; Value = "Datasheet"; VariantName = "[No Variations]"
Add component (AddParameter): Name = "ComponentLink2URL"; Value = "http://industrial.panasonic.com/cdbs/www-data/pdf/RDA0000/AOA0000C86.pdf"; VariantName = "[No Variations]"
Add component (AddParameter): Name = "DatasheetVersion"; Value = "04/2015"; VariantName = "[No Variations]"
Add component (AddParameter): Name = "Height"; Value = "0.35 mm"; VariantName = "[No Variations]"
Add component (AddParameter): Name = "Length"; Value = "1 mm"; VariantName = "[No Variations]"
Add component (AddParameter): Name = "Manufacturer"; Value = "Basic Passives"; VariantName = "[No Variations]"
Add component (AddParameter): Name = "Max Operating Temperature"; Value = "155 degC"; VariantName = "[No Variations]"
Add component (AddParameter): Name = "Min Operating Temperature"; Value = "-55 degC"; VariantName = "[No Variations]"
Add component (AddParameter): Name = "Mount"; Value = "Surface Mount"; VariantName = "[No Variations]"
Add component (AddParameter): Name = "Mounting Technology"; Value = "Surface Mount"; VariantName = "[No Variations]"
Add component (AddParameter): Name = "Package Quantity"; Value = "10000"; VariantName = "[No Variations]"
Add component (AddParameter): Name = "PackageDescription"; Value = "2-Pin Surface Mount Device, Body 1 x 0.5 mm"; VariantName = "[No Variations]"
Add component (AddParameter): Name = "PackageReference"; Value = "0402"; VariantName = "[No Variations]"
Add component (AddParameter): Name = "Packaging"; Value = "Tape and Reel"; VariantName = "[No Variations]"
Add component (AddParameter): Name = "PartNumber"; Value = "ERJ-2RKF1001X"; VariantName = "[No Variations]"
Add component (AddParameter): Name = "Pins"; Value = "2"; VariantName = "[No Variations]"
Add component (AddParameter): Name = "Power Rating"; Value = "100 mW"; VariantName = "[No Variations]"
Add component (AddParameter): Name = "Radiation Hardening"; Value = "No"; VariantName = "[No Variations]"
Add component (AddParameter): Name = "REACH SVHC"; Value = "Yes"; VariantName = "[No Variations]"
Add component (AddParameter): Name = "Resistance"; Value = "1 KOhm"; VariantName = "[No Variations]"
Add component (AddParameter): Name = "RoHSCompliant"; Value = "true"; VariantName = "[No Variations]"
Add component (AddParameter): Name = "Tolerance"; Value = "1%"; VariantName = "[No Variations]"
Add component (AddParameter): Name = "Voltage Rating"; Value = "50 V"; VariantName = "[No Variations]"
Add component (AddParameter): Name = "Width"; Value = "0.5 mm"; VariantName = "[No Variations]"
Added Component: Designator=R22_PowerModuleCell_M2(RESC1005X40X25LL05T05)
Add component (AddParameter): Name = "Case Code (Imperial)"; Value = "0402"; VariantName = "[No Variations]"
Add component (AddParameter): Name = "Case Code (Metric)"; Value = "1005"; VariantName = "[No Variations]"
Add component (AddParameter): Name = "Case\/Package"; Value = "0402"; VariantName = "[No Variations]"
Add component (AddParameter): Name = "ComponentLink1Description"; Value = "Manufacturer URL"; VariantName = "[No Variations]"
Add component (AddParameter): Name = "ComponentLink1URL"; Value = "http://www.panasonic.com/"; VariantName = "[No Variations]"
Add component (AddParameter): Name = "ComponentLink2Description"; Value = "Datasheet"; VariantName = "[No Variations]"
Add component (AddParameter): Name = "ComponentLink2URL"; Value = "http://industrial.panasonic.com/cdbs/www-data/pdf/RDA0000/AOA0000C86.pdf"; VariantName = "[No Variations]"
Add component (AddParameter): Name = "DatasheetVersion"; Value = "04/2015"; VariantName = "[No Variations]"
Add component (AddParameter): Name = "Height"; Value = "0.35 mm"; VariantName = "[No Variations]"
Add component (AddParameter): Name = "Length"; Value = "1 mm"; VariantName = "[No Variations]"
Add component (AddParameter): Name = "Max Operating Temperature"; Value = "155 degC"; VariantName = "[No Variations]"
Add component (AddParameter): Name = "Min Operating Temperature"; Value = "-55 degC"; VariantName = "[No Variations]"
Add component (AddParameter): Name = "Mount"; Value = "Surface Mount"; VariantName = "[No Variations]"
Add component (AddParameter): Name = "Mounting Technology"; Value = "Surface Mount"; VariantName = "[No Variations]"
Add component (AddParameter): Name = "Package Quantity"; Value = "1"; VariantName = "[No Variations]"
Add component (AddParameter): Name = "PackageDescription"; Value = "2-Pin Surface Mount Device, Body 1 x 0.5 mm"; VariantName = "[No Variations]"
Add component (AddParameter): Name = "PackageReference"; Value = "0402"; VariantName = "[No Variations]"
Add component (AddParameter): Name = "Packaging"; Value = "Cut Tape"; VariantName = "[No Variations]"
Add component (AddParameter): Name = "PartNumber"; Value = "ERJ-2RKF4701X"; VariantName = "[No Variations]"
Add component (AddParameter): Name = "Pins"; Value = "2"; VariantName = "[No Variations]"
Add component (AddParameter): Name = "Power Rating"; Value = "100 mW"; VariantName = "[No Variations]"
Add component (AddParameter): Name = "Radiation Hardening"; Value = "No"; VariantName = "[No Variations]"
Add component (AddParameter): Name = "REACH SVHC"; Value = "Yes"; VariantName = "[No Variations]"
Add component (AddParameter): Name = "Resistance"; Value = "4.7 KOhm"; VariantName = "[No Variations]"
Add component (AddParameter): Name = "RoHSCompliant"; Value = "true"; VariantName = "[No Variations]"
Add component (AddParameter): Name = "Tolerance"; Value = "1%"; VariantName = "[No Variations]"
Add component (AddParameter): Name = "Voltage Rating"; Value = "50 V"; VariantName = "[No Variations]"
Add component (AddParameter): Name = "Width"; Value = "0.5 mm"; VariantName = "[No Variations]"
Added Component: Designator=R22_PowerModuleCell_M3(RESC1005X40X25LL05T05)
Add component (AddParameter): Name = "Case Code (Imperial)"; Value = "0402"; VariantName = "[No Variations]"
Add component (AddParameter): Name = "Case Code (Metric)"; Value = "1005"; VariantName = "[No Variations]"
Add component (AddParameter): Name = "Case\/Package"; Value = "0402"; VariantName = "[No Variations]"
Add component (AddParameter): Name = "ComponentLink1Description"; Value = "Manufacturer URL"; VariantName = "[No Variations]"
Add component (AddParameter): Name = "ComponentLink1URL"; Value = "http://www.panasonic.com/"; VariantName = "[No Variations]"
Add component (AddParameter): Name = "ComponentLink2Description"; Value = "Datasheet"; VariantName = "[No Variations]"
Add component (AddParameter): Name = "ComponentLink2URL"; Value = "http://industrial.panasonic.com/cdbs/www-data/pdf/RDA0000/AOA0000C86.pdf"; VariantName = "[No Variations]"
Add component (AddParameter): Name = "DatasheetVersion"; Value = "04/2015"; VariantName = "[No Variations]"
Add component (AddParameter): Name = "Height"; Value = "0.35 mm"; VariantName = "[No Variations]"
Add component (AddParameter): Name = "Length"; Value = "1 mm"; VariantName = "[No Variations]"
Add component (AddParameter): Name = "Max Operating Temperature"; Value = "155 degC"; VariantName = "[No Variations]"
Add component (AddParameter): Name = "Min Operating Temperature"; Value = "-55 degC"; VariantName = "[No Variations]"
Add component (AddParameter): Name = "Mount"; Value = "Surface Mount"; VariantName = "[No Variations]"
Add component (AddParameter): Name = "Mounting Technology"; Value = "Surface Mount"; VariantName = "[No Variations]"
Add component (AddParameter): Name = "Package Quantity"; Value = "1"; VariantName = "[No Variations]"
Add component (AddParameter): Name = "PackageDescription"; Value = "2-Pin Surface Mount Device, Body 1 x 0.5 mm"; VariantName = "[No Variations]"
Add component (AddParameter): Name = "PackageReference"; Value = "0402"; VariantName = "[No Variations]"
Add component (AddParameter): Name = "Packaging"; Value = "Cut Tape"; VariantName = "[No Variations]"
Add component (AddParameter): Name = "PartNumber"; Value = "ERJ-2RKF4701X"; VariantName = "[No Variations]"
Add component (AddParameter): Name = "Pins"; Value = "2"; VariantName = "[No Variations]"
Add component (AddParameter): Name = "Power Rating"; Value = "100 mW"; VariantName = "[No Variations]"
Add component (AddParameter): Name = "Radiation Hardening"; Value = "No"; VariantName = "[No Variations]"
Add component (AddParameter): Name = "REACH SVHC"; Value = "Yes"; VariantName = "[No Variations]"
Add component (AddParameter): Name = "Resistance"; Value = "4.7 KOhm"; VariantName = "[No Variations]"
Add component (AddParameter): Name = "RoHSCompliant"; Value = "true"; VariantName = "[No Variations]"
Add component (AddParameter): Name = "Tolerance"; Value = "1%"; VariantName = "[No Variations]"
Add component (AddParameter): Name = "Voltage Rating"; Value = "50 V"; VariantName = "[No Variations]"
Add component (AddParameter): Name = "Width"; Value = "0.5 mm"; VariantName = "[No Variations]"
Added Component: Designator=R22_PowerModuleCell_M4(RESC1005X40X25LL05T05)
Add component (AddParameter): Name = "Case Code (Imperial)"; Value = "0402"; VariantName = "[No Variations]"
Add component (AddParameter): Name = "Case Code (Metric)"; Value = "1005"; VariantName = "[No Variations]"
Add component (AddParameter): Name = "Case\/Package"; Value = "0402"; VariantName = "[No Variations]"
Add component (AddParameter): Name = "ComponentLink1Description"; Value = "Manufacturer URL"; VariantName = "[No Variations]"
Add component (AddParameter): Name = "ComponentLink1URL"; Value = "http://www.panasonic.com/"; VariantName = "[No Variations]"
Add component (AddParameter): Name = "ComponentLink2Description"; Value = "Datasheet"; VariantName = "[No Variations]"
Add component (AddParameter): Name = "ComponentLink2URL"; Value = "http://industrial.panasonic.com/cdbs/www-data/pdf/RDA0000/AOA0000C86.pdf"; VariantName = "[No Variations]"
Add component (AddParameter): Name = "DatasheetVersion"; Value = "04/2015"; VariantName = "[No Variations]"
Add component (AddParameter): Name = "Height"; Value = "0.35 mm"; VariantName = "[No Variations]"
Add component (AddParameter): Name = "Length"; Value = "1 mm"; VariantName = "[No Variations]"
Add component (AddParameter): Name = "Max Operating Temperature"; Value = "155 degC"; VariantName = "[No Variations]"
Add component (AddParameter): Name = "Min Operating Temperature"; Value = "-55 degC"; VariantName = "[No Variations]"
Add component (AddParameter): Name = "Mount"; Value = "Surface Mount"; VariantName = "[No Variations]"
Add component (AddParameter): Name = "Mounting Technology"; Value = "Surface Mount"; VariantName = "[No Variations]"
Add component (AddParameter): Name = "Package Quantity"; Value = "1"; VariantName = "[No Variations]"
Add component (AddParameter): Name = "PackageDescription"; Value = "2-Pin Surface Mount Device, Body 1 x 0.5 mm"; VariantName = "[No Variations]"
Add component (AddParameter): Name = "PackageReference"; Value = "0402"; VariantName = "[No Variations]"
Add component (AddParameter): Name = "Packaging"; Value = "Cut Tape"; VariantName = "[No Variations]"
Add component (AddParameter): Name = "PartNumber"; Value = "ERJ-2RKF4701X"; VariantName = "[No Variations]"
Add component (AddParameter): Name = "Pins"; Value = "2"; VariantName = "[No Variations]"
Add component (AddParameter): Name = "Power Rating"; Value = "100 mW"; VariantName = "[No Variations]"
Add component (AddParameter): Name = "Radiation Hardening"; Value = "No"; VariantName = "[No Variations]"
Add component (AddParameter): Name = "REACH SVHC"; Value = "Yes"; VariantName = "[No Variations]"
Add component (AddParameter): Name = "Resistance"; Value = "4.7 KOhm"; VariantName = "[No Variations]"
Add component (AddParameter): Name = "RoHSCompliant"; Value = "true"; VariantName = "[No Variations]"
Add component (AddParameter): Name = "Tolerance"; Value = "1%"; VariantName = "[No Variations]"
Add component (AddParameter): Name = "Voltage Rating"; Value = "50 V"; VariantName = "[No Variations]"
Add component (AddParameter): Name = "Width"; Value = "0.5 mm"; VariantName = "[No Variations]"
Added Component: Designator=SW1(FP-PTS645SM43SMTR92LFS-MFG)
Add component (AddParameter): Name = "Actuator Length"; Value = "0.85mm"; VariantName = "[No Variations]"
Add component (AddParameter): Name = "Actuator Material"; Value = "Nylon"; VariantName = "[No Variations]"
Add component (AddParameter): Name = "Actuator Type"; Value = "Standard"; VariantName = "[No Variations]"
Add component (AddParameter): Name = "Case/Package"; Value = "SMD/SMT"; VariantName = "[No Variations]"
Add component (AddParameter): Name = "Color"; Value = "Black"; VariantName = "[No Variations]"
Add component (AddParameter): Name = "Contact Material"; Value = "Silver"; VariantName = "[No Variations]"
Add component (AddParameter): Name = "Contact Plating"; Value = "Silver"; VariantName = "[No Variations]"
Add component (AddParameter): Name = "Contact Resistance"; Value = "100mR"; VariantName = "[No Variations]"
Add component (AddParameter): Name = "Current Rating"; Value = "50mA"; VariantName = "[No Variations]"
Add component (AddParameter): Name = "Depth"; Value = "9mm"; VariantName = "[No Variations]"
Add component (AddParameter): Name = "Illumination Type"; Value = "Non-Illuminated"; VariantName = "[No Variations]"
Add component (AddParameter): Name = "Lead Free"; Value = "Lead Free"; VariantName = "[No Variations]"
Add component (AddParameter): Name = "Length"; Value = "6mm"; VariantName = "[No Variations]"
Add component (AddParameter): Name = "Max Current Rating"; Value = "50mA"; VariantName = "[No Variations]"
Add component (AddParameter): Name = "Max Operating Temperature"; Value = "60°C"; VariantName = "[No Variations]"
Add component (AddParameter): Name = "Max Voltage Rating (DC)"; Value = "12V"; VariantName = "[No Variations]"
Add component (AddParameter): Name = "Mechanical Life"; Value = "100000Cycles"; VariantName = "[No Variations]"
Add component (AddParameter): Name = "Min Operating Temperature"; Value = "-20°C"; VariantName = "[No Variations]"
Add component (AddParameter): Name = "Mount"; Value = "Surface Mount"; VariantName = "[No Variations]"
Add component (AddParameter): Name = "Operating Force"; Value = "160gf"; VariantName = "[No Variations]"
Add component (AddParameter): Name = "Orientation"; Value = "Straight"; VariantName = "[No Variations]"
Add component (AddParameter): Name = "Package Quantity"; Value = "1"; VariantName = "[No Variations]"
Add component (AddParameter): Name = "Packaging"; Value = "Tape and Reel"; VariantName = "[No Variations]"
Add component (AddParameter): Name = "REACH SVHC"; Value = "No SVHC"; VariantName = "[No Variations]"
Add component (AddParameter): Name = "Switch Function"; Value = "Off-Mom"; VariantName = "[No Variations]"
Add component (AddParameter): Name = "Termination"; Value = "Gull Wing"; VariantName = "[No Variations]"
Add component (AddParameter): Name = "Throw Configuration"; Value = "SPST"; VariantName = "[No Variations]"
Add component (AddParameter): Name = "Voltage Rating (DC)"; Value = "12V"; VariantName = "[No Variations]"
Added Component: Designator=U1_PowerModuleCell_M2(ONSC-SOIC-14-751A-03_V)
Add component (AddParameter): Name = "ComponentLink1Description"; Value = "Manufacturer URL"; VariantName = "[No Variations]"
Add component (AddParameter): Name = "ComponentLink1URL"; Value = "http://www.onsemi.com/"; VariantName = "[No Variations]"
Add component (AddParameter): Name = "ComponentLink2Description"; Value = "Datasheet"; VariantName = "[No Variations]"
Add component (AddParameter): Name = "ComponentLink2URL"; Value = "http://www.onsemi.cn/pub_link/Collateral/LM324-D.PDF"; VariantName = "[No Variations]"
Add component (AddParameter): Name = "ComponentLink3Description"; Value = "Package Specification"; VariantName = "[No Variations]"
Add component (AddParameter): Name = "ComponentLink3URL"; Value = "http://www.onsemi.com/pub_link/Collateral/751A-03.PDF"; VariantName = "[No Variations]"
Add component (AddParameter): Name = "DatasheetVersion"; Value = "Rev. 25"; VariantName = "[No Variations]"
Add component (AddParameter): Name = "Manufacturer"; Value = "On Semiconductor"; VariantName = "[No Variations]"
Add component (AddParameter): Name = "Mounting Technology"; Value = "Surface Mount"; VariantName = "[No Variations]"
Add component (AddParameter): Name = "PackageDescription"; Value = "14-Pin Small Outline Integrated Circuit, Body 8.65 x 3.9 mm, Pitch 1.27 mm"; VariantName = "[No Variations]"
Add component (AddParameter): Name = "PackageReference"; Value = "SOIC-14-751A-03"; VariantName = "[No Variations]"
Add component (AddParameter): Name = "PackageVersion"; Value = "Rev. K, 05/2011"; VariantName = "[No Variations]"
Add component (AddParameter): Name = "Packing"; Value = "Tape and Reel"; VariantName = "[No Variations]"
Add component (AddParameter): Name = "PartNumber"; Value = "LM324DR2G"; VariantName = "[No Variations]"
Add component (AddParameter): Name = "RoHS"; Value = "TRUE"; VariantName = "[No Variations]"
Add component (AddParameter): Name = "VCC Max (V)"; Value = "32"; VariantName = "[No Variations]"
Add component (AddParameter): Name = "VCC Min (V)"; Value = "3"; VariantName = "[No Variations]"
Added Component: Designator=U1_PowerModuleCell_M3(ONSC-SOIC-14-751A-03_V)
Add component (AddParameter): Name = "ComponentLink1Description"; Value = "Manufacturer URL"; VariantName = "[No Variations]"
Add component (AddParameter): Name = "ComponentLink1URL"; Value = "http://www.onsemi.com/"; VariantName = "[No Variations]"
Add component (AddParameter): Name = "ComponentLink2Description"; Value = "Datasheet"; VariantName = "[No Variations]"
Add component (AddParameter): Name = "ComponentLink2URL"; Value = "http://www.onsemi.cn/pub_link/Collateral/LM324-D.PDF"; VariantName = "[No Variations]"
Add component (AddParameter): Name = "ComponentLink3Description"; Value = "Package Specification"; VariantName = "[No Variations]"
Add component (AddParameter): Name = "ComponentLink3URL"; Value = "http://www.onsemi.com/pub_link/Collateral/751A-03.PDF"; VariantName = "[No Variations]"
Add component (AddParameter): Name = "DatasheetVersion"; Value = "Rev. 25"; VariantName = "[No Variations]"
Add component (AddParameter): Name = "Manufacturer"; Value = "On Semiconductor"; VariantName = "[No Variations]"
Add component (AddParameter): Name = "Mounting Technology"; Value = "Surface Mount"; VariantName = "[No Variations]"
Add component (AddParameter): Name = "PackageDescription"; Value = "14-Pin Small Outline Integrated Circuit, Body 8.65 x 3.9 mm, Pitch 1.27 mm"; VariantName = "[No Variations]"
Add component (AddParameter): Name = "PackageReference"; Value = "SOIC-14-751A-03"; VariantName = "[No Variations]"
Add component (AddParameter): Name = "PackageVersion"; Value = "Rev. K, 05/2011"; VariantName = "[No Variations]"
Add component (AddParameter): Name = "Packing"; Value = "Tape and Reel"; VariantName = "[No Variations]"
Add component (AddParameter): Name = "PartNumber"; Value = "LM324DR2G"; VariantName = "[No Variations]"
Add component (AddParameter): Name = "RoHS"; Value = "TRUE"; VariantName = "[No Variations]"
Add component (AddParameter): Name = "VCC Max (V)"; Value = "32"; VariantName = "[No Variations]"
Add component (AddParameter): Name = "VCC Min (V)"; Value = "3"; VariantName = "[No Variations]"
Added Component: Designator=U1_PowerModuleCell_M4(ONSC-SOIC-14-751A-03_V)
Add component (AddParameter): Name = "ComponentLink1Description"; Value = "Manufacturer URL"; VariantName = "[No Variations]"
Add component (AddParameter): Name = "ComponentLink1URL"; Value = "http://www.onsemi.com/"; VariantName = "[No Variations]"
Add component (AddParameter): Name = "ComponentLink2Description"; Value = "Datasheet"; VariantName = "[No Variations]"
Add component (AddParameter): Name = "ComponentLink2URL"; Value = "http://www.onsemi.cn/pub_link/Collateral/LM324-D.PDF"; VariantName = "[No Variations]"
Add component (AddParameter): Name = "ComponentLink3Description"; Value = "Package Specification"; VariantName = "[No Variations]"
Add component (AddParameter): Name = "ComponentLink3URL"; Value = "http://www.onsemi.com/pub_link/Collateral/751A-03.PDF"; VariantName = "[No Variations]"
Add component (AddParameter): Name = "DatasheetVersion"; Value = "Rev. 25"; VariantName = "[No Variations]"
Add component (AddParameter): Name = "Manufacturer"; Value = "On Semiconductor"; VariantName = "[No Variations]"
Add component (AddParameter): Name = "Mounting Technology"; Value = "Surface Mount"; VariantName = "[No Variations]"
Add component (AddParameter): Name = "PackageDescription"; Value = "14-Pin Small Outline Integrated Circuit, Body 8.65 x 3.9 mm, Pitch 1.27 mm"; VariantName = "[No Variations]"
Add component (AddParameter): Name = "PackageReference"; Value = "SOIC-14-751A-03"; VariantName = "[No Variations]"
Add component (AddParameter): Name = "PackageVersion"; Value = "Rev. K, 05/2011"; VariantName = "[No Variations]"
Add component (AddParameter): Name = "Packing"; Value = "Tape and Reel"; VariantName = "[No Variations]"
Add component (AddParameter): Name = "PartNumber"; Value = "LM324DR2G"; VariantName = "[No Variations]"
Add component (AddParameter): Name = "RoHS"; Value = "TRUE"; VariantName = "[No Variations]"
Add component (AddParameter): Name = "VCC Max (V)"; Value = "32"; VariantName = "[No Variations]"
Add component (AddParameter): Name = "VCC Min (V)"; Value = "3"; VariantName = "[No Variations]"
Added Component: Designator=U2(SOT-223-DB3_M)
Add component (AddParameter): Name = "DatasheetVersion"; Value = "revB, 2002"; VariantName = "[No Variations]"
Add component (AddParameter): Name = "PackageDescription"; Value = "3-Lead Plastic Small Outline Transistor (DB) [SOT-223]"; VariantName = "[No Variations]"
Add component (AddParameter): Name = "PackageReference"; Value = "SOT-223-DB3"; VariantName = "[No Variations]"
Add component (AddParameter): Name = "PackageVersion"; Value = "revBB, Aug-2009"; VariantName = "[No Variations]"
Added Component: Designator=U3_PowerModuleCell_M2(FP-YBG0006-MFG)
Added Component: Designator=U3_PowerModuleCell_M3(FP-YBG0006-MFG)
Added Component: Designator=U3_PowerModuleCell_M4(FP-YBG0006-MFG)
Added Component: Designator=U4(FP-DBV0005A-IPC_C)
Add component (AddParameter): Name = "Case/Package"; Value = "SOT-23"; VariantName = "[No Variations]"
Add component (AddParameter): Name = "Dropout Voltage"; Value = "175mV"; VariantName = "[No Variations]"
Add component (AddParameter): Name = "Height"; Value = "1.02mm"; VariantName = "[No Variations]"
Add component (AddParameter): Name = "Lead Free"; Value = "Lead Free"; VariantName = "[No Variations]"
Add component (AddParameter): Name = "Length"; Value = "2.92mm"; VariantName = "[No Variations]"
Add component (AddParameter): Name = "Max Input Voltage"; Value = "6V"; VariantName = "[No Variations]"
Add component (AddParameter): Name = "Max Operating Temperature"; Value = "125°C"; VariantName = "[No Variations]"
Add component (AddParameter): Name = "Max Output Current"; Value = "20mA"; VariantName = "[No Variations]"
Add component (AddParameter): Name = "Max Output Voltage"; Value = "2.5V"; VariantName = "[No Variations]"
Add component (AddParameter): Name = "Max Supply Voltage"; Value = "2.2V"; VariantName = "[No Variations]"
Add component (AddParameter): Name = "Min Input Voltage"; Value = "2.2V"; VariantName = "[No Variations]"
Add component (AddParameter): Name = "Min Operating Temperature"; Value = "-40°C"; VariantName = "[No Variations]"
Add component (AddParameter): Name = "Min Output Voltage"; Value = "2.5V"; VariantName = "[No Variations]"
Add component (AddParameter): Name = "Mount"; Value = "Surface Mount"; VariantName = "[No Variations]"
Add component (AddParameter): Name = "Nominal Supply Current"; Value = "60uA"; VariantName = "[No Variations]"
Add component (AddParameter): Name = "Number of Channels"; Value = "1"; VariantName = "[No Variations]"
Add component (AddParameter): Name = "Number of Pins"; Value = "5"; VariantName = "[No Variations]"
Add component (AddParameter): Name = "Operating Supply Current"; Value = "100uA"; VariantName = "[No Variations]"
Add component (AddParameter): Name = "Output Current"; Value = "20mA"; VariantName = "[No Variations]"
Add component (AddParameter): Name = "Output Type"; Value = "Fixed"; VariantName = "[No Variations]"
Add component (AddParameter): Name = "Output Voltage"; Value = "2.5V"; VariantName = "[No Variations]"
Add component (AddParameter): Name = "Package Quantity"; Value = "1000"; VariantName = "[No Variations]"
Add component (AddParameter): Name = "Packaging"; Value = "Tape and Reel"; VariantName = "[No Variations]"
Add component (AddParameter): Name = "Quiescent Current"; Value = "100uA"; VariantName = "[No Variations]"
Add component (AddParameter): Name = "Radiation Hardening"; Value = "No"; VariantName = "[No Variations]"
Add component (AddParameter): Name = "REACH SVHC"; Value = "No SVHC"; VariantName = "[No Variations]"
Add component (AddParameter): Name = "Reference Type"; Value = "Series"; VariantName = "[No Variations]"
Add component (AddParameter): Name = "Reference Voltage"; Value = "2.5V"; VariantName = "[No Variations]"
Add component (AddParameter): Name = "Series"; Value = "-"; VariantName = "[No Variations]"
Add component (AddParameter): Name = "Supply Current"; Value = "60uA"; VariantName = "[No Variations]"
Add component (AddParameter): Name = "Temperature Coefficient"; Value = "20ppm/°C"; VariantName = "[No Variations]"
Add component (AddParameter): Name = "Termination"; Value = "SMD/SMT"; VariantName = "[No Variations]"
Add component (AddParameter): Name = "Tolerance"; Value = "0.05%"; VariantName = "[No Variations]"
Add component (AddParameter): Name = "Width"; Value = "1.6mm"; VariantName = "[No Variations]"
Added Component: Designator=Y1(FP-SiT1552-J-MFG)
Add component (AddParameter): Name = "Frequency"; Value = "32.768kHz"; VariantName = "[No Variations]"
Add component (AddParameter): Name = "Frequency Stability"; Value = "5ppm"; VariantName = "[No Variations]"
Add component (AddParameter): Name = "Height"; Value = "0.024inch"; VariantName = "[No Variations]"
Add component (AddParameter): Name = "Length"; Value = "0.061inch"; VariantName = "[No Variations]"
Add component (AddParameter): Name = "Max Operating Temperature"; Value = "70°C"; VariantName = "[No Variations]"
Add component (AddParameter): Name = "Min Operating Temperature"; Value = "0°C"; VariantName = "[No Variations]"
Add component (AddParameter): Name = "Mount"; Value = "Surface Mount"; VariantName = "[No Variations]"
Add component (AddParameter): Name = "Packaging"; Value = "Cut Tape"; VariantName = "[No Variations]"
Add component (AddParameter): Name = "RoHS Compliant"; Value = "Yes"; VariantName = "[No Variations]"
Add component (AddParameter): Name = "Series"; Value = "SiT1552"; VariantName = "[No Variations]"
Add component (AddParameter): Name = "Width"; Value = "0.033inch"; VariantName = "[No Variations]"
Added Component: Designator=Y2(FP-TXO-2016-MFG)
Add component (AddParameter): Name = "Automotive"; Value = "No"; VariantName = "[No Variations]"
Add component (AddParameter): Name = "Category"; Value = "Crys"; VariantName = "[No Variations]"
Add component (AddParameter): Name = "ComponentLink2Description"; Value = "Datasheet"; VariantName = "[No Variations]"
Add component (AddParameter): Name = "ComponentLink2URL"; Value = "https://ecsxtal.com/store/pdf/ECS-TXO-2016.pdf"; VariantName = "[No Variations]"
Add component (AddParameter): Name = "Device Class L1"; Value = "Passive Components"; VariantName = "[No Variations]"
Add component (AddParameter): Name = "Device Class L2"; Value = "Crystals / Oscillators"; VariantName = "[No Variations]"
Add component (AddParameter): Name = "Device Class L3"; Value = "Oscillators"; VariantName = "[No Variations]"
Add component (AddParameter): Name = "Digikey Description"; Value = "XTAL OSC TCXO 16MHZ 3.3V SMD"; VariantName = "[No Variations]"
Add component (AddParameter): Name = "Frequency"; Value = "16MHz"; VariantName = "[No Variations]"
Add component (AddParameter): Name = "Height"; Value = "0.8mm"; VariantName = "[No Variations]"
Add component (AddParameter): Name = "Lead Free"; Value = "Yes"; VariantName = "[No Variations]"
Add component (AddParameter): Name = "Load Capacitance"; Value = "15pF"; VariantName = "[No Variations]"
Add component (AddParameter): Name = "Manufacturer"; Value = "ECS"; VariantName = "[No Variations]"
Add component (AddParameter): Name = "Manufacturer Part Number"; Value = "ECS-TXO-2016-33-160-TR"; VariantName = "[No Variations]"
Add component (AddParameter): Name = "Max Supply Current"; Value = "7mA"; VariantName = "[No Variations]"
Add component (AddParameter): Name = "Max Supply Voltage"; Value = "3.63V"; VariantName = "[No Variations]"
Add component (AddParameter): Name = "Min Supply Voltage"; Value = "2.97V"; VariantName = "[No Variations]"
Add component (AddParameter): Name = "Octopart"; Value = "https://octopart.com/ecs-txo-2016-33-160-tr-ecs+international-102811109"; VariantName = "[No Variations]"
Add component (AddParameter): Name = "Package"; Value = "TXO-2016"; VariantName = "[No Variations]"
Add component (AddParameter): Name = "RoHS"; Value = "TRUE"; VariantName = "[No Variations]"
Add component (AddParameter): Name = "Series"; Value = "TXO-2016"; VariantName = "[No Variations]"
Add component (AddParameter): Name = "Stability"; Value = "2ppm"; VariantName = "[No Variations]"
Add component (AddParameter): Name = "Temperature"; Value = "-40°C to +85°C"; VariantName = "[No Variations]"
Add component (AddParameter): Name = "Temperature Range High"; Value = "+85°C"; VariantName = "[No Variations]"
Add component (AddParameter): Name = "Temperature Range Low"; Value = "-40°C"; VariantName = "[No Variations]"
Added Pin To Net: NetName=Shunt_L_PowerModuleCell_M1 Pin=C1-1
Added Pin To Net: NetName=Vbus Pin=C1-2
Added Pin To Net: NetName=Shunt_L_PowerModuleCell_M1 Pin=C2-1
Added Pin To Net: NetName=Vbus Pin=C2-2
Added Pin To Net: NetName=Shunt_L_PowerModuleCell_M1 Pin=C3-1
Added Pin To Net: NetName=Vcc Pin=C3-2
Added Pin To Net: NetName=Shunt_L_PowerModuleCell_M1 Pin=C4-1
Added Pin To Net: NetName=Vcc Pin=C4-2
Added Pin To Net: NetName=Shunt_L_PowerModuleCell_M1 Pin=C5-1
Added Pin To Net: NetName=NRST Pin=C5-2
Added Pin To Net: NetName=Vcc Pin=C6-1
Added Pin To Net: NetName=Shunt_L_PowerModuleCell_M1 Pin=C6-2
Added Pin To Net: NetName=Vcc_F Pin=C7-1
Added Pin To Net: NetName=Shunt_L_PowerModuleCell_M1 Pin=C7-2
Added Pin To Net: NetName=Vcc Pin=C8_PowerModuleCell_M2-1
Added Pin To Net: NetName=Shunt_L_PowerModuleCell_M1 Pin=C8_PowerModuleCell_M2-2
Added Pin To Net: NetName=Vcc Pin=C8_PowerModuleCell_M3-1
Added Pin To Net: NetName=Shunt_L_PowerModuleCell_M1 Pin=C8_PowerModuleCell_M3-2
Added Pin To Net: NetName=Vcc Pin=C8_PowerModuleCell_M4-1
Added Pin To Net: NetName=Shunt_L_PowerModuleCell_M1 Pin=C8_PowerModuleCell_M4-2
Added Pin To Net: NetName=Vcc_F Pin=C9_PowerModuleCell_M2-1
Added Pin To Net: NetName=Shunt_L_PowerModuleCell_M1 Pin=C9_PowerModuleCell_M2-2
Added Pin To Net: NetName=Vcc_F Pin=C9_PowerModuleCell_M3-1
Added Pin To Net: NetName=Shunt_L_PowerModuleCell_M1 Pin=C9_PowerModuleCell_M3-2
Added Pin To Net: NetName=Vcc_F Pin=C9_PowerModuleCell_M4-1
Added Pin To Net: NetName=Shunt_L_PowerModuleCell_M1 Pin=C9_PowerModuleCell_M4-2
Added Pin To Net: NetName=Vcc_F Pin=L1-1
Added Pin To Net: NetName=Vcc Pin=L1-2
Added Pin To Net: NetName=Vcc_F Pin=L2_PowerModuleCell_M2-1
Added Pin To Net: NetName=Vcc Pin=L2_PowerModuleCell_M2-2
Added Pin To Net: NetName=Vcc_F Pin=L2_PowerModuleCell_M3-1
Added Pin To Net: NetName=Vcc Pin=L2_PowerModuleCell_M3-2
Added Pin To Net: NetName=Vcc_F Pin=L2_PowerModuleCell_M4-1
Added Pin To Net: NetName=Vcc Pin=L2_PowerModuleCell_M4-2
Added Pin To Net: NetName=Load Pin=Load+1_PowerModuleCell_M2-1
Added Pin To Net: NetName=Load Pin=Load+1_PowerModuleCell_M3-1
Added Pin To Net: NetName=Load Pin=Load+1_PowerModuleCell_M4-1
Added Pin To Net: NetName=Shunt_L_PowerModuleCell_M1 Pin=Load-1_PowerModuleCell_M2-1
Added Pin To Net: NetName=Shunt_L_PowerModuleCell_M1 Pin=Load-1_PowerModuleCell_M3-1
Added Pin To Net: NetName=Shunt_L_PowerModuleCell_M1 Pin=Load-1_PowerModuleCell_M4-1
Added Pin To Net: NetName=Load Pin=Q1_PowerModuleCell_M2-1
Added Pin To Net: NetName=Load Pin=Q1_PowerModuleCell_M2-2
Added Pin To Net: NetName=Load Pin=Q1_PowerModuleCell_M2-3
Added Pin To Net: NetName=Shunt_H_PowerModuleCell_M2 Pin=Q1_PowerModuleCell_M2-4
Added Pin To Net: NetName=Shunt_H_PowerModuleCell_M2 Pin=Q1_PowerModuleCell_M2-5
Added Pin To Net: NetName=Shunt_H_PowerModuleCell_M2 Pin=Q1_PowerModuleCell_M2-6
Added Pin To Net: NetName=Shunt_H_PowerModuleCell_M2 Pin=Q1_PowerModuleCell_M2-7
Added Pin To Net: NetName=Shunt_H_PowerModuleCell_M2 Pin=Q1_PowerModuleCell_M2-8
Added Pin To Net: NetName=Shunt_H_PowerModuleCell_M2 Pin=Q1_PowerModuleCell_M2-9
Added Pin To Net: NetName=Shunt_H_PowerModuleCell_M2 Pin=Q1_PowerModuleCell_M2-10
Added Pin To Net: NetName=Shunt_H_PowerModuleCell_M2 Pin=Q1_PowerModuleCell_M2-11
Added Pin To Net: NetName=NetQ1_PowerModuleCell_M2_12 Pin=Q1_PowerModuleCell_M2-12
Added Pin To Net: NetName=Load Pin=Q1_PowerModuleCell_M2-13
Added Pin To Net: NetName=Load Pin=Q1_PowerModuleCell_M2-14
Added Pin To Net: NetName=Load Pin=Q1_PowerModuleCell_M2-15
Added Pin To Net: NetName=Load Pin=Q1_PowerModuleCell_M3-1
Added Pin To Net: NetName=Load Pin=Q1_PowerModuleCell_M3-2
Added Pin To Net: NetName=Load Pin=Q1_PowerModuleCell_M3-3
Added Pin To Net: NetName=Shunt_H_PowerModuleCell_M3 Pin=Q1_PowerModuleCell_M3-4
Added Pin To Net: NetName=Shunt_H_PowerModuleCell_M3 Pin=Q1_PowerModuleCell_M3-5
Added Pin To Net: NetName=Shunt_H_PowerModuleCell_M3 Pin=Q1_PowerModuleCell_M3-6
Added Pin To Net: NetName=Shunt_H_PowerModuleCell_M3 Pin=Q1_PowerModuleCell_M3-7
Added Pin To Net: NetName=Shunt_H_PowerModuleCell_M3 Pin=Q1_PowerModuleCell_M3-8
Added Pin To Net: NetName=Shunt_H_PowerModuleCell_M3 Pin=Q1_PowerModuleCell_M3-9
Added Pin To Net: NetName=Shunt_H_PowerModuleCell_M3 Pin=Q1_PowerModuleCell_M3-10
Added Pin To Net: NetName=Shunt_H_PowerModuleCell_M3 Pin=Q1_PowerModuleCell_M3-11
Added Pin To Net: NetName=NetQ1_PowerModuleCell_M3_12 Pin=Q1_PowerModuleCell_M3-12
Added Pin To Net: NetName=Load Pin=Q1_PowerModuleCell_M3-13
Added Pin To Net: NetName=Load Pin=Q1_PowerModuleCell_M3-14
Added Pin To Net: NetName=Load Pin=Q1_PowerModuleCell_M3-15
Added Pin To Net: NetName=Load Pin=Q1_PowerModuleCell_M4-1
Added Pin To Net: NetName=Load Pin=Q1_PowerModuleCell_M4-2
Added Pin To Net: NetName=Load Pin=Q1_PowerModuleCell_M4-3
Added Pin To Net: NetName=Shunt_H_PowerModuleCell_M4 Pin=Q1_PowerModuleCell_M4-4
Added Pin To Net: NetName=Shunt_H_PowerModuleCell_M4 Pin=Q1_PowerModuleCell_M4-5
Added Pin To Net: NetName=Shunt_H_PowerModuleCell_M4 Pin=Q1_PowerModuleCell_M4-6
Added Pin To Net: NetName=Shunt_H_PowerModuleCell_M4 Pin=Q1_PowerModuleCell_M4-7
Added Pin To Net: NetName=Shunt_H_PowerModuleCell_M4 Pin=Q1_PowerModuleCell_M4-8
Added Pin To Net: NetName=Shunt_H_PowerModuleCell_M4 Pin=Q1_PowerModuleCell_M4-9
Added Pin To Net: NetName=Shunt_H_PowerModuleCell_M4 Pin=Q1_PowerModuleCell_M4-10
Added Pin To Net: NetName=Shunt_H_PowerModuleCell_M4 Pin=Q1_PowerModuleCell_M4-11
Added Pin To Net: NetName=NetQ1_PowerModuleCell_M4_12 Pin=Q1_PowerModuleCell_M4-12
Added Pin To Net: NetName=Load Pin=Q1_PowerModuleCell_M4-13
Added Pin To Net: NetName=Load Pin=Q1_PowerModuleCell_M4-14
Added Pin To Net: NetName=Load Pin=Q1_PowerModuleCell_M4-15
Added Pin To Net: NetName=Vcc Pin=R9-1
Added Pin To Net: NetName=NetR9_2 Pin=R9-2
Added Pin To Net: NetName=ProcessedParam_M2 Pin=R10_PowerModuleCell_M2-1
Added Pin To Net: NetName=NetR10_PowerModuleCell_M2_2 Pin=R10_PowerModuleCell_M2-2
Added Pin To Net: NetName=ProcessedParam_M3 Pin=R10_PowerModuleCell_M3-1
Added Pin To Net: NetName=NetR10_PowerModuleCell_M3_2 Pin=R10_PowerModuleCell_M3-2
Added Pin To Net: NetName=ProcessedParam_M4 Pin=R10_PowerModuleCell_M4-1
Added Pin To Net: NetName=NetR10_PowerModuleCell_M4_2 Pin=R10_PowerModuleCell_M4-2
Added Pin To Net: NetName=NetR11_PowerModuleCell_M2_1 Pin=R11_PowerModuleCell_M2-1
Added Pin To Net: NetName=NetQ1_PowerModuleCell_M2_12 Pin=R11_PowerModuleCell_M2-2
Added Pin To Net: NetName=NetR11_PowerModuleCell_M3_1 Pin=R11_PowerModuleCell_M3-1
Added Pin To Net: NetName=NetQ1_PowerModuleCell_M3_12 Pin=R11_PowerModuleCell_M3-2
Added Pin To Net: NetName=NetR11_PowerModuleCell_M4_1 Pin=R11_PowerModuleCell_M4-1
Added Pin To Net: NetName=NetQ1_PowerModuleCell_M4_12 Pin=R11_PowerModuleCell_M4-2
Added Pin To Net: NetName=RefParam_M2 Pin=R12_PowerModuleCell_M2-1
Added Pin To Net: NetName=NetR12_PowerModuleCell_M2_2 Pin=R12_PowerModuleCell_M2-2
Added Pin To Net: NetName=RefParam_M3 Pin=R12_PowerModuleCell_M3-1
Added Pin To Net: NetName=NetR12_PowerModuleCell_M3_2 Pin=R12_PowerModuleCell_M3-2
Added Pin To Net: NetName=RefParam_M4 Pin=R12_PowerModuleCell_M4-1
Added Pin To Net: NetName=NetR12_PowerModuleCell_M4_2 Pin=R12_PowerModuleCell_M4-2
Added Pin To Net: NetName=NetR14_PowerModuleCell_M2_1 Pin=R14_PowerModuleCell_M2-1
Added Pin To Net: NetName=NetR14_PowerModuleCell_M2_2 Pin=R14_PowerModuleCell_M2-2
Added Pin To Net: NetName=NetR14_PowerModuleCell_M3_1 Pin=R14_PowerModuleCell_M3-1
Added Pin To Net: NetName=NetR14_PowerModuleCell_M3_2 Pin=R14_PowerModuleCell_M3-2
Added Pin To Net: NetName=NetR14_PowerModuleCell_M4_1 Pin=R14_PowerModuleCell_M4-1
Added Pin To Net: NetName=NetR14_PowerModuleCell_M4_2 Pin=R14_PowerModuleCell_M4-2
Added Pin To Net: NetName=NetR14_PowerModuleCell_M2_1 Pin=R15_PowerModuleCell_M2-1
Added Pin To Net: NetName=NetR15_PowerModuleCell_M2_2 Pin=R15_PowerModuleCell_M2-2
Added Pin To Net: NetName=NetR14_PowerModuleCell_M3_1 Pin=R15_PowerModuleCell_M3-1
Added Pin To Net: NetName=NetR15_PowerModuleCell_M3_2 Pin=R15_PowerModuleCell_M3-2
Added Pin To Net: NetName=NetR14_PowerModuleCell_M4_1 Pin=R15_PowerModuleCell_M4-1
Added Pin To Net: NetName=NetR15_PowerModuleCell_M4_2 Pin=R15_PowerModuleCell_M4-2
Added Pin To Net: NetName=NetR16_PowerModuleCell_M2_1 Pin=R16_PowerModuleCell_M2-1
Added Pin To Net: NetName=NetR14_PowerModuleCell_M2_2 Pin=R16_PowerModuleCell_M2-2
Added Pin To Net: NetName=NetR16_PowerModuleCell_M3_1 Pin=R16_PowerModuleCell_M3-1
Added Pin To Net: NetName=NetR14_PowerModuleCell_M3_2 Pin=R16_PowerModuleCell_M3-2
Added Pin To Net: NetName=NetR16_PowerModuleCell_M4_1 Pin=R16_PowerModuleCell_M4-1
Added Pin To Net: NetName=NetR14_PowerModuleCell_M4_2 Pin=R16_PowerModuleCell_M4-2
Added Pin To Net: NetName=NetR17_PowerModuleCell_M2_1 Pin=R17_PowerModuleCell_M2-1
Added Pin To Net: NetName=NetR16_PowerModuleCell_M2_1 Pin=R17_PowerModuleCell_M2-2
Added Pin To Net: NetName=NetR17_PowerModuleCell_M3_1 Pin=R17_PowerModuleCell_M3-1
Added Pin To Net: NetName=NetR16_PowerModuleCell_M3_1 Pin=R17_PowerModuleCell_M3-2
Added Pin To Net: NetName=NetR17_PowerModuleCell_M4_1 Pin=R17_PowerModuleCell_M4-1
Added Pin To Net: NetName=NetR16_PowerModuleCell_M4_1 Pin=R17_PowerModuleCell_M4-2
Added Pin To Net: NetName=NetR15_PowerModuleCell_M2_2 Pin=R18_PowerModuleCell_M2-1
Added Pin To Net: NetName=CurrentSignal_M2 Pin=R18_PowerModuleCell_M2-2
Added Pin To Net: NetName=NetR15_PowerModuleCell_M3_2 Pin=R18_PowerModuleCell_M3-1
Added Pin To Net: NetName=CurrentSignal_M3 Pin=R18_PowerModuleCell_M3-2
Added Pin To Net: NetName=NetR15_PowerModuleCell_M4_2 Pin=R18_PowerModuleCell_M4-1
Added Pin To Net: NetName=CurrentSignal_M4 Pin=R18_PowerModuleCell_M4-2
Added Pin To Net: NetName=NetR19_PowerModuleCell_M2_1 Pin=R19_PowerModuleCell_M2-1
Added Pin To Net: NetName=NetR17_PowerModuleCell_M2_1 Pin=R19_PowerModuleCell_M2-2
Added Pin To Net: NetName=NetR19_PowerModuleCell_M3_1 Pin=R19_PowerModuleCell_M3-1
Added Pin To Net: NetName=NetR17_PowerModuleCell_M3_1 Pin=R19_PowerModuleCell_M3-2
Added Pin To Net: NetName=NetR19_PowerModuleCell_M4_1 Pin=R19_PowerModuleCell_M4-1
Added Pin To Net: NetName=NetR17_PowerModuleCell_M4_1 Pin=R19_PowerModuleCell_M4-2
Added Pin To Net: NetName=NetR20_PowerModuleCell_M2_1 Pin=R20_PowerModuleCell_M2-1
Added Pin To Net: NetName=NetR19_PowerModuleCell_M2_1 Pin=R20_PowerModuleCell_M2-2
Added Pin To Net: NetName=NetR20_PowerModuleCell_M3_1 Pin=R20_PowerModuleCell_M3-1
Added Pin To Net: NetName=NetR19_PowerModuleCell_M3_1 Pin=R20_PowerModuleCell_M3-2
Added Pin To Net: NetName=NetR20_PowerModuleCell_M4_1 Pin=R20_PowerModuleCell_M4-1
Added Pin To Net: NetName=NetR19_PowerModuleCell_M4_1 Pin=R20_PowerModuleCell_M4-2
Added Pin To Net: NetName=NetR20_PowerModuleCell_M2_1 Pin=R21_PowerModuleCell_M2-1
Added Pin To Net: NetName=Shunt_L_PowerModuleCell_M1 Pin=R21_PowerModuleCell_M2-2
Added Pin To Net: NetName=NetR20_PowerModuleCell_M3_1 Pin=R21_PowerModuleCell_M3-1
Added Pin To Net: NetName=Shunt_L_PowerModuleCell_M1 Pin=R21_PowerModuleCell_M3-2
Added Pin To Net: NetName=NetR20_PowerModuleCell_M4_1 Pin=R21_PowerModuleCell_M4-1
Added Pin To Net: NetName=Shunt_L_PowerModuleCell_M1 Pin=R21_PowerModuleCell_M4-2
Added Pin To Net: NetName=Alert_M2 Pin=R22_PowerModuleCell_M2-1
Added Pin To Net: NetName=Vcc Pin=R22_PowerModuleCell_M2-2
Added Pin To Net: NetName=Alert_M3 Pin=R22_PowerModuleCell_M3-1
Added Pin To Net: NetName=Vcc Pin=R22_PowerModuleCell_M3-2
Added Pin To Net: NetName=Alert_M4 Pin=R22_PowerModuleCell_M4-1
Added Pin To Net: NetName=Vcc Pin=R22_PowerModuleCell_M4-2
Added Pin To Net: NetName=Shunt_L_PowerModuleCell_M1 Pin=SW1-1
Added Pin To Net: NetName=Shunt_L_PowerModuleCell_M1 Pin=SW1-2
Added Pin To Net: NetName=NetR9_2 Pin=SW1-3
Added Pin To Net: NetName=NRST Pin=SW1-4
Added Pin To Net: NetName=NetR15_PowerModuleCell_M2_2 Pin=U1_PowerModuleCell_M2-1
Added Pin To Net: NetName=NetR14_PowerModuleCell_M2_1 Pin=U1_PowerModuleCell_M2-2
Added Pin To Net: NetName=NetR20_PowerModuleCell_M2_1 Pin=U1_PowerModuleCell_M2-3
Added Pin To Net: NetName=Vcc_F Pin=U1_PowerModuleCell_M2-4
Added Pin To Net: NetName=NetR12_PowerModuleCell_M2_2 Pin=U1_PowerModuleCell_M2-5
Added Pin To Net: NetName=NetR10_PowerModuleCell_M2_2 Pin=U1_PowerModuleCell_M2-6
Added Pin To Net: NetName=NetR11_PowerModuleCell_M2_1 Pin=U1_PowerModuleCell_M2-7
Added Pin To Net: NetName=NetR19_PowerModuleCell_M2_1 Pin=U1_PowerModuleCell_M2-8
Added Pin To Net: NetName=NetR17_PowerModuleCell_M2_1 Pin=U1_PowerModuleCell_M2-9
Added Pin To Net: NetName=Shunt_H_PowerModuleCell_M2 Pin=U1_PowerModuleCell_M2-10
Added Pin To Net: NetName=Shunt_L_PowerModuleCell_M1 Pin=U1_PowerModuleCell_M2-11
Added Pin To Net: NetName=Shunt_L_PowerModuleCell_M1 Pin=U1_PowerModuleCell_M2-12
Added Pin To Net: NetName=NetR16_PowerModuleCell_M2_1 Pin=U1_PowerModuleCell_M2-13
Added Pin To Net: NetName=NetR14_PowerModuleCell_M2_2 Pin=U1_PowerModuleCell_M2-14
Added Pin To Net: NetName=NetR15_PowerModuleCell_M3_2 Pin=U1_PowerModuleCell_M3-1
Added Pin To Net: NetName=NetR14_PowerModuleCell_M3_1 Pin=U1_PowerModuleCell_M3-2
Added Pin To Net: NetName=NetR20_PowerModuleCell_M3_1 Pin=U1_PowerModuleCell_M3-3
Added Pin To Net: NetName=Vcc_F Pin=U1_PowerModuleCell_M3-4
Added Pin To Net: NetName=NetR12_PowerModuleCell_M3_2 Pin=U1_PowerModuleCell_M3-5
Added Pin To Net: NetName=NetR10_PowerModuleCell_M3_2 Pin=U1_PowerModuleCell_M3-6
Added Pin To Net: NetName=NetR11_PowerModuleCell_M3_1 Pin=U1_PowerModuleCell_M3-7
Added Pin To Net: NetName=NetR19_PowerModuleCell_M3_1 Pin=U1_PowerModuleCell_M3-8
Added Pin To Net: NetName=NetR17_PowerModuleCell_M3_1 Pin=U1_PowerModuleCell_M3-9
Added Pin To Net: NetName=Shunt_H_PowerModuleCell_M3 Pin=U1_PowerModuleCell_M3-10
Added Pin To Net: NetName=Shunt_L_PowerModuleCell_M1 Pin=U1_PowerModuleCell_M3-11
Added Pin To Net: NetName=Shunt_L_PowerModuleCell_M1 Pin=U1_PowerModuleCell_M3-12
Added Pin To Net: NetName=NetR16_PowerModuleCell_M3_1 Pin=U1_PowerModuleCell_M3-13
Added Pin To Net: NetName=NetR14_PowerModuleCell_M3_2 Pin=U1_PowerModuleCell_M3-14
Added Pin To Net: NetName=NetR15_PowerModuleCell_M4_2 Pin=U1_PowerModuleCell_M4-1
Added Pin To Net: NetName=NetR14_PowerModuleCell_M4_1 Pin=U1_PowerModuleCell_M4-2
Added Pin To Net: NetName=NetR20_PowerModuleCell_M4_1 Pin=U1_PowerModuleCell_M4-3
Added Pin To Net: NetName=Vcc_F Pin=U1_PowerModuleCell_M4-4
Added Pin To Net: NetName=NetR12_PowerModuleCell_M4_2 Pin=U1_PowerModuleCell_M4-5
Added Pin To Net: NetName=NetR10_PowerModuleCell_M4_2 Pin=U1_PowerModuleCell_M4-6
Added Pin To Net: NetName=NetR11_PowerModuleCell_M4_1 Pin=U1_PowerModuleCell_M4-7
Added Pin To Net: NetName=NetR19_PowerModuleCell_M4_1 Pin=U1_PowerModuleCell_M4-8
Added Pin To Net: NetName=NetR17_PowerModuleCell_M4_1 Pin=U1_PowerModuleCell_M4-9
Added Pin To Net: NetName=Shunt_H_PowerModuleCell_M4 Pin=U1_PowerModuleCell_M4-10
Added Pin To Net: NetName=Shunt_L_PowerModuleCell_M1 Pin=U1_PowerModuleCell_M4-11
Added Pin To Net: NetName=Shunt_L_PowerModuleCell_M1 Pin=U1_PowerModuleCell_M4-12
Added Pin To Net: NetName=NetR16_PowerModuleCell_M4_1 Pin=U1_PowerModuleCell_M4-13
Added Pin To Net: NetName=NetR14_PowerModuleCell_M4_2 Pin=U1_PowerModuleCell_M4-14
Added Pin To Net: NetName=Vbus Pin=U2-1
Added Pin To Net: NetName=Shunt_L_PowerModuleCell_M1 Pin=U2-2
Added Pin To Net: NetName=Vcc Pin=U2-3
Added Pin To Net: NetName=Shunt_L_PowerModuleCell_M1 Pin=U2-4
Added Pin To Net: NetName=SDA Pin=U3_PowerModuleCell_M2-A1
Added Pin To Net: NetName=SCL Pin=U3_PowerModuleCell_M2-A2
Added Pin To Net: NetName=Vcc Pin=U3_PowerModuleCell_M2-B1
Added Pin To Net: NetName=Shunt_L_PowerModuleCell_M1 Pin=U3_PowerModuleCell_M2-B2
Added Pin To Net: NetName=Vcc Pin=U3_PowerModuleCell_M2-C1
Added Pin To Net: NetName=Alert_M2 Pin=U3_PowerModuleCell_M2-C2
Added Pin To Net: NetName=SDA Pin=U3_PowerModuleCell_M3-A1
Added Pin To Net: NetName=SCL Pin=U3_PowerModuleCell_M3-A2
Added Pin To Net: NetName=Vcc Pin=U3_PowerModuleCell_M3-B1
Added Pin To Net: NetName=Shunt_L_PowerModuleCell_M1 Pin=U3_PowerModuleCell_M3-B2
Added Pin To Net: NetName=SDA Pin=U3_PowerModuleCell_M3-C1
Added Pin To Net: NetName=Alert_M3 Pin=U3_PowerModuleCell_M3-C2
Added Pin To Net: NetName=SDA Pin=U3_PowerModuleCell_M4-A1
Added Pin To Net: NetName=SCL Pin=U3_PowerModuleCell_M4-A2
Added Pin To Net: NetName=Vcc Pin=U3_PowerModuleCell_M4-B1
Added Pin To Net: NetName=Shunt_L_PowerModuleCell_M1 Pin=U3_PowerModuleCell_M4-B2
Added Pin To Net: NetName=SCL Pin=U3_PowerModuleCell_M4-C1
Added Pin To Net: NetName=Alert_M4 Pin=U3_PowerModuleCell_M4-C2
Added Pin To Net: NetName=Shunt_L_PowerModuleCell_M1 Pin=U4-2
Added Pin To Net: NetName=Vavdd_F Pin=U4-3
Added Pin To Net: NetName=Vavdd_F Pin=U4-4
Added Pin To Net: NetName=Vref Pin=U4-5
Added Pin To Net: NetName=Shunt_L_PowerModuleCell_M1 Pin=Y1-1
Added Pin To Net: NetName=LSE_RTC Pin=Y1-2
Added Pin To Net: NetName=Vcc Pin=Y1-3
Added Pin To Net: NetName=Shunt_L_PowerModuleCell_M1 Pin=Y1-4
Added Pin To Net: NetName=Vcc Pin=Y2-1
Added Pin To Net: NetName=Shunt_L_PowerModuleCell_M1 Pin=Y2-2
Added Pin To Net: NetName=HSE Pin=Y2-3
Added Pin To Net: NetName=Vcc Pin=Y2-4
Added Member To Class: ClassName=PowerModule Member=Component C1 1uF, 25V, X7R, 0402
Added Member To Class: ClassName=PowerModule Member=Component C2 100nF, 25v, X5R, 0402
Added Member To Class: ClassName=PowerModule Member=Component C3 100nF, 25v, X5R, 0402
Added Member To Class: ClassName=PowerModule Member=Component C4 1uF, 25V, X7R, 0402
Added Member To Class: ClassName=PowerModule Member=Component C5 100nF, 25v, X5R, 0402
Added Member To Class: ClassName=PowerModule Member=Component C6 2.2uF, 25V, X5R, 0603
Added Member To Class: ClassName=PowerModule Member=Component C7 220nF 25V, X7R, 0603
Added Member To Class: ClassName=PowerModuleCell_M2 Member=Component C8_PowerModuleCell_M2 (C8) 2.2uF, 25V, X5R, 0603
Added Member To Class: ClassName=PowerModuleCell_M3 Member=Component C8_PowerModuleCell_M3 (C8) 2.2uF, 25V, X5R, 0603
Added Member To Class: ClassName=PowerModuleCell_M4 Member=Component C8_PowerModuleCell_M4 (C8) 2.2uF, 25V, X5R, 0603
Added Member To Class: ClassName=PowerModuleCell_M2 Member=Component C9_PowerModuleCell_M2 (C9) 220nF 25V, X7R, 0603
Added Member To Class: ClassName=PowerModuleCell_M3 Member=Component C9_PowerModuleCell_M3 (C9) 220nF 25V, X7R, 0603
Added Member To Class: ClassName=PowerModuleCell_M4 Member=Component C9_PowerModuleCell_M4 (C9) 220nF 25V, X7R, 0603
Added Member To Class: ClassName=PowerModule Member=Component J1 87759-1050
Added Member To Class: ClassName=PowerModule Member=Component J2 87759-1050
Added Member To Class: ClassName=PowerModule Member=Component L1 39 µH, 1A
Added Member To Class: ClassName=PowerModuleCell_M2 Member=Component L2_PowerModuleCell_M2 (L2) 39 µH, 1A
Added Member To Class: ClassName=PowerModuleCell_M3 Member=Component L2_PowerModuleCell_M3 (L2) 39 µH, 1A
Added Member To Class: ClassName=PowerModuleCell_M4 Member=Component L2_PowerModuleCell_M4 (L2) 39 µH, 1A
Added Member To Class: ClassName=PowerModuleCell_M2 Member=Component Load+1_PowerModuleCell_M2 (Load+1) 5001
Added Member To Class: ClassName=PowerModuleCell_M3 Member=Component Load+1_PowerModuleCell_M3 (Load+1) 5001
Added Member To Class: ClassName=PowerModuleCell_M4 Member=Component Load+1_PowerModuleCell_M4 (Load+1) 5001
Added Member To Class: ClassName=PowerModuleCell_M2 Member=Component Load-1_PowerModuleCell_M2 (Load-1) 5001
Added Member To Class: ClassName=PowerModuleCell_M3 Member=Component Load-1_PowerModuleCell_M3 (Load-1) 5001
Added Member To Class: ClassName=PowerModuleCell_M4 Member=Component Load-1_PowerModuleCell_M4 (Load-1) 5001
Added Member To Class: ClassName=PowerModuleCell_M2 Member=Component Q1_PowerModuleCell_M2 (Q1) IRF7779L2TRPBF
Added Member To Class: ClassName=PowerModuleCell_M3 Member=Component Q1_PowerModuleCell_M3 (Q1) IRF7779L2TRPBF
Added Member To Class: ClassName=PowerModuleCell_M4 Member=Component Q1_PowerModuleCell_M4 (Q1) IRF7779L2TRPBF
Added Member To Class: ClassName=PowerModule Member=Component R9 10K 5%, 0402
Added Member To Class: ClassName=PowerModuleCell_M2 Member=Component R10_PowerModuleCell_M2 (R10) 1K 1%, 0402
Added Member To Class: ClassName=PowerModuleCell_M3 Member=Component R10_PowerModuleCell_M3 (R10) 1K 1%, 0402
Added Member To Class: ClassName=PowerModuleCell_M4 Member=Component R10_PowerModuleCell_M4 (R10) 1K 1%, 0402
Added Member To Class: ClassName=PowerModuleCell_M2 Member=Component R11_PowerModuleCell_M2 (R11) 1K 1%, 0402
Added Member To Class: ClassName=PowerModuleCell_M3 Member=Component R11_PowerModuleCell_M3 (R11) 1K 1%, 0402
Added Member To Class: ClassName=PowerModuleCell_M4 Member=Component R11_PowerModuleCell_M4 (R11) 1K 1%, 0402
Added Member To Class: ClassName=PowerModuleCell_M2 Member=Component R12_PowerModuleCell_M2 (R12) 1K 1%, 0402
Added Member To Class: ClassName=PowerModuleCell_M3 Member=Component R12_PowerModuleCell_M3 (R12) 1K 1%, 0402
Added Member To Class: ClassName=PowerModuleCell_M4 Member=Component R12_PowerModuleCell_M4 (R12) 1K 1%, 0402
Added Member To Class: ClassName=PowerModuleCell_M2 Member=Component R14_PowerModuleCell_M2 (R14) 300 1%, 0402
Added Member To Class: ClassName=PowerModuleCell_M3 Member=Component R14_PowerModuleCell_M3 (R14) 300 1%, 0402
Added Member To Class: ClassName=PowerModuleCell_M4 Member=Component R14_PowerModuleCell_M4 (R14) 300 1%, 0402
Added Member To Class: ClassName=PowerModuleCell_M2 Member=Component R15_PowerModuleCell_M2 (R15) 1K 1%, 0402
Added Member To Class: ClassName=PowerModuleCell_M3 Member=Component R15_PowerModuleCell_M3 (R15) 1K 1%, 0402
Added Member To Class: ClassName=PowerModuleCell_M4 Member=Component R15_PowerModuleCell_M4 (R15) 1K 1%, 0402
Added Member To Class: ClassName=PowerModuleCell_M2 Member=Component R16_PowerModuleCell_M2 (R16) 100 1%, 0402
Added Member To Class: ClassName=PowerModuleCell_M3 Member=Component R16_PowerModuleCell_M3 (R16) 100 1%, 0402
Added Member To Class: ClassName=PowerModuleCell_M4 Member=Component R16_PowerModuleCell_M4 (R16) 100 1%, 0402
Added Member To Class: ClassName=PowerModuleCell_M2 Member=Component R17_PowerModuleCell_M2 (R17) 100 1%, 0402
Added Member To Class: ClassName=PowerModuleCell_M3 Member=Component R17_PowerModuleCell_M3 (R17) 100 1%, 0402
Added Member To Class: ClassName=PowerModuleCell_M4 Member=Component R17_PowerModuleCell_M4 (R17) 100 1%, 0402
Added Member To Class: ClassName=PowerModuleCell_M2 Member=Component R18_PowerModuleCell_M2 (R18) 1K 1%, 0402
Added Member To Class: ClassName=PowerModuleCell_M3 Member=Component R18_PowerModuleCell_M3 (R18) 1K 1%, 0402
Added Member To Class: ClassName=PowerModuleCell_M4 Member=Component R18_PowerModuleCell_M4 (R18) 1K 1%, 0402
Added Member To Class: ClassName=PowerModuleCell_M2 Member=Component R19_PowerModuleCell_M2 (R19) 100 1%, 0402
Added Member To Class: ClassName=PowerModuleCell_M3 Member=Component R19_PowerModuleCell_M3 (R19) 100 1%, 0402
Added Member To Class: ClassName=PowerModuleCell_M4 Member=Component R19_PowerModuleCell_M4 (R19) 100 1%, 0402
Added Member To Class: ClassName=PowerModuleCell_M2 Member=Component R20_PowerModuleCell_M2 (R20) 300 1%, 0402
Added Member To Class: ClassName=PowerModuleCell_M3 Member=Component R20_PowerModuleCell_M3 (R20) 300 1%, 0402
Added Member To Class: ClassName=PowerModuleCell_M4 Member=Component R20_PowerModuleCell_M4 (R20) 300 1%, 0402
Added Member To Class: ClassName=PowerModuleCell_M2 Member=Component R21_PowerModuleCell_M2 (R21) 1K 1%, 0402
Added Member To Class: ClassName=PowerModuleCell_M3 Member=Component R21_PowerModuleCell_M3 (R21) 1K 1%, 0402
Added Member To Class: ClassName=PowerModuleCell_M4 Member=Component R21_PowerModuleCell_M4 (R21) 1K 1%, 0402
Added Member To Class: ClassName=PowerModuleCell_M2 Member=Component R22_PowerModuleCell_M2 (R22) 4K7 1%, 0402
Added Member To Class: ClassName=PowerModuleCell_M3 Member=Component R22_PowerModuleCell_M3 (R22) 4K7 1%, 0402
Added Member To Class: ClassName=PowerModuleCell_M4 Member=Component R22_PowerModuleCell_M4 (R22) 4K7 1%, 0402
Added Member To Class: ClassName=PowerModule Member=Component SW1 PTS645SM43SMTR92LFS
Added Member To Class: ClassName=PowerModuleCell_M2 Member=Component U1_PowerModuleCell_M2 (U1A) LM324DR2G
Added Member To Class: ClassName=PowerModuleCell_M3 Member=Component U1_PowerModuleCell_M3 (U1A) LM324DR2G
Added Member To Class: ClassName=PowerModuleCell_M4 Member=Component U1_PowerModuleCell_M4 (U1A) LM324DR2G
Added Member To Class: ClassName=PowerModule Member=Component U2 TC1262-3.3VDBTR
Added Member To Class: ClassName=PowerModuleCell_M2 Member=Component U3_PowerModuleCell_M2 (U3) TMP117MAIYBGR
Added Member To Class: ClassName=PowerModuleCell_M3 Member=Component U3_PowerModuleCell_M3 (U3) TMP117MAIYBGR
Added Member To Class: ClassName=PowerModuleCell_M4 Member=Component U3_PowerModuleCell_M4 (U3) TMP117MAIYBGR
Added Member To Class: ClassName=PowerModule Member=Component U4 LM4132AMF-2.5/NOPB
Added Member To Class: ClassName=PowerModule Member=Component Y1 SIT1552AC-JE-DCC-32.768D
Added Member To Class: ClassName=PowerModule Member=Component Y2 ECS-TXO-2016-33-160-TR
